Attribute,Local Authority,Sum of Value,Year
Agriculture Electricity,Blackburn with Darwen,0.9520940986505696,2005
Agriculture Electricity,Blackburn with Darwen,1.002886036402642,2006
Agriculture Electricity,Blackburn with Darwen,0.8900209209205048,2007
Agriculture Electricity,Blackburn with Darwen,0.8946407050336433,2008
Agriculture Electricity,Blackburn with Darwen,0.6685587158214882,2009
Agriculture Electricity,Blackburn with Darwen,0.7512450981233728,2010
Agriculture Electricity,Blackburn with Darwen,0.6455439527431821,2011
Agriculture Electricity,Blackburn with Darwen,0.7235004341318068,2012
Agriculture Electricity,Blackburn with Darwen,0.6153386440853307,2013
Agriculture Electricity,Blackburn with Darwen,0.5199219009661963,2014
Agriculture Electricity,Blackburn with Darwen,0.4497203319127835,2015
Agriculture Electricity,Blackburn with Darwen,0.3697244604456162,2016
Agriculture Electricity,Blackburn with Darwen,0.3835148266730185,2017
Agriculture Electricity,Blackburn with Darwen,0.3047903847623083,2018
Agriculture Electricity,Blackburn with Darwen,0.1832703141016116,2019
Agriculture Electricity,Blackburn with Darwen,0.17395279914637166,2020
Agriculture Electricity,Blackburn with Darwen,0.1920547096280647,2021
Agriculture Electricity,Blackburn with Darwen,0.14897388784392224,2022
Agriculture Electricity,Blackburn with Darwen,0.14151557620993774,2023
Agriculture Electricity,Blackpool,0.15669200250059953,2005
Agriculture Electricity,Blackpool,0.16403320973484506,2006
Agriculture Electricity,Blackpool,0.1542461240996162,2007
Agriculture Electricity,Blackpool,0.15466970660227974,2008
Agriculture Electricity,Blackpool,0.130381638779299,2009
Agriculture Electricity,Blackpool,0.13333143935106878,2010
Agriculture Electricity,Blackpool,0.11214720331489136,2011
Agriculture Electricity,Blackpool,0.1309652500966184,2012
Agriculture Electricity,Blackpool,0.11762242201428612,2013
Agriculture Electricity,Blackpool,0.10081419583863495,2014
Agriculture Electricity,Blackpool,0.08575886159364896,2015
Agriculture Electricity,Blackpool,0.05727919708504289,2016
Agriculture Electricity,Blackpool,0.06805547198356734,2017
Agriculture Electricity,Blackpool,0.04730115295683447,2018
Agriculture Electricity,Blackpool,0.04346936863672621,2019
Agriculture Electricity,Blackpool,0.03424633272029349,2020
Agriculture Electricity,Blackpool,0.04469733931713948,2021
Agriculture Electricity,Blackpool,0.017724893327756713,2022
Agriculture Electricity,Blackpool,0.0130102246956969,2023
Agriculture Electricity,Burnley,0.8931059703908815,2005
Agriculture Electricity,Burnley,0.8594215914055616,2006
Agriculture Electricity,Burnley,0.7842881075471253,2007
Agriculture Electricity,Burnley,0.7622114298990972,2008
Agriculture Electricity,Burnley,0.6058624380286873,2009
Agriculture Electricity,Burnley,0.6656216688847149,2010
Agriculture Electricity,Burnley,0.5749781037507575,2011
Agriculture Electricity,Burnley,0.647237725701374,2012
Agriculture Electricity,Burnley,0.5981875365362014,2013
Agriculture Electricity,Burnley,0.5112186617836679,2014
Agriculture Electricity,Burnley,0.4429962715239316,2015
Agriculture Electricity,Burnley,0.3520345459604709,2016
Agriculture Electricity,Burnley,0.4655751273925764,2017
Agriculture Electricity,Burnley,0.34007096704057344,2018
Agriculture Electricity,Burnley,0.24825317949921363,2019
Agriculture Electricity,Burnley,0.2976468487609831,2020
Agriculture Electricity,Burnley,0.37904331310262396,2021
Agriculture Electricity,Burnley,0.6215904740182958,2022
Agriculture Electricity,Burnley,0.5620077491355745,2023
Agriculture Electricity,Chorley,3.2882704420217848,2005
Agriculture Electricity,Chorley,3.580440221740937,2006
Agriculture Electricity,Chorley,3.5804169527015985,2007
Agriculture Electricity,Chorley,3.464100344283339,2008
Agriculture Electricity,Chorley,2.941455530430591,2009
Agriculture Electricity,Chorley,3.033981238545186,2010
Agriculture Electricity,Chorley,2.6419654997009654,2011
Agriculture Electricity,Chorley,3.0896486220575565,2012
Agriculture Electricity,Chorley,2.836093040509631,2013
Agriculture Electricity,Chorley,2.4502369353313838,2014
Agriculture Electricity,Chorley,2.124237661744754,2015
Agriculture Electricity,Chorley,1.6763294561405613,2016
Agriculture Electricity,Chorley,2.5614992378003354,2017
Agriculture Electricity,Chorley,1.5026662702107354,2018
Agriculture Electricity,Chorley,1.3213429559673915,2019
Agriculture Electricity,Chorley,1.3724745422638631,2020
Agriculture Electricity,Chorley,1.2625542785628565,2021
Agriculture Electricity,Chorley,1.014888928584652,2022
Agriculture Electricity,Chorley,0.9013487854586689,2023
Agriculture Electricity,England Total,2134.0539190709474,2005
Agriculture Electricity,England Total,2261.6248822441207,2006
Agriculture Electricity,England Total,2188.720700123848,2007
Agriculture Electricity,England Total,2165.179143259108,2008
Agriculture Electricity,England Total,1850.4145130057427,2009
Agriculture Electricity,England Total,1930.831253897743,2010
Agriculture Electricity,England Total,1773.556127738665,2011
Agriculture Electricity,England Total,1943.7695092929625,2012
Agriculture Electricity,England Total,1814.9445738917475,2013
Agriculture Electricity,England Total,1559.6073493394786,2014
Agriculture Electricity,England Total,1321.8395737468602,2015
Agriculture Electricity,England Total,1043.242099522477,2016
Agriculture Electricity,England Total,1202.6585800791981,2017
Agriculture Electricity,England Total,884.2838014846022,2018
Agriculture Electricity,England Total,763.3171761485304,2019
Agriculture Electricity,England Total,695.8490276111752,2020
Agriculture Electricity,England Total,761.5880545556269,2021
Agriculture Electricity,England Total,686.5400849164237,2022
Agriculture Electricity,England Total,588.2988207960407,2023
Agriculture Electricity,Fylde,4.437019116457679,2005
Agriculture Electricity,Fylde,4.7406157478220745,2006
Agriculture Electricity,Fylde,4.662029448877212,2007
Agriculture Electricity,Fylde,5.709796986502222,2008
Agriculture Electricity,Fylde,4.176490934218735,2009
Agriculture Electricity,Fylde,3.8914641353848887,2010
Agriculture Electricity,Fylde,3.5385375843827296,2011
Agriculture Electricity,Fylde,3.930102756200025,2012
Agriculture Electricity,Fylde,3.4404574144765783,2013
Agriculture Electricity,Fylde,3.164550373615821,2014
Agriculture Electricity,Fylde,2.4402979012856836,2015
Agriculture Electricity,Fylde,1.7800583674510522,2016
Agriculture Electricity,Fylde,2.2853165233043375,2017
Agriculture Electricity,Fylde,1.7326850651734835,2018
Agriculture Electricity,Fylde,1.4763944722008333,2019
Agriculture Electricity,Fylde,1.272210902359214,2020
Agriculture Electricity,Fylde,1.4867683150193973,2021
Agriculture Electricity,Fylde,1.4761205756594857,2022
Agriculture Electricity,Fylde,1.2106538042746735,2023
Agriculture Electricity,Hyndburn,0.6896869083858922,2005
Agriculture Electricity,Hyndburn,0.7232964311526618,2006
Agriculture Electricity,Hyndburn,0.6941011577740871,2007
Agriculture Electricity,Hyndburn,0.6897324861802198,2008
Agriculture Electricity,Hyndburn,0.5314469110614523,2009
Agriculture Electricity,Hyndburn,0.5769225296821732,2010
Agriculture Electricity,Hyndburn,0.5175946723032592,2011
Agriculture Electricity,Hyndburn,0.5855887278930261,2012
Agriculture Electricity,Hyndburn,0.5360355506704445,2013
Agriculture Electricity,Hyndburn,0.4584367822404157,2014
Agriculture Electricity,Hyndburn,0.4169505015116841,2015
Agriculture Electricity,Hyndburn,0.313346319893607,2016
Agriculture Electricity,Hyndburn,0.41329535649121135,2017
Agriculture Electricity,Hyndburn,0.319092726193175,2018
Agriculture Electricity,Hyndburn,0.26784897855128514,2019
Agriculture Electricity,Hyndburn,0.23027253912818815,2020
Agriculture Electricity,Hyndburn,0.2703456663386148,2021
Agriculture Electricity,Hyndburn,0.22783313568306893,2022
Agriculture Electricity,Hyndburn,0.20323864870173075,2023
Agriculture Electricity,Lancashire Total,67.96121354626653,2005
Agriculture Electricity,Lancashire Total,69.29287830250104,2006
Agriculture Electricity,Lancashire Total,67.61355912930327,2007
Agriculture Electricity,Lancashire Total,69.57428078090227,2008
Agriculture Electricity,Lancashire Total,55.995191288074174,2009
Agriculture Electricity,Lancashire Total,60.33968285280993,2010
Agriculture Electricity,Lancashire Total,52.135538441041426,2011
Agriculture Electricity,Lancashire Total,60.88736003967641,2012
Agriculture Electricity,Lancashire Total,56.599865663181816,2013
Agriculture Electricity,Lancashire Total,49.23253397298403,2014
Agriculture Electricity,Lancashire Total,42.208461910641375,2015
Agriculture Electricity,Lancashire Total,33.33317927727245,2016
Agriculture Electricity,Lancashire Total,36.50882900108697,2017
Agriculture Electricity,Lancashire Total,27.222004156370744,2018
Agriculture Electricity,Lancashire Total,23.22455271906975,2019
Agriculture Electricity,Lancashire Total,21.226977437343066,2020
Agriculture Electricity,Lancashire Total,22.730243936099704,2021
Agriculture Electricity,Lancashire Total,19.867304823011054,2022
Agriculture Electricity,Lancashire Total,17.320785625710833,2023
Agriculture Electricity,Lancaster,11.489309247934711,2005
Agriculture Electricity,Lancaster,11.150998429164872,2006
Agriculture Electricity,Lancaster,10.805619811345846,2007
Agriculture Electricity,Lancaster,11.945995860343027,2008
Agriculture Electricity,Lancaster,9.714288736051953,2009
Agriculture Electricity,Lancaster,10.864434329637575,2010
Agriculture Electricity,Lancaster,9.600998921929412,2011
Agriculture Electricity,Lancaster,11.102630424488844,2012
Agriculture Electricity,Lancaster,9.921290393954767,2013
Agriculture Electricity,Lancaster,8.396525632789436,2014
Agriculture Electricity,Lancaster,6.95610812344256,2015
Agriculture Electricity,Lancaster,5.3788852968885825,2016
Agriculture Electricity,Lancaster,5.671040160688338,2017
Agriculture Electricity,Lancaster,4.578774078647426,2018
Agriculture Electricity,Lancaster,4.075400769290138,2019
Agriculture Electricity,Lancaster,3.5134175164424324,2020
Agriculture Electricity,Lancaster,4.088885156899846,2021
Agriculture Electricity,Lancaster,3.6443944508497412,2022
Agriculture Electricity,Lancaster,3.2466475657561134,2023
Agriculture Electricity,North West Total,274.5496337619216,2005
Agriculture Electricity,North West Total,290.83817839405225,2006
Agriculture Electricity,North West Total,279.5540548649998,2007
Agriculture Electricity,North West Total,285.33731446085466,2008
Agriculture Electricity,North West Total,229.7509498611905,2009
Agriculture Electricity,North West Total,248.09934519665467,2010
Agriculture Electricity,North West Total,207.4885319167212,2011
Agriculture Electricity,North West Total,251.40840039979238,2012
Agriculture Electricity,North West Total,230.49193745701945,2013
Agriculture Electricity,North West Total,193.64554404047638,2014
Agriculture Electricity,North West Total,164.64780967521602,2015
Agriculture Electricity,North West Total,128.17623383919366,2016
Agriculture Electricity,North West Total,152.26958046090687,2017
Agriculture Electricity,North West Total,112.73135875477745,2018
Agriculture Electricity,North West Total,93.54303494662005,2019
Agriculture Electricity,North West Total,83.93814130743354,2020
Agriculture Electricity,North West Total,93.12103731838518,2021
Agriculture Electricity,North West Total,84.45843449814295,2022
Agriculture Electricity,North West Total,72.64923795789804,2023
Agriculture Electricity,Pendle,2.6091922432430446,2005
Agriculture Electricity,Pendle,2.7576591914064545,2006
Agriculture Electricity,Pendle,2.5674344561747087,2007
Agriculture Electricity,Pendle,2.5671997722803725,2008
Agriculture Electricity,Pendle,2.1356277090544498,2009
Agriculture Electricity,Pendle,2.3019442728712356,2010
Agriculture Electricity,Pendle,1.9305748498460258,2011
Agriculture Electricity,Pendle,2.415463756823682,2012
Agriculture Electricity,Pendle,2.2290680736847284,2013
Agriculture Electricity,Pendle,1.8545681734500963,2014
Agriculture Electricity,Pendle,1.475028133737188,2015
Agriculture Electricity,Pendle,1.236052184241802,2016
Agriculture Electricity,Pendle,1.2800990069034048,2017
Agriculture Electricity,Pendle,1.16482864636144,2018
Agriculture Electricity,Pendle,0.914600911118984,2019
Agriculture Electricity,Pendle,0.720521153546746,2020
Agriculture Electricity,Pendle,0.7613305897355298,2021
Agriculture Electricity,Pendle,0.666375261439853,2022
Agriculture Electricity,Pendle,0.5358392961518752,2023
Agriculture Electricity,Preston,4.266368324738388,2005
Agriculture Electricity,Preston,4.47299621175385,2006
Agriculture Electricity,Preston,4.339068465961675,2007
Agriculture Electricity,Preston,4.435151637845439,2008
Agriculture Electricity,Preston,3.297625293604265,2009
Agriculture Electricity,Preston,3.9023035111274216,2010
Agriculture Electricity,Preston,3.419124452749006,2011
Agriculture Electricity,Preston,3.8385484973274853,2012
Agriculture Electricity,Preston,3.4217297105232434,2013
Agriculture Electricity,Preston,2.906739390236661,2014
Agriculture Electricity,Preston,2.424329337541816,2015
Agriculture Electricity,Preston,1.8673224273288447,2016
Agriculture Electricity,Preston,2.3041875314555726,2017
Agriculture Electricity,Preston,1.5547111704722776,2018
Agriculture Electricity,Preston,1.193506442611872,2019
Agriculture Electricity,Preston,1.120910979164009,2020
Agriculture Electricity,Preston,1.24231622161693,2021
Agriculture Electricity,Preston,1.0274745279120094,2022
Agriculture Electricity,Preston,0.9628699219044647,2023
Agriculture Electricity,Ribble Valley,9.584866360764584,2005
Agriculture Electricity,Ribble Valley,9.362747460884897,2006
Agriculture Electricity,Ribble Valley,9.14661346877991,2007
Agriculture Electricity,Ribble Valley,8.798186694387374,2008
Agriculture Electricity,Ribble Valley,7.203363699224444,2009
Agriculture Electricity,Ribble Valley,8.102564225301233,2010
Agriculture Electricity,Ribble Valley,7.6533324570562185,2011
Agriculture Electricity,Ribble Valley,7.562341243975175,2012
Agriculture Electricity,Ribble Valley,7.548758251592649,2013
Agriculture Electricity,Ribble Valley,6.827000138174467,2014
Agriculture Electricity,Ribble Valley,5.859738615892571,2015
Agriculture Electricity,Ribble Valley,4.845100768196705,2016
Agriculture Electricity,Ribble Valley,4.430356440618001,2017
Agriculture Electricity,Ribble Valley,3.8005161463330404,2018
Agriculture Electricity,Ribble Valley,3.153986362506608,2019
Agriculture Electricity,Ribble Valley,2.904403387122837,2020
Agriculture Electricity,Ribble Valley,3.1116349696837187,2021
Agriculture Electricity,Ribble Valley,2.5830914455105427,2022
Agriculture Electricity,Ribble Valley,2.2837732620613123,2023
Agriculture Electricity,Rossendale,3.8695189974331363,2005
Agriculture Electricity,Rossendale,4.009265103800891,2006
Agriculture Electricity,Rossendale,3.816782082303113,2007
Agriculture Electricity,Rossendale,3.763788427358736,2008
Agriculture Electricity,Rossendale,3.2128793576341965,2009
Agriculture Electricity,Rossendale,2.095116564895913,2010
Agriculture Electricity,Rossendale,2.817121996637455,2011
Agriculture Electricity,Rossendale,3.210089712279604,2012
Agriculture Electricity,Rossendale,2.88162987465283,2013
Agriculture Electricity,Rossendale,2.4330762197938895,2014
Agriculture Electricity,Rossendale,2.0022563436127925,2015
Agriculture Electricity,Rossendale,1.4719179019236253,2016
Agriculture Electricity,Rossendale,1.4975359393446241,2017
Agriculture Electricity,Rossendale,1.1817121678412137,2018
Agriculture Electricity,Rossendale,0.5167070061622716,2019
Agriculture Electricity,Rossendale,0.5514188779959299,2020
Agriculture Electricity,Rossendale,0.5680847994205978,2021
Agriculture Electricity,Rossendale,0.46122963950043033,2022
Agriculture Electricity,Rossendale,0.4231345578275019,2023
Agriculture Electricity,South Ribble,2.1349334306917007,2005
Agriculture Electricity,South Ribble,2.259567001243898,2006
Agriculture Electricity,South Ribble,1.9896663792320533,2007
Agriculture Electricity,South Ribble,2.231799714517091,2008
Agriculture Electricity,South Ribble,1.464478577419371,2009
Agriculture Electricity,South Ribble,1.8625695648043832,2010
Agriculture Electricity,South Ribble,1.6125649928462729,2011
Agriculture Electricity,South Ribble,2.0406344428110117,2012
Agriculture Electricity,South Ribble,1.9289856093941546,2013
Agriculture Electricity,South Ribble,1.7199328729030077,2014
Agriculture Electricity,South Ribble,1.488184380201492,2015
Agriculture Electricity,South Ribble,1.2133526278351874,2016
Agriculture Electricity,South Ribble,1.4976843596413159,2017
Agriculture Electricity,South Ribble,1.0257324919325508,2018
Agriculture Electricity,South Ribble,1.0432887240534763,2019
Agriculture Electricity,South Ribble,0.9678306955864023,2020
Agriculture Electricity,South Ribble,1.0948549980251452,2021
Agriculture Electricity,South Ribble,0.9572777304025173,2022
Agriculture Electricity,South Ribble,0.8326854026305697,2023
Agriculture Electricity,West Lancashire,19.10700843724263,2005
Agriculture Electricity,West Lancashire,18.739975694836524,2006
Agriculture Electricity,West Lancashire,18.063368500668982,2007
Agriculture Electricity,West Lancashire,18.87360768840298,2008
Agriculture Electricity,West Lancashire,15.276735440719653,2009
Agriculture Electricity,West Lancashire,16.75838758880469,2010
Agriculture Electricity,West Lancashire,13.157481266227052,2011
Agriculture Electricity,West Lancashire,16.224172584428462,2012
Agriculture Electricity,West Lancashire,15.413940815176023,2013
Agriculture Electricity,West Lancashire,13.390692083099824,2014
Agriculture Electricity,West Lancashire,11.776239250113365,2015
Agriculture Electricity,West Lancashire,9.341126784478858,2016
Agriculture Electricity,West Lancashire,9.929800995304156,2017
Agriculture Electricity,West Lancashire,6.538857806818821,2018
Agriculture Electricity,West Lancashire,6.417418912435308,2019
Agriculture Electricity,West Lancashire,5.981286877434864,2020
Agriculture Electricity,West Lancashire,6.043001910337076,2021
Agriculture Electricity,West Lancashire,4.81393722712186,2022
Agriculture Electricity,West Lancashire,4.228970454221862,2023
Agriculture Electricity,Wyre,5.591934066962111,2005
Agriculture Electricity,Wyre,6.635895217288407,2006
Agriculture Electricity,Wyre,7.164170297936954,2007
Agriculture Electricity,Wyre,6.332709738902374,2008
Agriculture Electricity,Wyre,5.43493666062638,2009
Agriculture Electricity,Wyre,6.28437322287051,2010
Agriculture Electricity,Wyre,4.671263643612269,2011
Agriculture Electricity,Wyre,6.240901545690163,2012
Agriculture Electricity,Wyre,5.843689392010572,2013
Agriculture Electricity,Wyre,5.119556709565362,2014
Agriculture Electricity,Wyre,4.802095390033532,2015
Agriculture Electricity,Wyre,3.8576525969331583,2016
Agriculture Electricity,Wyre,4.172438322143102,2017
Agriculture Electricity,Wyre,3.4823566193460076,2018
Agriculture Electricity,Wyre,2.595804004672368,2019
Agriculture Electricity,Wyre,2.2945831175375964,2020
Agriculture Electricity,Wyre,2.4214237173573663,2021
Agriculture Electricity,Wyre,2.3730914263285983,2022
Agriculture Electricity,Wyre,1.9296161775864864,2023
Agriculture Gas,Blackburn with Darwen,0.47651174820211195,2005
Agriculture Gas,Blackburn with Darwen,0.4031844291983519,2006
Agriculture Gas,Blackburn with Darwen,0.4043351969773428,2007
Agriculture Gas,Blackburn with Darwen,0.36657564548321137,2008
Agriculture Gas,Blackburn with Darwen,0.3561138271807081,2009
Agriculture Gas,Blackburn with Darwen,0.39980036528951624,2010
Agriculture Gas,Blackburn with Darwen,0.3111620814622878,2011
Agriculture Gas,Blackburn with Darwen,0.22192931000289834,2012
Agriculture Gas,Blackburn with Darwen,0.2653513164997332,2013
Agriculture Gas,Blackburn with Darwen,0.21192252936379444,2014
Agriculture Gas,Blackburn with Darwen,0.21932540603873862,2015
Agriculture Gas,Blackburn with Darwen,0.23131378988113455,2016
Agriculture Gas,Blackburn with Darwen,0.1940335463752988,2017
Agriculture Gas,Blackburn with Darwen,0.16323416230512322,2018
Agriculture Gas,Blackburn with Darwen,0.07547959547513809,2019
Agriculture Gas,Blackburn with Darwen,0.06728252954047252,2020
Agriculture Gas,Blackburn with Darwen,0.05273416330572122,2021
Agriculture Gas,Blackburn with Darwen,0.08038986644542225,2022
Agriculture Gas,Blackburn with Darwen,0.07466924424042784,2023
Agriculture Gas,Blackpool,0.009109994682975906,2005
Agriculture Gas,Blackpool,0.008461579347272298,2006
Agriculture Gas,Blackpool,0.00777387190462184,2007
Agriculture Gas,Blackpool,0.00787241972003532,2008
Agriculture Gas,Blackpool,0.007059798198216861,2009
Agriculture Gas,Blackpool,0.008124514895698067,2010
Agriculture Gas,Blackpool,0.007148442589410539,2011
Agriculture Gas,Blackpool,0.008155437250123248,2012
Agriculture Gas,Blackpool,0.007956058387517725,2013
Agriculture Gas,Blackpool,0.006660394096387682,2014
Agriculture Gas,Blackpool,0.006886694343531302,2015
Agriculture Gas,Blackpool,0.011398355239886228,2016
Agriculture Gas,Blackpool,0.004741856167098395,2017
Agriculture Gas,Blackpool,0.002594918335184065,2018
Agriculture Gas,Blackpool,0.020505399215339195,2019
Agriculture Gas,Blackpool,0.015405353068163218,2020
Agriculture Gas,Blackpool,0.006340802816757106,2021
Agriculture Gas,Blackpool,0.015776894283044195,2022
Agriculture Gas,Blackpool,0.013764866422846123,2023
Agriculture Gas,Burnley,0.7775140318325966,2005
Agriculture Gas,Burnley,0.6585373684869981,2006
Agriculture Gas,Burnley,0.6568724319128278,2007
Agriculture Gas,Burnley,0.5961128419117507,2008
Agriculture Gas,Burnley,0.47297490139035886,2009
Agriculture Gas,Burnley,0.5345006505570388,2010
Agriculture Gas,Burnley,0.43816283081575097,2011
Agriculture Gas,Burnley,0.4226073435037963,2012
Agriculture Gas,Burnley,0.48816388395013155,2013
Agriculture Gas,Burnley,0.41948299986185866,2014
Agriculture Gas,Burnley,0.4701211821902174,2015
Agriculture Gas,Burnley,0.4888664815656735,2016
Agriculture Gas,Burnley,0.36135242175486076,2017
Agriculture Gas,Burnley,0.23330596579057764,2018
Agriculture Gas,Burnley,0.10504427140216283,2019
Agriculture Gas,Burnley,0.11364502553452833,2020
Agriculture Gas,Burnley,0.1326680538257371,2021
Agriculture Gas,Burnley,0.24926037741318183,2022
Agriculture Gas,Burnley,0.18560388402532405,2023
Agriculture Gas,Chorley,0.6137530655491131,2005
Agriculture Gas,Chorley,0.5881417299520567,2006
Agriculture Gas,Chorley,0.5243973053332439,2007
Agriculture Gas,Chorley,0.5156577788093578,2008
Agriculture Gas,Chorley,0.4870035230780782,2009
Agriculture Gas,Chorley,0.5305266876490019,2010
Agriculture Gas,Chorley,0.46883634411374414,2011
Agriculture Gas,Chorley,0.5370040206797513,2012
Agriculture Gas,Chorley,0.5939716934180376,2013
Agriculture Gas,Chorley,0.7730860558776992,2014
Agriculture Gas,Chorley,0.7221126096653921,2015
Agriculture Gas,Chorley,0.5942679933533644,2016
Agriculture Gas,Chorley,0.5825171607937942,2017
Agriculture Gas,Chorley,0.5882772169918834,2018
Agriculture Gas,Chorley,0.5966650650614009,2019
Agriculture Gas,Chorley,0.47120941217565515,2020
Agriculture Gas,Chorley,0.5228384142263006,2021
Agriculture Gas,Chorley,0.48075953313699726,2022
Agriculture Gas,Chorley,0.586049771457569,2023
Agriculture Gas,England Total,685.7566655884416,2005
Agriculture Gas,England Total,629.9101520978421,2006
Agriculture Gas,England Total,587.338039488436,2007
Agriculture Gas,England Total,590.8095314478672,2008
Agriculture Gas,England Total,531.9504905508222,2009
Agriculture Gas,England Total,652.8566280818422,2010
Agriculture Gas,England Total,553.3708507036995,2011
Agriculture Gas,England Total,562.0207790660319,2012
Agriculture Gas,England Total,576.4196395663241,2013
Agriculture Gas,England Total,506.0414790735591,2014
Agriculture Gas,England Total,514.6037691529393,2015
Agriculture Gas,England Total,505.623889718866,2016
Agriculture Gas,England Total,602.5051095116864,2017
Agriculture Gas,England Total,619.3437938324354,2018
Agriculture Gas,England Total,561.100188604435,2019
Agriculture Gas,England Total,619.7313132257831,2020
Agriculture Gas,England Total,539.6108896875777,2021
Agriculture Gas,England Total,514.9055896991171,2022
Agriculture Gas,England Total,458.34086684914854,2023
Agriculture Gas,Fylde,2.3720686248148826,2005
Agriculture Gas,Fylde,2.3776676517057944,2006
Agriculture Gas,Fylde,1.852813979532917,2007
Agriculture Gas,Fylde,2.029935888738317,2008
Agriculture Gas,Fylde,2.333594834088615,2009
Agriculture Gas,Fylde,2.894752764911992,2010
Agriculture Gas,Fylde,2.3271070868990944,2011
Agriculture Gas,Fylde,0.9592798451608865,2012
Agriculture Gas,Fylde,0.9478253019491052,2013
Agriculture Gas,Fylde,0.7193019761512274,2014
Agriculture Gas,Fylde,0.7693179665844547,2015
Agriculture Gas,Fylde,0.7513905691111608,2016
Agriculture Gas,Fylde,0.7422657233084028,2017
Agriculture Gas,Fylde,0.6466175229909863,2018
Agriculture Gas,Fylde,0.7267804252856517,2019
Agriculture Gas,Fylde,0.7007206842997936,2020
Agriculture Gas,Fylde,0.6548657285147912,2021
Agriculture Gas,Fylde,1.760496627900484,2022
Agriculture Gas,Fylde,1.064324215006372,2023
Agriculture Gas,Hyndburn,0.4609577810866725,2005
Agriculture Gas,Hyndburn,0.4076401090015367,2006
Agriculture Gas,Hyndburn,0.3559733336932149,2007
Agriculture Gas,Hyndburn,0.38410587212926783,2008
Agriculture Gas,Hyndburn,0.32489888851231413,2009
Agriculture Gas,Hyndburn,0.35755944769778003,2010
Agriculture Gas,Hyndburn,0.2817165102968477,2011
Agriculture Gas,Hyndburn,0.2950406607961126,2012
Agriculture Gas,Hyndburn,0.2628189739732844,2013
Agriculture Gas,Hyndburn,0.2596927701872688,2014
Agriculture Gas,Hyndburn,0.2814672486262055,2015
Agriculture Gas,Hyndburn,0.28552108883205013,2016
Agriculture Gas,Hyndburn,0.2755400353315479,2017
Agriculture Gas,Hyndburn,0.2596301897314423,2018
Agriculture Gas,Hyndburn,0.18544925119904104,2019
Agriculture Gas,Hyndburn,0.25152468273718676,2020
Agriculture Gas,Hyndburn,0.29550430471651634,2021
Agriculture Gas,Hyndburn,0.14667226680125361,2022
Agriculture Gas,Hyndburn,0.08684218207632208,2023
Agriculture Gas,Lancashire Total,34.65215187971723,2005
Agriculture Gas,Lancashire Total,32.2101142289274,2006
Agriculture Gas,Lancashire Total,28.566921185519984,2007
Agriculture Gas,Lancashire Total,26.977135748173026,2008
Agriculture Gas,Lancashire Total,26.64532012693733,2009
Agriculture Gas,Lancashire Total,32.13038183850959,2010
Agriculture Gas,Lancashire Total,29.27589153404637,2011
Agriculture Gas,Lancashire Total,28.24083263267477,2012
Agriculture Gas,Lancashire Total,29.24836523337947,2013
Agriculture Gas,Lancashire Total,24.88642235030761,2014
Agriculture Gas,Lancashire Total,27.24957941909081,2015
Agriculture Gas,Lancashire Total,26.264862048383414,2016
Agriculture Gas,Lancashire Total,20.906074836578206,2017
Agriculture Gas,Lancashire Total,27.19746161650232,2018
Agriculture Gas,Lancashire Total,30.498944166207536,2019
Agriculture Gas,Lancashire Total,35.317301396078285,2020
Agriculture Gas,Lancashire Total,32.77665736507226,2021
Agriculture Gas,Lancashire Total,34.991025384008594,2022
Agriculture Gas,Lancashire Total,29.76660261439465,2023
Agriculture Gas,Lancaster,0.6814366848346156,2005
Agriculture Gas,Lancaster,0.6206495619385183,2006
Agriculture Gas,Lancaster,0.5703172724638301,2007
Agriculture Gas,Lancaster,0.5670312378728372,2008
Agriculture Gas,Lancaster,0.5395960690792263,2009
Agriculture Gas,Lancaster,0.5550786751084379,2010
Agriculture Gas,Lancaster,0.470164310905541,2011
Agriculture Gas,Lancaster,0.5332159807680128,2012
Agriculture Gas,Lancaster,0.5818293061084848,2013
Agriculture Gas,Lancaster,0.5049372217885094,2014
Agriculture Gas,Lancaster,0.4688626404343559,2015
Agriculture Gas,Lancaster,0.3923360057680187,2016
Agriculture Gas,Lancaster,0.30342691013713396,2017
Agriculture Gas,Lancaster,0.31852019630927403,2018
Agriculture Gas,Lancaster,0.5765878943684295,2019
Agriculture Gas,Lancaster,0.3825414486840875,2020
Agriculture Gas,Lancaster,0.45709647405300224,2021
Agriculture Gas,Lancaster,0.3492783442744649,2022
Agriculture Gas,Lancaster,1.3449689555478743,2023
Agriculture Gas,North West Total,75.01321656033988,2005
Agriculture Gas,North West Total,67.82279622250279,2006
Agriculture Gas,North West Total,61.994887663759634,2007
Agriculture Gas,North West Total,60.4857712056785,2008
Agriculture Gas,North West Total,57.8253106047782,2009
Agriculture Gas,North West Total,67.15277468965078,2010
Agriculture Gas,North West Total,60.22207985217949,2011
Agriculture Gas,North West Total,63.834034117454,2012
Agriculture Gas,North West Total,64.81106769346968,2013
Agriculture Gas,North West Total,55.778939768728236,2014
Agriculture Gas,North West Total,58.389195353805974,2015
Agriculture Gas,North West Total,58.131051876646275,2016
Agriculture Gas,North West Total,54.07136775794599,2017
Agriculture Gas,North West Total,61.73418939510022,2018
Agriculture Gas,North West Total,55.557131361859135,2019
Agriculture Gas,North West Total,65.74353163684762,2020
Agriculture Gas,North West Total,61.93800682844136,2021
Agriculture Gas,North West Total,61.59605454290195,2022
Agriculture Gas,North West Total,54.11846373982475,2023
Agriculture Gas,Pendle,0.39115949307508413,2005
Agriculture Gas,Pendle,0.37777721308960505,2006
Agriculture Gas,Pendle,0.35582204017868996,2007
Agriculture Gas,Pendle,0.3190858883651446,2008
Agriculture Gas,Pendle,0.2988154012500331,2009
Agriculture Gas,Pendle,0.3565296943136029,2010
Agriculture Gas,Pendle,0.2892895732765452,2011
Agriculture Gas,Pendle,0.3421717056106469,2012
Agriculture Gas,Pendle,0.3460628773810493,2013
Agriculture Gas,Pendle,0.28443525433653827,2014
Agriculture Gas,Pendle,0.2886534557718525,2015
Agriculture Gas,Pendle,0.35509120383392123,2016
Agriculture Gas,Pendle,0.4070931196973162,2017
Agriculture Gas,Pendle,0.44558065334049385,2018
Agriculture Gas,Pendle,0.3366143591946363,2019
Agriculture Gas,Pendle,0.19633357248693803,2020
Agriculture Gas,Pendle,0.2662063630196542,2021
Agriculture Gas,Pendle,0.2647807642219891,2022
Agriculture Gas,Pendle,0.27785652888801277,2023
Agriculture Gas,Preston,0.7989823152665181,2005
Agriculture Gas,Preston,0.5488729028913633,2006
Agriculture Gas,Preston,0.5315552368051767,2007
Agriculture Gas,Preston,0.5330228154561828,2008
Agriculture Gas,Preston,0.5136686455385074,2009
Agriculture Gas,Preston,0.6143195070834885,2010
Agriculture Gas,Preston,0.5336298466104329,2011
Agriculture Gas,Preston,0.604290951294507,2012
Agriculture Gas,Preston,0.5911904103322256,2013
Agriculture Gas,Preston,0.49079193858080955,2014
Agriculture Gas,Preston,0.5290276925113063,2015
Agriculture Gas,Preston,0.5080865442366895,2016
Agriculture Gas,Preston,0.3455504958666887,2017
Agriculture Gas,Preston,0.344172085846185,2018
Agriculture Gas,Preston,0.25003956874963645,2019
Agriculture Gas,Preston,0.2901847738624721,2020
Agriculture Gas,Preston,0.6506474871331832,2021
Agriculture Gas,Preston,0.31791098183115996,2022
Agriculture Gas,Preston,0.3145824645363075,2023
Agriculture Gas,Ribble Valley,1.000480914908403,2005
Agriculture Gas,Ribble Valley,0.9377502934404113,2006
Agriculture Gas,Ribble Valley,0.6879364447521297,2007
Agriculture Gas,Ribble Valley,0.6983402172979822,2008
Agriculture Gas,Ribble Valley,0.6610817846881492,2009
Agriculture Gas,Ribble Valley,1.0264170726605835,2010
Agriculture Gas,Ribble Valley,0.9073438059778623,2011
Agriculture Gas,Ribble Valley,0.7137736227149422,2012
Agriculture Gas,Ribble Valley,0.8782580672397229,2013
Agriculture Gas,Ribble Valley,0.7164807542542494,2014
Agriculture Gas,Ribble Valley,0.6697753535467013,2015
Agriculture Gas,Ribble Valley,0.7609859372101644,2016
Agriculture Gas,Ribble Valley,0.7215617835925763,2017
Agriculture Gas,Ribble Valley,0.6100300841014205,2018
Agriculture Gas,Ribble Valley,0.4514389696858345,2019
Agriculture Gas,Ribble Valley,0.41446055979730323,2020
Agriculture Gas,Ribble Valley,0.5091277679585863,2021
Agriculture Gas,Ribble Valley,0.3423004521700188,2022
Agriculture Gas,Ribble Valley,0.4271748150308035,2023
Agriculture Gas,Rossendale,0.4517180339110807,2005
Agriculture Gas,Rossendale,0.43569387337922466,2006
Agriculture Gas,Rossendale,0.34611115242773965,2007
Agriculture Gas,Rossendale,0.3384449437354709,2008
Agriculture Gas,Rossendale,0.30900457573266943,2009
Agriculture Gas,Rossendale,0.3607264974362075,2010
Agriculture Gas,Rossendale,0.30259076230422427,2011
Agriculture Gas,Rossendale,0.3195894238083771,2012
Agriculture Gas,Rossendale,0.3222708864365317,2013
Agriculture Gas,Rossendale,0.26958638008843666,2014
Agriculture Gas,Rossendale,0.26924579035275,2015
Agriculture Gas,Rossendale,0.2634379099986721,2016
Agriculture Gas,Rossendale,0.3829758039412859,2017
Agriculture Gas,Rossendale,0.4458188558411681,2018
Agriculture Gas,Rossendale,0.33397745946870283,2019
Agriculture Gas,Rossendale,0.3329792964975249,2020
Agriculture Gas,Rossendale,0.3358463816255357,2021
Agriculture Gas,Rossendale,0.26615405206085885,2022
Agriculture Gas,Rossendale,0.17915185556957813,2023
Agriculture Gas,South Ribble,0.22080084891222995,2005
Agriculture Gas,South Ribble,0.22661320899403709,2006
Agriculture Gas,South Ribble,0.21808465194334797,2007
Agriculture Gas,South Ribble,0.18895109505730104,2008
Agriculture Gas,South Ribble,0.16818441482778687,2009
Agriculture Gas,South Ribble,0.18811266719132835,2010
Agriculture Gas,South Ribble,0.16161500644933394,2011
Agriculture Gas,South Ribble,0.18449702235283222,2012
Agriculture Gas,South Ribble,0.19137001008339186,2013
Agriculture Gas,South Ribble,0.1628606295051094,2014
Agriculture Gas,South Ribble,0.16956795496384908,2015
Agriculture Gas,South Ribble,0.27411261350571137,2016
Agriculture Gas,South Ribble,0.17288215268491228,2017
Agriculture Gas,South Ribble,0.2852963208939044,2018
Agriculture Gas,South Ribble,0.272993283265883,2019
Agriculture Gas,South Ribble,0.3282445333223113,2020
Agriculture Gas,South Ribble,0.28325810422610415,2021
Agriculture Gas,South Ribble,0.2880759500429266,2022
Agriculture Gas,South Ribble,0.27041352608777675,2023
Agriculture Gas,West Lancashire,25.733305259971207,2005
Agriculture Gas,West Lancashire,23.702735637081446,2006
Agriculture Gas,West Lancashire,21.25348314090909,2007
Agriculture Gas,West Lancashire,19.54981441701502,2008
Agriculture Gas,West Lancashire,19.34005917728434,2009
Agriculture Gas,West Lancashire,23.401118789474026,2010
Agriculture Gas,West Lancashire,21.989819808453493,2011
Agriculture Gas,West Lancashire,22.03594501029826,2012
Agriculture Gas,West Lancashire,22.729960688120535,2013
Agriculture Gas,West Lancashire,19.152511383796305,2014
Agriculture Gas,West Lancashire,21.39204964661482,2015
Agriculture Gas,West Lancashire,20.188030704561296,2016
Agriculture Gas,West Lancashire,15.129434453788535,2017
Agriculture Gas,West Lancashire,21.785104527340593,2018
Agriculture Gas,West Lancashire,25.644639787979923,2019
Agriculture Gas,West Lancashire,30.96593336187318,2020
Agriculture Gas,West Lancashire,27.609115762250546,2021
Agriculture Gas,West Lancashire,29.5671832333986,2022
Agriculture Gas,West Lancashire,24.252580238075442,2023
Agriculture Gas,Wyre,1.1499748255548277,2005
Agriculture Gas,Wyre,1.3280346789664084,2006
Agriculture Gas,Wyre,1.2135541955677775,2007
Agriculture Gas,Wyre,1.2566327517843938,2008
Agriculture Gas,Wyre,1.196437911467252,2009
Agriculture Gas,Wyre,1.3107393844261033,2010
Agriculture Gas,Wyre,1.1056156479434982,2011
Agriculture Gas,Wyre,1.2934170456866452,2012
Agriculture Gas,Wyre,1.3146431343869684,2013
Agriculture Gas,Wyre,1.1332549858795957,2014
Agriculture Gas,Wyre,1.219377877828909,2015
Agriculture Gas,Wyre,1.402734996406691,2016
Agriculture Gas,Wyre,1.48147477568115,2017
Agriculture Gas,Wyre,1.2351079973243915,2018
Agriculture Gas,Wyre,1.0187138305462333,2019
Agriculture Gas,Wyre,0.869524044807306,2020
Agriculture Gas,Wyre,1.0594825235222987,2021
Agriculture Gas,Wyre,0.9581528007566603,2022
Agriculture Gas,Wyre,0.7770541780932669,2023
Agriculture Livestock,Blackburn with Darwen,21.55231032613341,2005
Agriculture Livestock,Blackburn with Darwen,20.695072355018812,2006
Agriculture Livestock,Blackburn with Darwen,19.750393430494032,2007
Agriculture Livestock,Blackburn with Darwen,17.453841019369598,2008
Agriculture Livestock,Blackburn with Darwen,18.219027444542018,2009
Agriculture Livestock,Blackburn with Darwen,17.13774246523559,2010
Agriculture Livestock,Blackburn with Darwen,16.531691673764723,2011
Agriculture Livestock,Blackburn with Darwen,16.235997074823626,2012
Agriculture Livestock,Blackburn with Darwen,16.829812672281005,2013
Agriculture Livestock,Blackburn with Darwen,17.33636514941623,2014
Agriculture Livestock,Blackburn with Darwen,17.603772846853104,2015
Agriculture Livestock,Blackburn with Darwen,17.34119834341005,2016
Agriculture Livestock,Blackburn with Darwen,17.25989145585806,2017
Agriculture Livestock,Blackburn with Darwen,16.57886123376132,2018
Agriculture Livestock,Blackburn with Darwen,16.81839445019692,2019
Agriculture Livestock,Blackburn with Darwen,16.601243647978883,2020
Agriculture Livestock,Blackburn with Darwen,17.344534049357488,2021
Agriculture Livestock,Blackburn with Darwen,19.117507578625627,2022
Agriculture Livestock,Blackburn with Darwen,16.640690460469262,2023
Agriculture Livestock,Blackpool,2.707548805861614,2005
Agriculture Livestock,Blackpool,3.6373894717642474,2006
Agriculture Livestock,Blackpool,2.6025574651471763,2007
Agriculture Livestock,Blackpool,2.4139928377655204,2008
Agriculture Livestock,Blackpool,2.4580030344966723,2009
Agriculture Livestock,Blackpool,2.5380733858579285,2010
Agriculture Livestock,Blackpool,1.9719979080905743,2011
Agriculture Livestock,Blackpool,1.9737333316154653,2012
Agriculture Livestock,Blackpool,2.2043561781442533,2013
Agriculture Livestock,Blackpool,2.314710225332493,2014
Agriculture Livestock,Blackpool,2.5002169009227018,2015
Agriculture Livestock,Blackpool,3.136510144724384,2016
Agriculture Livestock,Blackpool,3.128042952220521,2017
Agriculture Livestock,Blackpool,3.164555297503622,2018
Agriculture Livestock,Blackpool,2.4914275187594606,2019
Agriculture Livestock,Blackpool,2.2397742663412634,2020
Agriculture Livestock,Blackpool,2.490668836883809,2021
Agriculture Livestock,Blackpool,2.8175109432714303,2022
Agriculture Livestock,Blackpool,1.8639632733979024,2023
Agriculture Livestock,Burnley,16.972434691533362,2005
Agriculture Livestock,Burnley,16.84108910336259,2006
Agriculture Livestock,Burnley,15.208658280858891,2007
Agriculture Livestock,Burnley,14.812738109013232,2008
Agriculture Livestock,Burnley,14.117685331355826,2009
Agriculture Livestock,Burnley,14.173445000799815,2010
Agriculture Livestock,Burnley,14.068470339670082,2011
Agriculture Livestock,Burnley,13.552780056610722,2012
Agriculture Livestock,Burnley,13.53644783627068,2013
Agriculture Livestock,Burnley,13.774406828571838,2014
Agriculture Livestock,Burnley,13.301529645988351,2015
Agriculture Livestock,Burnley,13.388081763151273,2016
Agriculture Livestock,Burnley,13.66796768366085,2017
Agriculture Livestock,Burnley,13.766484746887558,2018
Agriculture Livestock,Burnley,13.660312794671682,2019
Agriculture Livestock,Burnley,13.54256364818078,2020
Agriculture Livestock,Burnley,14.97825018948424,2021
Agriculture Livestock,Burnley,15.18361779678185,2022
Agriculture Livestock,Burnley,13.857541609728061,2023
Agriculture Livestock,Chorley,50.65080745989333,2005
Agriculture Livestock,Chorley,47.21668889883738,2006
Agriculture Livestock,Chorley,46.216072200972135,2007
Agriculture Livestock,Chorley,45.25176944288401,2008
Agriculture Livestock,Chorley,46.09970194806638,2009
Agriculture Livestock,Chorley,46.206237092150104,2010
Agriculture Livestock,Chorley,45.805942426288276,2011
Agriculture Livestock,Chorley,45.593212981605625,2012
Agriculture Livestock,Chorley,44.296136875336266,2013
Agriculture Livestock,Chorley,46.23398310180834,2014
Agriculture Livestock,Chorley,47.55047174888883,2015
Agriculture Livestock,Chorley,47.757240953933724,2016
Agriculture Livestock,Chorley,48.68004102982488,2017
Agriculture Livestock,Chorley,46.763650967161674,2018
Agriculture Livestock,Chorley,47.60731256638705,2019
Agriculture Livestock,Chorley,47.1015824439539,2020
Agriculture Livestock,Chorley,49.738474862805425,2021
Agriculture Livestock,Chorley,49.18669783059884,2022
Agriculture Livestock,Chorley,45.60435345968606,2023
Agriculture Livestock,England Total,18909.720988863046,2005
Agriculture Livestock,England Total,18586.196767970818,2006
Agriculture Livestock,England Total,18408.571331840772,2007
Agriculture Livestock,England Total,17943.917259675807,2008
Agriculture Livestock,England Total,17789.819494909716,2009
Agriculture Livestock,England Total,17910.45321990957,2010
Agriculture Livestock,England Total,17658.784933074498,2011
Agriculture Livestock,England Total,17511.358550627614,2012
Agriculture Livestock,England Total,17594.365385636866,2013
Agriculture Livestock,England Total,17997.573184310208,2014
Agriculture Livestock,England Total,17930.55478358257,2015
Agriculture Livestock,England Total,17782.632262887968,2016
Agriculture Livestock,England Total,17848.55915070898,2017
Agriculture Livestock,England Total,17585.598693699943,2018
Agriculture Livestock,England Total,17544.200821347822,2019
Agriculture Livestock,England Total,17187.894760934596,2020
Agriculture Livestock,England Total,17049.174419547875,2021
Agriculture Livestock,England Total,17033.058225347108,2022
Agriculture Livestock,England Total,16663.692572049607,2023
Agriculture Livestock,Fylde,65.76424577929848,2005
Agriculture Livestock,Fylde,71.44417538217796,2006
Agriculture Livestock,Fylde,64.52054854453958,2007
Agriculture Livestock,Fylde,62.57669688917524,2008
Agriculture Livestock,Fylde,61.93492942075524,2009
Agriculture Livestock,Fylde,61.638829505795705,2010
Agriculture Livestock,Fylde,60.48874130334545,2011
Agriculture Livestock,Fylde,60.54477366963674,2012
Agriculture Livestock,Fylde,61.97840254202439,2013
Agriculture Livestock,Fylde,65.880988659042,2014
Agriculture Livestock,Fylde,66.65671620664776,2015
Agriculture Livestock,Fylde,66.24901528085616,2016
Agriculture Livestock,Fylde,70.75036813610566,2017
Agriculture Livestock,Fylde,66.39961781939301,2018
Agriculture Livestock,Fylde,66.52575586915927,2019
Agriculture Livestock,Fylde,68.68588518906978,2020
Agriculture Livestock,Fylde,72.41423109016296,2021
Agriculture Livestock,Fylde,68.26806774045517,2022
Agriculture Livestock,Fylde,65.48819670498975,2023
Agriculture Livestock,Hyndburn,15.24311216948007,2005
Agriculture Livestock,Hyndburn,14.616586741214604,2006
Agriculture Livestock,Hyndburn,15.236566115750918,2007
Agriculture Livestock,Hyndburn,15.556046637219664,2008
Agriculture Livestock,Hyndburn,14.302452709361742,2009
Agriculture Livestock,Hyndburn,14.797692386808698,2010
Agriculture Livestock,Hyndburn,14.28261910271215,2011
Agriculture Livestock,Hyndburn,14.280469921353687,2012
Agriculture Livestock,Hyndburn,14.127702321674839,2013
Agriculture Livestock,Hyndburn,13.861638526532065,2014
Agriculture Livestock,Hyndburn,13.70343688644764,2015
Agriculture Livestock,Hyndburn,14.022585866333937,2016
Agriculture Livestock,Hyndburn,14.38126679430075,2017
Agriculture Livestock,Hyndburn,14.734195700360184,2018
Agriculture Livestock,Hyndburn,14.99568149294167,2019
Agriculture Livestock,Hyndburn,14.53017155039123,2020
Agriculture Livestock,Hyndburn,13.798228574130514,2021
Agriculture Livestock,Hyndburn,13.644767092737732,2022
Agriculture Livestock,Hyndburn,16.468477089128132,2023
Agriculture Livestock,Lancashire Total,833.5701133084082,2005
Agriculture Livestock,Lancashire Total,817.0333335566689,2006
Agriculture Livestock,Lancashire Total,805.6968203970309,2007
Agriculture Livestock,Lancashire Total,794.1510894424373,2008
Agriculture Livestock,Lancashire Total,786.4449196346167,2009
Agriculture Livestock,Lancashire Total,791.826202346949,2010
Agriculture Livestock,Lancashire Total,788.646892038193,2011
Agriculture Livestock,Lancashire Total,787.5898587828708,2012
Agriculture Livestock,Lancashire Total,795.8883637704477,2013
Agriculture Livestock,Lancashire Total,827.5473833360279,2014
Agriculture Livestock,Lancashire Total,830.5093211800565,2015
Agriculture Livestock,Lancashire Total,838.00979173426,2016
Agriculture Livestock,Lancashire Total,857.0575785650899,2017
Agriculture Livestock,Lancashire Total,831.1669020646991,2018
Agriculture Livestock,Lancashire Total,836.6135288435303,2019
Agriculture Livestock,Lancashire Total,835.1954184908532,2020
Agriculture Livestock,Lancashire Total,838.6901612165892,2021
Agriculture Livestock,Lancashire Total,840.2949437697453,2022
Agriculture Livestock,Lancashire Total,843.2309650335025,2023
Agriculture Livestock,Lancaster,175.41042177322578,2005
Agriculture Livestock,Lancaster,174.87912115557862,2006
Agriculture Livestock,Lancaster,173.9828487745255,2007
Agriculture Livestock,Lancaster,172.48910273445793,2008
Agriculture Livestock,Lancaster,172.3834000731422,2009
Agriculture Livestock,Lancaster,175.41374658957923,2010
Agriculture Livestock,Lancaster,175.3166772325111,2011
Agriculture Livestock,Lancaster,175.416039620915,2012
Agriculture Livestock,Lancaster,173.69789000877842,2013
Agriculture Livestock,Lancaster,180.14544321282273,2014
Agriculture Livestock,Lancaster,182.0850081042166,2015
Agriculture Livestock,Lancaster,182.4585960548396,2016
Agriculture Livestock,Lancaster,185.50135931454548,2017
Agriculture Livestock,Lancaster,178.13757971488408,2018
Agriculture Livestock,Lancaster,181.36341792834736,2019
Agriculture Livestock,Lancaster,186.35846809472662,2020
Agriculture Livestock,Lancaster,186.27428817877325,2021
Agriculture Livestock,Lancaster,190.25041551057666,2022
Agriculture Livestock,Lancaster,191.98161649614303,2023
Agriculture Livestock,North West Total,3318.829477312861,2005
Agriculture Livestock,North West Total,3263.8319873016612,2006
Agriculture Livestock,North West Total,3238.0051734344024,2007
Agriculture Livestock,North West Total,3174.6780148317007,2008
Agriculture Livestock,North West Total,3138.6535459874617,2009
Agriculture Livestock,North West Total,3169.868089950384,2010
Agriculture Livestock,North West Total,3151.898199576527,2011
Agriculture Livestock,North West Total,3141.3111511910847,2012
Agriculture Livestock,North West Total,3146.997974616058,2013
Agriculture Livestock,North West Total,3256.0828898671775,2014
Agriculture Livestock,North West Total,3270.1272718416626,2015
Agriculture Livestock,North West Total,3240.8341212699033,2016
Agriculture Livestock,North West Total,3259.0908665770207,2017
Agriculture Livestock,North West Total,3174.4243843068575,2018
Agriculture Livestock,North West Total,3184.746629082349,2019
Agriculture Livestock,North West Total,3162.2854486909873,2020
Agriculture Livestock,North West Total,3177.8879698250557,2021
Agriculture Livestock,North West Total,3174.435233371984,2022
Agriculture Livestock,North West Total,3161.137682781786,2023
Agriculture Livestock,Pendle,48.965138501697,2005
Agriculture Livestock,Pendle,44.822171646189396,2006
Agriculture Livestock,Pendle,43.99092501844845,2007
Agriculture Livestock,Pendle,43.13579306697748,2008
Agriculture Livestock,Pendle,40.74579915405879,2009
Agriculture Livestock,Pendle,41.58437337997958,2010
Agriculture Livestock,Pendle,41.9505640204221,2011
Agriculture Livestock,Pendle,40.99137135745862,2012
Agriculture Livestock,Pendle,40.391264519892744,2013
Agriculture Livestock,Pendle,41.99257124334272,2014
Agriculture Livestock,Pendle,42.43970791955397,2015
Agriculture Livestock,Pendle,42.5045116138459,2016
Agriculture Livestock,Pendle,43.26543525395002,2017
Agriculture Livestock,Pendle,42.81978267948769,2018
Agriculture Livestock,Pendle,42.33177699794826,2019
Agriculture Livestock,Pendle,41.288278252208165,2020
Agriculture Livestock,Pendle,40.697158455468866,2021
Agriculture Livestock,Pendle,41.42823952930915,2022
Agriculture Livestock,Pendle,40.0626412771628,2023
Agriculture Livestock,Preston,69.76044953444128,2005
Agriculture Livestock,Preston,68.24144444666537,2006
Agriculture Livestock,Preston,68.81933594513502,2007
Agriculture Livestock,Preston,68.01068900917448,2008
Agriculture Livestock,Preston,67.40955199414744,2009
Agriculture Livestock,Preston,70.18968391806027,2010
Agriculture Livestock,Preston,70.08019658149594,2011
Agriculture Livestock,Preston,69.61842571864716,2012
Agriculture Livestock,Preston,67.13802981118664,2013
Agriculture Livestock,Preston,70.47982140277986,2014
Agriculture Livestock,Preston,72.13960837633408,2015
Agriculture Livestock,Preston,73.25415944766999,2016
Agriculture Livestock,Preston,74.35997689342423,2017
Agriculture Livestock,Preston,72.21164297732237,2018
Agriculture Livestock,Preston,72.71215090067685,2019
Agriculture Livestock,Preston,72.36642799793917,2020
Agriculture Livestock,Preston,79.72005427980673,2021
Agriculture Livestock,Preston,78.37689626355952,2022
Agriculture Livestock,Preston,77.33037006783718,2023
Agriculture Livestock,Ribble Valley,168.9764975550719,2005
Agriculture Livestock,Ribble Valley,163.42185001694645,2006
Agriculture Livestock,Ribble Valley,162.43357236429173,2007
Agriculture Livestock,Ribble Valley,164.23389709580806,2008
Agriculture Livestock,Ribble Valley,161.7795785265152,2009
Agriculture Livestock,Ribble Valley,160.4767025271602,2010
Agriculture Livestock,Ribble Valley,161.16947053373855,2011
Agriculture Livestock,Ribble Valley,162.38599182378124,2012
Agriculture Livestock,Ribble Valley,167.52827455438515,2013
Agriculture Livestock,Ribble Valley,174.06350893784912,2014
Agriculture Livestock,Ribble Valley,171.40247617851267,2015
Agriculture Livestock,Ribble Valley,174.06454939674381,2016
Agriculture Livestock,Ribble Valley,178.61509131238094,2017
Agriculture Livestock,Ribble Valley,175.0688135654761,2018
Agriculture Livestock,Ribble Valley,176.46010794522502,2019
Agriculture Livestock,Ribble Valley,174.6403686114247,2020
Agriculture Livestock,Ribble Valley,174.0453779536254,2021
Agriculture Livestock,Ribble Valley,178.59966373634143,2022
Agriculture Livestock,Ribble Valley,174.38906691194197,2023
Agriculture Livestock,Rossendale,23.063350096423648,2005
Agriculture Livestock,Rossendale,20.250685307384956,2006
Agriculture Livestock,Rossendale,21.7041510100424,2007
Agriculture Livestock,Rossendale,20.700236046357446,2008
Agriculture Livestock,Rossendale,20.276176325733235,2009
Agriculture Livestock,Rossendale,19.39855991107042,2010
Agriculture Livestock,Rossendale,19.57419710286819,2011
Agriculture Livestock,Rossendale,19.514851765182815,2012
Agriculture Livestock,Rossendale,18.938581868165258,2013
Agriculture Livestock,Rossendale,18.812964629800263,2014
Agriculture Livestock,Rossendale,19.075642491144936,2015
Agriculture Livestock,Rossendale,19.39922648882711,2016
Agriculture Livestock,Rossendale,19.621254966039018,2017
Agriculture Livestock,Rossendale,18.688877201068998,2018
Agriculture Livestock,Rossendale,18.8612658065265,2019
Agriculture Livestock,Rossendale,18.51324882320062,2020
Agriculture Livestock,Rossendale,17.624609572026067,2021
Agriculture Livestock,Rossendale,17.6401172080593,2022
Agriculture Livestock,Rossendale,21.5547844887199,2023
Agriculture Livestock,South Ribble,42.324423094141544,2005
Agriculture Livestock,South Ribble,40.38963557907852,2006
Agriculture Livestock,South Ribble,39.586736914918326,2007
Agriculture Livestock,South Ribble,39.03875148250505,2008
Agriculture Livestock,South Ribble,38.89002802517935,2009
Agriculture Livestock,South Ribble,39.44242231896267,2010
Agriculture Livestock,South Ribble,39.50474515475868,2011
Agriculture Livestock,South Ribble,38.82312518521955,2012
Agriculture Livestock,South Ribble,41.05119689384065,2013
Agriculture Livestock,South Ribble,42.755317680314675,2014
Agriculture Livestock,South Ribble,42.58963863672342,2015
Agriculture Livestock,South Ribble,43.48045554825,2016
Agriculture Livestock,South Ribble,45.48310382252852,2017
Agriculture Livestock,South Ribble,42.98947519485915,2018
Agriculture Livestock,South Ribble,42.38291002752774,2019
Agriculture Livestock,South Ribble,42.831146508087485,2020
Agriculture Livestock,South Ribble,37.89834332485016,2021
Agriculture Livestock,South Ribble,37.679340232268935,2022
Agriculture Livestock,South Ribble,42.633302363129275,2023
Agriculture Livestock,West Lancashire,30.710084713474593,2005
Agriculture Livestock,West Lancashire,35.34168640315753,2006
Agriculture Livestock,West Lancashire,31.02259785437123,2007
Agriculture Livestock,West Lancashire,29.030302658429683,2008
Agriculture Livestock,West Lancashire,27.799510075531682,2009
Agriculture Livestock,West Lancashire,26.377134597565867,2010
Agriculture Livestock,West Lancashire,25.89633769485352,2011
Agriculture Livestock,West Lancashire,25.51190201575194,2012
Agriculture Livestock,West Lancashire,27.34120777619493,2013
Agriculture Livestock,West Lancashire,27.785340900328627,2014
Agriculture Livestock,West Lancashire,27.910895649209422,2015
Agriculture Livestock,West Lancashire,28.898831112216396,2016
Agriculture Livestock,West Lancashire,28.96263574274381,2017
Agriculture Livestock,West Lancashire,28.181137567972648,2018
Agriculture Livestock,West Lancashire,28.00695309832883,2019
Agriculture Livestock,West Lancashire,27.156764223538346,2020
Agriculture Livestock,West Lancashire,26.93887574019795,2021
Agriculture Livestock,West Lancashire,26.93915139572003,2022
Agriculture Livestock,West Lancashire,26.238182414638448,2023
Agriculture Livestock,Wyre,125.7291479397272,2005
Agriculture Livestock,Wyre,119.56819887607551,2006
Agriculture Livestock,Wyre,122.97480737317662,2007
Agriculture Livestock,Wyre,119.315066270435,2008
Agriculture Livestock,Wyre,120.70610605076952,2009
Agriculture Livestock,Wyre,122.12737511901646,2010
Agriculture Livestock,Wyre,120.50893054552887,2011
Agriculture Livestock,Wyre,121.35691466670765,2012
Agriculture Livestock,Wyre,125.86322876269784,2013
Agriculture Livestock,Wyre,131.76139821283576,2014
Agriculture Livestock,Wyre,131.65418933638887,2015
Agriculture Livestock,Wyre,132.53253820759213,2016
Agriculture Livestock,Wyre,133.76907761558567,2017
Agriculture Livestock,Wyre,131.4056439298256,2018
Agriculture Livestock,Wyre,131.70588341579003,2019
Agriculture Livestock,Wyre,128.18051314813238,2020
Agriculture Livestock,Wyre,124.56226899525744,2021
Agriculture Livestock,Wyre,123.09796943333666,2022
Agriculture Livestock,Wyre,127.62243215039788,2023
Agriculture 'Other',Blackburn with Darwen,1.50746579302185,2005
Agriculture 'Other',Blackburn with Darwen,1.4909913663367265,2006
Agriculture 'Other',Blackburn with Darwen,1.458777724079622,2007
Agriculture 'Other',Blackburn with Darwen,1.698085317314993,2008
Agriculture 'Other',Blackburn with Darwen,1.6544943177533415,2009
Agriculture 'Other',Blackburn with Darwen,1.6932468989299938,2010
Agriculture 'Other',Blackburn with Darwen,1.5042891737175457,2011
Agriculture 'Other',Blackburn with Darwen,1.6943302341546889,2012
Agriculture 'Other',Blackburn with Darwen,1.7473427480732888,2013
Agriculture 'Other',Blackburn with Darwen,1.4891863470574054,2014
Agriculture 'Other',Blackburn with Darwen,1.824275148961192,2015
Agriculture 'Other',Blackburn with Darwen,1.714311835119428,2016
Agriculture 'Other',Blackburn with Darwen,1.5787554268279924,2017
Agriculture 'Other',Blackburn with Darwen,1.3332808503064555,2018
Agriculture 'Other',Blackburn with Darwen,1.43736332578547,2019
Agriculture 'Other',Blackburn with Darwen,1.4826325290858815,2020
Agriculture 'Other',Blackburn with Darwen,1.450239500969601,2021
Agriculture 'Other',Blackburn with Darwen,1.38748147357855,2022
Agriculture 'Other',Blackburn with Darwen,1.5286827536297989,2023
Agriculture 'Other',Blackpool,0.3177123043024721,2005
Agriculture 'Other',Blackpool,0.3076778135208176,2006
Agriculture 'Other',Blackpool,0.23532432674830508,2007
Agriculture 'Other',Blackpool,0.27644133054559217,2008
Agriculture 'Other',Blackpool,0.2614693565793157,2009
Agriculture 'Other',Blackpool,0.27525560452161346,2010
Agriculture 'Other',Blackpool,0.24379954130415268,2011
Agriculture 'Other',Blackpool,0.2765916730481541,2012
Agriculture 'Other',Blackpool,0.2928211633738017,2013
Agriculture 'Other',Blackpool,0.25917068892042483,2014
Agriculture 'Other',Blackpool,0.31339237480367865,2015
Agriculture 'Other',Blackpool,0.3356770025395804,2016
Agriculture 'Other',Blackpool,0.3482489801957033,2017
Agriculture 'Other',Blackpool,0.28678402978820355,2018
Agriculture 'Other',Blackpool,0.3267163706545579,2019
Agriculture 'Other',Blackpool,0.41441583272074395,2020
Agriculture 'Other',Blackpool,0.38295461450012663,2021
Agriculture 'Other',Blackpool,0.26868058285781377,2022
Agriculture 'Other',Blackpool,0.2840899196293781,2023
Agriculture 'Other',Burnley,1.2962916488651743,2005
Agriculture 'Other',Burnley,1.2863910701579102,2006
Agriculture 'Other',Burnley,1.2388838864292724,2007
Agriculture 'Other',Burnley,1.4266551914763255,2008
Agriculture 'Other',Burnley,1.3627413204346654,2009
Agriculture 'Other',Burnley,1.3617679116099037,2010
Agriculture 'Other',Burnley,1.209364455778209,2011
Agriculture 'Other',Burnley,1.3451784744451065,2012
Agriculture 'Other',Burnley,1.3738556491887262,2013
Agriculture 'Other',Burnley,1.1641039544017757,2014
Agriculture 'Other',Burnley,1.3990245394076355,2015
Agriculture 'Other',Burnley,1.3547382537432937,2016
Agriculture 'Other',Burnley,1.2852305392920647,2017
Agriculture 'Other',Burnley,1.03332224205066,2018
Agriculture 'Other',Burnley,1.0867183534326685,2019
Agriculture 'Other',Burnley,1.154147078878413,2020
Agriculture 'Other',Burnley,1.0880121134327623,2021
Agriculture 'Other',Burnley,1.0068703069069196,2022
Agriculture 'Other',Burnley,1.2280736574926447,2023
Agriculture 'Other',Chorley,6.247504575725933,2005
Agriculture 'Other',Chorley,6.141155285529653,2006
Agriculture 'Other',Chorley,5.519869915227757,2007
Agriculture 'Other',Chorley,6.2963701655295505,2008
Agriculture 'Other',Chorley,5.893346983715159,2009
Agriculture 'Other',Chorley,5.770737534260993,2010
Agriculture 'Other',Chorley,5.118765991509106,2011
Agriculture 'Other',Chorley,5.6191020351641505,2012
Agriculture 'Other',Chorley,5.700865413063794,2013
Agriculture 'Other',Chorley,4.829075102666653,2014
Agriculture 'Other',Chorley,5.664616879452568,2015
Agriculture 'Other',Chorley,5.694428346751069,2016
Agriculture 'Other',Chorley,5.58998637656176,2017
Agriculture 'Other',Chorley,4.6940958550344805,2018
Agriculture 'Other',Chorley,4.837820016795004,2019
Agriculture 'Other',Chorley,5.414080554758014,2020
Agriculture 'Other',Chorley,5.427324532529065,2021
Agriculture 'Other',Chorley,4.31167805774273,2022
Agriculture 'Other',Chorley,4.7452295702118725,2023
Agriculture 'Other',England Total,4277.614465426836,2005
Agriculture 'Other',England Total,4237.222496565818,2006
Agriculture 'Other',England Total,4313.560734119241,2007
Agriculture 'Other',England Total,5010.463189256013,2008
Agriculture 'Other',England Total,4880.828341975205,2009
Agriculture 'Other',England Total,4957.548265317159,2010
Agriculture 'Other',England Total,4405.243393364573,2011
Agriculture 'Other',England Total,4995.4141392622505,2012
Agriculture 'Other',England Total,5081.06158918616,2013
Agriculture 'Other',England Total,4251.678110148361,2014
Agriculture 'Other',England Total,5285.2608694967075,2015
Agriculture 'Other',England Total,5141.162947179527,2016
Agriculture 'Other',England Total,4894.065975927956,2017
Agriculture 'Other',England Total,3934.4706825165454,2018
Agriculture 'Other',England Total,4189.642628716115,2019
Agriculture 'Other',England Total,4327.040539415267,2020
Agriculture 'Other',England Total,4361.0876506653985,2021
Agriculture 'Other',England Total,3956.5628561071403,2022
Agriculture 'Other',England Total,4265.585038350605,2023
Agriculture 'Other',Fylde,5.256431139223139,2005
Agriculture 'Other',Fylde,5.210449294001302,2006
Agriculture 'Other',Fylde,5.231741378501086,2007
Agriculture 'Other',Fylde,6.090091303916689,2008
Agriculture 'Other',Fylde,5.838496425762855,2009
Agriculture 'Other',Fylde,5.960136828534986,2010
Agriculture 'Other',Fylde,5.282273202848801,2011
Agriculture 'Other',Fylde,5.961233217157341,2012
Agriculture 'Other',Fylde,6.13785685558481,2013
Agriculture 'Other',Fylde,5.215316060427672,2014
Agriculture 'Other',Fylde,6.407793148416187,2015
Agriculture 'Other',Fylde,6.386492900522964,2016
Agriculture 'Other',Fylde,6.2410175984268506,2017
Agriculture 'Other',Fylde,5.107185896756927,2018
Agriculture 'Other',Fylde,6.011050008625118,2019
Agriculture 'Other',Fylde,6.015392932076501,2020
Agriculture 'Other',Fylde,6.730844698835551,2021
Agriculture 'Other',Fylde,4.751513903135259,2022
Agriculture 'Other',Fylde,5.069913199983468,2023
Agriculture 'Other',Hyndburn,1.332004458788315,2005
Agriculture 'Other',Hyndburn,1.327883949207673,2006
Agriculture 'Other',Hyndburn,1.2980216226813486,2007
Agriculture 'Other',Hyndburn,1.502896056585963,2008
Agriculture 'Other',Hyndburn,1.425910769306811,2009
Agriculture 'Other',Hyndburn,1.4474196525556682,2010
Agriculture 'Other',Hyndburn,1.28445249930448,2011
Agriculture 'Other',Hyndburn,1.4349903450673829,2012
Agriculture 'Other',Hyndburn,1.485591727337089,2013
Agriculture 'Other',Hyndburn,1.2830462703420151,2014
Agriculture 'Other',Hyndburn,1.5358694604525407,2015
Agriculture 'Other',Hyndburn,1.4167981008282309,2016
Agriculture 'Other',Hyndburn,1.2747492635235202,2017
Agriculture 'Other',Hyndburn,1.1113486192607327,2018
Agriculture 'Other',Hyndburn,1.1403495367829506,2019
Agriculture 'Other',Hyndburn,1.222631157123375,2020
Agriculture 'Other',Hyndburn,1.197245246519907,2021
Agriculture 'Other',Hyndburn,1.129765799946703,2022
Agriculture 'Other',Hyndburn,1.2304423516062606,2023
Agriculture 'Other',Lancashire Total,74.5681217255335,2005
Agriculture 'Other',Lancashire Total,74.14207359172471,2006
Agriculture 'Other',Lancashire Total,72.23981951424216,2007
Agriculture 'Other',Lancashire Total,83.43111507237553,2008
Agriculture 'Other',Lancashire Total,78.79200399552754,2009
Agriculture 'Other',Lancashire Total,79.51765252684314,2010
Agriculture 'Other',Lancashire Total,70.49040898391685,2011
Agriculture 'Other',Lancashire Total,78.58658407150868,2012
Agriculture 'Other',Lancashire Total,81.04850134539618,2013
Agriculture 'Other',Lancashire Total,69.69069038333595,2014
Agriculture 'Other',Lancashire Total,83.31880190888138,2015
Agriculture 'Other',Lancashire Total,82.25692334157948,2016
Agriculture 'Other',Lancashire Total,79.4138365617542,2017
Agriculture 'Other',Lancashire Total,65.48017314477666,2018
Agriculture 'Other',Lancashire Total,69.56413852799196,2019
Agriculture 'Other',Lancashire Total,74.22246511143452,2020
Agriculture 'Other',Lancashire Total,77.02725622412419,2021
Agriculture 'Other',Lancashire Total,61.5121472727401,2022
Agriculture 'Other',Lancashire Total,67.62988457504464,2023
Agriculture 'Other',Lancaster,11.281841031079901,2005
Agriculture 'Other',Lancaster,11.197198095968707,2006
Agriculture 'Other',Lancaster,10.742400721373714,2007
Agriculture 'Other',Lancaster,12.46966649949918,2008
Agriculture 'Other',Lancaster,11.881968632757903,2009
Agriculture 'Other',Lancaster,12.122793033954313,2010
Agriculture 'Other',Lancaster,10.750460871220238,2011
Agriculture 'Other',Lancaster,12.060351622998747,2012
Agriculture 'Other',Lancaster,12.48994472850816,2013
Agriculture 'Other',Lancaster,10.758453787696931,2014
Agriculture 'Other',Lancaster,12.991955500215655,2015
Agriculture 'Other',Lancaster,12.657194422447711,2016
Agriculture 'Other',Lancaster,12.07094412022078,2017
Agriculture 'Other',Lancaster,9.815651500982682,2018
Agriculture 'Other',Lancaster,10.399293613701797,2019
Agriculture 'Other',Lancaster,11.276422323264367,2020
Agriculture 'Other',Lancaster,11.58848566465649,2021
Agriculture 'Other',Lancaster,9.14867659813945,2022
Agriculture 'Other',Lancaster,9.933674703994278,2023
Agriculture 'Other',North West Total,323.7922438170364,2005
Agriculture 'Other',North West Total,319.5674805602659,2006
Agriculture 'Other',North West Total,301.89950483422933,2007
Agriculture 'Other',North West Total,347.47872856341536,2008
Agriculture 'Other',North West Total,330.4500759729898,2009
Agriculture 'Other',North West Total,329.8297378494827,2010
Agriculture 'Other',North West Total,292.569363644819,2011
Agriculture 'Other',North West Total,325.33895685274587,2012
Agriculture 'Other',North West Total,332.037220940314,2013
Agriculture 'Other',North West Total,281.1100232768612,2014
Agriculture 'Other',North West Total,337.75266924949915,2015
Agriculture 'Other',North West Total,331.47760207557025,2016
Agriculture 'Other',North West Total,318.678661074573,2017
Agriculture 'Other',North West Total,260.9790111966261,2018
Agriculture 'Other',North West Total,273.73360215030397,2019
Agriculture 'Other',North West Total,288.50288978024463,2020
Agriculture 'Other',North West Total,277.8366652497884,2021
Agriculture 'Other',North West Total,249.90617709506975,2022
Agriculture 'Other',North West Total,273.49672851420934,2023
Agriculture 'Other',Pendle,3.214307488066568,2005
Agriculture 'Other',Pendle,3.2015457248063974,2006
Agriculture 'Other',Pendle,3.1553408829227116,2007
Agriculture 'Other',Pendle,3.6386329897485465,2008
Agriculture 'Other',Pendle,3.4527588082370437,2009
Agriculture 'Other',Pendle,3.458546567239959,2010
Agriculture 'Other',Pendle,3.066894229103797,2011
Agriculture 'Other',Pendle,3.418472779654988,2012
Agriculture 'Other',Pendle,3.496692329803877,2013
Agriculture 'Other',Pendle,2.9667992466301403,2014
Agriculture 'Other',Pendle,3.572735731018455,2015
Agriculture 'Other',Pendle,3.47289928992221,2016
Agriculture 'Other',Pendle,3.3075548746018377,2017
Agriculture 'Other',Pendle,2.626129930017693,2018
Agriculture 'Other',Pendle,2.8004188657141222,2019
Agriculture 'Other',Pendle,2.9357475667526454,2020
Agriculture 'Other',Pendle,2.780356742443865,2021
Agriculture 'Other',Pendle,2.4194622026044588,2022
Agriculture 'Other',Pendle,2.8334997223154477,2023
Agriculture 'Other',Preston,4.110340456296453,2005
Agriculture 'Other',Preston,4.061010971832148,2006
Agriculture 'Other',Preston,3.688340057716337,2007
Agriculture 'Other',Preston,4.222226189647894,2008
Agriculture 'Other',Preston,3.918627142970114,2009
Agriculture 'Other',Preston,3.8848714714509356,2010
Agriculture 'Other',Preston,3.442952969824611,2011
Agriculture 'Other',Preston,3.7893641834911427,2012
Agriculture 'Other',Preston,3.8935291291597878,2013
Agriculture 'Other',Preston,3.3612039687171564,2014
Agriculture 'Other',Preston,3.918793371564301,2015
Agriculture 'Other',Preston,3.898084835050326,2016
Agriculture 'Other',Preston,3.781363436630344,2017
Agriculture 'Other',Preston,3.1615976500649796,2018
Agriculture 'Other',Preston,3.18775711173253,2019
Agriculture 'Other',Preston,3.488667179129204,2020
Agriculture 'Other',Preston,3.605063851771756,2021
Agriculture 'Other',Preston,2.839134744949877,2022
Agriculture 'Other',Preston,2.9661091095383485,2023
Agriculture 'Other',Ribble Valley,12.100845348014948,2005
Agriculture 'Other',Ribble Valley,12.024547481779257,2006
Agriculture 'Other',Ribble Valley,11.645564021864867,2007
Agriculture 'Other',Ribble Valley,13.416746839785795,2008
Agriculture 'Other',Ribble Valley,12.76994531642078,2009
Agriculture 'Other',Ribble Valley,12.792874150414804,2010
Agriculture 'Other',Ribble Valley,11.347603656367673,2011
Agriculture 'Other',Ribble Valley,12.623631765417025,2012
Agriculture 'Other',Ribble Valley,12.926151160350582,2013
Agriculture 'Other',Ribble Valley,10.99779659332234,2014
Agriculture 'Other',Ribble Valley,13.19038295809676,2015
Agriculture 'Other',Ribble Valley,12.856712540859995,2016
Agriculture 'Other',Ribble Valley,12.271124915862966,2017
Agriculture 'Other',Ribble Valley,10.02654078934518,2018
Agriculture 'Other',Ribble Valley,10.510957774934912,2019
Agriculture 'Other',Ribble Valley,10.762622163687107,2020
Agriculture 'Other',Ribble Valley,10.830904529664558,2021
Agriculture 'Other',Ribble Valley,9.243751196280657,2022
Agriculture 'Other',Ribble Valley,10.096577444059797,2023
Agriculture 'Other',Rossendale,1.794753621624501,2005
Agriculture 'Other',Rossendale,1.7679253792452496,2006
Agriculture 'Other',Rossendale,1.5762923280682068,2007
Agriculture 'Other',Rossendale,1.7866857240122391,2008
Agriculture 'Other',Rossendale,1.649729310146259,2009
Agriculture 'Other',Rossendale,1.5984827024111559,2010
Agriculture 'Other',Rossendale,1.418477335006472,2011
Agriculture 'Other',Rossendale,1.538355272268279,2012
Agriculture 'Other',Rossendale,1.563760274396082,2013
Agriculture 'Other',Rossendale,1.3416001475841208,2014
Agriculture 'Other',Rossendale,1.528157599728196,2015
Agriculture 'Other',Rossendale,1.3947172769796654,2016
Agriculture 'Other',Rossendale,1.2343892513332568,2017
Agriculture 'Other',Rossendale,1.2225367206803306,2018
Agriculture 'Other',Rossendale,1.3256233391581473,2019
Agriculture 'Other',Rossendale,1.33272999554672,2020
Agriculture 'Other',Rossendale,1.2287386103255762,2021
Agriculture 'Other',Rossendale,1.1667920147438726,2022
Agriculture 'Other',Rossendale,1.4946710273324184,2023
Agriculture 'Other',South Ribble,3.220482534492882,2005
Agriculture 'Other',South Ribble,3.2022229338942623,2006
Agriculture 'Other',South Ribble,3.0267663804317366,2007
Agriculture 'Other',South Ribble,3.477205062961487,2008
Agriculture 'Other',South Ribble,3.1880653490261035,2009
Agriculture 'Other',South Ribble,3.2069864944226825,2010
Agriculture 'Other',South Ribble,2.842679752371728,2011
Agriculture 'Other',South Ribble,3.1293608406230975,2012
Agriculture 'Other',South Ribble,3.2730387215592036,2013
Agriculture 'Other',South Ribble,2.90914808361121,2014
Agriculture 'Other',South Ribble,3.334115414595045,2015
Agriculture 'Other',South Ribble,3.3012904863828294,2016
Agriculture 'Other',South Ribble,3.1773256311971765,2017
Agriculture 'Other',South Ribble,2.571225506660172,2018
Agriculture 'Other',South Ribble,2.7294773665356615,2019
Agriculture 'Other',South Ribble,3.154572466810471,2020
Agriculture 'Other',South Ribble,3.371746808934339,2021
Agriculture 'Other',South Ribble,2.5132058678058526,2022
Agriculture 'Other',South Ribble,2.6734896766130722,2023
Agriculture 'Other',West Lancashire,16.47975396007108,2005
Agriculture 'Other',West Lancashire,16.533298245663392,2006
Agriculture 'Other',West Lancashire,17.0363267234701,2007
Agriculture 'Other',West Lancashire,19.735396742371627,2008
Agriculture 'Other',West Lancashire,18.562653216537868,2009
Agriculture 'Other',West Lancashire,18.901565722218283,2010
Agriculture 'Other',West Lancashire,16.74083015314064,2011
Agriculture 'Other',West Lancashire,18.722227961221027,2012
Agriculture 'Other',West Lancashire,19.43278861161608,2013
Agriculture 'Other',West Lancashire,16.84694175086124,2014
Agriculture 'Other',West Lancashire,20.1458952757263,2015
Agriculture 'Other',West Lancashire,20.116974234862568,2016
Agriculture 'Other',West Lancashire,19.62251714717282,2017
Agriculture 'Other',West Lancashire,16.360234345367665,2018
Agriculture 'Other',West Lancashire,17.34765173711383,2019
Agriculture 'Other',West Lancashire,17.924771216315282,2020
Agriculture 'Other',West Lancashire,18.6137557897369,2021
Agriculture 'Other',West Lancashire,16.054424754363648,2022
Agriculture 'Other',West Lancashire,17.875169457083494,2023
Agriculture 'Other',Wyre,8.233565463284606,2005
Agriculture 'Other',Wyre,8.18844515963876,2006
Agriculture 'Other',Wyre,8.080271595555018,2007
Agriculture 'Other',Wyre,9.368542306840238,2008
Agriculture 'Other',Wyre,8.84776072021198,2009
Agriculture 'Other',Wyre,9.011470457769441,2010
Agriculture 'Other',Wyre,7.985653867441101,2011
Agriculture 'Other',Wyre,8.944315574000404,2012
Agriculture 'Other',Wyre,9.274426744827974,2013
Agriculture 'Other',Wyre,8.017205417074688,2014
Agriculture 'Other',Wyre,9.629462030207732,2015
Agriculture 'Other',Wyre,9.706592653228617,2016
Agriculture 'Other',Wyre,9.557633406930803,2017
Agriculture 'Other',Wyre,7.750304088555155,2018
Agriculture 'Other',Wyre,8.187020803465218,2019
Agriculture 'Other',Wyre,9.540680477092412,2020
Agriculture 'Other',Wyre,10.56477763527341,2021
Agriculture 'Other',Wyre,6.926871826120679,2022
Agriculture 'Other',Wyre,7.483034654813538,2023
Agriculture Soils,Blackburn with Darwen,5.015720382937524,2005
Agriculture Soils,Blackburn with Darwen,5.140540236342745,2006
Agriculture Soils,Blackburn with Darwen,4.813912643469028,2007
Agriculture Soils,Blackburn with Darwen,4.053737201831384,2008
Agriculture Soils,Blackburn with Darwen,4.1336279823723086,2009
Agriculture Soils,Blackburn with Darwen,3.8557654503983985,2010
Agriculture Soils,Blackburn with Darwen,3.8167866980681247,2011
Agriculture Soils,Blackburn with Darwen,3.699746818771254,2012
Agriculture Soils,Blackburn with Darwen,4.011175650221757,2013
Agriculture Soils,Blackburn with Darwen,3.8695656665651237,2014
Agriculture Soils,Blackburn with Darwen,3.9535613906413243,2015
Agriculture Soils,Blackburn with Darwen,3.7325123791034653,2016
Agriculture Soils,Blackburn with Darwen,3.7542941553785565,2017
Agriculture Soils,Blackburn with Darwen,3.8195746485971918,2018
Agriculture Soils,Blackburn with Darwen,3.691999332336539,2019
Agriculture Soils,Blackburn with Darwen,3.8733131291248366,2020
Agriculture Soils,Blackburn with Darwen,3.803571016589509,2021
Agriculture Soils,Blackburn with Darwen,3.413232348221162,2022
Agriculture Soils,Blackburn with Darwen,3.335523783898218,2023
Agriculture Soils,Blackpool,1.0348151387135864,2005
Agriculture Soils,Blackpool,1.2100862205007032,2006
Agriculture Soils,Blackpool,0.9119850762561681,2007
Agriculture Soils,Blackpool,1.0215283457143591,2008
Agriculture Soils,Blackpool,1.0216000546461756,2009
Agriculture Soils,Blackpool,0.9776807827760057,2010
Agriculture Soils,Blackpool,0.923755871353557,2011
Agriculture Soils,Blackpool,0.9298956090489673,2012
Agriculture Soils,Blackpool,0.9226547667198358,2013
Agriculture Soils,Blackpool,0.959793351656434,2014
Agriculture Soils,Blackpool,0.9773705737666798,2015
Agriculture Soils,Blackpool,1.241635458456062,2016
Agriculture Soils,Blackpool,1.2087148948119077,2017
Agriculture Soils,Blackpool,1.1697065728074492,2018
Agriculture Soils,Blackpool,1.2521631615009834,2019
Agriculture Soils,Blackpool,1.2073357599328647,2020
Agriculture Soils,Blackpool,1.2976575112826334,2021
Agriculture Soils,Blackpool,1.0743906821791425,2022
Agriculture Soils,Blackpool,0.8134952559016806,2023
Agriculture Soils,Burnley,3.2667961894067363,2005
Agriculture Soils,Burnley,3.3431190542632727,2006
Agriculture Soils,Burnley,2.9449341412594885,2007
Agriculture Soils,Burnley,2.6905850959384945,2008
Agriculture Soils,Burnley,2.6874602040270013,2009
Agriculture Soils,Burnley,2.67480814042268,2010
Agriculture Soils,Burnley,2.6742656553114674,2011
Agriculture Soils,Burnley,2.5413780671436434,2012
Agriculture Soils,Burnley,2.7486686255496346,2013
Agriculture Soils,Burnley,2.553081056971134,2014
Agriculture Soils,Burnley,2.5429596426932113,2015
Agriculture Soils,Burnley,2.905952668726708,2016
Agriculture Soils,Burnley,2.8633821401671997,2017
Agriculture Soils,Burnley,3.031418681833936,2018
Agriculture Soils,Burnley,2.731992512057205,2019
Agriculture Soils,Burnley,2.7841588346190234,2020
Agriculture Soils,Burnley,2.867508628793413,2021
Agriculture Soils,Burnley,2.3133170004523245,2022
Agriculture Soils,Burnley,2.1220831477082016,2023
Agriculture Soils,Chorley,14.335297566551846,2005
Agriculture Soils,Chorley,12.902072464095207,2006
Agriculture Soils,Chorley,13.087370016385822,2007
Agriculture Soils,Chorley,12.973335200276608,2008
Agriculture Soils,Chorley,13.304132923085497,2009
Agriculture Soils,Chorley,13.484387166765577,2010
Agriculture Soils,Chorley,13.63377696932825,2011
Agriculture Soils,Chorley,13.391220086022933,2012
Agriculture Soils,Chorley,13.824304250782014,2013
Agriculture Soils,Chorley,13.317585919108385,2014
Agriculture Soils,Chorley,13.472790171857525,2015
Agriculture Soils,Chorley,13.244178276285343,2016
Agriculture Soils,Chorley,12.97701902178654,2017
Agriculture Soils,Chorley,13.32811058543937,2018
Agriculture Soils,Chorley,12.780725211280012,2019
Agriculture Soils,Chorley,12.401348402235694,2020
Agriculture Soils,Chorley,13.274749711625132,2021
Agriculture Soils,Chorley,12.203421422355735,2022
Agriculture Soils,Chorley,11.545229618760656,2023
Agriculture Soils,England Total,8892.025765100354,2005
Agriculture Soils,England Total,8672.394734602976,2006
Agriculture Soils,England Total,8527.914953513782,2007
Agriculture Soils,England Total,8716.341764039373,2008
Agriculture Soils,England Total,8512.917587542592,2009
Agriculture Soils,England Total,8592.115100355157,2010
Agriculture Soils,England Total,8717.5215067316,2011
Agriculture Soils,England Total,8602.541095567618,2012
Agriculture Soils,England Total,8427.60383147077,2013
Agriculture Soils,England Total,8843.94906578612,2014
Agriculture Soils,England Total,8823.976148319722,2015
Agriculture Soils,England Total,8499.89853363698,2016
Agriculture Soils,England Total,8606.946487212932,2017
Agriculture Soils,England Total,8506.840545385061,2018
Agriculture Soils,England Total,8714.666503692353,2019
Agriculture Soils,England Total,7983.184977459333,2020
Agriculture Soils,England Total,8304.5898119337,2021
Agriculture Soils,England Total,7931.715787362299,2022
Agriculture Soils,England Total,7843.7196417840905,2023
Agriculture Soils,Fylde,19.761899369346942,2005
Agriculture Soils,Fylde,22.47156907001198,2006
Agriculture Soils,Fylde,19.327147836237256,2007
Agriculture Soils,Fylde,20.047688682927216,2008
Agriculture Soils,Fylde,19.833441400598556,2009
Agriculture Soils,Fylde,18.479725837211706,2010
Agriculture Soils,Fylde,17.96716975778867,2011
Agriculture Soils,Fylde,17.784258489172,2012
Agriculture Soils,Fylde,17.73641139076228,2013
Agriculture Soils,Fylde,18.562189863432764,2014
Agriculture Soils,Fylde,18.450930844704434,2015
Agriculture Soils,Fylde,18.65999039904138,2016
Agriculture Soils,Fylde,19.26658401928167,2017
Agriculture Soils,Fylde,19.124073091760437,2018
Agriculture Soils,Fylde,18.98200784443017,2019
Agriculture Soils,Fylde,18.61502487756468,2020
Agriculture Soils,Fylde,19.477714111741065,2021
Agriculture Soils,Fylde,17.411322266988513,2022
Agriculture Soils,Fylde,16.589219437580766,2023
Agriculture Soils,Hyndburn,3.146424046537077,2005
Agriculture Soils,Hyndburn,3.0612144880494725,2006
Agriculture Soils,Hyndburn,3.091903849697243,2007
Agriculture Soils,Hyndburn,3.456522487421904,2008
Agriculture Soils,Hyndburn,3.3063034702029817,2009
Agriculture Soils,Hyndburn,3.2578377173504465,2010
Agriculture Soils,Hyndburn,3.286890805640335,2011
Agriculture Soils,Hyndburn,3.1939639889079765,2012
Agriculture Soils,Hyndburn,3.3312949950125543,2013
Agriculture Soils,Hyndburn,2.5173008286523215,2014
Agriculture Soils,Hyndburn,2.5573888979866948,2015
Agriculture Soils,Hyndburn,2.667117317035676,2016
Agriculture Soils,Hyndburn,2.555927256474645,2017
Agriculture Soils,Hyndburn,2.86185659326269,2018
Agriculture Soils,Hyndburn,2.665088624645632,2019
Agriculture Soils,Hyndburn,2.7136497249748475,2020
Agriculture Soils,Hyndburn,2.529167363770124,2021
Agriculture Soils,Hyndburn,2.120467460312663,2022
Agriculture Soils,Hyndburn,2.483489401483143,2023
Agriculture Soils,Lancashire Total,248.26571775941227,2005
Agriculture Soils,Lancashire Total,243.28885250467562,2006
Agriculture Soils,Lancashire Total,240.9543781935099,2007
Agriculture Soils,Lancashire Total,239.70685360049453,2008
Agriculture Soils,Lancashire Total,244.1281697730426,2009
Agriculture Soils,Lancashire Total,238.23551583698054,2010
Agriculture Soils,Lancashire Total,238.7153553856051,2011
Agriculture Soils,Lancashire Total,231.41413090601043,2012
Agriculture Soils,Lancashire Total,242.6312767017649,2013
Agriculture Soils,Lancashire Total,238.38343266277792,2014
Agriculture Soils,Lancashire Total,239.12979216848413,2015
Agriculture Soils,Lancashire Total,236.41466125409522,2016
Agriculture Soils,Lancashire Total,239.696898427772,2017
Agriculture Soils,Lancashire Total,239.96234062035444,2018
Agriculture Soils,Lancashire Total,242.4578044860445,2019
Agriculture Soils,Lancashire Total,248.15393906533666,2020
Agriculture Soils,Lancashire Total,242.63471866756078,2021
Agriculture Soils,Lancashire Total,228.88068359739603,2022
Agriculture Soils,Lancashire Total,212.35340331267565,2023
Agriculture Soils,Lancaster,37.223545608519,2005
Agriculture Soils,Lancaster,36.221862598392654,2006
Agriculture Soils,Lancaster,36.714480338612844,2007
Agriculture Soils,Lancaster,35.1750317260967,2008
Agriculture Soils,Lancaster,36.12642262900771,2009
Agriculture Soils,Lancaster,36.678029776332714,2010
Agriculture Soils,Lancaster,37.09454970904108,2011
Agriculture Soils,Lancaster,35.67341390572617,2012
Agriculture Soils,Lancaster,36.83105235838619,2013
Agriculture Soils,Lancaster,37.49117400027959,2014
Agriculture Soils,Lancaster,38.3251662697619,2015
Agriculture Soils,Lancaster,37.243797204671054,2016
Agriculture Soils,Lancaster,37.962782656962766,2017
Agriculture Soils,Lancaster,37.80979295093202,2018
Agriculture Soils,Lancaster,37.07602070717074,2019
Agriculture Soils,Lancaster,38.865154318305684,2020
Agriculture Soils,Lancaster,37.07992366498632,2021
Agriculture Soils,Lancaster,33.559545842119775,2022
Agriculture Soils,Lancaster,33.79573486485665,2023
Agriculture Soils,North West Total,777.2459679154812,2005
Agriculture Soils,North West Total,766.3823088627853,2006
Agriculture Soils,North West Total,748.896191727669,2007
Agriculture Soils,North West Total,739.520465428848,2008
Agriculture Soils,North West Total,741.0744359712982,2009
Agriculture Soils,North West Total,739.4584034707364,2010
Agriculture Soils,North West Total,748.1094110992204,2011
Agriculture Soils,North West Total,729.4878453302978,2012
Agriculture Soils,North West Total,759.3949036357529,2013
Agriculture Soils,North West Total,752.5062188459382,2014
Agriculture Soils,North West Total,760.4566371798903,2015
Agriculture Soils,North West Total,745.5993353887039,2016
Agriculture Soils,North West Total,747.7512436362701,2017
Agriculture Soils,North West Total,750.9895890730966,2018
Agriculture Soils,North West Total,755.1207554499528,2019
Agriculture Soils,North West Total,755.948592885356,2020
Agriculture Soils,North West Total,736.4042524221273,2021
Agriculture Soils,North West Total,683.4817442536761,2022
Agriculture Soils,North West Total,662.1530897313118,2023
Agriculture Soils,Pendle,8.695154258948467,2005
Agriculture Soils,Pendle,8.368995462214144,2006
Agriculture Soils,Pendle,7.841502187910635,2007
Agriculture Soils,Pendle,7.319678282670961,2008
Agriculture Soils,Pendle,7.008883874441982,2009
Agriculture Soils,Pendle,7.245629521728863,2010
Agriculture Soils,Pendle,7.2425883784749665,2011
Agriculture Soils,Pendle,6.878648968969749,2012
Agriculture Soils,Pendle,7.117787070310836,2013
Agriculture Soils,Pendle,7.135442094661855,2014
Agriculture Soils,Pendle,7.169485963537098,2015
Agriculture Soils,Pendle,7.006767988980084,2016
Agriculture Soils,Pendle,6.914839890144749,2017
Agriculture Soils,Pendle,7.282983737387585,2018
Agriculture Soils,Pendle,6.966566502940025,2019
Agriculture Soils,Pendle,7.246913415861235,2020
Agriculture Soils,Pendle,6.971167871883054,2021
Agriculture Soils,Pendle,5.80809004397482,2022
Agriculture Soils,Pendle,5.636026735815024,2023
Agriculture Soils,Preston,12.357285594448365,2005
Agriculture Soils,Preston,12.340010719828712,2006
Agriculture Soils,Preston,12.2707470005294,2007
Agriculture Soils,Preston,11.98332012921962,2008
Agriculture Soils,Preston,11.90595750201289,2009
Agriculture Soils,Preston,12.44610652921167,2010
Agriculture Soils,Preston,12.381442310434453,2011
Agriculture Soils,Preston,12.107859972118526,2012
Agriculture Soils,Preston,11.531759387710416,2013
Agriculture Soils,Preston,11.793080199418647,2014
Agriculture Soils,Preston,12.192449856622975,2015
Agriculture Soils,Preston,11.227591376677395,2016
Agriculture Soils,Preston,11.015809564992333,2017
Agriculture Soils,Preston,10.767269282081417,2018
Agriculture Soils,Preston,10.906278404376089,2019
Agriculture Soils,Preston,11.466702027273096,2020
Agriculture Soils,Preston,12.678400940108553,2021
Agriculture Soils,Preston,11.73240814978641,2022
Agriculture Soils,Preston,11.543953581795494,2023
Agriculture Soils,Ribble Valley,29.56567041972513,2005
Agriculture Soils,Ribble Valley,27.831067524373086,2006
Agriculture Soils,Ribble Valley,28.036136688905398,2007
Agriculture Soils,Ribble Valley,26.40483163154467,2008
Agriculture Soils,Ribble Valley,26.415769644735974,2009
Agriculture Soils,Ribble Valley,27.13808917137777,2010
Agriculture Soils,Ribble Valley,27.04795208630203,2011
Agriculture Soils,Ribble Valley,25.945769735945923,2012
Agriculture Soils,Ribble Valley,28.205992737562717,2013
Agriculture Soils,Ribble Valley,28.199088962832747,2014
Agriculture Soils,Ribble Valley,28.592846909852355,2015
Agriculture Soils,Ribble Valley,27.47544833999625,2016
Agriculture Soils,Ribble Valley,27.460287755967354,2017
Agriculture Soils,Ribble Valley,28.503674607738148,2018
Agriculture Soils,Ribble Valley,27.41513951602711,2019
Agriculture Soils,Ribble Valley,28.69025685840533,2020
Agriculture Soils,Ribble Valley,26.977497812036948,2021
Agriculture Soils,Ribble Valley,24.02708917904857,2022
Agriculture Soils,Ribble Valley,22.520402539818164,2023
Agriculture Soils,Rossendale,5.347791571061921,2005
Agriculture Soils,Rossendale,4.799499148883494,2006
Agriculture Soils,Rossendale,4.856202543928333,2007
Agriculture Soils,Rossendale,4.335892167558096,2008
Agriculture Soils,Rossendale,4.384759222006284,2009
Agriculture Soils,Rossendale,4.5291630454418375,2010
Agriculture Soils,Rossendale,4.5919619796843145,2011
Agriculture Soils,Rossendale,4.410748987779995,2012
Agriculture Soils,Rossendale,4.80447167686593,2013
Agriculture Soils,Rossendale,4.486893636865737,2014
Agriculture Soils,Rossendale,4.557022217640204,2015
Agriculture Soils,Rossendale,4.641429282380293,2016
Agriculture Soils,Rossendale,4.400642652907751,2017
Agriculture Soils,Rossendale,4.661965929856843,2018
Agriculture Soils,Rossendale,4.4413003201196695,2019
Agriculture Soils,Rossendale,4.498856050305947,2020
Agriculture Soils,Rossendale,4.064535634711887,2021
Agriculture Soils,Rossendale,3.437424639650203,2022
Agriculture Soils,Rossendale,3.88290904920227,2023
Agriculture Soils,South Ribble,10.088987637797622,2005
Agriculture Soils,South Ribble,8.990883611833254,2006
Agriculture Soils,South Ribble,8.694374839183133,2007
Agriculture Soils,South Ribble,8.590331087909506,2008
Agriculture Soils,South Ribble,8.580639190904167,2009
Agriculture Soils,South Ribble,8.583989594037014,2010
Agriculture Soils,South Ribble,8.660563090847171,2011
Agriculture Soils,South Ribble,8.336898030137581,2012
Agriculture Soils,South Ribble,9.095457203494842,2013
Agriculture Soils,South Ribble,9.364627029798202,2014
Agriculture Soils,South Ribble,9.155556955656866,2015
Agriculture Soils,South Ribble,9.0332005364377,2016
Agriculture Soils,South Ribble,9.172797331374188,2017
Agriculture Soils,South Ribble,9.1392162574561,2018
Agriculture Soils,South Ribble,9.018069504179312,2019
Agriculture Soils,South Ribble,9.188271240360123,2020
Agriculture Soils,South Ribble,8.090539808366165,2021
Agriculture Soils,South Ribble,6.9599829050323825,2022
Agriculture Soils,South Ribble,7.326684265364475,2023
Agriculture Soils,West Lancashire,69.80194959775379,2005
Agriculture Soils,West Lancashire,68.35757177660308,2006
Agriculture Soils,West Lancashire,69.85494885717631,2007
Agriculture Soils,West Lancashire,72.60454289410025,2008
Agriculture Soils,West Lancashire,73.3123882046835,2009
Agriculture Soils,West Lancashire,68.03443411591975,2010
Agriculture Soils,West Lancashire,67.99788975673661,2011
Agriculture Soils,West Lancashire,66.07203826413856,2012
Agriculture Soils,West Lancashire,70.64636751470198,2013
Agriculture Soils,West Lancashire,66.55249271715961,2014
Agriculture Soils,West Lancashire,67.07275629072173,2015
Agriculture Soils,West Lancashire,68.66031208229457,2016
Agriculture Soils,West Lancashire,70.80736133443061,2017
Agriculture Soils,West Lancashire,70.15433487036474,2018
Agriculture Soils,West Lancashire,75.89278713040572,2019
Agriculture Soils,West Lancashire,78.14610580601813,2020
Agriculture Soils,West Lancashire,75.34911880478683,2021
Agriculture Soils,West Lancashire,77.29030060071743,2022
Agriculture Soils,West Lancashire,63.832389412714306,2023
Agriculture Soils,Wyre,34.67491589931535,2005
Agriculture Soils,Wyre,34.600986586127235,2006
Agriculture Soils,Wyre,34.23462989368405,2007
Agriculture Soils,Wyre,34.12509421483048,2008
Agriculture Soils,Wyre,37.26201150733606,2009
Agriculture Soils,Wyre,35.683315221180514,2010
Agriculture Soils,Wyre,36.136304886015765,2011
Agriculture Soils,Wyre,35.07793240994738,2012
Agriculture Soils,Wyre,36.75770949062551,2013
Agriculture Soils,Wyre,36.4104763535969,2014
Agriculture Soils,Wyre,35.04043814744911,2015
Agriculture Soils,Wyre,33.6488757815688,2016
Agriculture Soils,Wyre,34.299464803282206,2017
Agriculture Soils,Wyre,33.297644032241195,2018
Agriculture Soils,Wyre,33.581828208412794,2019
Agriculture Soils,Wyre,33.53749750941291,2020
Agriculture Soils,Wyre,33.2743943147513,2021
Agriculture Soils,Wyre,32.017314086957214,2022
Agriculture Soils,Wyre,31.075281257576506,2023
Agriculture Total,Blackburn with Darwen,29.504102348945462,2005
Agriculture Total,Blackburn with Darwen,28.732674423299276,2006
Agriculture Total,Blackburn with Darwen,27.31743991594053,2007
Agriculture Total,Blackburn with Darwen,24.466879889032832,2008
Agriculture Total,Blackburn with Darwen,25.03182228766986,2009
Agriculture Total,Blackburn with Darwen,23.83780027797687,2010
Agriculture Total,Blackburn with Darwen,22.809473579755863,2011
Agriculture Total,Blackburn with Darwen,22.575503871884273,2012
Agriculture Total,Blackburn with Darwen,23.469021031161112,2013
Agriculture Total,Blackburn with Darwen,23.426961593368752,2014
Agriculture Total,Blackburn with Darwen,24.050655124407143,2015
Agriculture Total,Blackburn with Darwen,23.38906080795969,2016
Agriculture Total,Blackburn with Darwen,23.170489411112925,2017
Agriculture Total,Blackburn with Darwen,22.1997412797324,2018
Agriculture Total,Blackburn with Darwen,22.206507017895678,2019
Agriculture Total,Blackburn with Darwen,22.198424634876446,2020
Agriculture Total,Blackburn with Darwen,22.843133439850384,2021
Agriculture Total,Blackburn with Darwen,24.147585154714683,2022
Agriculture Total,Blackburn with Darwen,21.721081818447644,2023
Agriculture Total,Blackpool,4.225878246061248,2005
Agriculture Total,Blackpool,5.327648294867886,2006
Agriculture Total,Blackpool,3.9118868641558877,2007
Agriculture Total,Blackpool,3.874504640347787,2008
Agriculture Total,Blackpool,3.8785138826996794,2009
Agriculture Total,Blackpool,3.9324657274023145,2010
Agriculture Total,Blackpool,3.258848966652586,2011
Agriculture Total,Blackpool,3.3193413010593282,2012
Agriculture Total,Blackpool,3.5454105886396947,2013
Agriculture Total,Blackpool,3.6411488558443743,2014
Agriculture Total,Blackpool,3.883625405430241,2015
Agriculture Total,Blackpool,4.7825001580449555,2016
Agriculture Total,Blackpool,4.757804155378798,2017
Agriculture Total,Blackpool,4.670941971391294,2018
Agriculture Total,Blackpool,4.134281818767067,2019
Agriculture Total,Blackpool,3.9111775447833286,2020
Agriculture Total,Blackpool,4.222319104800466,2021
Agriculture Total,Blackpool,4.194083995919187,2022
Agriculture Total,Blackpool,2.988323540047504,2023
Agriculture Total,Burnley,23.20614253202875,2005
Agriculture Total,Burnley,22.988558187676336,2006
Agriculture Total,Burnley,20.833636848007604,2007
Agriculture Total,Burnley,20.2883026682389,2008
Agriculture Total,Burnley,19.24672419523654,2009
Agriculture Total,Burnley,19.410143372274153,2010
Agriculture Total,Burnley,18.965241385326266,2011
Agriculture Total,Burnley,18.50918166740464,2012
Agriculture Total,Burnley,18.745323531495373,2013
Agriculture Total,Burnley,18.422293501590275,2014
Agriculture Total,Burnley,18.156631281803346,2015
Agriculture Total,Burnley,18.48967371314742,2016
Agriculture Total,Burnley,18.64350791226755,2017
Agriculture Total,Burnley,18.404602603603305,2018
Agriculture Total,Burnley,17.83232111106293,2019
Agriculture Total,Burnley,17.892161435973726,2020
Agriculture Total,Burnley,19.445482298638776,2021
Agriculture Total,Burnley,19.37465595557257,2022
Agriculture Total,Burnley,17.955310048089807,2023
Agriculture Total,Chorley,75.135633109742,2005
Agriculture Total,Chorley,70.42849860015524,2006
Agriculture Total,Chorley,68.92812639062056,2007
Agriculture Total,Chorley,68.50123293178287,2008
Agriculture Total,Chorley,68.72564090837571,2009
Agriculture Total,Chorley,69.02586971937086,2010
Agriculture Total,Chorley,67.66928723094034,2011
Agriculture Total,Chorley,68.23018774553002,2012
Agriculture Total,Chorley,67.25137127310975,2013
Agriculture Total,Chorley,67.60396711479247,2014
Agriculture Total,Chorley,69.53422907160908,2015
Agriculture Total,Chorley,68.96644502646406,2016
Agriculture Total,Chorley,70.39106282676731,2017
Agriculture Total,Chorley,66.87680089483814,2018
Agriculture Total,Chorley,67.14386581549086,2019
Agriculture Total,Chorley,66.76069535538713,2020
Agriculture Total,Chorley,70.22594179974878,2021
Agriculture Total,Chorley,67.19744577241896,2022
Agriculture Total,Chorley,63.382211205574826,2023
Agriculture Total,England Total,34899.17180404963,2005
Agriculture Total,England Total,34387.34903348157,2006
Agriculture Total,England Total,34026.10575908608,2007
Agriculture Total,England Total,34426.71088767817,2008
Agriculture Total,England Total,33565.93042798408,2009
Agriculture Total,England Total,34043.80446756147,2010
Agriculture Total,England Total,33108.476811613036,2011
Agriculture Total,England Total,33615.10407381648,2012
Agriculture Total,England Total,33494.395019751864,2013
Agriculture Total,England Total,33158.849188657725,2014
Agriculture Total,England Total,33876.2351442988,2015
Agriculture Total,England Total,32972.55973294582,2016
Agriculture Total,England Total,33154.73530344076,2017
Agriculture Total,England Total,31530.537516918586,2018
Agriculture Total,England Total,31772.927318509253,2019
Agriculture Total,England Total,30813.700618646155,2020
Agriculture Total,England Total,31016.05082639018,2021
Agriculture Total,England Total,30122.782543432088,2022
Agriculture Total,England Total,29819.636939829492,2023
Agriculture Total,Fylde,97.59166402914113,2005
Agriculture Total,Fylde,106.24447714571912,2006
Agriculture Total,Fylde,95.59428118768805,2007
Agriculture Total,Fylde,96.45420975125968,2008
Agriculture Total,Fylde,94.116953015424,2009
Agriculture Total,Fylde,92.86490907183928,2010
Agriculture Total,Fylde,89.60382893526474,2011
Agriculture Total,Fylde,89.179647977327,2012
Agriculture Total,Fylde,90.24095350479716,2013
Agriculture Total,Fylde,93.54234693266949,2014
Agriculture Total,Fylde,94.72505606763852,2015
Agriculture Total,Fylde,93.82694751698271,2016
Agriculture Total,Fylde,99.28555200042692,2017
Agriculture Total,Fylde,93.01017939607485,2018
Agriculture Total,Fylde,93.72198861970105,2019
Agriculture Total,Fylde,95.28923458536997,2020
Agriculture Total,Fylde,100.76442394427376,2021
Agriculture Total,Fylde,93.6675211141389,2022
Agriculture Total,Fylde,89.42230736183502,2023
Agriculture Total,Hyndburn,20.872185364278028,2005
Agriculture Total,Hyndburn,20.136621718625946,2006
Agriculture Total,Hyndburn,20.67656607959681,2007
Agriculture Total,Hyndburn,21.589303539537017,2008
Agriculture Total,Hyndburn,19.8910127484453,2009
Agriculture Total,Hyndburn,20.43743173409477,2010
Agriculture Total,Hyndburn,19.653273590257072,2011
Agriculture Total,Hyndburn,19.790053644018187,2012
Agriculture Total,Hyndburn,19.743443568668212,2013
Agriculture Total,Hyndburn,18.380115177954085,2014
Agriculture Total,Hyndburn,18.495112995024765,2015
Agriculture Total,Hyndburn,18.7053686929235,2016
Agriculture Total,Hyndburn,18.900778706121677,2017
Agriculture Total,Hyndburn,19.286123828808226,2018
Agriculture Total,Hyndburn,19.254417884120578,2019
Agriculture Total,Hyndburn,18.94824965435483,2020
Agriculture Total,Hyndburn,18.090491155475675,2021
Agriculture Total,Hyndburn,17.269505755481422,2022
Agriculture Total,Hyndburn,20.47248967299559,2023
Agriculture Total,Lancashire Total,1259.0173182193375,2005
Agriculture Total,Lancashire Total,1235.9672521844977,2006
Agriculture Total,Lancashire Total,1215.0714984196063,2007
Agriculture Total,Lancashire Total,1213.8404746443825,2008
Agriculture Total,Lancashire Total,1192.0056048181982,2009
Agriculture Total,Lancashire Total,1202.049435402092,2010
Agriculture Total,Lancashire Total,1179.2640863828028,2011
Agriculture Total,Lancashire Total,1186.7187664327412,2012
Agriculture Total,Lancashire Total,1205.41637271417,2013
Agriculture Total,Lancashire Total,1209.7404627054334,2014
Agriculture Total,Lancashire Total,1222.4159565871541,2015
Agriculture Total,Lancashire Total,1216.2794176555906,2016
Agriculture Total,Lancashire Total,1233.5832173922813,2017
Agriculture Total,Lancashire Total,1191.0288816027032,2018
Agriculture Total,Lancashire Total,1202.3589687428441,2019
Agriculture Total,Lancashire Total,1214.1161015010457,2020
Agriculture Total,Lancashire Total,1213.859037409446,2021
Agriculture Total,Lancashire Total,1185.546104846901,2022
Agriculture Total,Lancashire Total,1170.3016411613282,2023
Agriculture Total,Lancaster,236.086554345594,2005
Agriculture Total,Lancaster,234.06982984104337,2006
Agriculture Total,Lancaster,232.81566691832174,2007
Agriculture Total,Lancaster,232.64682805826968,2008
Agriculture Total,Lancaster,230.64567614003903,2009
Agriculture Total,Lancaster,235.6340824046123,2010
Agriculture Total,Lancaster,233.23285104560736,2011
Agriculture Total,Lancaster,234.78565155489676,2012
Agriculture Total,Lancaster,233.52200679573602,2013
Agriculture Total,Lancaster,237.2965338553772,2014
Agriculture Total,Lancaster,240.82710063807107,2015
Agriculture Total,Lancaster,238.130808984615,2016
Agriculture Total,Lancaster,241.50955316255448,2017
Agriculture Total,Lancaster,230.66031844175546,2018
Agriculture Total,Lancaster,233.4907209128785,2019
Agriculture Total,Lancaster,240.39600370142318,2020
Agriculture Total,Lancaster,239.4886791393689,2021
Agriculture Total,Lancaster,236.9523107459601,2022
Agriculture Total,Lancaster,240.30264258629796,2023
Agriculture Total,North West Total,4769.4305393676395,2005
Agriculture Total,North West Total,4708.4427513412675,2006
Agriculture Total,North West Total,4630.34981252506,2007
Agriculture Total,North West Total,4607.500294490497,2008
Agriculture Total,North West Total,4497.754318397719,2009
Agriculture Total,North West Total,4554.408351156908,2010
Agriculture Total,North West Total,4460.287586089467,2011
Agriculture Total,North West Total,4511.380387891375,2012
Agriculture Total,North West Total,4533.733104342614,2013
Agriculture Total,North West Total,4539.123615799182,2014
Agriculture Total,North West Total,4591.373583300074,2015
Agriculture Total,North West Total,4504.218344450018,2016
Agriculture Total,North West Total,4531.861719506717,2017
Agriculture Total,North West Total,4360.858532726458,2018
Agriculture Total,North West Total,4362.701152991085,2019
Agriculture Total,North West Total,4356.4186043008685,2020
Agriculture Total,North West Total,4347.187931643798,2021
Agriculture Total,North West Total,4253.877643761774,2022
Agriculture Total,North West Total,4223.55520272503,2023
Agriculture Total,Pendle,63.874951985030165,2005
Agriculture Total,Pendle,59.528149237705996,2006
Agriculture Total,Pendle,57.9110245856352,2007
Agriculture Total,Pendle,56.980390000042505,2008
Agriculture Total,Pendle,53.6418849470423,2009
Agriculture Total,Pendle,54.94702343613324,2010
Agriculture Total,Pendle,54.47991105112344,2011
Agriculture Total,Pendle,54.04612856851768,2012
Agriculture Total,Pendle,53.580874871073235,2013
Agriculture Total,Pendle,54.23381601242134,2014
Agriculture Total,Pendle,54.94561120361856,2015
Agriculture Total,Pendle,54.57532228082391,2016
Agriculture Total,Pendle,55.17502214529732,2017
Agriculture Total,Pendle,54.339305646594894,2018
Agriculture Total,Pendle,53.34997763691603,2019
Agriculture Total,Pendle,52.38779396085573,2020
Agriculture Total,Pendle,51.47622002255097,2021
Agriculture Total,Pendle,50.586947801550274,2022
Agriculture Total,Pendle,49.34586356033316,2023
Agriculture Total,Preston,91.29342622519101,2005
Agriculture Total,Preston,89.66433525297144,2006
Agriculture Total,Preston,89.64904670614762,2007
Agriculture Total,Preston,89.18440978134362,2008
Agriculture Total,Preston,87.04543057827321,2009
Agriculture Total,Preston,91.03728493693379,2010
Agriculture Total,Preston,89.85734616111444,2011
Agriculture Total,Preston,89.95848932287882,2012
Agriculture Total,Preston,86.5762384489123,2013
Agriculture Total,Preston,89.03163689973314,2014
Agriculture Total,Preston,91.20420863457447,2015
Agriculture Total,Preston,90.75524463096325,2016
Agriculture Total,Preston,91.80688792236917,2017
Agriculture Total,Preston,88.03939316578723,2018
Agriculture Total,Preston,88.24973242814698,2019
Agriculture Total,Preston,88.73289295736795,2020
Agriculture Total,Preston,97.89648278043717,2021
Agriculture Total,Preston,94.29382466803897,2022
Agriculture Total,Preston,93.1178851456118,2023
Agriculture Total,Ribble Valley,221.22836059848495,2005
Agriculture Total,Ribble Valley,213.5779627774241,2006
Agriculture Total,Ribble Valley,211.94982298859404,2007
Agriculture Total,Ribble Valley,213.55200247882388,2008
Agriculture Total,Ribble Valley,208.82973897158453,2009
Agriculture Total,Ribble Valley,209.5366471469146,2010
Agriculture Total,Ribble Valley,208.12570253944233,2011
Agriculture Total,Ribble Valley,209.2315081918343,2012
Agriculture Total,Ribble Valley,217.08743477113083,2013
Agriculture Total,Ribble Valley,220.80387538643294,2014
Agriculture Total,Ribble Valley,219.71522001590108,2015
Agriculture Total,Ribble Valley,220.00279698300693,2016
Agriculture Total,Ribble Valley,223.49842220842183,2017
Agriculture Total,Ribble Valley,218.0095751929939,2018
Agriculture Total,Ribble Valley,217.9916305683795,2019
Agriculture Total,Ribble Valley,217.41211158043726,2020
Agriculture Total,Ribble Valley,215.47454303296922,2021
Agriculture Total,Ribble Valley,214.79589600935122,2022
Agriculture Total,Ribble Valley,209.71699497291206,2023
Agriculture Total,Rossendale,34.527132320454285,2005
Agriculture Total,Rossendale,31.263068812693813,2006
Agriculture Total,Rossendale,32.29953911676979,2007
Agriculture Total,Rossendale,30.925047309021988,2008
Agriculture Total,Rossendale,29.832548791252645,2009
Agriculture Total,Rossendale,27.982048721255534,2010
Agriculture Total,Rossendale,28.704349176500656,2011
Agriculture Total,Rossendale,28.99363516131907,2012
Agriculture Total,Rossendale,28.51071458051663,2013
Agriculture Total,Rossendale,27.344121014132448,2014
Agriculture Total,Rossendale,27.43232444247888,2015
Agriculture Total,Rossendale,27.170728860109367,2016
Agriculture Total,Rossendale,27.136798613565936,2017
Agriculture Total,Rossendale,26.200910875288553,2018
Agriculture Total,Rossendale,25.47887393143529,2019
Agriculture Total,Rossendale,25.229233043546742,2020
Agriculture Total,Rossendale,23.821814998109666,2021
Agriculture Total,Rossendale,22.971717554014667,2022
Agriculture Total,Rossendale,27.534650978651666,2023
Agriculture Total,South Ribble,57.989627546035976,2005
Agriculture Total,South Ribble,55.06892233504397,2006
Agriculture Total,South Ribble,53.515629165708596,2007
Agriculture Total,South Ribble,53.527038442950435,2008
Agriculture Total,South Ribble,52.29139555735677,2009
Agriculture Total,South Ribble,53.28408063941808,2010
Agriculture Total,South Ribble,52.782167997273184,2011
Agriculture Total,South Ribble,52.51451552114408,2012
Agriculture Total,South Ribble,55.54004843837224,2013
Agriculture Total,South Ribble,56.9118862961322,2014
Agriculture Total,South Ribble,56.73706334214067,2015
Agriculture Total,South Ribble,57.302411812411435,2016
Agriculture Total,South Ribble,59.503793297426114,2017
Agriculture Total,South Ribble,56.01094577180188,2018
Agriculture Total,South Ribble,55.44673890556207,2019
Agriculture Total,South Ribble,56.47006544416679,2020
Agriculture Total,South Ribble,50.738743044401915,2021
Agriculture Total,South Ribble,48.39788268555262,2022
Agriculture Total,South Ribble,53.73657523382517,2023
Agriculture Total,West Lancashire,161.8321019685133,2005
Agriculture Total,West Lancashire,162.675267757342,2006
Agriculture Total,West Lancashire,157.23072507659572,2007
Agriculture Total,West Lancashire,159.79366440031956,2008
Agriculture Total,West Lancashire,154.29134611475706,2009
Agriculture Total,West Lancashire,153.47264081398262,2010
Agriculture Total,West Lancashire,145.78235867941132,2011
Agriculture Total,West Lancashire,148.56628583583824,2012
Agriculture Total,West Lancashire,155.56426540580955,2013
Agriculture Total,West Lancashire,143.7279788352456,2014
Agriculture Total,West Lancashire,148.29783611238565,2015
Agriculture Total,West Lancashire,147.2052749184137,2016
Agriculture Total,West Lancashire,144.45174967343993,2017
Agriculture Total,West Lancashire,143.01966911786445,2018
Agriculture Total,West Lancashire,153.30945066626361,2019
Agriculture Total,West Lancashire,160.1748614851798,2020
Agriculture Total,West Lancashire,154.5538680073093,2021
Agriculture Total,West Lancashire,154.66499721132158,2022
Agriculture Total,West Lancashire,136.42729197673356,2023
Agriculture Total,Wyre,175.3795381948441,2005
Agriculture Total,Wyre,170.3215605180963,2006
Agriculture Total,Wyre,173.66743335592042,2007
Agriculture Total,Wyre,170.39804528279248,2008
Agriculture Total,Wyre,173.4472528504112,2009
Agriculture Total,Wyre,174.41727340526305,2010
Agriculture Total,Wyre,170.40776859054148,2011
Agriculture Total,Wyre,172.91348124203225,2012
Agriculture Total,Wyre,179.05369752454885,2013
Agriculture Total,Wyre,182.4418916789523,2014
Agriculture Total,Wyre,182.34556278190814,2015
Agriculture Total,Wyre,181.14839423572937,2016
Agriculture Total,Wyre,183.28008892362294,2017
Agriculture Total,Wyre,177.17105666729236,2018
Agriculture Total,Wyre,177.08925026288662,2019
Agriculture Total,Wyre,174.4227982969826,2020
Agriculture Total,Wyre,171.8823471861618,2021
Agriculture Total,Wyre,165.3733995734998,2022
Agriculture Total,Wyre,168.8874184184677,2023
Area (km2),Blackburn with Darwen,137.0221,2005
Area (km2),Blackburn with Darwen,137.0221,2006
Area (km2),Blackburn with Darwen,137.0221,2007
Area (km2),Blackburn with Darwen,137.0221,2008
Area (km2),Blackburn with Darwen,137.0221,2009
Area (km2),Blackburn with Darwen,137.0221,2010
Area (km2),Blackburn with Darwen,137.0221,2011
Area (km2),Blackburn with Darwen,137.0221,2012
Area (km2),Blackburn with Darwen,137.0221,2013
Area (km2),Blackburn with Darwen,137.0221,2014
Area (km2),Blackburn with Darwen,137.0221,2015
Area (km2),Blackburn with Darwen,137.0221,2016
Area (km2),Blackburn with Darwen,137.0221,2017
Area (km2),Blackburn with Darwen,137.0221,2018
Area (km2),Blackburn with Darwen,137.0221,2019
Area (km2),Blackburn with Darwen,137.0221,2020
Area (km2),Blackburn with Darwen,137.0221,2021
Area (km2),Blackburn with Darwen,137.0221,2022
Area (km2),Blackburn with Darwen,137.0221,2023
Area (km2),Blackpool,43.1508,2005
Area (km2),Blackpool,43.1508,2006
Area (km2),Blackpool,43.1508,2007
Area (km2),Blackpool,43.1508,2008
Area (km2),Blackpool,43.1508,2009
Area (km2),Blackpool,43.1508,2010
Area (km2),Blackpool,43.1508,2011
Area (km2),Blackpool,43.1508,2012
Area (km2),Blackpool,43.1508,2013
Area (km2),Blackpool,43.1508,2014
Area (km2),Blackpool,43.1508,2015
Area (km2),Blackpool,43.1508,2016
Area (km2),Blackpool,43.1508,2017
Area (km2),Blackpool,43.1508,2018
Area (km2),Blackpool,43.1508,2019
Area (km2),Blackpool,43.1508,2020
Area (km2),Blackpool,43.1508,2021
Area (km2),Blackpool,43.1508,2022
Area (km2),Blackpool,43.1508,2023
Area (km2),Burnley,110.684,2005
Area (km2),Burnley,110.684,2006
Area (km2),Burnley,110.684,2007
Area (km2),Burnley,110.684,2008
Area (km2),Burnley,110.684,2009
Area (km2),Burnley,110.684,2010
Area (km2),Burnley,110.684,2011
Area (km2),Burnley,110.684,2012
Area (km2),Burnley,110.684,2013
Area (km2),Burnley,110.684,2014
Area (km2),Burnley,110.684,2015
Area (km2),Burnley,110.684,2016
Area (km2),Burnley,110.684,2017
Area (km2),Burnley,110.684,2018
Area (km2),Burnley,110.684,2019
Area (km2),Burnley,110.684,2020
Area (km2),Burnley,110.684,2021
Area (km2),Burnley,110.684,2022
Area (km2),Burnley,110.684,2023
Area (km2),Chorley,202.9057,2005
Area (km2),Chorley,202.9057,2006
Area (km2),Chorley,202.9057,2007
Area (km2),Chorley,202.9057,2008
Area (km2),Chorley,202.9057,2009
Area (km2),Chorley,202.9057,2010
Area (km2),Chorley,202.9057,2011
Area (km2),Chorley,202.9057,2012
Area (km2),Chorley,202.9057,2013
Area (km2),Chorley,202.9057,2014
Area (km2),Chorley,202.9057,2015
Area (km2),Chorley,202.9057,2016
Area (km2),Chorley,202.9057,2017
Area (km2),Chorley,202.9057,2018
Area (km2),Chorley,202.9057,2019
Area (km2),Chorley,202.9057,2020
Area (km2),Chorley,202.9057,2021
Area (km2),Chorley,202.9057,2022
Area (km2),Chorley,202.9057,2023
Area (km2),England Total,132929.08610000007,2005
Area (km2),England Total,132929.08610000007,2006
Area (km2),England Total,132929.08610000007,2007
Area (km2),England Total,132929.08610000007,2008
Area (km2),England Total,132929.08610000007,2009
Area (km2),England Total,132929.08610000007,2010
Area (km2),England Total,132929.08610000007,2011
Area (km2),England Total,132929.08610000007,2012
Area (km2),England Total,132929.08610000007,2013
Area (km2),England Total,132929.08610000007,2014
Area (km2),England Total,132929.08610000007,2015
Area (km2),England Total,132929.08610000007,2016
Area (km2),England Total,132929.08610000007,2017
Area (km2),England Total,132929.08610000007,2018
Area (km2),England Total,132929.08610000007,2019
Area (km2),England Total,132929.08610000007,2020
Area (km2),England Total,132929.08610000007,2021
Area (km2),England Total,132929.08610000007,2022
Area (km2),England Total,132929.08610000007,2023
Area (km2),Fylde,182.62869999999998,2005
Area (km2),Fylde,182.62869999999998,2006
Area (km2),Fylde,182.62869999999998,2007
Area (km2),Fylde,182.62869999999998,2008
Area (km2),Fylde,182.62869999999998,2009
Area (km2),Fylde,182.62869999999998,2010
Area (km2),Fylde,182.62869999999998,2011
Area (km2),Fylde,182.62869999999998,2012
Area (km2),Fylde,182.62869999999998,2013
Area (km2),Fylde,182.62869999999998,2014
Area (km2),Fylde,182.62869999999998,2015
Area (km2),Fylde,182.62869999999998,2016
Area (km2),Fylde,182.62869999999998,2017
Area (km2),Fylde,182.62869999999998,2018
Area (km2),Fylde,182.62869999999998,2019
Area (km2),Fylde,182.62869999999998,2020
Area (km2),Fylde,182.62869999999998,2021
Area (km2),Fylde,182.62869999999998,2022
Area (km2),Fylde,182.62869999999998,2023
Area (km2),Hyndburn,72.9975,2005
Area (km2),Hyndburn,72.9975,2006
Area (km2),Hyndburn,72.9975,2007
Area (km2),Hyndburn,72.9975,2008
Area (km2),Hyndburn,72.9975,2009
Area (km2),Hyndburn,72.9975,2010
Area (km2),Hyndburn,72.9975,2011
Area (km2),Hyndburn,72.9975,2012
Area (km2),Hyndburn,72.9975,2013
Area (km2),Hyndburn,72.9975,2014
Area (km2),Hyndburn,72.9975,2015
Area (km2),Hyndburn,72.9975,2016
Area (km2),Hyndburn,72.9975,2017
Area (km2),Hyndburn,72.9975,2018
Area (km2),Hyndburn,72.9975,2019
Area (km2),Hyndburn,72.9975,2020
Area (km2),Hyndburn,72.9975,2021
Area (km2),Hyndburn,72.9975,2022
Area (km2),Hyndburn,72.9975,2023
Area (km2),Lancashire Total,3082.8470999999995,2005
Area (km2),Lancashire Total,3082.8470999999995,2006
Area (km2),Lancashire Total,3082.8470999999995,2007
Area (km2),Lancashire Total,3082.8470999999995,2008
Area (km2),Lancashire Total,3082.8470999999995,2009
Area (km2),Lancashire Total,3082.8470999999995,2010
Area (km2),Lancashire Total,3082.8470999999995,2011
Area (km2),Lancashire Total,3082.8470999999995,2012
Area (km2),Lancashire Total,3082.8470999999995,2013
Area (km2),Lancashire Total,3082.8470999999995,2014
Area (km2),Lancashire Total,3082.8470999999995,2015
Area (km2),Lancashire Total,3082.8470999999995,2016
Area (km2),Lancashire Total,3082.8470999999995,2017
Area (km2),Lancashire Total,3082.8470999999995,2018
Area (km2),Lancashire Total,3082.8470999999995,2019
Area (km2),Lancashire Total,3082.8470999999995,2020
Area (km2),Lancashire Total,3082.8470999999995,2021
Area (km2),Lancashire Total,3082.8470999999995,2022
Area (km2),Lancashire Total,3082.8470999999995,2023
Area (km2),Lancaster,654.0269999999999,2005
Area (km2),Lancaster,654.0269999999999,2006
Area (km2),Lancaster,654.0269999999999,2007
Area (km2),Lancaster,654.0269999999999,2008
Area (km2),Lancaster,654.0269999999999,2009
Area (km2),Lancaster,654.0269999999999,2010
Area (km2),Lancaster,654.0269999999999,2011
Area (km2),Lancaster,654.0269999999999,2012
Area (km2),Lancaster,654.0269999999999,2013
Area (km2),Lancaster,654.0269999999999,2014
Area (km2),Lancaster,654.0269999999999,2015
Area (km2),Lancaster,654.0269999999999,2016
Area (km2),Lancaster,654.0269999999999,2017
Area (km2),Lancaster,654.0269999999999,2018
Area (km2),Lancaster,654.0269999999999,2019
Area (km2),Lancaster,654.0269999999999,2020
Area (km2),Lancaster,654.0269999999999,2021
Area (km2),Lancaster,654.0269999999999,2022
Area (km2),Lancaster,654.0269999999999,2023
Area (km2),North West Total,14914.430300000002,2005
Area (km2),North West Total,14914.430300000002,2006
Area (km2),North West Total,14914.430300000002,2007
Area (km2),North West Total,14914.430300000002,2008
Area (km2),North West Total,14914.430300000002,2009
Area (km2),North West Total,14914.430300000002,2010
Area (km2),North West Total,14914.430300000002,2011
Area (km2),North West Total,14914.430300000002,2012
Area (km2),North West Total,14914.430300000002,2013
Area (km2),North West Total,14914.430300000002,2014
Area (km2),North West Total,14914.430300000002,2015
Area (km2),North West Total,14914.430300000002,2016
Area (km2),North West Total,14914.430300000002,2017
Area (km2),North West Total,14914.430300000002,2018
Area (km2),North West Total,14914.430300000002,2019
Area (km2),North West Total,14914.430300000002,2020
Area (km2),North West Total,14914.430300000002,2021
Area (km2),North West Total,14914.430300000002,2022
Area (km2),North West Total,14914.430300000002,2023
Area (km2),Pendle,169.38009999999997,2005
Area (km2),Pendle,169.38009999999997,2006
Area (km2),Pendle,169.38009999999997,2007
Area (km2),Pendle,169.38009999999997,2008
Area (km2),Pendle,169.38009999999997,2009
Area (km2),Pendle,169.38009999999997,2010
Area (km2),Pendle,169.38009999999997,2011
Area (km2),Pendle,169.38009999999997,2012
Area (km2),Pendle,169.38009999999997,2013
Area (km2),Pendle,169.38009999999997,2014
Area (km2),Pendle,169.38009999999997,2015
Area (km2),Pendle,169.38009999999997,2016
Area (km2),Pendle,169.38009999999997,2017
Area (km2),Pendle,169.38009999999997,2018
Area (km2),Pendle,169.38009999999997,2019
Area (km2),Pendle,169.38009999999997,2020
Area (km2),Pendle,169.38009999999997,2021
Area (km2),Pendle,169.38009999999997,2022
Area (km2),Pendle,169.38009999999997,2023
Area (km2),Preston,142.9448,2005
Area (km2),Preston,142.9448,2006
Area (km2),Preston,142.9448,2007
Area (km2),Preston,142.9448,2008
Area (km2),Preston,142.9448,2009
Area (km2),Preston,142.9448,2010
Area (km2),Preston,142.9448,2011
Area (km2),Preston,142.9448,2012
Area (km2),Preston,142.9448,2013
Area (km2),Preston,142.9448,2014
Area (km2),Preston,142.9448,2015
Area (km2),Preston,142.9448,2016
Area (km2),Preston,142.9448,2017
Area (km2),Preston,142.9448,2018
Area (km2),Preston,142.9448,2019
Area (km2),Preston,142.9448,2020
Area (km2),Preston,142.9448,2021
Area (km2),Preston,142.9448,2022
Area (km2),Preston,142.9448,2023
Area (km2),Ribble Valley,584.4714,2005
Area (km2),Ribble Valley,584.4714,2006
Area (km2),Ribble Valley,584.4714,2007
Area (km2),Ribble Valley,584.4714,2008
Area (km2),Ribble Valley,584.4714,2009
Area (km2),Ribble Valley,584.4714,2010
Area (km2),Ribble Valley,584.4714,2011
Area (km2),Ribble Valley,584.4714,2012
Area (km2),Ribble Valley,584.4714,2013
Area (km2),Ribble Valley,584.4714,2014
Area (km2),Ribble Valley,584.4714,2015
Area (km2),Ribble Valley,584.4714,2016
Area (km2),Ribble Valley,584.4714,2017
Area (km2),Ribble Valley,584.4714,2018
Area (km2),Ribble Valley,584.4714,2019
Area (km2),Ribble Valley,584.4714,2020
Area (km2),Ribble Valley,584.4714,2021
Area (km2),Ribble Valley,584.4714,2022
Area (km2),Ribble Valley,584.4714,2023
Area (km2),Rossendale,138.0412,2005
Area (km2),Rossendale,138.0412,2006
Area (km2),Rossendale,138.0412,2007
Area (km2),Rossendale,138.0412,2008
Area (km2),Rossendale,138.0412,2009
Area (km2),Rossendale,138.0412,2010
Area (km2),Rossendale,138.0412,2011
Area (km2),Rossendale,138.0412,2012
Area (km2),Rossendale,138.0412,2013
Area (km2),Rossendale,138.0412,2014
Area (km2),Rossendale,138.0412,2015
Area (km2),Rossendale,138.0412,2016
Area (km2),Rossendale,138.0412,2017
Area (km2),Rossendale,138.0412,2018
Area (km2),Rossendale,138.0412,2019
Area (km2),Rossendale,138.0412,2020
Area (km2),Rossendale,138.0412,2021
Area (km2),Rossendale,138.0412,2022
Area (km2),Rossendale,138.0412,2023
Area (km2),South Ribble,114.61489999999999,2005
Area (km2),South Ribble,114.61489999999999,2006
Area (km2),South Ribble,114.61489999999999,2007
Area (km2),South Ribble,114.61489999999999,2008
Area (km2),South Ribble,114.61489999999999,2009
Area (km2),South Ribble,114.61489999999999,2010
Area (km2),South Ribble,114.61489999999999,2011
Area (km2),South Ribble,114.61489999999999,2012
Area (km2),South Ribble,114.61489999999999,2013
Area (km2),South Ribble,114.61489999999999,2014
Area (km2),South Ribble,114.61489999999999,2015
Area (km2),South Ribble,114.61489999999999,2016
Area (km2),South Ribble,114.61489999999999,2017
Area (km2),South Ribble,114.61489999999999,2018
Area (km2),South Ribble,114.61489999999999,2019
Area (km2),South Ribble,114.61489999999999,2020
Area (km2),South Ribble,114.61489999999999,2021
Area (km2),South Ribble,114.61489999999999,2022
Area (km2),South Ribble,114.61489999999999,2023
Area (km2),West Lancashire,381.3803,2005
Area (km2),West Lancashire,381.3803,2006
Area (km2),West Lancashire,381.3803,2007
Area (km2),West Lancashire,381.3803,2008
Area (km2),West Lancashire,381.3803,2009
Area (km2),West Lancashire,381.3803,2010
Area (km2),West Lancashire,381.3803,2011
Area (km2),West Lancashire,381.3803,2012
Area (km2),West Lancashire,381.3803,2013
Area (km2),West Lancashire,381.3803,2014
Area (km2),West Lancashire,381.3803,2015
Area (km2),West Lancashire,381.3803,2016
Area (km2),West Lancashire,381.3803,2017
Area (km2),West Lancashire,381.3803,2018
Area (km2),West Lancashire,381.3803,2019
Area (km2),West Lancashire,381.3803,2020
Area (km2),West Lancashire,381.3803,2021
Area (km2),West Lancashire,381.3803,2022
Area (km2),West Lancashire,381.3803,2023
Area (km2),Wyre,328.7715,2005
Area (km2),Wyre,328.7715,2006
Area (km2),Wyre,328.7715,2007
Area (km2),Wyre,328.7715,2008
Area (km2),Wyre,328.7715,2009
Area (km2),Wyre,328.7715,2010
Area (km2),Wyre,328.7715,2011
Area (km2),Wyre,328.7715,2012
Area (km2),Wyre,328.7715,2013
Area (km2),Wyre,328.7715,2014
Area (km2),Wyre,328.7715,2015
Area (km2),Wyre,328.7715,2016
Area (km2),Wyre,328.7715,2017
Area (km2),Wyre,328.7715,2018
Area (km2),Wyre,328.7715,2019
Area (km2),Wyre,328.7715,2020
Area (km2),Wyre,328.7715,2021
Area (km2),Wyre,328.7715,2022
Area (km2),Wyre,328.7715,2023
Commercial Electricity,Blackburn with Darwen,120.79679425990864,2005
Commercial Electricity,Blackburn with Darwen,127.24101365313373,2006
Commercial Electricity,Blackburn with Darwen,112.92126925671323,2007
Commercial Electricity,Blackburn with Darwen,113.50740366488877,2008
Commercial Electricity,Blackburn with Darwen,84.8232855977368,2009
Commercial Electricity,Blackburn with Darwen,95.31410780236291,2010
Commercial Electricity,Blackburn with Darwen,81.90329102529799,2011
Commercial Electricity,Blackburn with Darwen,91.79400776944641,2012
Commercial Electricity,Blackburn with Darwen,78.07099707381678,2013
Commercial Electricity,Blackburn with Darwen,65.96501227268335,2014
Commercial Electricity,Blackburn with Darwen,57.05819885404438,2015
Commercial Electricity,Blackburn with Darwen,45.12173470181872,2016
Commercial Electricity,Blackburn with Darwen,34.43606582987443,2017
Commercial Electricity,Blackburn with Darwen,38.508532894381524,2018
Commercial Electricity,Blackburn with Darwen,29.774095146042544,2019
Commercial Electricity,Blackburn with Darwen,22.88950616822302,2020
Commercial Electricity,Blackburn with Darwen,26.496629922313296,2021
Commercial Electricity,Blackburn with Darwen,24.981984892035968,2022
Commercial Electricity,Blackburn with Darwen,20.267424151779657,2023
Commercial Electricity,Blackpool,139.31887775803955,2005
Commercial Electricity,Blackpool,145.84613337378408,2006
Commercial Electricity,Blackpool,137.14418454766772,2007
Commercial Electricity,Blackpool,137.52080261347362,2008
Commercial Electricity,Blackpool,115.92565864946765,2009
Commercial Electricity,Blackpool,118.54840198486802,2010
Commercial Electricity,Blackpool,99.71295445964819,2011
Commercial Electricity,Blackpool,116.44456243829069,2012
Commercial Electricity,Blackpool,104.58111181615779,2013
Commercial Electricity,Blackpool,89.63648687982085,2014
Commercial Electricity,Blackpool,76.25040311159786,2015
Commercial Electricity,Blackpool,57.88236105965144,2016
Commercial Electricity,Blackpool,50.669197823437024,2017
Commercial Electricity,Blackpool,48.20107423116022,2018
Commercial Electricity,Blackpool,42.24277967189275,2019
Commercial Electricity,Blackpool,28.466064604198053,2020
Commercial Electricity,Blackpool,35.030766364561856,2021
Commercial Electricity,Blackpool,34.791954017176415,2022
Commercial Electricity,Blackpool,29.05411087064603,2023
Commercial Electricity,Burnley,69.221999796521,2005
Commercial Electricity,Burnley,66.61122330126676,2006
Commercial Electricity,Burnley,60.78784939404234,2007
Commercial Electricity,Burnley,59.07675146577429,2008
Commercial Electricity,Burnley,46.95860396452872,2009
Commercial Electricity,Burnley,51.59036503577732,2010
Commercial Electricity,Burnley,44.56485064523685,2011
Commercial Electricity,Burnley,50.16548002382343,2012
Commercial Electricity,Burnley,46.36374507077542,2013
Commercial Electricity,Burnley,39.623045053073476,2014
Commercial Electricity,Burnley,34.335329550946916,2015
Commercial Electricity,Burnley,26.99681446876361,2016
Commercial Electricity,Burnley,21.47262793011956,2017
Commercial Electricity,Burnley,23.50085321018283,2018
Commercial Electricity,Burnley,18.809736694301947,2019
Commercial Electricity,Burnley,14.878667621365404,2020
Commercial Electricity,Burnley,18.056592860465976,2021
Commercial Electricity,Burnley,18.325799512516923,2022
Commercial Electricity,Burnley,14.940071619115947,2023
Commercial Electricity,Chorley,73.08848315507069,2005
Commercial Electricity,Chorley,79.58254938226773,2006
Commercial Electricity,Chorley,79.58203218065076,2007
Commercial Electricity,Chorley,76.99665952808819,2008
Commercial Electricity,Chorley,65.37981798573777,2009
Commercial Electricity,Chorley,67.43638960239184,2010
Commercial Electricity,Chorley,58.723044325528946,2011
Commercial Electricity,Chorley,68.67371016159413,2012
Commercial Electricity,Chorley,63.03792284495075,2013
Commercial Electricity,Chorley,54.461487925485365,2014
Commercial Electricity,Chorley,47.21549255004057,2015
Commercial Electricity,Chorley,37.371230346928684,2016
Commercial Electricity,Chorley,30.91189459864283,2017
Commercial Electricity,Chorley,31.72601505034601,2018
Commercial Electricity,Chorley,21.587191742358435,2019
Commercial Electricity,Chorley,17.440785295666796,2020
Commercial Electricity,Chorley,20.121907709137904,2021
Commercial Electricity,Chorley,19.400794165545257,2022
Commercial Electricity,Chorley,16.022707951529707,2023
Commercial Electricity,England Total,53937.432878716376,2005
Commercial Electricity,England Total,57557.51964401921,2006
Commercial Electricity,England Total,55290.36721104098,2007
Commercial Electricity,England Total,55136.69712643325,2008
Commercial Electricity,England Total,47520.1471669623,2009
Commercial Electricity,England Total,49450.438122952415,2010
Commercial Electricity,England Total,45247.1010491361,2011
Commercial Electricity,England Total,49580.2520492672,2012
Commercial Electricity,England Total,45811.45748842771,2013
Commercial Electricity,England Total,38585.119872665826,2014
Commercial Electricity,England Total,32917.14148218499,2015
Commercial Electricity,England Total,25817.81008936637,2016
Commercial Electricity,England Total,19899.299470533148,2017
Commercial Electricity,England Total,21305.316478018904,2018
Commercial Electricity,England Total,18566.476970765296,2019
Commercial Electricity,England Total,14369.451685573837,2020
Commercial Electricity,England Total,16589.014709367937,2021
Commercial Electricity,England Total,16347.271227565938,2022
Commercial Electricity,England Total,13615.309945025168,2023
Commercial Electricity,Fylde,90.7039273601889,2005
Commercial Electricity,Fylde,96.91021272324558,2006
Commercial Electricity,Fylde,95.30370940110265,2007
Commercial Electricity,Fylde,116.72273603332869,2008
Commercial Electricity,Fylde,85.3780703609634,2009
Commercial Electricity,Fylde,79.55139948608735,2010
Commercial Electricity,Fylde,72.33668541671487,2011
Commercial Electricity,Fylde,80.3412709208789,2012
Commercial Electricity,Fylde,70.33167791660185,2013
Commercial Electricity,Fylde,64.69143803132087,2014
Commercial Electricity,Fylde,49.88588008431884,2015
Commercial Electricity,Fylde,44.01898530310937,2016
Commercial Electricity,Fylde,33.82335380584114,2017
Commercial Electricity,Fylde,34.24370157741828,2018
Commercial Electricity,Fylde,22.12971838290753,2019
Commercial Electricity,Fylde,16.475147500359604,2020
Commercial Electricity,Fylde,19.689638578750024,2021
Commercial Electricity,Fylde,18.35562382313417,2022
Commercial Electricity,Fylde,14.549159079467417,2023
Commercial Electricity,Hyndburn,49.45212740774638,2005
Commercial Electricity,Hyndburn,51.862006994797916,2006
Commercial Electricity,Hyndburn,49.768639176347975,2007
Commercial Electricity,Hyndburn,49.45539543975431,2008
Commercial Electricity,Hyndburn,38.10595798863475,2009
Commercial Electricity,Hyndburn,41.36666376488488,2010
Commercial Electricity,Hyndburn,37.11272081445687,2011
Commercial Electricity,Hyndburn,41.988049980648874,2012
Commercial Electricity,Hyndburn,38.434973934585045,2013
Commercial Electricity,Hyndburn,32.87096490900139,2014
Commercial Electricity,Hyndburn,29.896303776064713,2015
Commercial Electricity,Hyndburn,22.344786599610703,2016
Commercial Electricity,Hyndburn,17.97663240207431,2017
Commercial Electricity,Hyndburn,19.535014376615592,2018
Commercial Electricity,Hyndburn,16.630054221515667,2019
Commercial Electricity,Hyndburn,13.066683254582156,2020
Commercial Electricity,Hyndburn,15.762418949621738,2021
Commercial Electricity,Hyndburn,15.180388019271248,2022
Commercial Electricity,Hyndburn,12.627024693926886,2023
Commercial Electricity,Lancashire Total,1050.5090974788466,2005
Commercial Electricity,Lancashire Total,1087.6051796331294,2006
Commercial Electricity,Lancashire Total,1051.9542538334476,2007
Commercial Electricity,Lancashire Total,1077.7654212120715,2008
Commercial Electricity,Lancashire Total,847.9286210791784,2009
Commercial Electricity,Lancashire Total,917.7611319322784,2010
Commercial Electricity,Lancashire Total,812.5343991086626,2011
Commercial Electricity,Lancashire Total,935.1732952828613,2012
Commercial Electricity,Lancashire Total,863.4375202299254,2013
Commercial Electricity,Lancashire Total,751.1352459993361,2014
Commercial Electricity,Lancashire Total,639.0550044989432,2015
Commercial Electricity,Lancashire Total,502.70564465563587,2016
Commercial Electricity,Lancashire Total,408.69057540414815,2017
Commercial Electricity,Lancashire Total,417.73086323313413,2018
Commercial Electricity,Lancashire Total,338.9434798331625,2019
Commercial Electricity,Lancashire Total,271.2446488516431,2020
Commercial Electricity,Lancashire Total,314.2743501535553,2021
Commercial Electricity,Lancashire Total,307.40994365222747,2022
Commercial Electricity,Lancashire Total,247.64304577899554,2023
Commercial Electricity,Lancaster,91.94588842667413,2005
Commercial Electricity,Lancaster,89.23847685606643,2006
Commercial Electricity,Lancaster,86.4745035680591,2007
Commercial Electricity,Lancaster,95.60063001333644,2008
Commercial Electricity,Lancaster,77.7408710127711,2009
Commercial Electricity,Lancaster,86.94518052696263,2010
Commercial Electricity,Lancaster,76.83424273909463,2011
Commercial Electricity,Lancaster,88.85140056928597,2012
Commercial Electricity,Lancaster,79.39745026666223,2013
Commercial Electricity,Lancaster,67.19516311591526,2014
Commercial Electricity,Lancaster,55.667884604716455,2015
Commercial Electricity,Lancaster,41.82380717048338,2016
Commercial Electricity,Lancaster,34.59994163393304,2017
Commercial Electricity,Lancaster,36.101751425945,2018
Commercial Electricity,Lancaster,31.032288678141956,2019
Commercial Electricity,Lancaster,23.595031391422637,2020
Commercial Electricity,Lancaster,28.715673248237003,2021
Commercial Electricity,Lancaster,28.193424808516017,2022
Commercial Electricity,Lancaster,23.489265470413468,2023
Commercial Electricity,North West Total,7038.120279516223,2005
Commercial Electricity,North West Total,7480.493286958533,2006
Commercial Electricity,North West Total,7116.9527415512675,2007
Commercial Electricity,North West Total,7120.978097855493,2008
Commercial Electricity,North West Total,5796.518563462809,2009
Commercial Electricity,North West Total,6206.822960939362,2010
Commercial Electricity,North West Total,5352.328520330731,2011
Commercial Electricity,North West Total,6258.321244545937,2012
Commercial Electricity,North West Total,5719.8317567983595,2013
Commercial Electricity,North West Total,4807.996437942528,2014
Commercial Electricity,North West Total,4115.3788540622445,2015
Commercial Electricity,North West Total,3250.4145461313183,2016
Commercial Electricity,North West Total,2555.4581389707855,2017
Commercial Electricity,North West Total,2693.8479210061278,2018
Commercial Electricity,North West Total,2308.051260012869,2019
Commercial Electricity,North West Total,1791.3035590891718,2020
Commercial Electricity,North West Total,2071.7666314823027,2021
Commercial Electricity,North West Total,2019.4586402515197,2022
Commercial Electricity,North West Total,1651.7958080661183,2023
Commercial Electricity,Pendle,65.82710324041369,2005
Commercial Electricity,Pendle,69.57276404783451,2006
Commercial Electricity,Pendle,64.77359935714982,2007
Commercial Electricity,Pendle,64.76767853587594,2008
Commercial Electricity,Pendle,53.87958133444454,2009
Commercial Electricity,Pendle,58.07556867317379,2010
Commercial Electricity,Pendle,48.706319085252105,2011
Commercial Electricity,Pendle,60.93954269014703,2012
Commercial Electricity,Pendle,56.236980849665436,2013
Commercial Electricity,Pendle,46.78875270162037,2014
Commercial Electricity,Pendle,37.21336727620652,2015
Commercial Electricity,Pendle,30.0401475704896,2016
Commercial Electricity,Pendle,23.956318416450195,2017
Commercial Electricity,Pendle,23.742695681850257,2018
Commercial Electricity,Pendle,21.50063277681275,2019
Commercial Electricity,Pendle,15.755354835003702,2020
Commercial Electricity,Pendle,17.509752512038517,2021
Commercial Electricity,Pendle,16.785870237573715,2022
Commercial Electricity,Pendle,13.878318433512902,2023
Commercial Electricity,Preston,169.67536796628858,2005
Commercial Electricity,Preston,177.89305103836494,2006
Commercial Electricity,Preston,172.56668495402636,2007
Commercial Electricity,Preston,176.38795548292416,2008
Commercial Electricity,Preston,131.14802626459917,2009
Commercial Electricity,Preston,155.1963482213614,2010
Commercial Electricity,Preston,135.98010192387616,2011
Commercial Electricity,Preston,152.660782934259,2012
Commercial Electricity,Preston,136.0837141856041,2013
Commercial Electricity,Preston,115.60231983738858,2014
Commercial Electricity,Preston,96.41665723835509,2015
Commercial Electricity,Preston,73.45705655010052,2016
Commercial Electricity,Preston,61.71530282129033,2017
Commercial Electricity,Preston,60.38856137093259,2018
Commercial Electricity,Preston,51.871235739528984,2019
Commercial Electricity,Preston,42.32879623461461,2020
Commercial Electricity,Preston,47.525355347206514,2021
Commercial Electricity,Preston,49.69463051734884,2022
Commercial Electricity,Preston,40.888977846958966,2023
Commercial Electricity,Ribble Valley,150.33920328169705,2005
Commercial Electricity,Ribble Valley,146.8552550256824,2006
Commercial Electricity,Ribble Valley,143.46518040678453,2007
Commercial Electricity,Ribble Valley,138.0000855695095,2008
Commercial Electricity,Ribble Valley,112.98519131395739,2009
Commercial Electricity,Ribble Valley,127.08920545381478,2010
Commercial Electricity,Ribble Valley,120.04297824680384,2011
Commercial Electricity,Ribble Valley,118.61577561659963,2012
Commercial Electricity,Ribble Valley,118.40272556706222,2013
Commercial Electricity,Ribble Valley,107.08190630373193,2014
Commercial Electricity,Ribble Valley,91.91035135955825,2015
Commercial Electricity,Ribble Valley,72.07613662218652,2016
Commercial Electricity,Ribble Valley,63.47886928295784,2017
Commercial Electricity,Ribble Valley,58.96831887611895,2018
Commercial Electricity,Ribble Valley,37.973393034787016,2019
Commercial Electricity,Ribble Valley,32.70065098845525,2020
Commercial Electricity,Ribble Valley,37.91438338161679,2021
Commercial Electricity,Ribble Valley,35.95880629470509,2022
Commercial Electricity,Ribble Valley,28.201725264097526,2023
Commercial Electricity,Rossendale,62.21713145470244,2005
Commercial Electricity,Rossendale,64.46407787774184,2006
Commercial Electricity,Rossendale,61.36918637849614,2007
Commercial Electricity,Rossendale,60.51711324017414,2008
Commercial Electricity,Rossendale,51.65916938891598,2009
Commercial Electricity,Rossendale,33.68691116842257,2010
Commercial Electricity,Rossendale,45.295875199215885,2011
Commercial Electricity,Rossendale,51.614315304505524,2012
Commercial Electricity,Rossendale,46.33308295785692,2013
Commercial Electricity,Rossendale,39.12088895458192,2014
Commercial Electricity,Rossendale,32.19383241669213,2015
Commercial Electricity,Rossendale,22.957518428975813,2016
Commercial Electricity,Rossendale,17.567646643549246,2017
Commercial Electricity,Rossendale,17.864295175722813,2018
Commercial Electricity,Rossendale,24.02335153552658,2019
Commercial Electricity,Rossendale,19.30205170287066,2020
Commercial Electricity,Rossendale,22.289482177242952,2021
Commercial Electricity,Rossendale,22.68397471771628,2022
Commercial Electricity,Rossendale,15.5641370908357,2023
Commercial Electricity,South Ribble,85.01489747769557,2005
Commercial Electricity,South Ribble,89.97791415561666,2006
Commercial Electricity,South Ribble,79.23023772709725,2007
Commercial Electricity,South Ribble,88.8721967592909,2008
Commercial Electricity,South Ribble,58.31680479013882,2009
Commercial Electricity,South Ribble,74.16913254556036,2010
Commercial Electricity,South Ribble,64.21373405471013,2011
Commercial Electricity,South Ribble,81.25983014319331,2012
Commercial Electricity,South Ribble,76.81387693922707,2013
Commercial Electricity,South Ribble,68.48921598974333,2014
Commercial Electricity,South Ribble,59.26079037965461,2015
Commercial Electricity,South Ribble,47.09385926300681,2016
Commercial Electricity,South Ribble,38.21456994030345,2017
Commercial Electricity,South Ribble,39.29178500564519,2018
Commercial Electricity,South Ribble,31.622240085019687,2019
Commercial Electricity,South Ribble,25.29800277170939,2020
Commercial Electricity,South Ribble,28.787756255058376,2021
Commercial Electricity,South Ribble,27.505981104878327,2022
Commercial Electricity,South Ribble,22.64310138440502,2023
Commercial Electricity,West Lancashire,73.27034557333596,2005
Commercial Electricity,West Lancashire,71.8628716633749,2006
Commercial Electricity,West Lancashire,69.2682612565762,2007
Commercial Electricity,West Lancashire,72.37531516704675,2008
Commercial Electricity,West Lancashire,58.58225732460561,2009
Commercial Electricity,West Lancashire,64.26400312307727,2010
Commercial Electricity,West Lancashire,50.45547566578008,2011
Commercial Electricity,West Lancashire,62.21542926549667,2012
Commercial Electricity,West Lancashire,59.10840380294922,2013
Commercial Electricity,West Lancashire,51.349777732994426,2014
Commercial Electricity,West Lancashire,45.15877628065822,2015
Commercial Electricity,West Lancashire,36.17074731990637,2016
Commercial Electricity,West Lancashire,27.49656573221085,2017
Commercial Electricity,West Lancashire,33.85138489931419,2018
Commercial Electricity,West Lancashire,26.587654096629986,2019
Commercial Electricity,West Lancashire,21.30286951841799,2020
Commercial Electricity,West Lancashire,24.128681776664894,2021
Commercial Electricity,West Lancashire,23.306843486259105,2022
Commercial Electricity,West Lancashire,18.340953305852448,2023
Commercial Electricity,Wyre,69.7526223385121,2005
Commercial Electricity,Wyre,82.77477656686992,2006
Commercial Electricity,Wyre,89.36437003311468,2007
Commercial Electricity,Wyre,78.99290397696814,2008
Commercial Electricity,Wyre,67.7942693498812,2009
Commercial Electricity,Wyre,78.38996433076416,2010
Commercial Electricity,Wyre,58.268370991992285,2011
Commercial Electricity,Wyre,77.84770767242878,2012
Commercial Electricity,Wyre,72.89296589398515,2013
Commercial Electricity,Wyre,63.86028544447928,2014
Commercial Electricity,Wyre,59.90033898173078,2015
Commercial Electricity,Wyre,48.3545550120745,2016
Commercial Electricity,Wyre,37.47685219677536,2017
Commercial Electricity,Wyre,38.51648658304241,2018
Commercial Electricity,Wyre,35.17598284563194,2019
Commercial Electricity,Wyre,29.100607737174894,2020
Commercial Electricity,Wyre,33.77270735751461,2021
Commercial Electricity,Wyre,32.01780696476252,2022
Commercial Electricity,Wyre,26.497603638879543,2023
Commercial Gas,Blackburn with Darwen,36.4612906766648,2005
Commercial Gas,Blackburn with Darwen,30.850497862375967,2006
Commercial Gas,Blackburn with Darwen,30.93855126011367,2007
Commercial Gas,Blackburn with Darwen,28.04930039055469,2008
Commercial Gas,Blackburn with Darwen,27.248792534088935,2009
Commercial Gas,Blackburn with Darwen,30.591559151391376,2010
Commercial Gas,Blackburn with Darwen,23.809215916625,2011
Commercial Gas,Blackburn with Darwen,16.981384220258903,2012
Commercial Gas,Blackburn with Darwen,20.303909649314225,2013
Commercial Gas,Blackburn with Darwen,16.215694520064503,2014
Commercial Gas,Blackburn with Darwen,16.782141075279664,2015
Commercial Gas,Blackburn with Darwen,17.98251885927373,2016
Commercial Gas,Blackburn with Darwen,19.26491125771498,2017
Commercial Gas,Blackburn with Darwen,21.96782766519197,2018
Commercial Gas,Blackburn with Darwen,27.29829324006713,2019
Commercial Gas,Blackburn with Darwen,25.636839132930458,2020
Commercial Gas,Blackburn with Darwen,31.712836245428132,2021
Commercial Gas,Blackburn with Darwen,26.854313304174223,2022
Commercial Gas,Blackburn with Darwen,24.811452863675918,2023
Commercial Gas,Blackpool,41.41088050331142,2005
Commercial Gas,Blackpool,38.46340897146577,2006
Commercial Gas,Blackpool,35.33732913060102,2007
Commercial Gas,Blackpool,35.785293366581996,2008
Commercial Gas,Blackpool,32.091397386891856,2009
Commercial Gas,Blackpool,36.931230719799096,2010
Commercial Gas,Blackpool,32.49434408650629,2011
Commercial Gas,Blackpool,37.07179303279092,2012
Commercial Gas,Blackpool,36.16548577998071,2013
Commercial Gas,Blackpool,30.275844677043548,2014
Commercial Gas,Blackpool,31.304527219509428,2015
Commercial Gas,Blackpool,32.412452254309734,2016
Commercial Gas,Blackpool,33.97068672301683,2017
Commercial Gas,Blackpool,42.17093538958892,2018
Commercial Gas,Blackpool,38.960299211074926,2019
Commercial Gas,Blackpool,31.39075492548917,2020
Commercial Gas,Blackpool,42.078294239134934,2021
Commercial Gas,Blackpool,36.68311995225098,2022
Commercial Gas,Blackpool,31.255025718182637,2023
Commercial Gas,Burnley,17.216770342879407,2005
Commercial Gas,Burnley,14.582227678542928,2006
Commercial Gas,Burnley,14.545360394533416,2007
Commercial Gas,Burnley,13.199939136076587,2008
Commercial Gas,Burnley,10.473251827996718,2009
Commercial Gas,Burnley,11.835638421946191,2010
Commercial Gas,Burnley,9.702395740897602,2011
Commercial Gas,Burnley,9.357945040772925,2012
Commercial Gas,Burnley,10.809586882757392,2013
Commercial Gas,Burnley,9.288761585872837,2014
Commercial Gas,Burnley,10.41006090657232,2015
Commercial Gas,Burnley,11.643249351370146,2016
Commercial Gas,Burnley,12.45911118510188,2017
Commercial Gas,Burnley,15.045731775055946,2018
Commercial Gas,Burnley,37.59967905364552,2019
Commercial Gas,Burnley,27.64034864995899,2020
Commercial Gas,Burnley,28.835612515883902,2021
Commercial Gas,Burnley,28.96923587438012,2022
Commercial Gas,Burnley,19.936214665212056,2023
Commercial Gas,Chorley,14.774128492138836,2005
Commercial Gas,Chorley,14.157618067661092,2006
Commercial Gas,Chorley,12.623176330684649,2007
Commercial Gas,Chorley,12.412800374828807,2008
Commercial Gas,Chorley,11.723041447691267,2009
Commercial Gas,Chorley,12.770721470568281,2010
Commercial Gas,Chorley,11.285725120613346,2011
Commercial Gas,Chorley,12.92664240335751,2012
Commercial Gas,Chorley,14.297955662999726,2013
Commercial Gas,Chorley,18.60955711039782,2014
Commercial Gas,Chorley,17.382535550262748,2015
Commercial Gas,Chorley,19.496309617659676,2016
Commercial Gas,Chorley,18.818973914726975,2017
Commercial Gas,Chorley,24.01971733581152,2018
Commercial Gas,Chorley,12.546853228591235,2019
Commercial Gas,Chorley,12.167671540097462,2020
Commercial Gas,Chorley,15.815350912111642,2021
Commercial Gas,Chorley,11.819567185572668,2022
Commercial Gas,Chorley,12.133830680102626,2023
Commercial Gas,England Total,11490.404011254857,2005
Commercial Gas,England Total,10477.886385893802,2006
Commercial Gas,England Total,9698.522482310553,2007
Commercial Gas,England Total,9776.350510125312,2008
Commercial Gas,England Total,8773.3971722615,2009
Commercial Gas,England Total,9987.115108664255,2010
Commercial Gas,England Total,8339.757605128723,2011
Commercial Gas,England Total,9158.914862280028,2012
Commercial Gas,England Total,9456.466814709207,2013
Commercial Gas,England Total,8353.503879032223,2014
Commercial Gas,England Total,8492.696483707472,2015
Commercial Gas,England Total,9850.844254448433,2016
Commercial Gas,England Total,8801.98666835899,2017
Commercial Gas,England Total,11242.541132513059,2018
Commercial Gas,England Total,10375.659411170416,2019
Commercial Gas,England Total,10162.665798856651,2020
Commercial Gas,England Total,11567.24018407537,2021
Commercial Gas,England Total,10640.161378022525,2022
Commercial Gas,England Total,9479.29692412229,2023
Commercial Gas,Fylde,28.19889271748688,2005
Commercial Gas,Fylde,28.26545333760025,2006
Commercial Gas,Fylde,22.02605021108361,2007
Commercial Gas,Fylde,24.131656121194798,2008
Commercial Gas,Fylde,27.741520495715797,2009
Commercial Gas,Fylde,34.41250468365861,2010
Commercial Gas,Fylde,27.664394865764965,2011
Commercial Gas,Fylde,11.403814019862224,2012
Commercial Gas,Fylde,11.267643661307762,2013
Commercial Gas,Fylde,8.55098332517581,2014
Commercial Gas,Fylde,9.145567956341566,2015
Commercial Gas,Fylde,11.176180224400806,2016
Commercial Gas,Fylde,9.43486806834423,2017
Commercial Gas,Fylde,18.4386845717097,2018
Commercial Gas,Fylde,17.203305217715403,2019
Commercial Gas,Fylde,16.273998109395848,2020
Commercial Gas,Fylde,11.31810091513919,2021
Commercial Gas,Fylde,8.488084260833233,2022
Commercial Gas,Fylde,4.276579865118966,2023
Commercial Gas,Hyndburn,9.270763327808362,2005
Commercial Gas,Hyndburn,8.19844056990692,2006
Commercial Gas,Hyndburn,7.159320577908261,2007
Commercial Gas,Hyndburn,7.7251209968452805,2008
Commercial Gas,Hyndburn,6.534352655388435,2009
Commercial Gas,Hyndburn,7.19122043544528,2010
Commercial Gas,Hyndburn,5.665870497600054,2011
Commercial Gas,Hyndburn,5.933845246896147,2012
Commercial Gas,Hyndburn,5.285804049168684,2013
Commercial Gas,Hyndburn,5.222929971316421,2014
Commercial Gas,Hyndburn,5.660857357460039,2015
Commercial Gas,Hyndburn,7.077608579485714,2016
Commercial Gas,Hyndburn,7.774957079195057,2017
Commercial Gas,Hyndburn,11.233235968354226,2018
Commercial Gas,Hyndburn,14.92857889853048,2019
Commercial Gas,Hyndburn,15.044047072846206,2020
Commercial Gas,Hyndburn,19.64912193804077,2021
Commercial Gas,Hyndburn,23.447111118526795,2022
Commercial Gas,Hyndburn,18.154369052751672,2023
Commercial Gas,Lancashire Total,205.06813542244467,2005
Commercial Gas,Lancashire Total,185.95658577751203,2006
Commercial Gas,Lancashire Total,167.83292374465805,2007
Commercial Gas,Lancashire Total,163.49680371601607,2008
Commercial Gas,Lancashire Total,156.2107075436679,2009
Commercial Gas,Lancashire Total,182.00349076136925,2010
Commercial Gas,Lancashire Total,154.53030295834688,2011
Commercial Gas,Lancashire Total,149.89545235460594,2012
Commercial Gas,Lancashire Total,155.14559208757913,2013
Commercial Gas,Lancashire Total,137.34987843023563,2014
Commercial Gas,Lancashire Total,141.9724816409048,2015
Commercial Gas,Lancashire Total,158.24416537218198,2016
Commercial Gas,Lancashire Total,190.4152364608953,2017
Commercial Gas,Lancashire Total,240.9991991250459,2018
Commercial Gas,Lancashire Total,248.0006936428042,2019
Commercial Gas,Lancashire Total,228.2703892229483,2020
Commercial Gas,Lancashire Total,251.7696291918144,2021
Commercial Gas,Lancashire Total,221.95864222087192,2022
Commercial Gas,Lancashire Total,174.7600714972628,2023
Commercial Gas,Lancaster,17.583597524886834,2005
Commercial Gas,Lancaster,16.01506397292489,2006
Commercial Gas,Lancaster,14.716303955559804,2007
Commercial Gas,Lancaster,14.63151205781379,2008
Commercial Gas,Lancaster,13.923582800657247,2009
Commercial Gas,Lancaster,14.323091543160764,2010
Commercial Gas,Lancaster,12.131985549817054,2011
Commercial Gas,Lancaster,13.758952824704547,2012
Commercial Gas,Lancaster,15.013357182668774,2013
Commercial Gas,Lancaster,13.02925580741005,2014
Commercial Gas,Lancaster,12.098397616873726,2015
Commercial Gas,Lancaster,13.391435246575721,2016
Commercial Gas,Lancaster,10.602721293401979,2017
Commercial Gas,Lancaster,13.319728255240431,2018
Commercial Gas,Lancaster,15.899995856133584,2019
Commercial Gas,Lancaster,15.136015123574243,2020
Commercial Gas,Lancaster,19.098489060155313,2021
Commercial Gas,Lancaster,15.998639516816581,2022
Commercial Gas,Lancaster,10.345476765606431,2023
Commercial Gas,North West Total,1456.647395206638,2005
Commercial Gas,North West Total,1328.1796663343268,2006
Commercial Gas,North West Total,1240.4474523165031,2007
Commercial Gas,North West Total,1217.6077465839303,2008
Commercial Gas,North West Total,1137.7051233631491,2009
Commercial Gas,North West Total,1297.9724651091408,2010
Commercial Gas,North West Total,1108.365110936161,2011
Commercial Gas,North West Total,1212.3648997750215,2012
Commercial Gas,North West Total,1256.6770471685916,2013
Commercial Gas,North West Total,1114.1441648883483,2014
Commercial Gas,North West Total,1145.3515797885084,2015
Commercial Gas,North West Total,1222.0598324260613,2016
Commercial Gas,North West Total,1168.8495685326957,2017
Commercial Gas,North West Total,1503.8396223358066,2018
Commercial Gas,North West Total,1484.1306552562714,2019
Commercial Gas,North West Total,1462.7735561550357,2020
Commercial Gas,North West Total,1638.7790125762822,2021
Commercial Gas,North West Total,1501.2665565597017,2022
Commercial Gas,North West Total,1281.7916187711164,2023
Commercial Gas,Pendle,8.422459353862857,2005
Commercial Gas,Pendle,8.134311651365259,2006
Commercial Gas,Pendle,7.661572130216227,2007
Commercial Gas,Pendle,6.870568074467721,2008
Commercial Gas,Pendle,6.434103264505263,2009
Commercial Gas,Pendle,7.676809362837225,2010
Commercial Gas,Pendle,6.228992816365914,2011
Commercial Gas,Pendle,7.3676526674361105,2012
Commercial Gas,Pendle,7.451437508799582,2013
Commercial Gas,Pendle,6.124469457769969,2014
Commercial Gas,Pendle,6.2152959128715475,2015
Commercial Gas,Pendle,7.231727537581057,2016
Commercial Gas,Pendle,7.158465955607932,2017
Commercial Gas,Pendle,8.593020243697444,2018
Commercial Gas,Pendle,8.716965076300486,2019
Commercial Gas,Pendle,7.023141922609258,2020
Commercial Gas,Pendle,12.615155333469218,2021
Commercial Gas,Pendle,15.318664626622844,2022
Commercial Gas,Pendle,13.596822956560764,2023
Commercial Gas,Preston,42.261124036206475,2005
Commercial Gas,Preston,29.03191395602679,2006
Commercial Gas,Preston,28.11591866989607,2007
Commercial Gas,Preston,28.19354432220149,2008
Commercial Gas,Preston,27.16983083082608,2009
Commercial Gas,Preston,32.49362644285361,2010
Commercial Gas,Preston,28.225652440758594,2011
Commercial Gas,Preston,31.963179107532067,2012
Commercial Gas,Preston,31.27024313639772,2013
Commercial Gas,Preston,25.959797352229344,2014
Commercial Gas,Preston,27.982227521957917,2015
Commercial Gas,Preston,29.481669755978064,2016
Commercial Gas,Preston,33.965477954795865,2017
Commercial Gas,Preston,36.21204655358993,2018
Commercial Gas,Preston,36.4364787846832,2019
Commercial Gas,Preston,53.90104921419514,2020
Commercial Gas,Preston,46.45021806676555,2021
Commercial Gas,Preston,40.39175788153431,2022
Commercial Gas,Preston,44.04708898817485,2023
Commercial Gas,Ribble Valley,6.32803001318928,2005
Commercial Gas,Ribble Valley,5.93125957061486,2006
Commercial Gas,Ribble Valley,4.3511899174576065,2007
Commercial Gas,Ribble Valley,4.41699365637908,2008
Commercial Gas,Ribble Valley,4.181334508577146,2009
Commercial Gas,Ribble Valley,6.492075905756492,2010
Commercial Gas,Ribble Valley,5.7389388952361715,2011
Commercial Gas,Ribble Valley,4.514609764021855,2012
Commercial Gas,Ribble Valley,5.554971939996871,2013
Commercial Gas,Ribble Valley,4.531732339150594,2014
Commercial Gas,Ribble Valley,4.236321229302031,2015
Commercial Gas,Ribble Valley,7.045592256744777,2016
Commercial Gas,Ribble Valley,8.221062637610387,2017
Commercial Gas,Ribble Valley,8.113205462033232,2018
Commercial Gas,Ribble Valley,3.9998901171577246,2019
Commercial Gas,Ribble Valley,4.130887331488081,2020
Commercial Gas,Ribble Valley,4.4425448990677285,2021
Commercial Gas,Ribble Valley,3.7769053437851716,2022
Commercial Gas,Ribble Valley,4.854033753495626,2023
Commercial Gas,Rossendale,8.163990723258037,2005
Commercial Gas,Rossendale,7.874382852619376,2006
Commercial Gas,Rossendale,6.2553363503579655,2007
Commercial Gas,Rossendale,6.116783421433807,2008
Commercial Gas,Rossendale,5.584701739453658,2009
Commercial Gas,Rossendale,6.5194824151790876,2010
Commercial Gas,Rossendale,5.468783601589715,2011
Commercial Gas,Rossendale,5.7760038239619425,2012
Commercial Gas,Rossendale,5.824466436427235,2013
Commercial Gas,Rossendale,4.872288775152051,2014
Commercial Gas,Rossendale,4.86613322847505,2015
Commercial Gas,Rossendale,5.417164550362326,2016
Commercial Gas,Rossendale,5.567064672217915,2017
Commercial Gas,Rossendale,7.486066174744961,2018
Commercial Gas,Rossendale,7.137159666712272,2019
Commercial Gas,Rossendale,7.948073807987567,2020
Commercial Gas,Rossendale,11.526383604925876,2021
Commercial Gas,Rossendale,5.907677360074165,2022
Commercial Gas,Rossendale,4.521696209240571,2023
Commercial Gas,South Ribble,29.698085842258763,2005
Commercial Gas,South Ribble,30.47985805693101,2006
Commercial Gas,South Ribble,29.33275277789901,2007
Commercial Gas,South Ribble,25.414240337595494,2008
Commercial Gas,South Ribble,22.62108689116103,2009
Commercial Gas,South Ribble,25.301470378336425,2010
Commercial Gas,South Ribble,21.73749040628655,2011
Commercial Gas,South Ribble,24.815160061515765,2012
Commercial Gas,South Ribble,25.739588480249285,2013
Commercial Gas,South Ribble,21.905028803986372,2014
Commercial Gas,South Ribble,22.807175368308684,2015
Commercial Gas,South Ribble,23.360512919769562,2016
Commercial Gas,South Ribble,28.129524516339316,2017
Commercial Gas,South Ribble,25.392905047373972,2018
Commercial Gas,South Ribble,13.507401161606928,2019
Commercial Gas,South Ribble,13.632964541983469,2020
Commercial Gas,South Ribble,14.771869161983616,2021
Commercial Gas,South Ribble,12.581714399325055,2022
Commercial Gas,South Ribble,11.695459006505775,2023
Commercial Gas,West Lancashire,14.754387289995355,2005
Commercial Gas,West Lancashire,13.590144673947945,2006
Commercial Gas,West Lancashire,12.185847031867466,2007
Commercial Gas,West Lancashire,11.209035545265088,2008
Commercial Gas,West Lancashire,11.088770775083923,2009
Commercial Gas,West Lancashire,13.41721034865124,2010
Commercial Gas,West Lancashire,12.60803128915657,2011
Commercial Gas,West Lancashire,12.634477526240053,2012
Commercial Gas,West Lancashire,13.032396720547624,2013
Commercial Gas,West Lancashire,10.981238813971606,2014
Commercial Gas,West Lancashire,12.265295197190555,2015
Commercial Gas,West Lancashire,12.81847513555493,2016
Commercial Gas,West Lancashire,33.738726155089864,2017
Commercial Gas,West Lancashire,49.777289695458535,2018
Commercial Gas,West Lancashire,55.747752848356114,2019
Commercial Gas,West Lancashire,31.72251606300174,2020
Commercial Gas,West Lancashire,36.658255907831915,2021
Commercial Gas,West Lancashire,29.991463420929612,2022
Commercial Gas,West Lancashire,14.143330518143342,2023
Commercial Gas,Wyre,8.395905758473578,2005
Commercial Gas,Wyre,9.69591138937073,2006
Commercial Gas,Wyre,8.860095397193973,2007
Commercial Gas,Wyre,9.174609671914126,2008
Commercial Gas,Wyre,8.735130306611284,2009
Commercial Gas,Wyre,9.569639352976036,2010
Commercial Gas,Wyre,8.072041734260328,2011
Commercial Gas,Wyre,9.443169868304771,2012
Commercial Gas,Wyre,9.598140426258448,2013
Commercial Gas,Wyre,8.273835087802757,2014
Commercial Gas,Wyre,8.902613795288612,2015
Commercial Gas,Wyre,10.104240196699184,2016
Commercial Gas,Wyre,14.544283028463902,2017
Commercial Gas,Wyre,23.367568041976,2018
Commercial Gas,Wyre,24.27663373337127,2019
Commercial Gas,Wyre,23.649675845810304,2020
Commercial Gas,Wyre,30.588526876439655,2021
Commercial Gas,Wyre,25.267821232471356,2022
Commercial Gas,Wyre,17.05516903635013,2023
Commercial 'Other',Blackburn with Darwen,6.165557641268373,2005
Commercial 'Other',Blackburn with Darwen,6.201544092443879,2006
Commercial 'Other',Blackburn with Darwen,5.680826554317387,2007
Commercial 'Other',Blackburn with Darwen,5.77613378608914,2008
Commercial 'Other',Blackburn with Darwen,5.852072105913893,2009
Commercial 'Other',Blackburn with Darwen,5.258443821090419,2010
Commercial 'Other',Blackburn with Darwen,4.1878051021157034,2011
Commercial 'Other',Blackburn with Darwen,4.797127146391348,2012
Commercial 'Other',Blackburn with Darwen,4.449967947894768,2013
Commercial 'Other',Blackburn with Darwen,4.815780032712981,2014
Commercial 'Other',Blackburn with Darwen,2.859187271895148,2015
Commercial 'Other',Blackburn with Darwen,3.025625726836993,2016
Commercial 'Other',Blackburn with Darwen,2.2384374765529484,2017
Commercial 'Other',Blackburn with Darwen,5.468411893244824,2018
Commercial 'Other',Blackburn with Darwen,3.8122750248364037,2019
Commercial 'Other',Blackburn with Darwen,5.021986703926586,2020
Commercial 'Other',Blackburn with Darwen,4.62978009526933,2021
Commercial 'Other',Blackburn with Darwen,4.967197492638437,2022
Commercial 'Other',Blackburn with Darwen,4.417772707956483,2023
Commercial 'Other',Blackpool,2.9248184213892903,2005
Commercial 'Other',Blackpool,2.9221093196262853,2006
Commercial 'Other',Blackpool,2.67281356673784,2007
Commercial 'Other',Blackpool,2.8433438657414554,2008
Commercial 'Other',Blackpool,2.9846311151747327,2009
Commercial 'Other',Blackpool,2.559561411781924,2010
Commercial 'Other',Blackpool,2.102664914154659,2011
Commercial 'Other',Blackpool,2.373368728010264,2012
Commercial 'Other',Blackpool,2.0793882062112674,2013
Commercial 'Other',Blackpool,2.423657347765997,2014
Commercial 'Other',Blackpool,3.4999362085447223,2015
Commercial 'Other',Blackpool,3.4721498103584763,2016
Commercial 'Other',Blackpool,2.7375778616685613,2017
Commercial 'Other',Blackpool,6.608912986441218,2018
Commercial 'Other',Blackpool,4.739274265878941,2019
Commercial 'Other',Blackpool,6.427252866184829,2020
Commercial 'Other',Blackpool,6.166977175160496,2021
Commercial 'Other',Blackpool,6.089294156081674,2022
Commercial 'Other',Blackpool,5.679268077825292,2023
Commercial 'Other',Burnley,4.396398141529488,2005
Commercial 'Other',Burnley,4.413640761555006,2006
Commercial 'Other',Burnley,4.045992708540172,2007
Commercial 'Other',Burnley,4.101976186329337,2008
Commercial 'Other',Burnley,4.103643934099531,2009
Commercial 'Other',Burnley,3.7430507256285477,2010
Commercial 'Other',Burnley,3.0013929142858684,2011
Commercial 'Other',Burnley,3.4214571543599845,2012
Commercial 'Other',Burnley,3.1769666913966654,2013
Commercial 'Other',Burnley,3.4278530249636816,2014
Commercial 'Other',Burnley,2.034540663378031,2015
Commercial 'Other',Burnley,2.1309634637445494,2016
Commercial 'Other',Burnley,1.6217442030084812,2017
Commercial 'Other',Burnley,3.892902986061924,2018
Commercial 'Other',Burnley,3.34483604731458,2019
Commercial 'Other',Burnley,4.496603987065199,2020
Commercial 'Other',Burnley,4.2099458114957065,2021
Commercial 'Other',Burnley,4.65422577375786,2022
Commercial 'Other',Burnley,4.088133452178019,2023
Commercial 'Other',Chorley,3.581416018527775,2005
Commercial 'Other',Chorley,3.599837411377287,2006
Commercial 'Other',Chorley,3.2984807204360744,2007
Commercial 'Other',Chorley,3.38985687027801,2008
Commercial 'Other',Chorley,3.455035100697267,2009
Commercial 'Other',Chorley,3.094492053109896,2010
Commercial 'Other',Chorley,2.45285560592074,2011
Commercial 'Other',Chorley,2.813378236885202,2012
Commercial 'Other',Chorley,2.566538388346859,2013
Commercial 'Other',Chorley,2.856952000646775,2014
Commercial 'Other',Chorley,2.0721688554973423,2015
Commercial 'Other',Chorley,2.1623787141357975,2016
Commercial 'Other',Chorley,1.6161100368907575,2017
Commercial 'Other',Chorley,3.9509506430696257,2018
Commercial 'Other',Chorley,2.8469458154364053,2019
Commercial 'Other',Chorley,3.797858369452382,2020
Commercial 'Other',Chorley,3.5660487968005916,2021
Commercial 'Other',Chorley,3.882972844411627,2022
Commercial 'Other',Chorley,3.5659662777237484,2023
Commercial 'Other',England Total,2454.1015642571565,2005
Commercial 'Other',England Total,2500.162395375618,2006
Commercial 'Other',England Total,2289.5094644068176,2007
Commercial 'Other',England Total,2359.5270985572706,2008
Commercial 'Other',England Total,2455.908153334944,2009
Commercial 'Other',England Total,2187.0009975152866,2010
Commercial 'Other',England Total,1684.5793796059693,2011
Commercial 'Other',England Total,1893.29746284467,2012
Commercial 'Other',England Total,1729.3284312419382,2013
Commercial 'Other',England Total,2012.9092478914242,2014
Commercial 'Other',England Total,1278.1974536790453,2015
Commercial 'Other',England Total,1339.6479061791756,2016
Commercial 'Other',England Total,988.1076356546134,2017
Commercial 'Other',England Total,2475.333832132819,2018
Commercial 'Other',England Total,1881.1175787132904,2019
Commercial 'Other',England Total,2455.6653392815238,2020
Commercial 'Other',England Total,2247.8576941355886,2021
Commercial 'Other',England Total,2295.9118257221407,2022
Commercial 'Other',England Total,2217.6525499431846,2023
Commercial 'Other',Fylde,2.9024150240169577,2005
Commercial 'Other',Fylde,3.1333556232234643,2006
Commercial 'Other',Fylde,2.8598172671104014,2007
Commercial 'Other',Fylde,2.9809628113874704,2008
Commercial 'Other',Fylde,3.067211149136812,2009
Commercial 'Other',Fylde,2.745159562536826,2010
Commercial 'Other',Fylde,2.16952720437672,2011
Commercial 'Other',Fylde,2.474623490099637,2012
Commercial 'Other',Fylde,2.0995353323767354,2013
Commercial 'Other',Fylde,2.3619798803013965,2014
Commercial 'Other',Fylde,2.1318943594652473,2015
Commercial 'Other',Fylde,2.150238099788198,2016
Commercial 'Other',Fylde,1.6035233928658295,2017
Commercial 'Other',Fylde,4.132108237056065,2018
Commercial 'Other',Fylde,2.8718730454431793,2019
Commercial 'Other',Fylde,3.893012335954351,2020
Commercial 'Other',Fylde,3.724447740406259,2021
Commercial 'Other',Fylde,3.8280308966390937,2022
Commercial 'Other',Fylde,3.4300044849046203,2023
Commercial 'Other',Hyndburn,3.8959827775017644,2005
Commercial 'Other',Hyndburn,3.951824518112193,2006
Commercial 'Other',Hyndburn,3.6218204028406897,2007
Commercial 'Other',Hyndburn,3.666858973741354,2008
Commercial 'Other',Hyndburn,3.6806887957755223,2009
Commercial 'Other',Hyndburn,3.347769165414799,2010
Commercial 'Other',Hyndburn,2.676918193799239,2011
Commercial 'Other',Hyndburn,3.0442163075728628,2012
Commercial 'Other',Hyndburn,2.802990827119903,2013
Commercial 'Other',Hyndburn,2.9934239229260506,2014
Commercial 'Other',Hyndburn,1.5937497924454158,2015
Commercial 'Other',Hyndburn,1.6620713284400765,2016
Commercial 'Other',Hyndburn,1.2971803766241554,2017
Commercial 'Other',Hyndburn,3.0144792879896993,2018
Commercial 'Other',Hyndburn,2.0509353183973036,2019
Commercial 'Other',Hyndburn,2.6796544533111724,2020
Commercial 'Other',Hyndburn,2.44091517255988,2021
Commercial 'Other',Hyndburn,2.4469036184216852,2022
Commercial 'Other',Hyndburn,2.203188082766763,2023
Commercial 'Other',Lancashire Total,48.35576745964346,2005
Commercial 'Other',Lancashire Total,49.43533048111688,2006
Commercial 'Other',Lancashire Total,45.259264383656834,2007
Commercial 'Other',Lancashire Total,46.34897934115784,2008
Commercial 'Other',Lancashire Total,46.941346154762,2009
Commercial 'Other',Lancashire Total,42.21138295300667,2010
Commercial 'Other',Lancashire Total,33.797335645620166,2011
Commercial 'Other',Lancashire Total,38.538954521771544,2012
Commercial 'Other',Lancashire Total,34.917541890891705,2013
Commercial 'Other',Lancashire Total,38.12353190824272,2014
Commercial 'Other',Lancashire Total,25.99793530266895,2015
Commercial 'Other',Lancashire Total,26.81080284029927,2016
Commercial 'Other',Lancashire Total,20.45857272660717,2017
Commercial 'Other',Lancashire Total,51.07020866722657,2018
Commercial 'Other',Lancashire Total,37.24624604462411,2019
Commercial 'Other',Lancashire Total,49.59134205101864,2020
Commercial 'Other',Lancashire Total,46.45650596923554,2021
Commercial 'Other',Lancashire Total,47.30327786880603,2022
Commercial 'Other',Lancashire Total,42.258477176868794,2023
Commercial 'Other',Lancaster,3.6082977365381588,2005
Commercial 'Other',Lancaster,3.6394506319974673,2006
Commercial 'Other',Lancaster,3.329390890762608,2007
Commercial 'Other',Lancaster,3.4529043460997206,2008
Commercial 'Other',Lancaster,3.5729273069751404,2009
Commercial 'Other',Lancaster,3.146571560936871,2010
Commercial 'Other',Lancaster,2.514328684278279,2011
Commercial 'Other',Lancaster,2.864545504464946,2012
Commercial 'Other',Lancaster,2.606500030331458,2013
Commercial 'Other',Lancaster,2.905947938558067,2014
Commercial 'Other',Lancaster,2.4240568871301695,2015
Commercial 'Other',Lancaster,2.4714986730393225,2016
Commercial 'Other',Lancaster,1.8528518058089174,2017
Commercial 'Other',Lancaster,4.589971960553785,2018
Commercial 'Other',Lancaster,3.2508397570920824,2019
Commercial 'Other',Lancaster,4.277158367614101,2020
Commercial 'Other',Lancaster,4.008675283544315,2021
Commercial 'Other',Lancaster,4.07832814169116,2022
Commercial 'Other',Lancaster,3.772884844579579,2023
Commercial 'Other',North West Total,311.7606433975196,2005
Commercial 'Other',North West Total,314.81410532419244,2006
Commercial 'Other',North West Total,288.3196078276006,2007
Commercial 'Other',North West Total,295.47152931716846,2008
Commercial 'Other',North West Total,300.4304104880714,2009
Commercial 'Other',North West Total,268.5311040484387,2010
Commercial 'Other',North West Total,213.91894939784643,2011
Commercial 'Other',North West Total,244.83382344100596,2012
Commercial 'Other',North West Total,224.7227421604496,2013
Commercial 'Other',North West Total,246.30142273888507,2014
Commercial 'Other',North West Total,165.2348123746086,2015
Commercial 'Other',North West Total,172.36016375174054,2016
Commercial 'Other',North West Total,129.74258360798345,2017
Commercial 'Other',North West Total,325.80988160698604,2018
Commercial 'Other',North West Total,244.08616005961835,2019
Commercial 'Other',North West Total,320.18030157739776,2020
Commercial 'Other',North West Total,294.84293370350144,2021
Commercial 'Other',North West Total,300.5495735582996,2022
Commercial 'Other',North West Total,278.36836771669647,2023
Commercial 'Other',Pendle,3.2965091463842384,2005
Commercial 'Other',Pendle,3.3063118415176276,2006
Commercial 'Other',Pendle,3.029958002793302,2007
Commercial 'Other',Pendle,3.0959365511062193,2008
Commercial 'Other',Pendle,3.10656212854877,2009
Commercial 'Other',Pendle,2.8182821165592276,2010
Commercial 'Other',Pendle,2.2657988192145053,2011
Commercial 'Other',Pendle,2.577384407361106,2012
Commercial 'Other',Pendle,2.368173921822548,2013
Commercial 'Other',Pendle,2.590625906020147,2014
Commercial 'Other',Pendle,1.7595928749310261,2015
Commercial 'Other',Pendle,1.8049180851381645,2016
Commercial 'Other',Pendle,1.4018054589895277,2017
Commercial 'Other',Pendle,3.5668386201851616,2018
Commercial 'Other',Pendle,2.5557318821891157,2019
Commercial 'Other',Pendle,3.32737175395366,2020
Commercial 'Other',Pendle,3.0268288209818284,2021
Commercial 'Other',Pendle,2.9218468771621358,2022
Commercial 'Other',Pendle,2.6079142736967587,2023
Commercial 'Other',Preston,8.450659680208044,2005
Commercial 'Other',Preston,8.47980803708894,2006
Commercial 'Other',Preston,7.770646937272653,2007
Commercial 'Other',Preston,7.894021322209434,2008
Commercial 'Other',Preston,8.001599696432557,2009
Commercial 'Other',Preston,7.17818292568535,2010
Commercial 'Other',Preston,5.791604414785813,2011
Commercial 'Other',Preston,6.589629006912677,2012
Commercial 'Other',Preston,6.130864203430014,2013
Commercial 'Other',Preston,6.572673296602634,2014
Commercial 'Other',Preston,3.7642494549684105,2015
Commercial 'Other',Preston,3.9178566168253606,2016
Commercial 'Other',Preston,2.9726093770031463,2017
Commercial 'Other',Preston,7.657442281420862,2018
Commercial 'Other',Preston,5.608944977778099,2019
Commercial 'Other',Preston,7.525325189544398,2020
Commercial 'Other',Preston,7.064436174208074,2021
Commercial 'Other',Preston,7.1069564769321785,2022
Commercial 'Other',Preston,6.003127632918407,2023
Commercial 'Other',Ribble Valley,2.167367107276558,2005
Commercial 'Other',Ribble Valley,2.177957873787001,2006
Commercial 'Other',Ribble Valley,1.9921903731400228,2007
Commercial 'Other',Ribble Valley,2.0986772880354367,2008
Commercial 'Other',Ribble Valley,2.1654638020987322,2009
Commercial 'Other',Ribble Valley,1.8954710635040224,2010
Commercial 'Other',Ribble Valley,1.5459248937865822,2011
Commercial 'Other',Ribble Valley,1.7475264908433485,2012
Commercial 'Other',Ribble Valley,1.559301323046599,2013
Commercial 'Other',Ribble Valley,1.7634556671623802,2014
Commercial 'Other',Ribble Valley,1.9623521636931396,2015
Commercial 'Other',Ribble Valley,1.9451645837834006,2016
Commercial 'Other',Ribble Valley,1.5228954214000976,2017
Commercial 'Other',Ribble Valley,3.5424424981216984,2018
Commercial 'Other',Ribble Valley,2.60507691345087,2019
Commercial 'Other',Ribble Valley,3.282647302816357,2020
Commercial 'Other',Ribble Valley,3.003641671596444,2021
Commercial 'Other',Ribble Valley,3.0741427123130562,2022
Commercial 'Other',Ribble Valley,2.915111978735395,2023
Commercial 'Other',Rossendale,3.2284692546347924,2005
Commercial 'Other',Rossendale,3.248237445104559,2006
Commercial 'Other',Rossendale,2.9779211111153097,2007
Commercial 'Other',Rossendale,3.017175656663838,2008
Commercial 'Other',Rossendale,2.990576415821018,2009
Commercial 'Other',Rossendale,2.740432336521696,2010
Commercial 'Other',Rossendale,2.1827445796376543,2011
Commercial 'Other',Rossendale,2.5005472748702116,2012
Commercial 'Other',Rossendale,2.3374302629019894,2013
Commercial 'Other',Rossendale,2.5115313070575565,2014
Commercial 'Other',Rossendale,1.327033372212039,2015
Commercial 'Other',Rossendale,1.4173224428717641,2016
Commercial 'Other',Rossendale,1.0764383975875267,2017
Commercial 'Other',Rossendale,2.601665065826332,2018
Commercial 'Other',Rossendale,1.6697174370618222,2019
Commercial 'Other',Rossendale,2.1990175037484585,2020
Commercial 'Other',Rossendale,2.0164626848180514,2021
Commercial 'Other',Rossendale,2.2026511597303813,2022
Commercial 'Other',Rossendale,1.96432202002855,2023
Commercial 'Other',South Ribble,4.721205686594351,2005
Commercial 'Other',South Ribble,5.204452543777684,2006
Commercial 'Other',South Ribble,4.752742121076092,2007
Commercial 'Other',South Ribble,4.839934540501529,2008
Commercial 'Other',South Ribble,4.8829524812880996,2009
Commercial 'Other',South Ribble,4.423111323961905,2010
Commercial 'Other',South Ribble,3.503552383615566,2011
Commercial 'Other',South Ribble,4.019815596905832,2012
Commercial 'Other',South Ribble,3.424340313389376,2013
Commercial 'Other',South Ribble,3.718636101351444,2014
Commercial 'Other',South Ribble,1.9697391251871403,2015
Commercial 'Other',South Ribble,2.075644874669274,2016
Commercial 'Other',South Ribble,1.583028389969155,2017
Commercial 'Other',South Ribble,3.743954598544195,2018
Commercial 'Other',South Ribble,2.9801835267564365,2019
Commercial 'Other',South Ribble,3.964750688220866,2020
Commercial 'Other',South Ribble,3.6899015497671197,2021
Commercial 'Other',South Ribble,3.690980507486121,2022
Commercial 'Other',South Ribble,3.1709238961490795,2023
Commercial 'Other',West Lancashire,5.2788732294646055,2005
Commercial 'Other',West Lancashire,5.4418367035920445,2006
Commercial 'Other',West Lancashire,4.979888958825817,2007
Commercial 'Other',West Lancashire,5.135782716476274,2008
Commercial 'Other',West Lancashire,5.206501160400387,2009
Commercial 'Other',West Lancashire,4.651730076654119,2010
Commercial 'Other',West Lancashire,3.7320163052779716,2011
Commercial 'Other',West Lancashire,4.267110144636437,2012
Commercial 'Other',West Lancashire,3.8153226728790166,2013
Commercial 'Other',West Lancashire,4.185356117423685,2014
Commercial 'Other',West Lancashire,3.131965829111139,2015
Commercial 'Other',West Lancashire,3.2155875141227135,2016
Commercial 'Other',West Lancashire,2.4836200822145207,2017
Commercial 'Other',West Lancashire,6.695676768337398,2018
Commercial 'Other',West Lancashire,4.835168738154258,2019
Commercial 'Other',West Lancashire,6.575411238700126,2020
Commercial 'Other',West Lancashire,6.286303665194953,2021
Commercial 'Other',West Lancashire,6.060228451778798,2022
Commercial 'Other',West Lancashire,5.560723734037384,2023
Commercial 'Other',Wyre,2.8281736569667184,2005
Commercial 'Other',Wyre,2.838617089983604,2006
Commercial 'Other',Wyre,2.600414889743696,2007
Commercial 'Other',Wyre,2.674892078329225,2008
Commercial 'Other',Wyre,2.708184183488165,2009
Commercial 'Other',Wyre,2.4271300424934115,2010
Commercial 'Other',Wyre,1.960671646641225,2011
Commercial 'Other',Wyre,2.218720906859305,2012
Commercial 'Other',Wyre,2.029577923850543,2013
Commercial 'Other',Wyre,2.2350967452289003,2014
Commercial 'Other',Wyre,1.8265919246498512,2015
Commercial 'Other',Wyre,1.8571584437406523,2016
Commercial 'Other',Wyre,1.4267657842450558,2017
Commercial 'Other',Wyre,3.681775720059818,2018
Commercial 'Other',Wyre,2.6259925855499557,2019
Commercial 'Other',Wyre,3.5725308606375727,2020
Commercial 'Other',Wyre,3.4188985978623245,2021
Commercial 'Other',Wyre,3.3560104084819304,2022
Commercial 'Other',Wyre,2.9761764991504918,2023
Commercial Total,Blackburn with Darwen,163.4236425778418,2005
Commercial Total,Blackburn with Darwen,164.29305560795356,2006
Commercial Total,Blackburn with Darwen,149.5406470711443,2007
Commercial Total,Blackburn with Darwen,147.33283784153258,2008
Commercial Total,Blackburn with Darwen,117.92415023773962,2009
Commercial Total,Blackburn with Darwen,131.16411077484472,2010
Commercial Total,Blackburn with Darwen,109.90031204403869,2011
Commercial Total,Blackburn with Darwen,113.57251913609666,2012
Commercial Total,Blackburn with Darwen,102.82487467102577,2013
Commercial Total,Blackburn with Darwen,86.99648682546083,2014
Commercial Total,Blackburn with Darwen,76.6995272012192,2015
Commercial Total,Blackburn with Darwen,66.12987928792944,2016
Commercial Total,Blackburn with Darwen,55.93941456414235,2017
Commercial Total,Blackburn with Darwen,65.94477245281831,2018
Commercial Total,Blackburn with Darwen,60.88466341094608,2019
Commercial Total,Blackburn with Darwen,53.54833200508006,2020
Commercial Total,Blackburn with Darwen,62.83924626301076,2021
Commercial Total,Blackburn with Darwen,56.80349568884863,2022
Commercial Total,Blackburn with Darwen,49.496649723412055,2023
Commercial Total,Blackpool,183.65457668274027,2005
Commercial Total,Blackpool,187.23165166487613,2006
Commercial Total,Blackpool,175.15432724500658,2007
Commercial Total,Blackpool,176.14943984579705,2008
Commercial Total,Blackpool,151.00168715153424,2009
Commercial Total,Blackpool,158.03919411644904,2010
Commercial Total,Blackpool,134.30996346030915,2011
Commercial Total,Blackpool,155.8897241990919,2012
Commercial Total,Blackpool,142.82598580234975,2013
Commercial Total,Blackpool,122.3359889046304,2014
Commercial Total,Blackpool,111.05486653965201,2015
Commercial Total,Blackpool,93.76696312431964,2016
Commercial Total,Blackpool,87.37746240812241,2017
Commercial Total,Blackpool,96.98092260719035,2018
Commercial Total,Blackpool,85.94235314884662,2019
Commercial Total,Blackpool,66.28407239587204,2020
Commercial Total,Blackpool,83.27603777885729,2021
Commercial Total,Blackpool,77.56436812550908,2022
Commercial Total,Blackpool,65.98840466665396,2023
Commercial Total,Burnley,90.8351682809299,2005
Commercial Total,Burnley,85.60709174136468,2006
Commercial Total,Burnley,79.37920249711593,2007
Commercial Total,Burnley,76.37866678818021,2008
Commercial Total,Burnley,61.53549972662497,2009
Commercial Total,Burnley,67.16905418335206,2010
Commercial Total,Burnley,57.26863930042032,2011
Commercial Total,Burnley,62.94488221895634,2012
Commercial Total,Burnley,60.35029864492948,2013
Commercial Total,Burnley,52.33965966391,2014
Commercial Total,Burnley,46.77993112089727,2015
Commercial Total,Burnley,40.771027283878304,2016
Commercial Total,Burnley,35.55348331822992,2017
Commercial Total,Burnley,42.4394879713007,2018
Commercial Total,Burnley,59.75425179526204,2019
Commercial Total,Burnley,47.015620258389596,2020
Commercial Total,Burnley,51.102151187845585,2021
Commercial Total,Burnley,51.9492611606549,2022
Commercial Total,Burnley,38.964419736506024,2023
Commercial Total,Chorley,91.4440276657373,2005
Commercial Total,Chorley,97.34000486130611,2006
Commercial Total,Chorley,95.50368923177147,2007
Commercial Total,Chorley,92.799316773195,2008
Commercial Total,Chorley,80.55789453412632,2009
Commercial Total,Chorley,83.30160312607,2010
Commercial Total,Chorley,72.46162505206304,2011
Commercial Total,Chorley,84.41373080183683,2012
Commercial Total,Chorley,79.90241689629732,2013
Commercial Total,Chorley,75.92799703652996,2014
Commercial Total,Chorley,66.67019695580066,2015
Commercial Total,Chorley,59.02991867872416,2016
Commercial Total,Chorley,51.346978550260566,2017
Commercial Total,Chorley,59.69668302922715,2018
Commercial Total,Chorley,36.98099078638608,2019
Commercial Total,Chorley,33.40631520521664,2020
Commercial Total,Chorley,39.50330741805014,2021
Commercial Total,Chorley,35.10333419552955,2022
Commercial Total,Chorley,31.722504909356083,2023
Commercial Total,England Total,67881.9384542284,2005
Commercial Total,England Total,70535.56842528863,2006
Commercial Total,England Total,67278.39915775835,2007
Commercial Total,England Total,67272.57473511584,2008
Commercial Total,England Total,58749.45249255875,2009
Commercial Total,England Total,61624.55422913196,2010
Commercial Total,England Total,55271.43803387079,2011
Commercial Total,England Total,60632.46437439189,2012
Commercial Total,England Total,56997.25273437885,2013
Commercial Total,England Total,48951.53299958947,2014
Commercial Total,England Total,42688.035419571504,2015
Commercial Total,England Total,37008.302249993976,2016
Commercial Total,England Total,29689.393774546752,2017
Commercial Total,England Total,35023.191442664785,2018
Commercial Total,England Total,30823.253960649003,2019
Commercial Total,England Total,26987.782823712012,2020
Commercial Total,England Total,30404.112587578897,2021
Commercial Total,England Total,29283.344431310605,2022
Commercial Total,England Total,25312.259419090642,2023
Commercial Total,Fylde,121.80523510169274,2005
Commercial Total,Fylde,128.30902168406928,2006
Commercial Total,Fylde,120.18957687929667,2007
Commercial Total,Fylde,143.83535496591094,2008
Commercial Total,Fylde,116.186802005816,2009
Commercial Total,Fylde,116.70906373228279,2010
Commercial Total,Fylde,102.17060748685655,2011
Commercial Total,Fylde,94.21970843084075,2012
Commercial Total,Fylde,83.69885691028634,2013
Commercial Total,Fylde,75.60440123679807,2014
Commercial Total,Fylde,61.16334240012566,2015
Commercial Total,Fylde,57.34540362729837,2016
Commercial Total,Fylde,44.8617452670512,2017
Commercial Total,Fylde,56.814494386184045,2018
Commercial Total,Fylde,42.20489664606612,2019
Commercial Total,Fylde,36.642157945709805,2020
Commercial Total,Fylde,34.73218723429547,2021
Commercial Total,Fylde,30.6717389806065,2022
Commercial Total,Fylde,22.255743429491005,2023
Commercial Total,Hyndburn,62.618873513056506,2005
Commercial Total,Hyndburn,64.01227208281703,2006
Commercial Total,Hyndburn,60.549780157096926,2007
Commercial Total,Hyndburn,60.847375410340945,2008
Commercial Total,Hyndburn,48.32099943979871,2009
Commercial Total,Hyndburn,51.90565336574496,2010
Commercial Total,Hyndburn,45.45550950585616,2011
Commercial Total,Hyndburn,50.96611153511788,2012
Commercial Total,Hyndburn,46.523768810873634,2013
Commercial Total,Hyndburn,41.08731880324385,2014
Commercial Total,Hyndburn,37.150910925970166,2015
Commercial Total,Hyndburn,31.084466507536497,2016
Commercial Total,Hyndburn,27.04876985789352,2017
Commercial Total,Hyndburn,33.782729632959516,2018
Commercial Total,Hyndburn,33.609568438443446,2019
Commercial Total,Hyndburn,30.790384780739537,2020
Commercial Total,Hyndburn,37.852456060222394,2021
Commercial Total,Hyndburn,41.074402756219726,2022
Commercial Total,Hyndburn,32.984581829445325,2023
Commercial Total,Lancashire Total,1303.9330003609346,2005
Commercial Total,Lancashire Total,1322.9970958917581,2006
Commercial Total,Lancashire Total,1265.0464419617624,2007
Commercial Total,Lancashire Total,1287.6112042692455,2008
Commercial Total,Lancashire Total,1051.0806747776082,2009
Commercial Total,Lancashire Total,1141.9760056466544,2010
Commercial Total,Lancashire Total,1000.8620377126296,2011
Commercial Total,Lancashire Total,1123.607702159239,2012
Commercial Total,Lancashire Total,1053.5006542083963,2013
Commercial Total,Lancashire Total,926.6086563378145,2014
Commercial Total,Lancashire Total,807.0254214425169,2015
Commercial Total,Lancashire Total,687.7606128681172,2016
Commercial Total,Lancashire Total,619.5643845916507,2017
Commercial Total,Lancashire Total,709.8002710254066,2018
Commercial Total,Lancashire Total,624.1904195205907,2019
Commercial Total,Lancashire Total,549.10638012561,2020
Commercial Total,Lancashire Total,612.5004853146053,2021
Commercial Total,Lancashire Total,576.6718637419054,2022
Commercial Total,Lancashire Total,464.6615944531271,2023
Commercial Total,Lancaster,113.13778368809912,2005
Commercial Total,Lancaster,108.89299146098878,2006
Commercial Total,Lancaster,104.52019841438153,2007
Commercial Total,Lancaster,113.68504641724995,2008
Commercial Total,Lancaster,95.23738112040348,2009
Commercial Total,Lancaster,104.41484363106028,2010
Commercial Total,Lancaster,91.48055697318998,2011
Commercial Total,Lancaster,105.47489889845546,2012
Commercial Total,Lancaster,97.01730747966246,2013
Commercial Total,Lancaster,83.13036686188339,2014
Commercial Total,Lancaster,70.19033910872035,2015
Commercial Total,Lancaster,57.68674109009842,2016
Commercial Total,Lancaster,47.05551473314394,2017
Commercial Total,Lancaster,54.011451641739214,2018
Commercial Total,Lancaster,50.18312429136762,2019
Commercial Total,Lancaster,43.008204882610976,2020
Commercial Total,Lancaster,51.822837591936626,2021
Commercial Total,Lancaster,48.270392467023754,2022
Commercial Total,Lancaster,37.60762708059948,2023
Commercial Total,North West Total,8806.528318120381,2005
Commercial Total,North West Total,9123.487058617053,2006
Commercial Total,North West Total,8645.719801695372,2007
Commercial Total,North West Total,8634.057373756592,2008
Commercial Total,North West Total,7234.654097314029,2009
Commercial Total,North West Total,7773.3265300969415,2010
Commercial Total,North West Total,6674.612580664739,2011
Commercial Total,North West Total,7715.519967761964,2012
Commercial Total,North West Total,7201.2315461274,2013
Commercial Total,North West Total,6168.442025569761,2014
Commercial Total,North West Total,5425.965246225362,2015
Commercial Total,North West Total,4644.83454230912,2016
Commercial Total,North West Total,3854.0502911114645,2017
Commercial Total,North West Total,4523.4974249489205,2018
Commercial Total,North West Total,4036.2680753287586,2019
Commercial Total,North West Total,3574.257416821605,2020
Commercial Total,North West Total,4005.3885777620862,2021
Commercial Total,North West Total,3821.274770369521,2022
Commercial Total,North West Total,3211.955794553931,2023
Commercial Total,Pendle,77.54607174066079,2005
Commercial Total,Pendle,81.0133875407174,2006
Commercial Total,Pendle,75.46512949015936,2007
Commercial Total,Pendle,74.73418316144989,2008
Commercial Total,Pendle,63.420246727498565,2009
Commercial Total,Pendle,68.57066015257024,2010
Commercial Total,Pendle,57.201110720832524,2011
Commercial Total,Pendle,70.88457976494425,2012
Commercial Total,Pendle,66.05659228028756,2013
Commercial Total,Pendle,55.50384806541048,2014
Commercial Total,Pendle,45.18825606400909,2015
Commercial Total,Pendle,39.07679319320882,2016
Commercial Total,Pendle,32.51658983104765,2017
Commercial Total,Pendle,35.90255454573286,2018
Commercial Total,Pendle,32.773329735302354,2019
Commercial Total,Pendle,26.10586851156662,2020
Commercial Total,Pendle,33.15173666648956,2021
Commercial Total,Pendle,35.0263817413587,2022
Commercial Total,Pendle,30.083055663770423,2023
Commercial Total,Preston,220.3871516827031,2005
Commercial Total,Preston,215.40477303148066,2006
Commercial Total,Preston,208.4532505611951,2007
Commercial Total,Preston,212.47552112733507,2008
Commercial Total,Preston,166.3194567918578,2009
Commercial Total,Preston,194.86815758990036,2010
Commercial Total,Preston,169.99735877942055,2011
Commercial Total,Preston,191.21359104870373,2012
Commercial Total,Preston,173.4848215254318,2013
Commercial Total,Preston,148.13479048622057,2014
Commercial Total,Preston,128.16313421528142,2015
Commercial Total,Preston,106.85658292290394,2016
Commercial Total,Preston,98.65339015308935,2017
Commercial Total,Preston,104.25805020594338,2018
Commercial Total,Preston,93.91665950199028,2019
Commercial Total,Preston,103.75517063835416,2020
Commercial Total,Preston,101.04000958818013,2021
Commercial Total,Preston,97.19334487581533,2022
Commercial Total,Preston,90.93919446805222,2023
Commercial Total,Ribble Valley,158.8346004021629,2005
Commercial Total,Ribble Valley,154.96447247008425,2006
Commercial Total,Ribble Valley,149.80856069738218,2007
Commercial Total,Ribble Valley,144.51575651392403,2008
Commercial Total,Ribble Valley,119.33198962463327,2009
Commercial Total,Ribble Valley,135.4767524230753,2010
Commercial Total,Ribble Valley,127.32784203582659,2011
Commercial Total,Ribble Valley,124.87791187146483,2012
Commercial Total,Ribble Valley,125.51699883010569,2013
Commercial Total,Ribble Valley,113.3770943100449,2014
Commercial Total,Ribble Valley,98.10902475255342,2015
Commercial Total,Ribble Valley,81.0668934627147,2016
Commercial Total,Ribble Valley,73.22282734196831,2017
Commercial Total,Ribble Valley,70.62396683627388,2018
Commercial Total,Ribble Valley,44.578360065395614,2019
Commercial Total,Ribble Valley,40.11418562275969,2020
Commercial Total,Ribble Valley,45.360569952280954,2021
Commercial Total,Ribble Valley,42.80985435080332,2022
Commercial Total,Ribble Valley,35.97087099632855,2023
Commercial Total,Rossendale,73.60959143259527,2005
Commercial Total,Rossendale,75.58669817546578,2006
Commercial Total,Rossendale,70.60244383996941,2007
Commercial Total,Rossendale,69.65107231827179,2008
Commercial Total,Rossendale,60.23444754419065,2009
Commercial Total,Rossendale,42.946825920123345,2010
Commercial Total,Rossendale,52.947403380443255,2011
Commercial Total,Rossendale,59.89086640333768,2012
Commercial Total,Rossendale,54.49497965718614,2013
Commercial Total,Rossendale,46.50470903679153,2014
Commercial Total,Rossendale,38.386999017379225,2015
Commercial Total,Rossendale,29.792005422209904,2016
Commercial Total,Rossendale,24.21114971335469,2017
Commercial Total,Rossendale,27.952026416294103,2018
Commercial Total,Rossendale,32.83022863930067,2019
Commercial Total,Rossendale,29.449143014606683,2020
Commercial Total,Rossendale,35.83232846698688,2021
Commercial Total,Rossendale,30.794303237520822,2022
Commercial Total,Rossendale,22.05015532010482,2023
Commercial Total,South Ribble,119.43418900654868,2005
Commercial Total,South Ribble,125.66222475632534,2006
Commercial Total,South Ribble,113.31573262607236,2007
Commercial Total,South Ribble,119.12637163738793,2008
Commercial Total,South Ribble,85.82084416258795,2009
Commercial Total,South Ribble,103.8937142478587,2010
Commercial Total,South Ribble,89.45477684461225,2011
Commercial Total,South Ribble,110.09480580161491,2012
Commercial Total,South Ribble,105.97780573286573,2013
Commercial Total,South Ribble,94.11288089508115,2014
Commercial Total,South Ribble,84.03770487315043,2015
Commercial Total,South Ribble,72.53001705744566,2016
Commercial Total,South Ribble,67.92712284661192,2017
Commercial Total,South Ribble,68.42864465156335,2018
Commercial Total,South Ribble,48.10982477338305,2019
Commercial Total,South Ribble,42.89571800191373,2020
Commercial Total,South Ribble,47.249526966809114,2021
Commercial Total,South Ribble,43.778676011689505,2022
Commercial Total,South Ribble,37.50948428705988,2023
Commercial Total,West Lancashire,93.30360609279592,2005
Commercial Total,West Lancashire,90.8948530409149,2006
Commercial Total,West Lancashire,86.43399724726947,2007
Commercial Total,West Lancashire,88.72013342878812,2008
Commercial Total,West Lancashire,74.87752926008991,2009
Commercial Total,West Lancashire,82.33294354838263,2010
Commercial Total,West Lancashire,66.79552326021462,2011
Commercial Total,West Lancashire,79.11701693637315,2012
Commercial Total,West Lancashire,75.95612319637586,2013
Commercial Total,West Lancashire,66.51637266438972,2014
Commercial Total,West Lancashire,60.556037306959915,2015
Commercial Total,West Lancashire,52.20480996958402,2016
Commercial Total,West Lancashire,63.71891196951524,2017
Commercial Total,West Lancashire,90.32435136311011,2018
Commercial Total,West Lancashire,87.17057568314036,2019
Commercial Total,West Lancashire,59.600796820119854,2020
Commercial Total,West Lancashire,67.07324134969176,2021
Commercial Total,West Lancashire,59.358535358967515,2022
Commercial Total,West Lancashire,38.04500755803317,2023
Commercial Total,Wyre,80.97670175395238,2005
Commercial Total,Wyre,95.30930504622425,2006
Commercial Total,Wyre,100.82488032005234,2007
Commercial Total,Wyre,90.84240572721149,2008
Commercial Total,Wyre,79.23758383998066,2009
Commercial Total,Wyre,90.38673372623362,2010
Commercial Total,Wyre,68.30108437289384,2011
Commercial Total,Wyre,89.50959844759286,2012
Commercial Total,Wyre,84.52068424409414,2013
Commercial Total,Wyre,74.36921727751094,2014
Commercial Total,Wyre,70.62954470166925,2015
Commercial Total,Wyre,60.31595365251433,2016
Commercial Total,Wyre,53.44790100948432,2017
Commercial Total,Wyre,65.56583034507823,2018
Commercial Total,Wyre,62.07860916455317,2019
Commercial Total,Wyre,56.32281444362277,2020
Commercial Total,Wyre,67.78013283181659,2021
Commercial Total,Wyre,60.641638605715805,2022
Commercial Total,Wyre,46.528949174380166,2023
Diesel Railways,Blackburn with Darwen,1.4713295007272877,2005
Diesel Railways,Blackburn with Darwen,1.4528815504617953,2006
Diesel Railways,Blackburn with Darwen,1.6260857151318384,2007
Diesel Railways,Blackburn with Darwen,1.6148892376866382,2008
Diesel Railways,Blackburn with Darwen,1.643942245847552,2009
Diesel Railways,Blackburn with Darwen,1.6447750895675708,2010
Diesel Railways,Blackburn with Darwen,1.6010740381162567,2011
Diesel Railways,Blackburn with Darwen,1.6179742207338097,2012
Diesel Railways,Blackburn with Darwen,1.6469869440783884,2013
Diesel Railways,Blackburn with Darwen,1.6925588840741577,2014
Diesel Railways,Blackburn with Darwen,1.6470621914520134,2015
Diesel Railways,Blackburn with Darwen,1.6272319281586902,2016
Diesel Railways,Blackburn with Darwen,1.60813078537329,2017
Diesel Railways,Blackburn with Darwen,1.523474035317153,2018
Diesel Railways,Blackburn with Darwen,1.5740842113160127,2019
Diesel Railways,Blackburn with Darwen,1.2188374895332221,2020
Diesel Railways,Blackburn with Darwen,1.319463430240815,2021
Diesel Railways,Blackburn with Darwen,1.2771882484894295,2022
Diesel Railways,Blackburn with Darwen,1.3516622409347225,2023
Diesel Railways,Blackpool,0.24457012442862253,2005
Diesel Railways,Blackpool,0.24341024134561945,2006
Diesel Railways,Blackpool,0.27387171106015007,2007
Diesel Railways,Blackpool,0.2760225696091778,2008
Diesel Railways,Blackpool,0.283949487860763,2009
Diesel Railways,Blackpool,0.2836130262338844,2010
Diesel Railways,Blackpool,0.2795661958400301,2011
Diesel Railways,Blackpool,0.2790955593445552,2012
Diesel Railways,Blackpool,0.2834703905555305,2013
Diesel Railways,Blackpool,0.29201295403376515,2014
Diesel Railways,Blackpool,0.28921149465110785,2015
Diesel Railways,Blackpool,0.28880828288199023,2016
Diesel Railways,Blackpool,0.286231218729871,2017
Diesel Railways,Blackpool,0.2717842189056431,2018
Diesel Railways,Blackpool,0.27649245814809376,2019
Diesel Railways,Blackpool,0.2080558899431426,2020
Diesel Railways,Blackpool,0.22729796731503732,2021
Diesel Railways,Blackpool,0.22119831823872135,2022
Diesel Railways,Blackpool,0.2370401118669324,2023
Diesel Railways,Burnley,1.1186461436078128,2005
Diesel Railways,Burnley,1.107286784890285,2006
Diesel Railways,Burnley,1.2537380925483725,2007
Diesel Railways,Burnley,1.2533256837965538,2008
Diesel Railways,Burnley,1.2816784928387337,2009
Diesel Railways,Burnley,1.2805716019977889,2010
Diesel Railways,Burnley,1.2542228994548779,2011
Diesel Railways,Burnley,1.2603560522230421,2012
Diesel Railways,Burnley,1.2838824814369059,2013
Diesel Railways,Burnley,1.320791718430399,2014
Diesel Railways,Burnley,1.2954940979459588,2015
Diesel Railways,Burnley,1.285985408742305,2016
Diesel Railways,Burnley,1.2726297404784814,2017
Diesel Railways,Burnley,1.2070949319158728,2018
Diesel Railways,Burnley,1.2383280150226472,2019
Diesel Railways,Burnley,0.9470283183716431,2020
Diesel Railways,Burnley,1.029568509284806,2021
Diesel Railways,Burnley,0.9990860225567618,2022
Diesel Railways,Burnley,1.0631446672552183,2023
Diesel Railways,Chorley,2.575318652398012,2005
Diesel Railways,Chorley,2.538844597200703,2006
Diesel Railways,Chorley,2.6738142717022853,2007
Diesel Railways,Chorley,2.61246008664166,2008
Diesel Railways,Chorley,2.6309428687361596,2009
Diesel Railways,Chorley,2.6476861992828984,2010
Diesel Railways,Chorley,2.5326621056737086,2011
Diesel Railways,Chorley,2.597623296616295,2012
Diesel Railways,Chorley,2.6216609749421838,2013
Diesel Railways,Chorley,2.687282913714427,2014
Diesel Railways,Chorley,2.562324310983318,2015
Diesel Railways,Chorley,2.501116912836787,2016
Diesel Railways,Chorley,2.4619958975303677,2017
Diesel Railways,Chorley,2.3231946932939946,2018
Diesel Railways,Chorley,2.4472427608152834,2019
Diesel Railways,Chorley,1.953003612548943,2020
Diesel Railways,Chorley,2.0902996233293423,2021
Diesel Railways,Chorley,2.0094763581555313,2022
Diesel Railways,Chorley,2.0978939159335805,2023
Diesel Railways,England Total,1796.8188916633671,2005
Diesel Railways,England Total,1784.9687919910384,2006
Diesel Railways,England Total,1821.5841363813943,2007
Diesel Railways,England Total,1793.476962049306,2008
Diesel Railways,England Total,1817.6675396836445,2009
Diesel Railways,England Total,1831.97655492416,2010
Diesel Railways,England Total,1761.3809160413307,2011
Diesel Railways,England Total,1795.212382453928,2012
Diesel Railways,England Total,1797.0827183943254,2013
Diesel Railways,England Total,1844.691541127124,2014
Diesel Railways,England Total,1776.7382797716123,2015
Diesel Railways,England Total,1746.1592588271583,2016
Diesel Railways,England Total,1721.2818203813733,2017
Diesel Railways,England Total,1625.376058837543,2018
Diesel Railways,England Total,1697.0468107638649,2019
Diesel Railways,England Total,1330.4342697907198,2020
Diesel Railways,England Total,1430.1027187880836,2021
Diesel Railways,England Total,1378.3032799684854,2022
Diesel Railways,England Total,1450.1882549389704,2023
Diesel Railways,Fylde,1.3629955757024614,2005
Diesel Railways,Fylde,1.3556131947657923,2006
Diesel Railways,Fylde,1.5310127000768465,2007
Diesel Railways,Fylde,1.5423572747400647,2008
Diesel Railways,Fylde,1.586043426899966,2009
Diesel Railways,Fylde,1.5838393910517667,2010
Diesel Railways,Fylde,1.5609688819608596,2011
Diesel Railways,Fylde,1.5588223425479104,2012
Diesel Railways,Fylde,1.5845046359976673,2013
Diesel Railways,Fylde,1.6321172613261024,2014
Diesel Railways,Fylde,1.6155768970433806,2015
Diesel Railways,Fylde,1.6127252261496554,2016
Diesel Railways,Fylde,1.5982464567180543,2017
Diesel Railways,Fylde,1.517578700667297,2018
Diesel Railways,Fylde,1.5445318658000406,2019
Diesel Railways,Fylde,1.1634660513772137,2020
Diesel Railways,Fylde,1.2707952412641732,2021
Diesel Railways,Fylde,1.236542635357909,2022
Diesel Railways,Fylde,1.324506104204992,2023
Diesel Railways,Hyndburn,0.9274414553287624,2005
Diesel Railways,Hyndburn,0.9185510722875351,2006
Diesel Railways,Hyndburn,1.0428902958854283,2007
Diesel Railways,Hyndburn,1.0441504012055056,2008
Diesel Railways,Hyndburn,1.0688958505922774,2009
Diesel Railways,Hyndburn,1.0676340071177226,2010
Diesel Railways,Hyndburn,1.0471490651648103,2011
Diesel Railways,Hyndburn,1.0509056530806142,2012
Diesel Railways,Hyndburn,1.070701192220272,2013
Diesel Railways,Hyndburn,1.101748897226844,2014
Diesel Railways,Hyndburn,1.0826132650268714,2015
Diesel Railways,Hyndburn,1.075831096906729,2016
Diesel Railways,Hyndburn,1.0649890225307865,2017
Diesel Railways,Hyndburn,1.0104242397302323,2018
Diesel Railways,Hyndburn,1.034885799174133,2019
Diesel Railways,Hyndburn,0.7891823165756582,2020
Diesel Railways,Hyndburn,0.8588078264608089,2021
Diesel Railways,Hyndburn,0.83386370394047,2022
Diesel Railways,Hyndburn,0.8884438446027717,2023
Diesel Railways,Lancashire Total,22.03003360304339,2005
Diesel Railways,Lancashire Total,21.74164050029086,2006
Diesel Railways,Lancashire Total,23.275625199375668,2007
Diesel Railways,Lancashire Total,22.87232438307098,2008
Diesel Railways,Lancashire Total,23.12455519963225,2009
Diesel Railways,Lancashire Total,23.230845507951912,2010
Diesel Railways,Lancashire Total,22.355366231992814,2011
Diesel Railways,Lancashire Total,22.808990541967457,2012
Diesel Railways,Lancashire Total,23.069521724458063,2013
Diesel Railways,Lancashire Total,23.669063884956852,2014
Diesel Railways,Lancashire Total,22.73514602901649,2015
Diesel Railways,Lancashire Total,22.291326121853523,2016
Diesel Railways,Lancashire Total,21.973620196096405,2017
Diesel Railways,Lancashire Total,20.762979646668985,2018
Diesel Railways,Lancashire Total,21.71864188774591,2019
Diesel Railways,Lancashire Total,17.141300584499103,2020
Diesel Railways,Lancashire Total,18.419562282801635,2021
Diesel Railways,Lancashire Total,17.750113299314798,2022
Diesel Railways,Lancashire Total,18.62421922472741,2023
Diesel Railways,Lancaster,5.539219690330106,2005
Diesel Railways,Lancaster,5.459023717821146,2006
Diesel Railways,Lancaster,5.72844557336327,2007
Diesel Railways,Lancaster,5.588932702084629,2008
Diesel Railways,Lancaster,5.62284488260375,2009
Diesel Railways,Lancaster,5.660967888637121,2010
Diesel Railways,Lancaster,5.406918260167872,2011
Diesel Railways,Lancaster,5.552958471709733,2012
Diesel Railways,Lancaster,5.601808887455007,2013
Diesel Railways,Lancaster,5.740655064538552,2014
Diesel Railways,Lancaster,5.46342454838258,2015
Diesel Railways,Lancaster,5.326757227797375,2016
Diesel Railways,Lancaster,5.2415505312739175,2017
Diesel Railways,Lancaster,4.944354095083017,2018
Diesel Railways,Lancaster,5.217772108835998,2019
Diesel Railways,Lancaster,4.175889515073003,2020
Diesel Railways,Lancaster,4.464977465339589,2021
Diesel Railways,Lancaster,4.289723437953517,2022
Diesel Railways,Lancaster,4.472692407430162,2023
Diesel Railways,North West Total,150.34566690629,2005
Diesel Railways,North West Total,148.3700888718749,2006
Diesel Railways,North West Total,157.54734632882986,2007
Diesel Railways,North West Total,154.52200898252178,2008
Diesel Railways,North West Total,156.0315986872046,2009
Diesel Railways,North West Total,156.87007961604567,2010
Diesel Railways,North West Total,150.63697566615733,2011
Diesel Railways,North West Total,153.96564770818176,2012
Diesel Railways,North West Total,155.5288460964402,2013
Diesel Railways,North West Total,159.52281365331487,2014
Diesel Railways,North West Total,152.85830157991674,2015
Diesel Railways,North West Total,149.66079089579108,2016
Diesel Railways,North West Total,147.45608273703618,2017
Diesel Railways,North West Total,139.26223757603935,2018
Diesel Railways,North West Total,146.01213063231265,2019
Diesel Railways,North West Total,115.64565811436776,2020
Diesel Railways,North West Total,124.09928268392713,2021
Diesel Railways,North West Total,119.48953912670623,2022
Diesel Railways,North West Total,125.17327397851115,2023
Diesel Railways,Pendle,0.1544410114358371,2005
Diesel Railways,Pendle,0.15346358930193504,2006
Diesel Railways,Pendle,0.17695437404443218,2007
Diesel Railways,Pendle,0.17869230035781705,2008
Diesel Railways,Pendle,0.1839946781662318,2009
Diesel Railways,Pendle,0.18345628584812818,2010
Diesel Railways,Pendle,0.18134239361303192,2011
Diesel Railways,Pendle,0.18070099912711288,2012
Diesel Railways,Pendle,0.18427439244259197,2013
Diesel Railways,Pendle,0.18987111693385447,2014
Diesel Railways,Pendle,0.188437746184726,2015
Diesel Railways,Pendle,0.18835877866195655,2016
Diesel Railways,Pendle,0.18677344073391358,2017
Diesel Railways,Pendle,0.1774662771248287,2018
Diesel Railways,Pendle,0.18017283500476697,2019
Diesel Railways,Pendle,0.13525672776118422,2020
Diesel Railways,Pendle,0.14798945461840723,2021
Diesel Railways,Pendle,0.1441486648635744,2022
Diesel Railways,Pendle,0.15464040410556182,2023
Diesel Railways,Preston,2.375958842398588,2005
Diesel Railways,Preston,2.346971701043256,2006
Diesel Railways,Preston,2.4832101670610665,2007
Diesel Railways,Preston,2.437946713238651,2008
Diesel Railways,Preston,2.4637611686968173,2009
Diesel Railways,Preston,2.4773862347207736,2010
Diesel Railways,Preston,2.3805952575457754,2011
Diesel Railways,Preston,2.4311984268249245,2012
Diesel Railways,Preston,2.453565981507694,2013
Diesel Railways,Preston,2.517031745555539,2014
Diesel Railways,Preston,2.4150092784025894,2015
Diesel Railways,Preston,2.3665506622559263,2016
Diesel Railways,Preston,2.332123648775016,2017
Diesel Railways,Preston,2.202753319661615,2018
Diesel Railways,Preston,2.3068703354308258,2019
Diesel Railways,Preston,1.8229728704492423,2020
Diesel Railways,Preston,1.9573385459477217,2021
Diesel Railways,Preston,1.885262772204954,2022
Diesel Railways,Preston,1.9768971247238916,2023
Diesel Railways,Ribble Valley,1.1864758596429268,2005
Diesel Railways,Ribble Valley,1.1577157207118776,2006
Diesel Railways,Ribble Valley,1.2205117125471125,2007
Diesel Railways,Ribble Valley,1.1693078749048469,2008
Diesel Railways,Ribble Valley,1.160122126988736,2009
Diesel Railways,Ribble Valley,1.1698538079925624,2010
Diesel Railways,Ribble Valley,1.0988071013977996,2011
Diesel Railways,Ribble Valley,1.147403147885601,2012
Diesel Railways,Ribble Valley,1.1631546951491096,2013
Diesel Railways,Ribble Valley,1.1881312011270126,2014
Diesel Railways,Ribble Valley,1.1030556697978369,2015
Diesel Railways,Ribble Valley,1.058073041695352,2016
Diesel Railways,Ribble Valley,1.0365945242840648,2017
Diesel Railways,Ribble Valley,0.9744225075361689,2018
Diesel Railways,Ribble Valley,1.0529598829009272,2019
Diesel Railways,Ribble Valley,0.876907216531009,2020
Diesel Railways,Ribble Valley,0.926631260024308,2021
Diesel Railways,Ribble Valley,0.8839019599149799,2022
Diesel Railways,Ribble Valley,0.9052391004418432,2023
Diesel Railways,Rossendale,0,2005
Diesel Railways,Rossendale,0,2006
Diesel Railways,Rossendale,0,2007
Diesel Railways,Rossendale,0,2008
Diesel Railways,Rossendale,0,2009
Diesel Railways,Rossendale,0,2010
Diesel Railways,Rossendale,0,2011
Diesel Railways,Rossendale,0,2012
Diesel Railways,Rossendale,0,2013
Diesel Railways,Rossendale,0,2014
Diesel Railways,Rossendale,0,2015
Diesel Railways,Rossendale,0,2016
Diesel Railways,Rossendale,0,2017
Diesel Railways,Rossendale,0,2018
Diesel Railways,Rossendale,0,2019
Diesel Railways,Rossendale,0,2020
Diesel Railways,Rossendale,0,2021
Diesel Railways,Rossendale,0,2022
Diesel Railways,Rossendale,0,2023
Diesel Railways,South Ribble,2.5414216002429533,2005
Diesel Railways,South Ribble,2.5067522687338584,2006
Diesel Railways,South Ribble,2.6496936589773563,2007
Diesel Railways,South Ribble,2.5936543329941775,2008
Diesel Railways,South Ribble,2.615380658773893,2009
Diesel Railways,South Ribble,2.6308302453801633,2010
Diesel Railways,South Ribble,2.5211980793335695,2011
Diesel Railways,South Ribble,2.5815545445678167,2012
Diesel Railways,South Ribble,2.6064119093117024,2013
Diesel Railways,South Ribble,2.6724696766102074,2014
Diesel Railways,South Ribble,2.5542840216122293,2015
Diesel Railways,South Ribble,2.496943901857056,2016
Diesel Railways,South Ribble,2.458981644464054,2017
Diesel Railways,South Ribble,2.321300388521157,2018
Diesel Railways,South Ribble,2.4397153504564364,2019
Diesel Railways,South Ribble,1.9398775354243474,2020
Diesel Railways,South Ribble,2.078852908295923,2021
Diesel Railways,South Ribble,1.9999879763108976,2022
Diesel Railways,South Ribble,2.0914396028659765,2023
Diesel Railways,West Lancashire,1.4446676771450577,2005
Diesel Railways,West Lancashire,1.4318755604571716,2006
Diesel Railways,West Lancashire,1.6314068355816056,2007
Diesel Railways,West Lancashire,1.6365786121281558,2008
Diesel Railways,West Lancashire,1.6776058516668533,2009
Diesel Railways,West Lancashire,1.6749509454502125,2010
Diesel Railways,West Lancashire,1.6457660769417524,2011
Diesel Railways,West Lancashire,1.6489571296930619,2012
Diesel Railways,West Lancashire,1.6803740901924942,2013
Diesel Railways,West Lancashire,1.729632562400111,2014
Diesel Railways,West Lancashire,1.7035067244334678,2015
Diesel Railways,West Lancashire,1.695148045051172,2016
Diesel Railways,West Lancashire,1.6787216904355355,2017
Diesel Railways,West Lancashire,1.593262853175467,2018
Diesel Railways,West Lancashire,1.6284960433228535,2019
Diesel Railways,West Lancashire,1.2373646289953002,2020
Diesel Railways,West Lancashire,1.3482103426526084,2021
Diesel Railways,West Lancashire,1.3100123785245577,2022
Diesel Railways,West Lancashire,1.3979773261612773,2023
Diesel Railways,Wyre,2.803447094810872,2005
Diesel Railways,Wyre,2.765542293077299,2006
Diesel Railways,Wyre,2.8839475175878935,2007
Diesel Railways,Wyre,2.814918400978918,2008
Diesel Railways,Wyre,2.833285193668831,2009
Diesel Railways,Wyre,2.8536689004727736,2010
Diesel Railways,Wyre,2.725736110738758,2011
Diesel Railways,Wyre,2.798510477691343,2012
Diesel Railways,Wyre,2.819182483802434,2013
Diesel Railways,Wyre,2.8893317270938,2014
Diesel Railways,Wyre,2.7514194692035345,2015
Diesel Railways,Wyre,2.683835819899206,2016
Diesel Railways,Wyre,2.641013598872215,2017
Diesel Railways,Wyre,2.491127639959337,2018
Diesel Railways,Wyre,2.6276668909819985,2019
Diesel Railways,Wyre,2.1003517913915597,2020
Diesel Railways,Wyre,2.2460911055839476,2021
Diesel Railways,Wyre,2.158107389531643,2022
Diesel Railways,Wyre,2.2513447270021345,2023
Domestic Electricity,Blackburn with Darwen,135.14111032671474,2005
Domestic Electricity,Blackburn with Darwen,139.11595978793963,2006
Domestic Electricity,Blackburn with Darwen,139.03295755016936,2007
Domestic Electricity,Blackburn with Darwen,131.89504813214987,2008
Domestic Electricity,Blackburn with Darwen,120.77876768707065,2009
Domestic Electricity,Blackburn with Darwen,123.84850451525574,2010
Domestic Electricity,Blackburn with Darwen,118.0316280399006,2011
Domestic Electricity,Blackburn with Darwen,121.99313770480876,2012
Domestic Electricity,Blackburn with Darwen,110.57666664815694,2013
Domestic Electricity,Blackburn with Darwen,93.48327712556564,2014
Domestic Electricity,Blackburn with Darwen,79.5542843770995,2015
Domestic Electricity,Blackburn with Darwen,63.43090496681115,2016
Domestic Electricity,Blackburn with Darwen,55.31748882637587,2017
Domestic Electricity,Blackburn with Darwen,49.32518396955053,2018
Domestic Electricity,Blackburn with Darwen,44.049015080433115,2019
Domestic Electricity,Blackburn with Darwen,42.01329117538339,2020
Domestic Electricity,Blackburn with Darwen,43.02481466179826,2021
Domestic Electricity,Blackburn with Darwen,39.01708321228232,2022
Domestic Electricity,Blackburn with Darwen,34.41205029761098,2023
Domestic Electricity,Blackpool,162.6709265469127,2005
Domestic Electricity,Blackpool,168.43486928972544,2006
Domestic Electricity,Blackpool,168.82404521905133,2007
Domestic Electricity,Blackpool,160.28978909530483,2008
Domestic Electricity,Blackpool,144.94408076470143,2009
Domestic Electricity,Blackpool,148.1647035534704,2010
Domestic Electricity,Blackpool,139.4415935662701,2011
Domestic Electricity,Blackpool,146.34518743153654,2012
Domestic Electricity,Blackpool,130.36569389559892,2013
Domestic Electricity,Blackpool,109.37721433281708,2014
Domestic Electricity,Blackpool,92.25167275364265,2015
Domestic Electricity,Blackpool,73.34134013690488,2016
Domestic Electricity,Blackpool,63.033840816029226,2017
Domestic Electricity,Blackpool,56.14787619592709,2018
Domestic Electricity,Blackpool,49.7488271839551,2019
Domestic Electricity,Blackpool,47.04603052581189,2020
Domestic Electricity,Blackpool,47.55919990334687,2021
Domestic Electricity,Blackpool,42.69413436385408,2022
Domestic Electricity,Blackpool,36.97298858908766,2023
Domestic Electricity,Burnley,85.35172420023392,2005
Domestic Electricity,Burnley,89.62418409170539,2006
Domestic Electricity,Burnley,88.78043106164498,2007
Domestic Electricity,Burnley,84.32679545499616,2008
Domestic Electricity,Burnley,76.65425551969594,2009
Domestic Electricity,Burnley,78.91315570958851,2010
Domestic Electricity,Burnley,74.85938458735114,2011
Domestic Electricity,Burnley,77.86440218760968,2012
Domestic Electricity,Burnley,70.86097539178633,2013
Domestic Electricity,Burnley,59.9468904057443,2014
Domestic Electricity,Burnley,51.05180972571322,2015
Domestic Electricity,Burnley,40.62527408782422,2016
Domestic Electricity,Burnley,35.55459733166484,2017
Domestic Electricity,Burnley,31.855963503663734,2018
Domestic Electricity,Burnley,28.45185597619216,2019
Domestic Electricity,Burnley,27.03301000299895,2020
Domestic Electricity,Burnley,27.633603331779685,2021
Domestic Electricity,Burnley,24.783340719812355,2022
Domestic Electricity,Burnley,21.872084475487732,2023
Domestic Electricity,Chorley,104.76524440649727,2005
Domestic Electricity,Chorley,111.30257633163441,2006
Domestic Electricity,Chorley,112.03703590297846,2007
Domestic Electricity,Chorley,105.92154723015511,2008
Domestic Electricity,Chorley,97.81131127148728,2009
Domestic Electricity,Chorley,101.0213766233871,2010
Domestic Electricity,Chorley,96.89456362957299,2011
Domestic Electricity,Chorley,102.34275189582686,2012
Domestic Electricity,Chorley,93.01189521916172,2013
Domestic Electricity,Chorley,79.85469544684437,2014
Domestic Electricity,Chorley,68.99477350639823,2015
Domestic Electricity,Chorley,55.48139776461652,2016
Domestic Electricity,Chorley,48.38970166444714,2017
Domestic Electricity,Chorley,43.566419537696596,2018
Domestic Electricity,Chorley,39.23877248324118,2019
Domestic Electricity,Chorley,38.018548809308584,2020
Domestic Electricity,Chorley,39.04967272931997,2021
Domestic Electricity,Chorley,34.37864545519588,2022
Domestic Electricity,Chorley,30.2702468371453,2023
Domestic Electricity,England Total,54780.12201704842,2005
Domestic Electricity,England Total,56975.30441929547,2006
Domestic Electricity,England Total,56726.77215541272,2007
Domestic Electricity,England Total,54423.176326986126,2008
Domestic Electricity,England Total,49286.693324540174,2009
Domestic Electricity,England Total,50820.70806168061,2010
Domestic Electricity,England Total,48371.67606145973,2011
Domestic Electricity,England Total,51158.335836312035,2012
Domestic Electricity,England Total,46417.92527176396,2013
Domestic Electricity,England Total,39427.79688178531,2014
Domestic Electricity,England Total,33699.803489072925,2015
Domestic Electricity,England Total,27409.12867932273,2016
Domestic Electricity,England Total,23694.055588400322,2017
Domestic Electricity,England Total,21472.156940985096,2018
Domestic Electricity,England Total,19298.706908718825,2019
Domestic Electricity,England Total,18445.75041710958,2020
Domestic Electricity,England Total,19013.316196583986,2021
Domestic Electricity,England Total,17089.714390062596,2022
Domestic Electricity,England Total,14789.960055024541,2023
Domestic Electricity,Fylde,90.74453638592753,2005
Domestic Electricity,Fylde,95.99725070761252,2006
Domestic Electricity,Fylde,95.72147684611635,2007
Domestic Electricity,Fylde,90.28031271322955,2008
Domestic Electricity,Fylde,82.49779736681118,2009
Domestic Electricity,Fylde,85.31395835268233,2010
Domestic Electricity,Fylde,80.58433219258174,2011
Domestic Electricity,Fylde,85.65100387437928,2012
Domestic Electricity,Fylde,76.9382651669253,2013
Domestic Electricity,Fylde,65.52634294515931,2014
Domestic Electricity,Fylde,55.84061155101083,2015
Domestic Electricity,Fylde,45.07989260384243,2016
Domestic Electricity,Fylde,39.33866264793531,2017
Domestic Electricity,Fylde,35.34519374844771,2018
Domestic Electricity,Fylde,31.753848761881965,2019
Domestic Electricity,Fylde,31.030850283162135,2020
Domestic Electricity,Fylde,31.517189979240737,2021
Domestic Electricity,Fylde,28.05612071659107,2022
Domestic Electricity,Fylde,24.431164833667292,2023
Domestic Electricity,Hyndburn,78.48015224234742,2005
Domestic Electricity,Hyndburn,81.81457144429912,2006
Domestic Electricity,Hyndburn,81.56636315914889,2007
Domestic Electricity,Hyndburn,76.74478921565286,2008
Domestic Electricity,Hyndburn,70.02488738687582,2009
Domestic Electricity,Hyndburn,71.55433785537167,2010
Domestic Electricity,Hyndburn,67.64806313443381,2011
Domestic Electricity,Hyndburn,70.82482511681577,2012
Domestic Electricity,Hyndburn,63.780297440331196,2013
Domestic Electricity,Hyndburn,53.80483604391256,2014
Domestic Electricity,Hyndburn,45.62303241843431,2015
Domestic Electricity,Hyndburn,36.229195710107966,2016
Domestic Electricity,Hyndburn,31.35666738543967,2017
Domestic Electricity,Hyndburn,27.909955176700223,2018
Domestic Electricity,Hyndburn,24.895274224657985,2019
Domestic Electricity,Hyndburn,23.81280688144854,2020
Domestic Electricity,Hyndburn,24.27323036677567,2021
Domestic Electricity,Hyndburn,21.717774199825573,2022
Domestic Electricity,Hyndburn,19.093837086773704,2023
Domestic Electricity,Lancashire Total,1196.4409691530038,2005
Domestic Electricity,Lancashire Total,1262.6323039225667,2006
Domestic Electricity,Lancashire Total,1264.086518299979,2007
Domestic Electricity,Lancashire Total,1196.222478901866,2008
Domestic Electricity,Lancashire Total,1094.6123338133916,2009
Domestic Electricity,Lancashire Total,1128.4508726565298,2010
Domestic Electricity,Lancashire Total,1069.947035541945,2011
Domestic Electricity,Lancashire Total,1124.0521573209694,2012
Domestic Electricity,Lancashire Total,1015.1599147365822,2013
Domestic Electricity,Lancashire Total,864.3724765908598,2014
Domestic Electricity,Lancashire Total,736.5967882094454,2015
Domestic Electricity,Lancashire Total,589.8449624456161,2016
Domestic Electricity,Lancashire Total,514.2616574085507,2017
Domestic Electricity,Lancashire Total,460.60487820814313,2018
Domestic Electricity,Lancashire Total,413.18199986882826,2019
Domestic Electricity,Lancashire Total,396.89005660438494,2020
Domestic Electricity,Lancashire Total,407.81333489357525,2021
Domestic Electricity,Lancashire Total,363.5992138036364,2022
Domestic Electricity,Lancashire Total,320.05622605394274,2023
Domestic Electricity,Lancaster,138.08604738075084,2005
Domestic Electricity,Lancaster,145.74758871553806,2006
Domestic Electricity,Lancaster,146.27475350641717,2007
Domestic Electricity,Lancaster,137.75067379553138,2008
Domestic Electricity,Lancaster,126.30218289814344,2009
Domestic Electricity,Lancaster,130.70279874378926,2010
Domestic Electricity,Lancaster,123.40988925000278,2011
Domestic Electricity,Lancaster,129.98427409069336,2012
Domestic Electricity,Lancaster,117.64984961373604,2013
Domestic Electricity,Lancaster,100.59699097710957,2014
Domestic Electricity,Lancaster,85.13822276476563,2015
Domestic Electricity,Lancaster,68.5130400259177,2016
Domestic Electricity,Lancaster,60.19710621071878,2017
Domestic Electricity,Lancaster,53.57047901737614,2018
Domestic Electricity,Lancaster,47.91972107322542,2019
Domestic Electricity,Lancaster,45.76499155276496,2020
Domestic Electricity,Lancaster,47.04966396080008,2021
Domestic Electricity,Lancaster,41.66227190579538,2022
Domestic Electricity,Lancaster,36.464411552303886,2023
Domestic Electricity,North West Total,7128.194684313065,2005
Domestic Electricity,North West Total,7468.94475928726,2006
Domestic Electricity,North West Total,7483.315532155653,2007
Domestic Electricity,North West Total,7082.396604365679,2008
Domestic Electricity,North West Total,6472.764497386431,2009
Domestic Electricity,North West Total,6655.893616567257,2010
Domestic Electricity,North West Total,6340.176689011219,2011
Domestic Electricity,North West Total,6646.950477542381,2012
Domestic Electricity,North West Total,6016.0999531071575,2013
Domestic Electricity,North West Total,5103.147187349511,2014
Domestic Electricity,North West Total,4347.35484130619,2015
Domestic Electricity,North West Total,3494.9036625411763,2016
Domestic Electricity,North West Total,3024.983517818597,2017
Domestic Electricity,North West Total,2721.46560840923,2018
Domestic Electricity,North West Total,2441.491405980543,2019
Domestic Electricity,North West Total,2333.772797101365,2020
Domestic Electricity,North West Total,2414.430722101252,2021
Domestic Electricity,North West Total,2160.5766801810305,2022
Domestic Electricity,North West Total,1895.3103040614146,2023
Domestic Electricity,Pendle,86.20052153103411,2005
Domestic Electricity,Pendle,89.65997645647272,2006
Domestic Electricity,Pendle,88.84003799900266,2007
Domestic Electricity,Pendle,84.31057882576611,2008
Domestic Electricity,Pendle,76.54189825401951,2009
Domestic Electricity,Pendle,78.60464352753051,2010
Domestic Electricity,Pendle,75.0994654943803,2011
Domestic Electricity,Pendle,78.59423649455596,2012
Domestic Electricity,Pendle,71.32158185374837,2013
Domestic Electricity,Pendle,60.42154183127362,2014
Domestic Electricity,Pendle,51.461551368640315,2015
Domestic Electricity,Pendle,41.08265592467109,2016
Domestic Electricity,Pendle,35.8090244672971,2017
Domestic Electricity,Pendle,32.02182991889985,2018
Domestic Electricity,Pendle,28.4299983553951,2019
Domestic Electricity,Pendle,26.988277440737825,2020
Domestic Electricity,Pendle,27.898085701588435,2021
Domestic Electricity,Pendle,25.07559046145806,2022
Domestic Electricity,Pendle,22.162714167130396,2023
Domestic Electricity,Preston,132.93878124843735,2005
Domestic Electricity,Preston,138.6643037517138,2006
Domestic Electricity,Preston,138.56104707380612,2007
Domestic Electricity,Preston,132.40011928054966,2008
Domestic Electricity,Preston,121.64011165336505,2009
Domestic Electricity,Preston,125.6033917066676,2010
Domestic Electricity,Preston,118.71768456582716,2011
Domestic Electricity,Preston,124.58056452666982,2012
Domestic Electricity,Preston,111.79816821130942,2013
Domestic Electricity,Preston,95.06930252699185,2014
Domestic Electricity,Preston,81.17120487794585,2015
Domestic Electricity,Preston,65.22742144587828,2016
Domestic Electricity,Preston,56.70807840037348,2017
Domestic Electricity,Preston,50.99373698096832,2018
Domestic Electricity,Preston,45.700552387849,2019
Domestic Electricity,Preston,44.141385047482885,2020
Domestic Electricity,Preston,45.97062730845295,2021
Domestic Electricity,Preston,42.01843533976092,2022
Domestic Electricity,Preston,37.2931694859405,2023
Domestic Electricity,Ribble Valley,64.30485283354085,2005
Domestic Electricity,Ribble Valley,67.92191764723863,2006
Domestic Electricity,Ribble Valley,69.39073448276693,2007
Domestic Electricity,Ribble Valley,65.40718667142251,2008
Domestic Electricity,Ribble Valley,59.65662618658502,2009
Domestic Electricity,Ribble Valley,61.69998868102098,2010
Domestic Electricity,Ribble Valley,58.874817167901206,2011
Domestic Electricity,Ribble Valley,62.16497910243993,2012
Domestic Electricity,Ribble Valley,55.9595583376951,2013
Domestic Electricity,Ribble Valley,48.245857876636954,2014
Domestic Electricity,Ribble Valley,41.465921044384565,2015
Domestic Electricity,Ribble Valley,33.27403690700446,2016
Domestic Electricity,Ribble Valley,29.470782654125173,2017
Domestic Electricity,Ribble Valley,26.4764679140325,2018
Domestic Electricity,Ribble Valley,24.26389187673646,2019
Domestic Electricity,Ribble Valley,23.677604230654712,2020
Domestic Electricity,Ribble Valley,24.57157377753814,2021
Domestic Electricity,Ribble Valley,21.69931904749004,2022
Domestic Electricity,Ribble Valley,19.00869172132119,2023
Domestic Electricity,Rossendale,70.01481694427878,2005
Domestic Electricity,Rossendale,74.80282905329035,2006
Domestic Electricity,Rossendale,74.92266665453275,2007
Domestic Electricity,Rossendale,71.64248118074747,2008
Domestic Electricity,Rossendale,64.80833191333252,2009
Domestic Electricity,Rossendale,66.60593440141949,2010
Domestic Electricity,Rossendale,63.3752516148321,2011
Domestic Electricity,Rossendale,66.43518597607739,2012
Domestic Electricity,Rossendale,60.80154455195228,2013
Domestic Electricity,Rossendale,51.458200312181525,2014
Domestic Electricity,Rossendale,43.933401973788776,2015
Domestic Electricity,Rossendale,35.110012273022384,2016
Domestic Electricity,Rossendale,30.915252645714357,2017
Domestic Electricity,Rossendale,27.637038511497387,2018
Domestic Electricity,Rossendale,24.73530902668236,2019
Domestic Electricity,Rossendale,23.56874000953067,2020
Domestic Electricity,Rossendale,23.90313822475212,2021
Domestic Electricity,Rossendale,21.388609332348597,2022
Domestic Electricity,Rossendale,18.85636940050135,2023
Domestic Electricity,South Ribble,105.81237183362683,2005
Domestic Electricity,South Ribble,113.9753878040251,2006
Domestic Electricity,South Ribble,113.96749426938445,2007
Domestic Electricity,South Ribble,107.67241855751826,2008
Domestic Electricity,South Ribble,99.64690082652399,2009
Domestic Electricity,South Ribble,102.99066368101286,2010
Domestic Electricity,South Ribble,97.37040373902728,2011
Domestic Electricity,South Ribble,101.65309565654285,2012
Domestic Electricity,South Ribble,92.36352094866307,2013
Domestic Electricity,South Ribble,78.88920762312299,2014
Domestic Electricity,South Ribble,67.24081281547433,2015
Domestic Electricity,South Ribble,53.68354668160542,2016
Domestic Electricity,South Ribble,46.543896249384034,2017
Domestic Electricity,South Ribble,41.54735813119597,2018
Domestic Electricity,South Ribble,37.25204953737483,2019
Domestic Electricity,South Ribble,35.79840666206268,2020
Domestic Electricity,South Ribble,36.46218095000612,2021
Domestic Electricity,South Ribble,32.34407233386108,2022
Domestic Electricity,South Ribble,28.701420674133175,2023
Domestic Electricity,West Lancashire,119.23874097125318,2005
Domestic Electricity,West Lancashire,125.95149093429447,2006
Domestic Electricity,West Lancashire,126.8344717429477,2007
Domestic Electricity,West Lancashire,119.16507894405792,2008
Domestic Electricity,West Lancashire,109.64551418641169,2009
Domestic Electricity,West Lancashire,113.19183947080958,2010
Domestic Electricity,West Lancashire,107.45462169169618,2011
Domestic Electricity,West Lancashire,112.31502812261495,2012
Domestic Electricity,West Lancashire,100.65527698329188,2013
Domestic Electricity,West Lancashire,85.72850017355631,2014
Domestic Electricity,West Lancashire,72.37135257152877,2015
Domestic Electricity,West Lancashire,57.90723193163463,2016
Domestic Electricity,West Lancashire,50.026007474943306,2017
Domestic Electricity,West Lancashire,44.917886561437044,2018
Domestic Electricity,West Lancashire,40.275581322460205,2019
Domestic Electricity,West Lancashire,38.38980904987755,2020
Domestic Electricity,West Lancashire,39.910330813378856,2021
Domestic Electricity,West Lancashire,35.418173309063896,2022
Domestic Electricity,West Lancashire,31.063943600100732,2023
Domestic Electricity,Wyre,120.50317917507572,2005
Domestic Electricity,Wyre,127.17022698474246,2006
Domestic Electricity,Wyre,127.19000560123264,2007
Domestic Electricity,Wyre,120.60049703223874,2008
Domestic Electricity,Wyre,109.38251635014018,2009
Domestic Electricity,Wyre,112.24878390324996,2010
Domestic Electricity,Wyre,105.65855847433822,2011
Domestic Electricity,Wyre,111.64181027674351,2012
Domestic Electricity,Wyre,100.0189810179816,2013
Domestic Electricity,Wyre,84.83011042832663,2014
Domestic Electricity,Wyre,72.30409359136054,2015
Domestic Electricity,Wyre,57.63125708949099,2016
Domestic Electricity,Wyre,49.95188027650752,2017
Domestic Electricity,Wyre,44.76254920622768,2018
Domestic Electricity,Wyre,40.265144843131594,2019
Domestic Electricity,Wyre,38.66562663435547,2020
Domestic Electricity,Wyre,39.574037749942484,2021
Domestic Electricity,Wyre,35.05686098243351,2022
Domestic Electricity,Wyre,30.838172219437514,2023
Domestic Gas,Blackburn with Darwen,209.72380838850736,2005
Domestic Gas,Blackburn with Darwen,199.45638806842774,2006
Domestic Gas,Blackburn with Darwen,191.42180866475732,2007
Domestic Gas,Blackburn with Darwen,197.2209350571576,2008
Domestic Gas,Blackburn with Darwen,178.78165553580388,2009
Domestic Gas,Blackburn with Darwen,194.06897785365683,2010
Domestic Gas,Blackburn with Darwen,163.69389738439628,2011
Domestic Gas,Blackburn with Darwen,174.90085511004304,2012
Domestic Gas,Blackburn with Darwen,178.50445752352366,2013
Domestic Gas,Blackburn with Darwen,148.2809314422916,2014
Domestic Gas,Blackburn with Darwen,162.0385368532272,2015
Domestic Gas,Blackburn with Darwen,157.6517508602306,2016
Domestic Gas,Blackburn with Darwen,158.64044413209905,2017
Domestic Gas,Blackburn with Darwen,164.66027373678313,2018
Domestic Gas,Blackburn with Darwen,163.2453848680887,2019
Domestic Gas,Blackburn with Darwen,159.55005202026334,2020
Domestic Gas,Blackburn with Darwen,165.8414973169036,2021
Domestic Gas,Blackburn with Darwen,136.89978838681674,2022
Domestic Gas,Blackburn with Darwen,135.3672957329773,2023
Domestic Gas,Blackpool,222.5605775427994,2005
Domestic Gas,Blackpool,212.53634384146645,2006
Domestic Gas,Blackpool,197.44163664090942,2007
Domestic Gas,Blackpool,202.40301997394903,2008
Domestic Gas,Blackpool,182.6513055785695,2009
Domestic Gas,Blackpool,198.84797833049117,2010
Domestic Gas,Blackpool,162.83915579514584,2011
Domestic Gas,Blackpool,176.39306335854684,2012
Domestic Gas,Blackpool,176.397399439913,2013
Domestic Gas,Blackpool,146.25436361732167,2014
Domestic Gas,Blackpool,158.46122637529473,2015
Domestic Gas,Blackpool,155.1455780762493,2016
Domestic Gas,Blackpool,155.11054364851302,2017
Domestic Gas,Blackpool,158.95750090287248,2018
Domestic Gas,Blackpool,158.0178842703271,2019
Domestic Gas,Blackpool,153.39404432447077,2020
Domestic Gas,Blackpool,156.25631943363373,2021
Domestic Gas,Blackpool,125.29311190387457,2022
Domestic Gas,Blackpool,123.66908246824951,2023
Domestic Gas,Burnley,138.80191049575953,2005
Domestic Gas,Burnley,133.02615328542458,2006
Domestic Gas,Burnley,126.00635430744026,2007
Domestic Gas,Burnley,128.19414140105943,2008
Domestic Gas,Burnley,114.07377906049011,2009
Domestic Gas,Burnley,124.22140313703831,2010
Domestic Gas,Burnley,103.32074725784241,2011
Domestic Gas,Burnley,111.72242157122275,2012
Domestic Gas,Burnley,113.6421874461062,2013
Domestic Gas,Burnley,94.37982626724418,2014
Domestic Gas,Burnley,103.34412402119874,2015
Domestic Gas,Burnley,99.75656095687607,2016
Domestic Gas,Burnley,100.85642016412785,2017
Domestic Gas,Burnley,104.39057700363358,2018
Domestic Gas,Burnley,104.02355369194798,2019
Domestic Gas,Burnley,101.40752590217473,2020
Domestic Gas,Burnley,104.54745671422577,2021
Domestic Gas,Burnley,84.48926790530516,2022
Domestic Gas,Burnley,84.07467383016166,2023
Domestic Gas,Chorley,155.16860380550904,2005
Domestic Gas,Chorley,151.22017511829165,2006
Domestic Gas,Chorley,142.65354674520034,2007
Domestic Gas,Chorley,148.2600524634637,2008
Domestic Gas,Chorley,135.83557978949884,2009
Domestic Gas,Chorley,149.14843065260303,2010
Domestic Gas,Chorley,122.29139730916086,2011
Domestic Gas,Chorley,134.15128900829416,2012
Domestic Gas,Chorley,136.9729883942802,2013
Domestic Gas,Chorley,114.66975797434452,2014
Domestic Gas,Chorley,125.78360241855184,2015
Domestic Gas,Chorley,124.12004125166588,2016
Domestic Gas,Chorley,124.67666176386582,2017
Domestic Gas,Chorley,128.32351966704206,2018
Domestic Gas,Chorley,126.83982756176489,2019
Domestic Gas,Chorley,123.7387708715778,2020
Domestic Gas,Chorley,125.53666554456842,2021
Domestic Gas,Chorley,103.35167375574845,2022
Domestic Gas,Chorley,101.48783646665721,2023
Domestic Gas,England Total,67603.06319755536,2005
Domestic Gas,England Total,65231.342120758636,2006
Domestic Gas,England Total,61690.67763074178,2007
Domestic Gas,England Total,63473.7987584354,2008
Domestic Gas,England Total,57869.13957276495,2009
Domestic Gas,England Total,63985.37550209905,2010
Domestic Gas,England Total,52688.06066484492,2011
Domestic Gas,England Total,57754.361327277984,2012
Domestic Gas,England Total,59207.896798141104,2013
Domestic Gas,England Total,49837.57916751886,2014
Domestic Gas,England Total,52894.56496475162,2015
Domestic Gas,England Total,53466.075762207896,2016
Domestic Gas,England Total,52722.52196850282,2017
Domestic Gas,England Total,53785.54468058331,2018
Domestic Gas,England Total,53174.10837732257,2019
Domestic Gas,England Total,52664.34956952929,2020
Domestic Gas,England Total,53552.64328838086,2021
Domestic Gas,England Total,44893.37567093208,2022
Domestic Gas,England Total,43150.085036374236,2023
Domestic Gas,Fylde,121.1933073141476,2005
Domestic Gas,Fylde,118.82046572672155,2006
Domestic Gas,Fylde,111.14337844004483,2007
Domestic Gas,Fylde,115.93395834401196,2008
Domestic Gas,Fylde,105.48764173625351,2009
Domestic Gas,Fylde,116.0827123524565,2010
Domestic Gas,Fylde,95.09237216866303,2011
Domestic Gas,Fylde,104.70039922418894,2012
Domestic Gas,Fylde,106.61627809982602,2013
Domestic Gas,Fylde,88.63961692730405,2014
Domestic Gas,Fylde,96.42161903723164,2015
Domestic Gas,Fylde,96.00485726873175,2016
Domestic Gas,Fylde,95.6065611528047,2017
Domestic Gas,Fylde,99.25500462579849,2018
Domestic Gas,Fylde,98.64101480504539,2019
Domestic Gas,Fylde,96.37326718361894,2020
Domestic Gas,Fylde,98.0856435627809,2021
Domestic Gas,Fylde,80.75548516126175,2022
Domestic Gas,Fylde,79.53586493172432,2023
Domestic Gas,Hyndburn,123.51008366189252,2005
Domestic Gas,Hyndburn,119.27284926956655,2006
Domestic Gas,Hyndburn,113.39912646482458,2007
Domestic Gas,Hyndburn,116.02533848129075,2008
Domestic Gas,Hyndburn,104.47171791405715,2009
Domestic Gas,Hyndburn,113.41097965939466,2010
Domestic Gas,Hyndburn,94.50085778824477,2011
Domestic Gas,Hyndburn,102.07750075693878,2012
Domestic Gas,Hyndburn,104.06146213774481,2013
Domestic Gas,Hyndburn,85.92058275867278,2014
Domestic Gas,Hyndburn,93.78142201256192,2015
Domestic Gas,Hyndburn,90.55441451557944,2016
Domestic Gas,Hyndburn,91.14771484461662,2017
Domestic Gas,Hyndburn,93.37823969291594,2018
Domestic Gas,Hyndburn,93.42774826971645,2019
Domestic Gas,Hyndburn,90.98586732923513,2020
Domestic Gas,Hyndburn,94.02812570559465,2021
Domestic Gas,Hyndburn,76.20206677561937,2022
Domestic Gas,Hyndburn,75.07852361343897,2023
Domestic Gas,Lancashire Total,1723.6876600604562,2005
Domestic Gas,Lancashire Total,1666.7197998218862,2006
Domestic Gas,Lancashire Total,1570.5560118961016,2007
Domestic Gas,Lancashire Total,1622.3693698271763,2008
Domestic Gas,Lancashire Total,1466.4571226541154,2009
Domestic Gas,Lancashire Total,1603.5547253565608,2010
Domestic Gas,Lancashire Total,1323.847445913517,2011
Domestic Gas,Lancashire Total,1444.8169241315782,2012
Domestic Gas,Lancashire Total,1469.8344061718417,2013
Domestic Gas,Lancashire Total,1224.8769236466403,2014
Domestic Gas,Lancashire Total,1338.5938289339583,2015
Domestic Gas,Lancashire Total,1310.5860169261005,2016
Domestic Gas,Lancashire Total,1315.2320135581954,2017
Domestic Gas,Lancashire Total,1357.9867462343236,2018
Domestic Gas,Lancashire Total,1347.6728062899833,2019
Domestic Gas,Lancashire Total,1314.8128299815144,2020
Domestic Gas,Lancashire Total,1347.822685617081,2021
Domestic Gas,Lancashire Total,1103.9557257428992,2022
Domestic Gas,Lancashire Total,1090.029960133484,2023
Domestic Gas,Lancaster,185.0164658491662,2005
Domestic Gas,Lancaster,177.17099396154458,2006
Domestic Gas,Lancaster,165.51642570080602,2007
Domestic Gas,Lancaster,172.37694505892063,2008
Domestic Gas,Lancaster,155.6794971892253,2009
Domestic Gas,Lancaster,170.39741506511578,2010
Domestic Gas,Lancaster,140.582247186923,2011
Domestic Gas,Lancaster,153.88215668777033,2012
Domestic Gas,Lancaster,156.91992377784982,2013
Domestic Gas,Lancaster,131.00301776589302,2014
Domestic Gas,Lancaster,142.77953687819834,2015
Domestic Gas,Lancaster,139.82349260737132,2016
Domestic Gas,Lancaster,140.14037025765907,2017
Domestic Gas,Lancaster,143.3757376692611,2018
Domestic Gas,Lancaster,141.93823870074723,2019
Domestic Gas,Lancaster,138.63928777182917,2020
Domestic Gas,Lancaster,141.83242076523572,2021
Domestic Gas,Lancaster,113.76708821129546,2022
Domestic Gas,Lancaster,113.10188446476894,2023
Domestic Gas,North West Total,10176.418590004767,2005
Domestic Gas,North West Total,9762.898785035946,2006
Domestic Gas,North West Total,9183.44269967803,2007
Domestic Gas,North West Total,9450.772124618235,2008
Domestic Gas,North West Total,8530.151667895472,2009
Domestic Gas,North West Total,9304.212315850456,2010
Domestic Gas,North West Total,7630.487796391994,2011
Domestic Gas,North West Total,8356.092956247503,2012
Domestic Gas,North West Total,8497.824290101655,2013
Domestic Gas,North West Total,7076.15334184563,2014
Domestic Gas,North West Total,7666.190396199804,2015
Domestic Gas,North West Total,7539.019252543421,2016
Domestic Gas,North West Total,7561.753289695793,2017
Domestic Gas,North West Total,7781.554600643624,2018
Domestic Gas,North West Total,7719.289434358407,2019
Domestic Gas,North West Total,7506.882061712303,2020
Domestic Gas,North West Total,7701.476622863818,2021
Domestic Gas,North West Total,6327.009725518115,2022
Domestic Gas,North West Total,6223.125910052129,2023
Domestic Gas,Pendle,136.79074477914017,2005
Domestic Gas,Pendle,131.3592928518408,2006
Domestic Gas,Pendle,126.0444003825106,2007
Domestic Gas,Pendle,129.78721264652424,2008
Domestic Gas,Pendle,116.42792297671257,2009
Domestic Gas,Pendle,126.73538945327579,2010
Domestic Gas,Pendle,106.86496923349998,2011
Domestic Gas,Pendle,115.51095058295675,2012
Domestic Gas,Pendle,117.7017302192123,2013
Domestic Gas,Pendle,97.77084619742179,2014
Domestic Gas,Pendle,106.72974800175315,2015
Domestic Gas,Pendle,103.67127862230272,2016
Domestic Gas,Pendle,104.44604569729044,2017
Domestic Gas,Pendle,107.87566751435085,2018
Domestic Gas,Pendle,107.9298527507267,2019
Domestic Gas,Pendle,104.73160648247811,2020
Domestic Gas,Pendle,108.62936469887487,2021
Domestic Gas,Pendle,88.61033558665564,2022
Domestic Gas,Pendle,87.39118586997871,2023
Domestic Gas,Preston,186.03383373744526,2005
Domestic Gas,Preston,178.46046964359627,2006
Domestic Gas,Preston,168.7126045447884,2007
Domestic Gas,Preston,175.08955444256554,2008
Domestic Gas,Preston,158.3999645214153,2009
Domestic Gas,Preston,173.22103328081545,2010
Domestic Gas,Preston,142.1848200572007,2011
Domestic Gas,Preston,156.06461814931097,2012
Domestic Gas,Preston,157.9927319743786,2013
Domestic Gas,Preston,131.2908251763922,2014
Domestic Gas,Preston,144.0980450299067,2015
Domestic Gas,Preston,142.16346008908386,2016
Domestic Gas,Preston,143.43240440990238,2017
Domestic Gas,Preston,148.91591595754963,2018
Domestic Gas,Preston,147.77530145003567,2019
Domestic Gas,Preston,145.15670624845217,2020
Domestic Gas,Preston,150.99682451485606,2021
Domestic Gas,Preston,126.94423566776918,2022
Domestic Gas,Preston,124.6723233749835,2023
Domestic Gas,Ribble Valley,81.41866353273261,2005
Domestic Gas,Ribble Valley,79.02176844854822,2006
Domestic Gas,Ribble Valley,75.01542436598996,2007
Domestic Gas,Ribble Valley,77.9923225782131,2008
Domestic Gas,Ribble Valley,70.48326201404824,2009
Domestic Gas,Ribble Valley,76.93938699450618,2010
Domestic Gas,Ribble Valley,64.16870134694217,2011
Domestic Gas,Ribble Valley,70.01883790728603,2012
Domestic Gas,Ribble Valley,71.79117258820126,2013
Domestic Gas,Ribble Valley,60.248082320991706,2014
Domestic Gas,Ribble Valley,66.43996925209078,2015
Domestic Gas,Ribble Valley,65.57298665824577,2016
Domestic Gas,Ribble Valley,65.77361491030021,2017
Domestic Gas,Ribble Valley,68.94615829031136,2018
Domestic Gas,Ribble Valley,67.84653281371472,2019
Domestic Gas,Ribble Valley,66.2367670908308,2020
Domestic Gas,Ribble Valley,67.86943310054119,2021
Domestic Gas,Ribble Valley,56.14206920025631,2022
Domestic Gas,Ribble Valley,55.70841769341359,2023
Domestic Gas,Rossendale,117.25585085459257,2005
Domestic Gas,Rossendale,114.75070526986505,2006
Domestic Gas,Rossendale,108.07050209745829,2007
Domestic Gas,Rossendale,110.75771021359728,2008
Domestic Gas,Rossendale,99.2206516988774,2009
Domestic Gas,Rossendale,107.65878485148929,2010
Domestic Gas,Rossendale,89.55405058010017,2011
Domestic Gas,Rossendale,97.1887522096188,2012
Domestic Gas,Rossendale,99.27217232616829,2013
Domestic Gas,Rossendale,82.52200800227708,2014
Domestic Gas,Rossendale,90.23004996137355,2015
Domestic Gas,Rossendale,87.60298941787353,2016
Domestic Gas,Rossendale,87.7751640247817,2017
Domestic Gas,Rossendale,89.50040498459083,2018
Domestic Gas,Rossendale,89.38559854192044,2019
Domestic Gas,Rossendale,86.68052533470848,2020
Domestic Gas,Rossendale,89.09300013590388,2021
Domestic Gas,Rossendale,71.61006382584219,2022
Domestic Gas,Rossendale,70.75138843701284,2023
Domestic Gas,South Ribble,159.47175614639022,2005
Domestic Gas,South Ribble,155.66590550162556,2006
Domestic Gas,South Ribble,146.7858282743535,2007
Domestic Gas,South Ribble,151.75974167682276,2008
Domestic Gas,South Ribble,137.43541713806576,2009
Domestic Gas,South Ribble,150.4397934618296,2010
Domestic Gas,South Ribble,122.73523542829864,2011
Domestic Gas,South Ribble,133.99648950807716,2012
Domestic Gas,South Ribble,135.5418951929924,2013
Domestic Gas,South Ribble,113.6703655404735,2014
Domestic Gas,South Ribble,123.45624502017698,2015
Domestic Gas,South Ribble,120.78317084215442,2016
Domestic Gas,South Ribble,121.3767440009139,2017
Domestic Gas,South Ribble,125.16872308246414,2018
Domestic Gas,South Ribble,122.59160012937409,2019
Domestic Gas,South Ribble,120.31099951179519,2020
Domestic Gas,South Ribble,121.56545045555126,2021
Domestic Gas,South Ribble,100.22524984209458,2022
Domestic Gas,South Ribble,98.81130182601537,2023
Domestic Gas,West Lancashire,156.9276780856578,2005
Domestic Gas,West Lancashire,150.0914885387525,2006
Domestic Gas,West Lancashire,140.86848617863447,2007
Domestic Gas,West Lancashire,145.46474766063244,2008
Domestic Gas,West Lancashire,132.08525701790077,2009
Domestic Gas,West Lancashire,144.68961385475313,2010
Domestic Gas,West Lancashire,118.91501352644056,2011
Domestic Gas,West Lancashire,130.71903143374644,2012
Domestic Gas,West Lancashire,132.42433544754442,2013
Domestic Gas,West Lancashire,110.80087958871133,2014
Domestic Gas,West Lancashire,120.79014277534263,2015
Domestic Gas,West Lancashire,118.5720389207322,2016
Domestic Gas,West Lancashire,118.21571118271149,2017
Domestic Gas,West Lancashire,122.38009005538238,2018
Domestic Gas,West Lancashire,121.58954095820506,2019
Domestic Gas,West Lancashire,118.27858265514747,2020
Domestic Gas,West Lancashire,121.15159996726152,2021
Domestic Gas,West Lancashire,99.95980093003953,2022
Domestic Gas,West Lancashire,98.41603674402575,2023
Domestic Gas,Wyre,162.09876179802276,2005
Domestic Gas,Wyre,157.85953220610926,2006
Domestic Gas,Wyre,146.33993439405052,2007
Domestic Gas,Wyre,150.72764486007455,2008
Domestic Gas,Wyre,136.8564315975705,2009
Domestic Gas,Wyre,150.60978259328326,2010
Domestic Gas,Wyre,123.63703403020082,2011
Domestic Gas,Wyre,134.7844770921668,2012
Domestic Gas,Wyre,136.89752856753745,2013
Domestic Gas,Wyre,113.96111512691408,2014
Domestic Gas,Wyre,124.73932452557212,2015
Domestic Gas,Wyre,121.96072577548345,2016
Domestic Gas,Wyre,121.7846011492214,2017
Domestic Gas,Wyre,126.4767076910232,2018
Domestic Gas,Wyre,125.6839966167848,2019
Domestic Gas,Wyre,122.27292359966638,2020
Domestic Gas,Wyre,124.48670045168713,2021
Domestic Gas,Wyre,101.89838888101161,2022
Domestic Gas,Wyre,101.00052288130325,2023
Domestic 'Other',Blackburn with Darwen,9.713381288784584,2005
Domestic 'Other',Blackburn with Darwen,9.364733963729595,2006
Domestic 'Other',Blackburn with Darwen,9.300822043812255,2007
Domestic 'Other',Blackburn with Darwen,10.003003219471008,2008
Domestic 'Other',Blackburn with Darwen,9.221428201897423,2009
Domestic 'Other',Blackburn with Darwen,10.021750175371745,2010
Domestic 'Other',Blackburn with Darwen,8.935778104655345,2011
Domestic 'Other',Blackburn with Darwen,8.66671327005917,2012
Domestic 'Other',Blackburn with Darwen,8.762089447033716,2013
Domestic 'Other',Blackburn with Darwen,7.92909672658179,2014
Domestic 'Other',Blackburn with Darwen,7.946185814930001,2015
Domestic 'Other',Blackburn with Darwen,7.8134119106341675,2016
Domestic 'Other',Blackburn with Darwen,7.6608342796906825,2017
Domestic 'Other',Blackburn with Darwen,7.658460528756516,2018
Domestic 'Other',Blackburn with Darwen,7.302012528014256,2019
Domestic 'Other',Blackburn with Darwen,7.289946118949355,2020
Domestic 'Other',Blackburn with Darwen,7.0401352548209015,2021
Domestic 'Other',Blackburn with Darwen,6.484476901441473,2022
Domestic 'Other',Blackburn with Darwen,5.730969093514032,2023
Domestic 'Other',Blackpool,13.56074645068579,2005
Domestic 'Other',Blackpool,12.64275063298715,2006
Domestic 'Other',Blackpool,13.105110814128734,2007
Domestic 'Other',Blackpool,14.360814319791979,2008
Domestic 'Other',Blackpool,12.873625413029274,2009
Domestic 'Other',Blackpool,13.668621053575404,2010
Domestic 'Other',Blackpool,12.564785337390832,2011
Domestic 'Other',Blackpool,11.62025204548951,2012
Domestic 'Other',Blackpool,11.421707617580868,2013
Domestic 'Other',Blackpool,10.18096569511954,2014
Domestic 'Other',Blackpool,10.258454331244865,2015
Domestic 'Other',Blackpool,9.888080282861477,2016
Domestic 'Other',Blackpool,9.84008476861919,2017
Domestic 'Other',Blackpool,9.741712231911759,2018
Domestic 'Other',Blackpool,9.0346111547005,2019
Domestic 'Other',Blackpool,9.052614616444213,2020
Domestic 'Other',Blackpool,8.852097729636316,2021
Domestic 'Other',Blackpool,8.848580200140232,2022
Domestic 'Other',Blackpool,7.026058718525582,2023
Domestic 'Other',Burnley,6.405849872537103,2005
Domestic 'Other',Burnley,6.142836774729167,2006
Domestic 'Other',Burnley,6.151510724978285,2007
Domestic 'Other',Burnley,6.619376126799561,2008
Domestic 'Other',Burnley,6.081282238407779,2009
Domestic 'Other',Burnley,6.583561469972131,2010
Domestic 'Other',Burnley,5.900368812873394,2011
Domestic 'Other',Burnley,5.6640969274102915,2012
Domestic 'Other',Burnley,5.703793159797877,2013
Domestic 'Other',Burnley,5.164741214008287,2014
Domestic 'Other',Burnley,5.16672326205872,2015
Domestic 'Other',Burnley,5.078124226818574,2016
Domestic 'Other',Burnley,4.990978420869411,2017
Domestic 'Other',Burnley,4.983092957803262,2018
Domestic 'Other',Burnley,4.73211295305809,2019
Domestic 'Other',Burnley,4.727233794159622,2020
Domestic 'Other',Burnley,4.576524810626068,2021
Domestic 'Other',Burnley,4.267701823272068,2022
Domestic 'Other',Burnley,3.721788870090424,2023
Domestic 'Other',Chorley,15.407796446479605,2005
Domestic 'Other',Chorley,14.985356357484756,2006
Domestic 'Other',Chorley,14.73045419164692,2007
Domestic 'Other',Chorley,15.722084651525202,2008
Domestic 'Other',Chorley,14.428984323311258,2009
Domestic 'Other',Chorley,15.824843399238748,2010
Domestic 'Other',Chorley,13.962300541327144,2011
Domestic 'Other',Chorley,13.318614978679191,2012
Domestic 'Other',Chorley,13.491718233460707,2013
Domestic 'Other',Chorley,12.230343942246165,2014
Domestic 'Other',Chorley,12.204698180668732,2015
Domestic 'Other',Chorley,12.090295869999228,2016
Domestic 'Other',Chorley,11.82654757261626,2017
Domestic 'Other',Chorley,11.842689822020555,2018
Domestic 'Other',Chorley,11.313783930047755,2019
Domestic 'Other',Chorley,11.325491152663934,2020
Domestic 'Other',Chorley,10.920134024115105,2021
Domestic 'Other',Chorley,9.925758956226906,2022
Domestic 'Other',Chorley,9.004640494340325,2023
Domestic 'Other',England Total,8419.183362004127,2005
Domestic 'Other',England Total,8445.165741316405,2006
Domestic 'Other',England Total,7885.422202329525,2007
Domestic 'Other',England Total,8466.371326415585,2008
Domestic 'Other',England Total,7882.6461747507365,2009
Domestic 'Other',England Total,8835.688942606963,2010
Domestic 'Other',England Total,7581.7191011928235,2011
Domestic 'Other',England Total,7463.8147384496115,2012
Domestic 'Other',England Total,7654.089866760039,2013
Domestic 'Other',England Total,6831.856679635209,2014
Domestic 'Other',England Total,6947.749009027331,2015
Domestic 'Other',England Total,6824.32401753323,2016
Domestic 'Other',England Total,6625.899142086661,2017
Domestic 'Other',England Total,6713.712403924683,2018
Domestic 'Other',England Total,6537.960998890175,2019
Domestic 'Other',England Total,6587.780839807002,2020
Domestic 'Other',England Total,6301.549990398876,2021
Domestic 'Other',England Total,5393.994704416323,2022
Domestic 'Other',England Total,5208.038740317532,2023
Domestic 'Other',Fylde,10.884029873778042,2005
Domestic 'Other',Fylde,10.630312080428993,2006
Domestic 'Other',Fylde,10.394395653373154,2007
Domestic 'Other',Fylde,11.060424207515306,2008
Domestic 'Other',Fylde,10.18134595312173,2009
Domestic 'Other',Fylde,11.199452544460845,2010
Domestic 'Other',Fylde,9.844602075331514,2011
Domestic 'Other',Fylde,9.430542818159765,2012
Domestic 'Other',Fylde,9.581734323356812,2013
Domestic 'Other',Fylde,8.704608172022274,2014
Domestic 'Other',Fylde,8.676023268254067,2015
Domestic 'Other',Fylde,8.616646729504428,2016
Domestic 'Other',Fylde,8.415217654964712,2017
Domestic 'Other',Fylde,8.436867714987587,2018
Domestic 'Other',Fylde,8.084034683557812,2019
Domestic 'Other',Fylde,8.091912151222084,2020
Domestic 'Other',Fylde,7.7961538708255045,2021
Domestic 'Other',Fylde,7.024183216537964,2022
Domestic 'Other',Fylde,6.459827121624885,2023
Domestic 'Other',Hyndburn,5.066924570861847,2005
Domestic 'Other',Hyndburn,4.81334405505283,2006
Domestic 'Other',Hyndburn,4.876437428211984,2007
Domestic 'Other',Hyndburn,5.274058703357941,2008
Domestic 'Other',Hyndburn,4.8182040343105115,2009
Domestic 'Other',Hyndburn,5.174431351734799,2010
Domestic 'Other',Hyndburn,4.68668975690204,2011
Domestic 'Other',Hyndburn,4.4924295932288505,2012
Domestic 'Other',Hyndburn,4.498034490857854,2013
Domestic 'Other',Hyndburn,4.0681138511695,2014
Domestic 'Other',Hyndburn,4.080140573861275,2015
Domestic 'Other',Hyndburn,3.98712656342607,2016
Domestic 'Other',Hyndburn,3.933244539338024,2017
Domestic 'Other',Hyndburn,3.91796090908627,2018
Domestic 'Other',Hyndburn,3.7007032101571133,2019
Domestic 'Other',Hyndburn,3.6940933817199686,2020
Domestic 'Other',Hyndburn,3.585370804045241,2021
Domestic 'Other',Hyndburn,3.417529936983111,2022
Domestic 'Other',Hyndburn,2.9078415078035658,2023
Domestic 'Other',Lancashire Total,166.34287594746382,2005
Domestic 'Other',Lancashire Total,164.74441232350884,2006
Domestic 'Other',Lancashire Total,157.97671043170192,2007
Domestic 'Other',Lancashire Total,167.1674085376352,2008
Domestic 'Other',Lancashire Total,155.36379336397167,2009
Domestic 'Other',Lancashire Total,172.9309337785969,2010
Domestic 'Other',Lancashire Total,149.58549101492773,2011
Domestic 'Other',Lancashire Total,145.2502361345729,2012
Domestic 'Other',Lancashire Total,149.01429308188958,2013
Domestic 'Other',Lancashire Total,135.40663501028223,2014
Domestic 'Other',Lancashire Total,134.81383118518568,2015
Domestic 'Other',Lancashire Total,134.65651388783527,2016
Domestic 'Other',Lancashire Total,130.66072452657082,2017
Domestic 'Other',Lancashire Total,131.43067938567484,2018
Domestic 'Other',Lancashire Total,126.99309519393803,2019
Domestic 'Other',Lancashire Total,127.10006507785178,2020
Domestic 'Other',Lancashire Total,121.82789466761983,2021
Domestic 'Other',Lancashire Total,106.00168771290211,2022
Domestic 'Other',Lancashire Total,101.14097624763959,2023
Domestic 'Other',Lancaster,24.42721790552574,2005
Domestic 'Other',Lancaster,24.30110588786714,2006
Domestic 'Other',Lancaster,23.142099732423038,2007
Domestic 'Other',Lancaster,24.475231283434212,2008
Domestic 'Other',Lancaster,22.770134747957037,2009
Domestic 'Other',Lancaster,25.453335382987877,2010
Domestic 'Other',Lancaster,21.893851538622847,2011
Domestic 'Other',Lancaster,21.2604566751629,2012
Domestic 'Other',Lancaster,21.84961310373196,2013
Domestic 'Other',Lancaster,19.810850132202045,2014
Domestic 'Other',Lancaster,19.734039706443394,2015
Domestic 'Other',Lancaster,19.724408491442396,2016
Domestic 'Other',Lancaster,19.10344540716711,2017
Domestic 'Other',Lancaster,19.238584649398454,2018
Domestic 'Other',Lancaster,18.624385091218393,2019
Domestic 'Other',Lancaster,18.66048353187278,2020
Domestic 'Other',Lancaster,17.862918249004068,2021
Domestic 'Other',Lancaster,15.382644483046539,2022
Domestic 'Other',Lancaster,14.82718923515417,2023
Domestic 'Other',North West Total,817.6472602031821,2005
Domestic 'Other',North West Total,806.2534214662378,2006
Domestic 'Other',North West Total,777.1569918299301,2007
Domestic 'Other',North West Total,825.5193585538407,2008
Domestic 'Other',North West Total,766.2794194371774,2009
Domestic 'Other',North West Total,849.8156720397307,2010
Domestic 'Other',North West Total,738.3237351629477,2011
Domestic 'Other',North West Total,717.1182302224277,2012
Domestic 'Other',North West Total,733.8280178544267,2013
Domestic 'Other',North West Total,665.4244712396759,2014
Domestic 'Other',North West Total,663.6596066617849,2015
Domestic 'Other',North West Total,660.7208309206572,2016
Domestic 'Other',North West Total,642.0256459894085,2017
Domestic 'Other',North West Total,645.1783285508808,2018
Domestic 'Other',North West Total,621.9288148234815,2019
Domestic 'Other',North West Total,622.1771282129868,2020
Domestic 'Other',North West Total,596.9329030786611,2021
Domestic 'Other',North West Total,523.76684486513,2022
Domestic 'Other',North West Total,492.6740993673904,2023
Domestic 'Other',Pendle,9.662117888445554,2005
Domestic 'Other',Pendle,9.545396210943828,2006
Domestic 'Other',Pendle,9.176117272366566,2007
Domestic 'Other',Pendle,9.731648546659763,2008
Domestic 'Other',Pendle,9.046254353204079,2009
Domestic 'Other',Pendle,10.05475235711398,2010
Domestic 'Other',Pendle,8.70663945067639,2011
Domestic 'Other',Pendle,8.486082161109374,2012
Domestic 'Other',Pendle,8.704827449061698,2013
Domestic 'Other',Pendle,7.898942758183469,2014
Domestic 'Other',Pendle,7.868493826543709,2015
Domestic 'Other',Pendle,7.850946149604905,2016
Domestic 'Other',Pendle,7.616450036948696,2017
Domestic 'Other',Pendle,7.65628353429102,2018
Domestic 'Other',Pendle,7.391554247181069,2019
Domestic 'Other',Pendle,7.387418564983319,2020
Domestic 'Other',Pendle,7.0780843007852585,2021
Domestic 'Other',Pendle,6.165877198005995,2022
Domestic 'Other',Pendle,5.835517185990848,2023
Domestic 'Other',Preston,13.841138338784297,2005
Domestic 'Other',Preston,13.64670505449076,2006
Domestic 'Other',Preston,13.175745298871997,2007
Domestic 'Other',Preston,13.957998207144309,2008
Domestic 'Other',Preston,12.99477718582624,2009
Domestic 'Other',Preston,14.400564845592356,2010
Domestic 'Other',Preston,12.522235239636805,2011
Domestic 'Other',Preston,12.214796350056558,2012
Domestic 'Other',Preston,12.52024711913506,2013
Domestic 'Other',Preston,11.393388600162528,2014
Domestic 'Other',Preston,11.335029216585923,2015
Domestic 'Other',Preston,11.30799745299478,2016
Domestic 'Other',Preston,10.985993800344362,2017
Domestic 'Other',Preston,11.03594125617715,2018
Domestic 'Other',Preston,10.649868333281143,2019
Domestic 'Other',Preston,10.642678004710197,2020
Domestic 'Other',Preston,10.213434096598393,2021
Domestic 'Other',Preston,8.958847959760755,2022
Domestic 'Other',Preston,8.457616195744382,2023
Domestic 'Other',Ribble Valley,22.099787930938955,2005
Domestic 'Other',Ribble Valley,22.540608473066637,2006
Domestic 'Other',Ribble Valley,20.74750991955407,2007
Domestic 'Other',Ribble Valley,21.663207997679137,2008
Domestic 'Other',Ribble Valley,20.438026907218948,2009
Domestic 'Other',Ribble Valley,23.340818899467706,2010
Domestic 'Other',Ribble Valley,19.517409996402968,2011
Domestic 'Other',Ribble Valley,19.255685448181705,2012
Domestic 'Other',Ribble Valley,20.10684617834113,2013
Domestic 'Other',Ribble Valley,18.28123691472791,2014
Domestic 'Other',Ribble Valley,18.15568724059776,2015
Domestic 'Other',Ribble Valley,18.361452992979853,2016
Domestic 'Other',Ribble Valley,17.606709491369262,2017
Domestic 'Other',Ribble Valley,17.840871864327486,2018
Domestic 'Other',Ribble Valley,17.514720384768996,2019
Domestic 'Other',Ribble Valley,17.560449214371918,2020
Domestic 'Other',Ribble Valley,16.682518138381635,2021
Domestic 'Other',Ribble Valley,13.544198172845638,2022
Domestic 'Other',Ribble Valley,14.000890943109674,2023
Domestic 'Other',Rossendale,5.482049804342137,2005
Domestic 'Other',Rossendale,5.312668641529837,2006
Domestic 'Other',Rossendale,5.2468269553345275,2007
Domestic 'Other',Rossendale,5.603340996299806,2008
Domestic 'Other',Rossendale,5.153278872004417,2009
Domestic 'Other',Rossendale,5.622391365048522,2010
Domestic 'Other',Rossendale,4.995088550643352,2011
Domestic 'Other',Rossendale,4.834783266227354,2012
Domestic 'Other',Rossendale,4.901296953535735,2013
Domestic 'Other',Rossendale,4.464151801606766,2014
Domestic 'Other',Rossendale,4.461010743804306,2015
Domestic 'Other',Rossendale,4.409961798967994,2016
Domestic 'Other',Rossendale,4.321980698672786,2017
Domestic 'Other',Rossendale,4.327187802620621,2018
Domestic 'Other',Rossendale,4.138744427989619,2019
Domestic 'Other',Rossendale,4.132003822787396,2020
Domestic 'Other',Rossendale,3.9855156441119806,2021
Domestic 'Other',Rossendale,3.650881657135651,2022
Domestic 'Other',Rossendale,3.2962634055247646,2023
Domestic 'Other',South Ribble,9.50040319247317,2005
Domestic 'Other',South Ribble,9.273435149615755,2006
Domestic 'Other',South Ribble,9.078362280499018,2007
Domestic 'Other',South Ribble,9.673112236739351,2008
Domestic 'Other',South Ribble,8.967444403506024,2009
Domestic 'Other',South Ribble,9.830575194191503,2010
Domestic 'Other',South Ribble,8.6773226623347,2011
Domestic 'Other',South Ribble,8.427539515724199,2012
Domestic 'Other',South Ribble,8.575846107726244,2013
Domestic 'Other',South Ribble,7.803895545849324,2014
Domestic 'Other',South Ribble,7.79521933277545,2015
Domestic 'Other',South Ribble,7.721730352261891,2016
Domestic 'Other',South Ribble,7.545135122341857,2017
Domestic 'Other',South Ribble,7.565602536814481,2018
Domestic 'Other',South Ribble,7.2608475486157165,2019
Domestic 'Other',South Ribble,7.259601103196397,2020
Domestic 'Other',South Ribble,6.99780698804241,2021
Domestic 'Other',South Ribble,6.311182932859744,2022
Domestic 'Other',South Ribble,5.793841256041796,2023
Domestic 'Other',West Lancashire,21.933391091087035,2005
Domestic 'Other',West Lancashire,22.094776742962363,2006
Domestic 'Other',West Lancashire,20.72712162891262,2007
Domestic 'Other',West Lancashire,21.67238210249027,2008
Domestic 'Other',West Lancashire,20.33057735893529,2009
Domestic 'Other',West Lancashire,22.968220167265546,2010
Domestic 'Other',West Lancashire,19.48473311876186,2011
Domestic 'Other',West Lancashire,19.128774977615812,2012
Domestic 'Other',West Lancashire,19.86329375504342,2013
Domestic 'Other',West Lancashire,18.148592323677782,2014
Domestic 'Other',West Lancashire,17.98010382724624,2015
Domestic 'Other',West Lancashire,18.160434057447443,2016
Domestic 'Other',West Lancashire,17.493704169889437,2017
Domestic 'Other',West Lancashire,17.660845942606816,2018
Domestic 'Other',West Lancashire,17.23123146891128,2019
Domestic 'Other',West Lancashire,17.23580636468349,2020
Domestic 'Other',West Lancashire,16.428132583018574,2021
Domestic 'Other',West Lancashire,13.73211753438253,2022
Domestic 'Other',West Lancashire,13.790778095884518,2023
Domestic 'Other',Wyre,21.632169032210342,2005
Domestic 'Other',Wyre,21.457866895336767,2006
Domestic 'Other',Wyre,20.530129345529723,2007
Domestic 'Other',Wyre,21.71454347799032,2008
Domestic 'Other',Wyre,20.153482986168346,2009
Domestic 'Other',Wyre,22.477986801522878,2010
Domestic 'Other',Wyre,19.394249271414704,2011
Domestic 'Other',Wyre,18.736433423016894,2012
Domestic 'Other',Wyre,19.21704220784108,2013
Domestic 'Other',Wyre,17.437769754426167,2014
Domestic 'Other',Wyre,17.3566620063461,2015
Domestic 'Other',Wyre,17.347389202387713,2016
Domestic 'Other',Wyre,16.821317612048897,2017
Domestic 'Other',Wyre,16.92475039554114,2018
Domestic 'Other',Wyre,16.35110891515106,2019
Domestic 'Other',Wyre,16.382893991480664,2020
Domestic 'Other',Wyre,15.701301158065608,2021
Domestic 'Other',Wyre,13.620763841845218,2022
Domestic 'Other',Wyre,13.044781936330224,2023
Domestic Total,Blackburn with Darwen,354.5783000040067,2005
Domestic Total,Blackburn with Darwen,347.937081820097,2006
Domestic Total,Blackburn with Darwen,339.75558825873895,2007
Domestic Total,Blackburn with Darwen,339.1189864087785,2008
Domestic Total,Blackburn with Darwen,308.78185142477196,2009
Domestic Total,Blackburn with Darwen,327.9392325442843,2010
Domestic Total,Blackburn with Darwen,290.6613035289522,2011
Domestic Total,Blackburn with Darwen,305.560706084911,2012
Domestic Total,Blackburn with Darwen,297.8432136187143,2013
Domestic Total,Blackburn with Darwen,249.69330529443903,2014
Domestic Total,Blackburn with Darwen,249.5390070452567,2015
Domestic Total,Blackburn with Darwen,228.8960677376759,2016
Domestic Total,Blackburn with Darwen,221.6187672381656,2017
Domestic Total,Blackburn with Darwen,221.64391823509015,2018
Domestic Total,Blackburn with Darwen,214.59641247653607,2019
Domestic Total,Blackburn with Darwen,208.85328931459608,2020
Domestic Total,Blackburn with Darwen,215.90644723352275,2021
Domestic Total,Blackburn with Darwen,182.40134850054054,2022
Domestic Total,Blackburn with Darwen,175.51031512410233,2023
Domestic Total,Blackpool,398.79225054039784,2005
Domestic Total,Blackpool,393.61396376417906,2006
Domestic Total,Blackpool,379.3707926740895,2007
Domestic Total,Blackpool,377.0536233890458,2008
Domestic Total,Blackpool,340.4690117563002,2009
Domestic Total,Blackpool,360.681302937537,2010
Domestic Total,Blackpool,314.8455346988068,2011
Domestic Total,Blackpool,334.3585028355729,2012
Domestic Total,Blackpool,318.1848009530928,2013
Domestic Total,Blackpool,265.8125436452583,2014
Domestic Total,Blackpool,260.97135346018223,2015
Domestic Total,Blackpool,238.37499849601565,2016
Domestic Total,Blackpool,227.98446923316143,2017
Domestic Total,Blackpool,224.84708933071133,2018
Domestic Total,Blackpool,216.80132260898267,2019
Domestic Total,Blackpool,209.49268946672686,2020
Domestic Total,Blackpool,212.6676170666169,2021
Domestic Total,Blackpool,176.83582646786888,2022
Domestic Total,Blackpool,167.66812977586275,2023
Domestic Total,Burnley,230.55948456853054,2005
Domestic Total,Burnley,228.79317415185915,2006
Domestic Total,Burnley,220.93829609406353,2007
Domestic Total,Burnley,219.14031298285514,2008
Domestic Total,Burnley,196.8093168185938,2009
Domestic Total,Burnley,209.71812031659894,2010
Domestic Total,Burnley,184.08050065806694,2011
Domestic Total,Burnley,195.25092068624275,2012
Domestic Total,Burnley,190.20695599769041,2013
Domestic Total,Burnley,159.49145788699676,2014
Domestic Total,Burnley,159.5626570089707,2015
Domestic Total,Burnley,145.45995927151887,2016
Domestic Total,Burnley,141.4019959166621,2017
Domestic Total,Burnley,141.22963346510056,2018
Domestic Total,Burnley,137.20752262119822,2019
Domestic Total,Burnley,133.1677696993333,2020
Domestic Total,Burnley,136.75758485663152,2021
Domestic Total,Burnley,113.54031044838958,2022
Domestic Total,Burnley,109.6685471757398,2023
Domestic Total,Chorley,275.3416446584859,2005
Domestic Total,Chorley,277.50810780741085,2006
Domestic Total,Chorley,269.4210368398257,2007
Domestic Total,Chorley,269.90368434514403,2008
Domestic Total,Chorley,248.07587538429738,2009
Domestic Total,Chorley,265.9946506752289,2010
Domestic Total,Chorley,233.148261480061,2011
Domestic Total,Chorley,249.81265588280021,2012
Domestic Total,Chorley,243.47660184690264,2013
Domestic Total,Chorley,206.75479736343505,2014
Domestic Total,Chorley,206.9830741056188,2015
Domestic Total,Chorley,191.69173488628164,2016
Domestic Total,Chorley,184.89291100092922,2017
Domestic Total,Chorley,183.7326290267592,2018
Domestic Total,Chorley,177.3923839750538,2019
Domestic Total,Chorley,173.08281083355033,2020
Domestic Total,Chorley,175.5064722980035,2021
Domestic Total,Chorley,147.65607816717124,2022
Domestic Total,Chorley,140.76272379814284,2023
Domestic Total,England Total,130802.36857660791,2005
Domestic Total,England Total,130651.81228137051,2006
Domestic Total,England Total,126302.87198848402,2007
Domestic Total,England Total,126363.3464118371,2008
Domestic Total,England Total,115038.47907205587,2009
Domestic Total,England Total,123641.77250638662,2010
Domestic Total,England Total,108641.45582749747,2011
Domestic Total,England Total,116376.51190203964,2012
Domestic Total,England Total,113279.9119366651,2013
Domestic Total,England Total,96097.23272893939,2014
Domestic Total,England Total,93542.11746285188,2015
Domestic Total,England Total,87699.52845906386,2016
Domestic Total,England Total,83042.4766989898,2017
Domestic Total,England Total,81971.4140254931,2018
Domestic Total,England Total,79010.77628493158,2019
Domestic Total,England Total,77697.88082644588,2020
Domestic Total,England Total,78867.50947536372,2021
Domestic Total,England Total,67377.084765411,2022
Domestic Total,England Total,63148.08383171631,2023
Domestic Total,Fylde,222.82187357385317,2005
Domestic Total,Fylde,225.44802851476305,2006
Domestic Total,Fylde,217.25925093953433,2007
Domestic Total,Fylde,217.2746952647568,2008
Domestic Total,Fylde,198.16678505618643,2009
Domestic Total,Fylde,212.59612324959969,2010
Domestic Total,Fylde,185.5213064365763,2011
Domestic Total,Fylde,199.78194591672798,2012
Domestic Total,Fylde,193.13627759010814,2013
Domestic Total,Fylde,162.87056804448562,2014
Domestic Total,Fylde,160.93825385649652,2015
Domestic Total,Fylde,149.7013966020786,2016
Domestic Total,Fylde,143.36044145570472,2017
Domestic Total,Fylde,143.03706608923378,2018
Domestic Total,Fylde,138.47889825048514,2019
Domestic Total,Fylde,135.49602961800315,2020
Domestic Total,Fylde,137.39898741284713,2021
Domestic Total,Fylde,115.83578909439078,2022
Domestic Total,Fylde,110.4268568870165,2023
Domestic Total,Hyndburn,207.0571604751018,2005
Domestic Total,Hyndburn,205.9007647689185,2006
Domestic Total,Hyndburn,199.84192705218544,2007
Domestic Total,Hyndburn,198.04418640030156,2008
Domestic Total,Hyndburn,179.31480933524347,2009
Domestic Total,Hyndburn,190.13974886650112,2010
Domestic Total,Hyndburn,166.83561067958064,2011
Domestic Total,Hyndburn,177.39475546698338,2012
Domestic Total,Hyndburn,172.33979406893386,2013
Domestic Total,Hyndburn,143.79353265375485,2014
Domestic Total,Hyndburn,143.4845950048575,2015
Domestic Total,Hyndburn,130.77073678911347,2016
Domestic Total,Hyndburn,126.4376267693943,2017
Domestic Total,Hyndburn,125.20615577870244,2018
Domestic Total,Hyndburn,122.02372570453154,2019
Domestic Total,Hyndburn,118.49276759240364,2020
Domestic Total,Hyndburn,121.88672687641555,2021
Domestic Total,Hyndburn,101.33737091242806,2022
Domestic Total,Hyndburn,97.08020220801625,2023
Domestic Total,Lancashire Total,3086.4715051609237,2005
Domestic Total,Lancashire Total,3094.0965160679616,2006
Domestic Total,Lancashire Total,2992.619240627783,2007
Domestic Total,Lancashire Total,2985.7592572666777,2008
Domestic Total,Lancashire Total,2716.4332498314784,2009
Domestic Total,Lancashire Total,2904.9365317916872,2010
Domestic Total,Lancashire Total,2543.37997247039,2011
Domestic Total,Lancashire Total,2714.1193175871203,2012
Domestic Total,Lancashire Total,2634.0086139903137,2013
Domestic Total,Lancashire Total,2224.6560352477823,2014
Domestic Total,Lancashire Total,2210.0044483285897,2015
Domestic Total,Lancashire Total,2035.0874932595518,2016
Domestic Total,Lancashire Total,1960.154395493317,2017
Domestic Total,Lancashire Total,1950.0223038281417,2018
Domestic Total,Lancashire Total,1887.8479013527497,2019
Domestic Total,Lancashire Total,1838.802951663751,2020
Domestic Total,Lancashire Total,1877.4639151782762,2021
Domestic Total,Lancashire Total,1573.5566272594376,2022
Domestic Total,Lancashire Total,1511.2271624350665,2023
Domestic Total,Lancaster,347.5297311354428,2005
Domestic Total,Lancaster,347.2196885649498,2006
Domestic Total,Lancaster,334.93327893964624,2007
Domestic Total,Lancaster,334.6028501378862,2008
Domestic Total,Lancaster,304.7518148353258,2009
Domestic Total,Lancaster,326.5535491918929,2010
Domestic Total,Lancaster,285.88598797554863,2011
Domestic Total,Lancaster,305.12688745362664,2012
Domestic Total,Lancaster,296.4193864953178,2013
Domestic Total,Lancaster,251.41085887520464,2014
Domestic Total,Lancaster,247.65179934940736,2015
Domestic Total,Lancaster,228.06094112473144,2016
Domestic Total,Lancaster,219.44092187554494,2017
Domestic Total,Lancaster,216.1848013360357,2018
Domestic Total,Lancaster,208.48234486519104,2019
Domestic Total,Lancaster,203.06476285646693,2020
Domestic Total,Lancaster,206.74500297503988,2021
Domestic Total,Lancaster,170.81200460013736,2022
Domestic Total,Lancaster,164.393485252227,2023
Domestic Total,North West Total,18122.260534521014,2005
Domestic Total,North West Total,18038.096965789446,2006
Domestic Total,North West Total,17443.915223663615,2007
Domestic Total,North West Total,17358.688087537754,2008
Domestic Total,North West Total,15769.19558471908,2009
Domestic Total,North West Total,16809.921604457442,2010
Domestic Total,North West Total,14708.98822056616,2011
Domestic Total,North West Total,15720.161664012312,2012
Domestic Total,North West Total,15247.752261063239,2013
Domestic Total,North West Total,12844.725000434817,2014
Domestic Total,North West Total,12677.20484416778,2015
Domestic Total,North West Total,11694.643746005255,2016
Domestic Total,North West Total,11228.762453503798,2017
Domestic Total,North West Total,11148.198537603736,2018
Domestic Total,North West Total,10782.70965516243,2019
Domestic Total,North West Total,10462.831987026655,2020
Domestic Total,North West Total,10712.84024804373,2021
Domestic Total,North West Total,9011.353250564274,2022
Domestic Total,North West Total,8611.110313480935,2023
Domestic Total,Pendle,232.65338419861985,2005
Domestic Total,Pendle,230.56466551925735,2006
Domestic Total,Pendle,224.06055565387982,2007
Domestic Total,Pendle,223.8294400189501,2008
Domestic Total,Pendle,202.01607558393616,2009
Domestic Total,Pendle,215.3947853379203,2010
Domestic Total,Pendle,190.67107417855667,2011
Domestic Total,Pendle,202.5912692386221,2012
Domestic Total,Pendle,197.72813952202236,2013
Domestic Total,Pendle,166.09133078687887,2014
Domestic Total,Pendle,166.05979319693716,2015
Domestic Total,Pendle,152.60488069657873,2016
Domestic Total,Pendle,147.87152020153624,2017
Domestic Total,Pendle,147.5537809675417,2018
Domestic Total,Pendle,143.75140535330286,2019
Domestic Total,Pendle,139.10730248819925,2020
Domestic Total,Pendle,143.60553470124856,2021
Domestic Total,Pendle,119.8518032461197,2022
Domestic Total,Pendle,115.38941722309997,2023
Domestic Total,Preston,332.8137533246669,2005
Domestic Total,Preston,330.77147844980084,2006
Domestic Total,Preston,320.4493969174665,2007
Domestic Total,Preston,321.4476719302595,2008
Domestic Total,Preston,293.03485336060663,2009
Domestic Total,Preston,313.22498983307537,2010
Domestic Total,Preston,273.4247398626647,2011
Domestic Total,Preston,292.8599790260373,2012
Domestic Total,Preston,282.311147304823,2013
Domestic Total,Preston,237.75351630354655,2014
Domestic Total,Preston,236.60427912443848,2015
Domestic Total,Preston,218.69887898795693,2016
Domestic Total,Preston,211.12647661062022,2017
Domestic Total,Preston,210.9455941946951,2018
Domestic Total,Preston,204.12572217116582,2019
Domestic Total,Preston,199.94076930064526,2020
Domestic Total,Preston,207.1808859199074,2021
Domestic Total,Preston,177.92151896729087,2022
Domestic Total,Preston,170.42310905666838,2023
Domestic Total,Ribble Valley,167.82330429721242,2005
Domestic Total,Ribble Valley,169.4842945688535,2006
Domestic Total,Ribble Valley,165.15366876831095,2007
Domestic Total,Ribble Valley,165.06271724731477,2008
Domestic Total,Ribble Valley,150.57791510785222,2009
Domestic Total,Ribble Valley,161.98019457499487,2010
Domestic Total,Ribble Valley,142.56092851124635,2011
Domestic Total,Ribble Valley,151.43950245790765,2012
Domestic Total,Ribble Valley,147.8575771042375,2013
Domestic Total,Ribble Valley,126.77517711235657,2014
Domestic Total,Ribble Valley,126.0615775370731,2015
Domestic Total,Ribble Valley,117.20847655823007,2016
Domestic Total,Ribble Valley,112.85110705579464,2017
Domestic Total,Ribble Valley,113.26349806867134,2018
Domestic Total,Ribble Valley,109.62514507522016,2019
Domestic Total,Ribble Valley,107.47482053585742,2020
Domestic Total,Ribble Valley,109.12352501646096,2021
Domestic Total,Ribble Valley,91.38558642059199,2022
Domestic Total,Ribble Valley,88.71800035784446,2023
Domestic Total,Rossendale,192.75271760321345,2005
Domestic Total,Rossendale,194.86620296468524,2006
Domestic Total,Rossendale,188.2399957073256,2007
Domestic Total,Rossendale,188.00353239064455,2008
Domestic Total,Rossendale,169.18226248421433,2009
Domestic Total,Rossendale,179.8871106179573,2010
Domestic Total,Rossendale,157.9243907455756,2011
Domestic Total,Rossendale,168.45872145192357,2012
Domestic Total,Rossendale,164.9750138316563,2013
Domestic Total,Rossendale,138.44436011606535,2014
Domestic Total,Rossendale,138.62446267896664,2015
Domestic Total,Rossendale,127.1229634898639,2016
Domestic Total,Rossendale,123.01239736916885,2017
Domestic Total,Rossendale,121.46463129870884,2018
Domestic Total,Rossendale,118.25965199659242,2019
Domestic Total,Rossendale,114.38126916702655,2020
Domestic Total,Rossendale,116.98165400476799,2021
Domestic Total,Rossendale,96.64955481532644,2022
Domestic Total,Rossendale,92.90402124303895,2023
Domestic Total,South Ribble,274.78453117249023,2005
Domestic Total,South Ribble,278.9147284552664,2006
Domestic Total,South Ribble,269.8316848242369,2007
Domestic Total,South Ribble,269.1052724710804,2008
Domestic Total,South Ribble,246.04976236809577,2009
Domestic Total,South Ribble,263.26103233703395,2010
Domestic Total,South Ribble,228.78296182966062,2011
Domestic Total,South Ribble,244.0771246803442,2012
Domestic Total,South Ribble,236.4812622493817,2013
Domestic Total,South Ribble,200.3634687094458,2014
Domestic Total,South Ribble,198.49227716842677,2015
Domestic Total,South Ribble,182.1884478760217,2016
Domestic Total,South Ribble,175.4657753726398,2017
Domestic Total,South Ribble,174.2816837504746,2018
Domestic Total,South Ribble,167.10449721536463,2019
Domestic Total,South Ribble,163.36900727705427,2020
Domestic Total,South Ribble,165.02543839359979,2021
Domestic Total,South Ribble,138.8805051088154,2022
Domestic Total,South Ribble,133.30656375619034,2023
Domestic Total,West Lancashire,298.099810147998,2005
Domestic Total,West Lancashire,298.13775621600934,2006
Domestic Total,West Lancashire,288.43007955049484,2007
Domestic Total,West Lancashire,286.3022087071806,2008
Domestic Total,West Lancashire,262.06134856324775,2009
Domestic Total,West Lancashire,280.84967349282823,2010
Domestic Total,West Lancashire,245.8543683368986,2011
Domestic Total,West Lancashire,262.1628345339772,2012
Domestic Total,West Lancashire,252.94290618587974,2013
Domestic Total,West Lancashire,214.6779720859454,2014
Domestic Total,West Lancashire,211.14159917411763,2015
Domestic Total,West Lancashire,194.63970490981427,2016
Domestic Total,West Lancashire,185.73542282754423,2017
Domestic Total,West Lancashire,184.95882255942624,2018
Domestic Total,West Lancashire,179.09635374957656,2019
Domestic Total,West Lancashire,173.9041980697085,2020
Domestic Total,West Lancashire,177.49006336365895,2021
Domestic Total,West Lancashire,149.11009177348595,2022
Domestic Total,West Lancashire,143.270758440011,2023
Domestic Total,Wyre,304.2341100053088,2005
Domestic Total,Wyre,306.4876260861885,2006
Domestic Total,Wyre,294.06006934081284,2007
Domestic Total,Wyre,293.0426853703036,2008
Domestic Total,Wyre,266.39243093387904,2009
Domestic Total,Wyre,285.3365532980561,2010
Domestic Total,Wyre,248.68984177595377,2011
Domestic Total,Wyre,265.1627207919272,2012
Domestic Total,Wyre,256.13355179336014,2013
Domestic Total,Wyre,216.22899530966689,2014
Domestic Total,Wyre,214.40008012327877,2015
Domestic Total,Wyre,196.93937206736217,2016
Domestic Total,Wyre,188.5577990377778,2017
Domestic Total,Wyre,188.164007292792,2018
Domestic Total,Wyre,182.30025037506746,2019
Domestic Total,Wyre,177.32144422550252,2020
Domestic Total,Wyre,179.76203935969522,2021
Domestic Total,Wyre,150.57601370529034,2022
Domestic Total,Wyre,144.883477037071,2023
Emissions per km2 (kt CO2e),Blackburn with Darwen,9.145675163042617,2005
Emissions per km2 (kt CO2e),Blackburn with Darwen,9.171471298066763,2006
Emissions per km2 (kt CO2e),Blackburn with Darwen,8.863601803922773,2007
Emissions per km2 (kt CO2e),Blackburn with Darwen,9.093240853222412,2008
Emissions per km2 (kt CO2e),Blackburn with Darwen,8.090826033747733,2009
Emissions per km2 (kt CO2e),Blackburn with Darwen,9.05965338108726,2010
Emissions per km2 (kt CO2e),Blackburn with Darwen,7.568754803158397,2011
Emissions per km2 (kt CO2e),Blackburn with Darwen,6.927359636339387,2012
Emissions per km2 (kt CO2e),Blackburn with Darwen,6.753488829388066,2013
Emissions per km2 (kt CO2e),Blackburn with Darwen,5.935793050776117,2014
Emissions per km2 (kt CO2e),Blackburn with Darwen,5.577481311753341,2015
Emissions per km2 (kt CO2e),Blackburn with Darwen,5.230758063845055,2016
Emissions per km2 (kt CO2e),Blackburn with Darwen,5.284020931625189,2017
Emissions per km2 (kt CO2e),Blackburn with Darwen,5.174141247665252,2018
Emissions per km2 (kt CO2e),Blackburn with Darwen,5.379329908432849,2019
Emissions per km2 (kt CO2e),Blackburn with Darwen,5.043558861917378,2020
Emissions per km2 (kt CO2e),Blackburn with Darwen,4.852614008423544,2021
Emissions per km2 (kt CO2e),Blackburn with Darwen,4.163035024245178,2022
Emissions per km2 (kt CO2e),Blackburn with Darwen,3.882727330639889,2023
Emissions per km2 (kt CO2e),Blackpool,21.18751264843518,2005
Emissions per km2 (kt CO2e),Blackpool,20.862340314816503,2006
Emissions per km2 (kt CO2e),Blackpool,20.044991465035185,2007
Emissions per km2 (kt CO2e),Blackpool,19.794998190892564,2008
Emissions per km2 (kt CO2e),Blackpool,18.06746401607105,2009
Emissions per km2 (kt CO2e),Blackpool,18.83396758887559,2010
Emissions per km2 (kt CO2e),Blackpool,16.835535033924344,2011
Emissions per km2 (kt CO2e),Blackpool,17.920873600930218,2012
Emissions per km2 (kt CO2e),Blackpool,17.053497396604037,2013
Emissions per km2 (kt CO2e),Blackpool,15.010288442866354,2014
Emissions per km2 (kt CO2e),Blackpool,14.475126170927801,2015
Emissions per km2 (kt CO2e),Blackpool,13.37965135219984,2016
Emissions per km2 (kt CO2e),Blackpool,12.80900039035132,2017
Emissions per km2 (kt CO2e),Blackpool,12.8822350900448,2018
Emissions per km2 (kt CO2e),Blackpool,12.579555952531773,2019
Emissions per km2 (kt CO2e),Blackpool,11.273433727083122,2020
Emissions per km2 (kt CO2e),Blackpool,11.890951795850924,2021
Emissions per km2 (kt CO2e),Blackpool,10.751535415783463,2022
Emissions per km2 (kt CO2e),Blackpool,10.122321667619591,2023
Emissions per km2 (kt CO2e),Burnley,7.0029266245467845,2005
Emissions per km2 (kt CO2e),Burnley,6.714009390806923,2006
Emissions per km2 (kt CO2e),Burnley,6.445884123209463,2007
Emissions per km2 (kt CO2e),Burnley,6.146869414776218,2008
Emissions per km2 (kt CO2e),Burnley,5.497253608700922,2009
Emissions per km2 (kt CO2e),Burnley,5.767927008476435,2010
Emissions per km2 (kt CO2e),Burnley,5.34588305364327,2011
Emissions per km2 (kt CO2e),Burnley,5.360369892903639,2012
Emissions per km2 (kt CO2e),Burnley,5.283772000825102,2013
Emissions per km2 (kt CO2e),Burnley,4.83103496777472,2014
Emissions per km2 (kt CO2e),Burnley,4.624519336477449,2015
Emissions per km2 (kt CO2e),Burnley,4.441807801651992,2016
Emissions per km2 (kt CO2e),Burnley,4.375456270243664,2017
Emissions per km2 (kt CO2e),Burnley,4.3538017659816015,2018
Emissions per km2 (kt CO2e),Burnley,4.403266129701653,2019
Emissions per km2 (kt CO2e),Burnley,3.8784333130005924,2020
Emissions per km2 (kt CO2e),Burnley,3.975353508851728,2021
Emissions per km2 (kt CO2e),Burnley,3.777184608244477,2022
Emissions per km2 (kt CO2e),Burnley,3.5884268310436154,2023
Emissions per km2 (kt CO2e),Chorley,5.02051531766776,2005
Emissions per km2 (kt CO2e),Chorley,5.092889980491739,2006
Emissions per km2 (kt CO2e),Chorley,4.860827689007869,2007
Emissions per km2 (kt CO2e),Chorley,4.7855809233496,2008
Emissions per km2 (kt CO2e),Chorley,4.509057314744304,2009
Emissions per km2 (kt CO2e),Chorley,4.643404939264884,2010
Emissions per km2 (kt CO2e),Chorley,4.402011930693203,2011
Emissions per km2 (kt CO2e),Chorley,4.440463965194427,2012
Emissions per km2 (kt CO2e),Chorley,4.432876353994894,2013
Emissions per km2 (kt CO2e),Chorley,4.248689076981426,2014
Emissions per km2 (kt CO2e),Chorley,4.033151811359805,2015
Emissions per km2 (kt CO2e),Chorley,3.974711587910879,2016
Emissions per km2 (kt CO2e),Chorley,3.9148321436020264,2017
Emissions per km2 (kt CO2e),Chorley,3.872623428644543,2018
Emissions per km2 (kt CO2e),Chorley,3.7730201718103324,2019
Emissions per km2 (kt CO2e),Chorley,3.361455501707213,2020
Emissions per km2 (kt CO2e),Chorley,3.570780313999354,2021
Emissions per km2 (kt CO2e),Chorley,3.3542990815232194,2022
Emissions per km2 (kt CO2e),Chorley,3.233286683952578,2023
Emissions per km2 (kt CO2e),England Total,3.837159917559713,2005
Emissions per km2 (kt CO2e),England Total,3.805534826081451,2006
Emissions per km2 (kt CO2e),England Total,3.714427756204783,2007
Emissions per km2 (kt CO2e),England Total,3.619472961329938,2008
Emissions per km2 (kt CO2e),England Total,3.3171670853339754,2009
Emissions per km2 (kt CO2e),England Total,3.399099711668206,2010
Emissions per km2 (kt CO2e),England Total,3.13966061152456,2011
Emissions per km2 (kt CO2e),England Total,3.266254663983192,2012
Emissions per km2 (kt CO2e),England Total,3.185699161841389,2013
Emissions per km2 (kt CO2e),England Total,2.925019976761268,2014
Emissions per km2 (kt CO2e),England Total,2.8158328758815285,2015
Emissions per km2 (kt CO2e),England Total,2.653356690973341,2016
Emissions per km2 (kt CO2e),England Total,2.578471306947204,2017
Emissions per km2 (kt CO2e),England Total,2.5477502309286675,2018
Emissions per km2 (kt CO2e),England Total,2.4469873712546484,2019
Emissions per km2 (kt CO2e),England Total,2.2316640446675526,2020
Emissions per km2 (kt CO2e),England Total,2.3259444549235857,2021
Emissions per km2 (kt CO2e),England Total,2.1812250974708425,2022
Emissions per km2 (kt CO2e),England Total,2.0732051524068296,2023
Emissions per km2 (kt CO2e),Fylde,5.102441645378103,2005
Emissions per km2 (kt CO2e),Fylde,5.181835220599216,2006
Emissions per km2 (kt CO2e),Fylde,4.911045601478297,2007
Emissions per km2 (kt CO2e),Fylde,5.044005837093565,2008
Emissions per km2 (kt CO2e),Fylde,4.673524637376891,2009
Emissions per km2 (kt CO2e),Fylde,4.8218269131613445,2010
Emissions per km2 (kt CO2e),Fylde,4.473905540940793,2011
Emissions per km2 (kt CO2e),Fylde,4.203693933043642,2012
Emissions per km2 (kt CO2e),Fylde,4.055491938654404,2013
Emissions per km2 (kt CO2e),Fylde,3.7514673724311853,2014
Emissions per km2 (kt CO2e),Fylde,3.5923528336844717,2015
Emissions per km2 (kt CO2e),Fylde,3.5336201733412165,2016
Emissions per km2 (kt CO2e),Fylde,3.476908052429491,2017
Emissions per km2 (kt CO2e),Fylde,3.513236648246669,2018
Emissions per km2 (kt CO2e),Fylde,3.3361911447343067,2019
Emissions per km2 (kt CO2e),Fylde,3.125010200133019,2020
Emissions per km2 (kt CO2e),Fylde,3.166327273029608,2021
Emissions per km2 (kt CO2e),Fylde,3.003064257109306,2022
Emissions per km2 (kt CO2e),Fylde,2.8872481440771693,2023
Emissions per km2 (kt CO2e),Hyndburn,9.40016824643102,2005
Emissions per km2 (kt CO2e),Hyndburn,9.267193379288006,2006
Emissions per km2 (kt CO2e),Hyndburn,8.90643244140612,2007
Emissions per km2 (kt CO2e),Hyndburn,8.638549442763399,2008
Emissions per km2 (kt CO2e),Hyndburn,7.671807463050785,2009
Emissions per km2 (kt CO2e),Hyndburn,7.990438131892608,2010
Emissions per km2 (kt CO2e),Hyndburn,7.4128053691222915,2011
Emissions per km2 (kt CO2e),Hyndburn,7.5081297335207084,2012
Emissions per km2 (kt CO2e),Hyndburn,7.294301914189757,2013
Emissions per km2 (kt CO2e),Hyndburn,6.700221548963503,2014
Emissions per km2 (kt CO2e),Hyndburn,6.541420979845671,2015
Emissions per km2 (kt CO2e),Hyndburn,6.196228656241488,2016
Emissions per km2 (kt CO2e),Hyndburn,6.126707118260824,2017
Emissions per km2 (kt CO2e),Hyndburn,6.303887984570269,2018
Emissions per km2 (kt CO2e),Hyndburn,6.212451535096483,2019
Emissions per km2 (kt CO2e),Hyndburn,5.591968059064592,2020
Emissions per km2 (kt CO2e),Hyndburn,6.010331036605304,2021
Emissions per km2 (kt CO2e),Hyndburn,5.4805302520142805,2022
Emissions per km2 (kt CO2e),Hyndburn,5.30407267592415,2023
Emissions per km2 (kt CO2e),Lancashire Total,4.332223843540282,2005
Emissions per km2 (kt CO2e),Lancashire Total,4.159738561212521,2006
Emissions per km2 (kt CO2e),Lancashire Total,4.0165369638376305,2007
Emissions per km2 (kt CO2e),Lancashire Total,3.880335699975104,2008
Emissions per km2 (kt CO2e),Lancashire Total,3.551719213158469,2009
Emissions per km2 (kt CO2e),Lancashire Total,3.7488608114096698,2010
Emissions per km2 (kt CO2e),Lancashire Total,3.516972289231641,2011
Emissions per km2 (kt CO2e),Lancashire Total,3.491590280876586,2012
Emissions per km2 (kt CO2e),Lancashire Total,3.4762673215309974,2013
Emissions per km2 (kt CO2e),Lancashire Total,3.28439289710583,2014
Emissions per km2 (kt CO2e),Lancashire Total,3.1749999401027016,2015
Emissions per km2 (kt CO2e),Lancashire Total,3.0647030725565108,2016
Emissions per km2 (kt CO2e),Lancashire Total,3.043540685316463,2017
Emissions per km2 (kt CO2e),Lancashire Total,3.0582134751484222,2018
Emissions per km2 (kt CO2e),Lancashire Total,2.9610585036380828,2019
Emissions per km2 (kt CO2e),Lancashire Total,2.7339399186869273,2020
Emissions per km2 (kt CO2e),Lancashire Total,2.841342118086317,2021
Emissions per km2 (kt CO2e),Lancashire Total,2.667797890891596,2022
Emissions per km2 (kt CO2e),Lancashire Total,2.5595778633746034,2023
Emissions per km2 (kt CO2e),Lancaster,2.3359643687901865,2005
Emissions per km2 (kt CO2e),Lancaster,2.275157024808295,2006
Emissions per km2 (kt CO2e),Lancaster,2.2104329507178115,2007
Emissions per km2 (kt CO2e),Lancaster,2.17621315580683,2008
Emissions per km2 (kt CO2e),Lancaster,2.0574401869160184,2009
Emissions per km2 (kt CO2e),Lancaster,2.112134258091948,2010
Emissions per km2 (kt CO2e),Lancaster,2.0035539954566643,2011
Emissions per km2 (kt CO2e),Lancaster,2.028361225940341,2012
Emissions per km2 (kt CO2e),Lancaster,1.9723623582742775,2013
Emissions per km2 (kt CO2e),Lancaster,1.8553003662527336,2014
Emissions per km2 (kt CO2e),Lancaster,1.7915004871717197,2015
Emissions per km2 (kt CO2e),Lancaster,1.737108698411851,2016
Emissions per km2 (kt CO2e),Lancaster,1.7330450010267344,2017
Emissions per km2 (kt CO2e),Lancaster,1.7361254499398842,2018
Emissions per km2 (kt CO2e),Lancaster,1.6731762678931348,2019
Emissions per km2 (kt CO2e),Lancaster,1.541312090183017,2020
Emissions per km2 (kt CO2e),Lancaster,1.6323477472132517,2021
Emissions per km2 (kt CO2e),Lancaster,1.5483602599508322,2022
Emissions per km2 (kt CO2e),Lancaster,1.4969191346677573,2023
Emissions per km2 (kt CO2e),North West Total,4.791519135500476,2005
Emissions per km2 (kt CO2e),North West Total,4.698059379849245,2006
Emissions per km2 (kt CO2e),North West Total,4.581977733610388,2007
Emissions per km2 (kt CO2e),North West Total,4.520283754172128,2008
Emissions per km2 (kt CO2e),North West Total,4.146688127204706,2009
Emissions per km2 (kt CO2e),North West Total,4.298421953911105,2010
Emissions per km2 (kt CO2e),North West Total,3.981516411670764,2011
Emissions per km2 (kt CO2e),North West Total,4.105417514744428,2012
Emissions per km2 (kt CO2e),North West Total,3.95251495974228,2013
Emissions per km2 (kt CO2e),North West Total,3.5917038478563774,2014
Emissions per km2 (kt CO2e),North West Total,3.4458698897219255,2015
Emissions per km2 (kt CO2e),North West Total,3.2960744402109325,2016
Emissions per km2 (kt CO2e),North West Total,3.2021016569481358,2017
Emissions per km2 (kt CO2e),North West Total,3.186496351343852,2018
Emissions per km2 (kt CO2e),North West Total,3.101187184528201,2019
Emissions per km2 (kt CO2e),North West Total,2.863761428296771,2020
Emissions per km2 (kt CO2e),North West Total,2.9242005843272345,2021
Emissions per km2 (kt CO2e),North West Total,2.68200745716635,2022
Emissions per km2 (kt CO2e),North West Total,2.613373897102438,2023
Emissions per km2 (kt CO2e),Pendle,4.688912870396947,2005
Emissions per km2 (kt CO2e),Pendle,4.617819909842916,2006
Emissions per km2 (kt CO2e),Pendle,4.460553912675122,2007
Emissions per km2 (kt CO2e),Pendle,4.277055380748897,2008
Emissions per km2 (kt CO2e),Pendle,3.907689822942275,2009
Emissions per km2 (kt CO2e),Pendle,4.097528723110777,2010
Emissions per km2 (kt CO2e),Pendle,3.7657094617908515,2011
Emissions per km2 (kt CO2e),Pendle,3.9178430696857642,2012
Emissions per km2 (kt CO2e),Pendle,3.8306848305244556,2013
Emissions per km2 (kt CO2e),Pendle,3.4596967436731347,2014
Emissions per km2 (kt CO2e),Pendle,3.2634038557441483,2015
Emissions per km2 (kt CO2e),Pendle,3.1450970602482093,2016
Emissions per km2 (kt CO2e),Pendle,3.089394767161455,2017
Emissions per km2 (kt CO2e),Pendle,3.034684893243589,2018
Emissions per km2 (kt CO2e),Pendle,2.9048791037262887,2019
Emissions per km2 (kt CO2e),Pendle,2.6263833823194958,2020
Emissions per km2 (kt CO2e),Pendle,2.70297409205755,2021
Emissions per km2 (kt CO2e),Pendle,2.531835157590768,2022
Emissions per km2 (kt CO2e),Pendle,2.43656938181339,2023
Emissions per km2 (kt CO2e),Preston,9.1838731296146,2005
Emissions per km2 (kt CO2e),Preston,8.886471022004935,2006
Emissions per km2 (kt CO2e),Preston,8.654839842517303,2007
Emissions per km2 (kt CO2e),Preston,8.458008577368572,2008
Emissions per km2 (kt CO2e),Preston,7.72388250346618,2009
Emissions per km2 (kt CO2e),Preston,8.577381854588085,2010
Emissions per km2 (kt CO2e),Preston,7.6630611216174245,2011
Emissions per km2 (kt CO2e),Preston,7.794357975178543,2012
Emissions per km2 (kt CO2e),Preston,7.494500145237754,2013
Emissions per km2 (kt CO2e),Preston,6.813199206104605,2014
Emissions per km2 (kt CO2e),Preston,6.560958542750775,2015
Emissions per km2 (kt CO2e),Preston,6.388627826502434,2016
Emissions per km2 (kt CO2e),Preston,6.463370501121859,2017
Emissions per km2 (kt CO2e),Preston,6.641859734176578,2018
Emissions per km2 (kt CO2e),Preston,6.3371048134500425,2019
Emissions per km2 (kt CO2e),Preston,5.964358700364062,2020
Emissions per km2 (kt CO2e),Preston,5.9963168642327505,2021
Emissions per km2 (kt CO2e),Preston,5.596670268174951,2022
Emissions per km2 (kt CO2e),Preston,5.488566249048656,2023
Emissions per km2 (kt CO2e),Ribble Valley,3.3002868997132984,2005
Emissions per km2 (kt CO2e),Ribble Valley,2.573483452682597,2006
Emissions per km2 (kt CO2e),Ribble Valley,2.514459439630156,2007
Emissions per km2 (kt CO2e),Ribble Valley,2.316429637311781,2008
Emissions per km2 (kt CO2e),Ribble Valley,1.927471833446529,2009
Emissions per km2 (kt CO2e),Ribble Valley,2.265316716042245,2010
Emissions per km2 (kt CO2e),Ribble Valley,2.2434186657876993,2011
Emissions per km2 (kt CO2e),Ribble Valley,1.8784350321711905,2012
Emissions per km2 (kt CO2e),Ribble Valley,2.137452677334217,2013
Emissions per km2 (kt CO2e),Ribble Valley,2.2962567757776164,2014
Emissions per km2 (kt CO2e),Ribble Valley,2.249577918525318,2015
Emissions per km2 (kt CO2e),Ribble Valley,2.097281672797152,2016
Emissions per km2 (kt CO2e),Ribble Valley,2.0358123279029625,2017
Emissions per km2 (kt CO2e),Ribble Valley,2.0747876355926973,2018
Emissions per km2 (kt CO2e),Ribble Valley,2.0000508756316284,2019
Emissions per km2 (kt CO2e),Ribble Valley,1.8589373494592945,2020
Emissions per km2 (kt CO2e),Ribble Valley,1.9872959319841572,2021
Emissions per km2 (kt CO2e),Ribble Valley,1.8486050544104293,2022
Emissions per km2 (kt CO2e),Ribble Valley,1.7366267494451533,2023
Emissions per km2 (kt CO2e),Rossendale,5.331735566685694,2005
Emissions per km2 (kt CO2e),Rossendale,5.304981458105573,2006
Emissions per km2 (kt CO2e),Rossendale,5.067951859348499,2007
Emissions per km2 (kt CO2e),Rossendale,4.871344293476479,2008
Emissions per km2 (kt CO2e),Rossendale,4.515242721127354,2009
Emissions per km2 (kt CO2e),Rossendale,4.380730924718025,2010
Emissions per km2 (kt CO2e),Rossendale,4.399511269744499,2011
Emissions per km2 (kt CO2e),Rossendale,4.508115195466445,2012
Emissions per km2 (kt CO2e),Rossendale,4.4003755485527485,2013
Emissions per km2 (kt CO2e),Rossendale,4.059986780810642,2014
Emissions per km2 (kt CO2e),Rossendale,3.8735302050247786,2015
Emissions per km2 (kt CO2e),Rossendale,3.726647646153034,2016
Emissions per km2 (kt CO2e),Rossendale,3.666753965844077,2017
Emissions per km2 (kt CO2e),Rossendale,3.6233278101722264,2018
Emissions per km2 (kt CO2e),Rossendale,3.464651585994897,2019
Emissions per km2 (kt CO2e),Rossendale,3.2220389381273895,2020
Emissions per km2 (kt CO2e),Rossendale,3.3555541932457693,2021
Emissions per km2 (kt CO2e),Rossendale,3.1010216132949737,2022
Emissions per km2 (kt CO2e),Rossendale,3.0814324538204563,2023
Emissions per km2 (kt CO2e),South Ribble,8.868115779944832,2005
Emissions per km2 (kt CO2e),South Ribble,8.865711175296456,2006
Emissions per km2 (kt CO2e),South Ribble,8.463001652407684,2007
Emissions per km2 (kt CO2e),South Ribble,8.331274610513399,2008
Emissions per km2 (kt CO2e),South Ribble,7.418842765318717,2009
Emissions per km2 (kt CO2e),South Ribble,7.926390542747673,2010
Emissions per km2 (kt CO2e),South Ribble,7.398704527899479,2011
Emissions per km2 (kt CO2e),South Ribble,7.59403921173478,2012
Emissions per km2 (kt CO2e),South Ribble,7.516889377041269,2013
Emissions per km2 (kt CO2e),South Ribble,6.992295330385784,2014
Emissions per km2 (kt CO2e),South Ribble,6.722548316263996,2015
Emissions per km2 (kt CO2e),South Ribble,6.557298477364043,2016
Emissions per km2 (kt CO2e),South Ribble,6.574429493537243,2017
Emissions per km2 (kt CO2e),South Ribble,6.315440832655708,2018
Emissions per km2 (kt CO2e),South Ribble,6.125248078124361,2019
Emissions per km2 (kt CO2e),South Ribble,5.561585118349381,2020
Emissions per km2 (kt CO2e),South Ribble,5.648116294391886,2021
Emissions per km2 (kt CO2e),South Ribble,5.27827586755632,2022
Emissions per km2 (kt CO2e),South Ribble,5.132402489482819,2023
Emissions per km2 (kt CO2e),West Lancashire,3.849730465266229,2005
Emissions per km2 (kt CO2e),West Lancashire,3.7867281965069215,2006
Emissions per km2 (kt CO2e),West Lancashire,3.6315589982722907,2007
Emissions per km2 (kt CO2e),West Lancashire,3.391100926364048,2008
Emissions per km2 (kt CO2e),West Lancashire,3.146033487656408,2009
Emissions per km2 (kt CO2e),West Lancashire,3.2506838770725683,2010
Emissions per km2 (kt CO2e),West Lancashire,3.030329831020403,2011
Emissions per km2 (kt CO2e),West Lancashire,3.107020486212102,2012
Emissions per km2 (kt CO2e),West Lancashire,3.0774659999838923,2013
Emissions per km2 (kt CO2e),West Lancashire,2.853037989423766,2014
Emissions per km2 (kt CO2e),West Lancashire,2.8016886418212197,2015
Emissions per km2 (kt CO2e),West Lancashire,2.723866945472311,2016
Emissions per km2 (kt CO2e),West Lancashire,2.776981330070684,2017
Emissions per km2 (kt CO2e),West Lancashire,2.8812956640830465,2018
Emissions per km2 (kt CO2e),West Lancashire,2.859192388840403,2019
Emissions per km2 (kt CO2e),West Lancashire,2.7039806081906406,2020
Emissions per km2 (kt CO2e),West Lancashire,2.7812682112274896,2021
Emissions per km2 (kt CO2e),West Lancashire,2.645121314171507,2022
Emissions per km2 (kt CO2e),West Lancashire,2.4637831378873796,2023
Emissions per km2 (kt CO2e),Wyre,3.5264866048828165,2005
Emissions per km2 (kt CO2e),Wyre,3.6112588736500264,2006
Emissions per km2 (kt CO2e),Wyre,3.567812565580028,2007
Emissions per km2 (kt CO2e),Wyre,3.4310401669020005,2008
Emissions per km2 (kt CO2e),Wyre,3.3485608260006607,2009
Emissions per km2 (kt CO2e),Wyre,3.4498121065395613,2010
Emissions per km2 (kt CO2e),Wyre,3.1431065070917756,2011
Emissions per km2 (kt CO2e),Wyre,3.2668045991277754,2012
Emissions per km2 (kt CO2e),Wyre,3.2160188946647903,2013
Emissions per km2 (kt CO2e),Wyre,3.007764650001442,2014
Emissions per km2 (kt CO2e),Wyre,2.960784082581129,2015
Emissions per km2 (kt CO2e),Wyre,2.8577698648370706,2016
Emissions per km2 (kt CO2e),Wyre,2.8366879272548173,2017
Emissions per km2 (kt CO2e),Wyre,2.8107729436313806,2018
Emissions per km2 (kt CO2e),Wyre,2.67926398074295,2019
Emissions per km2 (kt CO2e),Wyre,2.5325107514597485,2020
Emissions per km2 (kt CO2e),Wyre,2.6234294618734237,2021
Emissions per km2 (kt CO2e),Wyre,2.474069037554738,2022
Emissions per km2 (kt CO2e),Wyre,2.3679658578775866,2023
Grand Total,Blackburn with Darwen,1253.1596167579416,2005
Grand Total,Blackburn with Darwen,1256.6942573508338,2006
Grand Total,Blackburn with Darwen,1214.5093327372865,2007
Grand Total,Blackburn with Darwen,1245.9749575143267,2008
Grand Total,Blackburn with Darwen,1108.6219738787852,2009
Grand Total,Blackburn with Darwen,1241.3727315486767,2010
Grand Total,Blackburn with Darwen,1037.0866775138502,2011
Grand Total,Blackburn with Darwen,949.201364826459,2012
Grand Total,Blackburn with Darwen,925.3772217292944,2013
Grand Total,Blackburn with Darwen,813.3348289827502,2014
Grand Total,Blackburn with Darwen,764.2382020471974,2015
Grand Total,Blackburn with Darwen,716.7294544999835,2016
Grand Total,Blackburn with Darwen,724.0276444952399,2017
Grand Total,Blackburn with Darwen,708.971699451713,2018
Grand Total,Blackburn with Darwen,737.0870806462767,2019
Grand Total,Blackburn with Darwen,691.0790267335292,2020
Grand Total,Blackburn with Darwen,664.9153619236116,2021
Grand Total,Blackburn with Darwen,570.4278013956252,2022
Grand Total,Blackburn with Darwen,532.0194525716719,2023
Grand Total,Blackpool,914.2581207900968,2005
Grand Total,Blackpool,900.226674456584,2006
Grand Total,Blackpool,864.9574177094402,2007
Grand Total,Blackpool,854.1700079355668,2008
Grand Total,Blackpool,779.6255262646786,2009
Grand Total,Blackpool,812.7007686340528,2010
Grand Total,Blackpool,726.4668051418626,2011
Grand Total,Blackpool,773.3000325790196,2012
Grand Total,Blackpool,735.8720554613814,2013
Grand Total,Blackpool,647.7059545404375,2014
Grand Total,Blackpool,624.6132743764713,2015
Grand Total,Blackpool,577.3426595685048,2016
Grand Total,Blackpool,552.7186140439717,2017
Grand Total,Blackpool,555.8787499235051,2018
Grand Total,Blackpool,542.817902996508,2019
Grand Total,Blackpool,486.4576840706183,2020
Grand Total,Blackpool,513.104082752404,2021
Grand Total,Blackpool,463.93735441938907,2022
Grand Total,Blackpool,436.78627781511943,2023
Grand Total,Burnley,775.1119305113363,2005
Grand Total,Burnley,743.1334154120734,2006
Grand Total,Burnley,713.4562382933161,2007
Grand Total,Burnley,680.3600943050909,2008
Grand Total,Burnley,608.4580184254529,2009
Grand Total,Burnley,638.4172330062057,2010
Grand Total,Burnley,591.7037199094517,2011
Grand Total,Burnley,593.3071812261464,2012
Grand Total,Burnley,584.8290201393255,2013
Grand Total,Burnley,534.7182743731771,2014
Grand Total,Burnley,511.86029823866994,2015
Grand Total,Burnley,491.63705471804906,2016
Grand Total,Burnley,484.2930018156497,2017
Grand Total,Burnley,481.8961946659076,2018
Grand Total,Burnley,487.37110829989774,2019
Grand Total,Burnley,429.28051281615757,2020
Grand Total,Burnley,440.00802777374463,2021
Grand Total,Burnley,418.0739011789317,2022
Grand Total,Burnley,397.18143536723153,2023
Grand Total,Chorley,1018.6911748920992,2005
Grand Total,Chorley,1033.3764065146627,2006
Grand Total,Chorley,986.2896448175239,2007
Grand Total,Chorley,971.0216471588969,2008
Grand Total,Chorley,914.9134307883133,2009
Grand Total,Chorley,942.1733295849988,2010
Grand Total,Chorley,893.1933122056558,2011
Grand Total,Chorley,900.9954491825508,2012
Grand Total,Chorley,899.4558796207817,2013
Grand Total,Chorley,862.0832312472702,2014
Grand Total,Chorley,818.3494914902293,2015
Grand Total,Chorley,806.4916370431685,2016
Grand Total,Chorley,794.3417564800696,2017
Grand Total,Chorley,785.777367625521,2018
Grand Total,Chorley,765.5672990752958,2019
Grand Total,Chorley,682.0584815927532,2020
Grand Total,Chorley,724.5316791582587,2021
Grand Total,Chorley,680.6064031458259,2022
Grand Total,Chorley,656.0522979080765,2023
Grand Total,England Total,510070.1610607643,2005
Grand Total,England Total,505866.26655273,2006
Grand Total,England Total,493755.48701677565,2007
Grand Total,England Total,481133.2329132496,2008
Grand Total,England Total,440947.9890944463,2009
Grand Total,England Total,451839.2182348283,2010
Grand Total,England Total,417352.21575412713,2011
Grand Total,England Total,434180.24745314853,2012
Grand Total,England Total,423472.07817311207,2013
Grand Total,England Total,388820.2323351188,2014
Grand Total,England Total,374306.09080126655,2015
Grand Total,England Total,352708.28002840653,2016
Grand Total,England Total,342753.8343675646,2017
Grand Total,England Total,338670.1098084119,2018
Grand Total,England Total,325275.794959122,2019
Grand Total,England Total,296653.0619398875,2020
Grand Total,England Total,309185.67071235506,2021
Grand Total,England Total,289948.25878518267,2022
Grand Total,England Total,275589.26620725123,2023
Grand Total,Fylde,931.8522845212639,2005
Grand Total,Fylde,946.351829952248,2006
Grand Total,Fylde,896.8978738386993,2007
Grand Total,Fylde,921.1802288208095,2008
Grand Total,Fylde,853.519728942113,2009
Grand Total,Fylde,880.6039807756691,2010
Grand Total,Fylde,817.0635528648137,2011
Grand Total,Fylde,767.7151581896472,2012
Grand Total,Fylde,740.6492206169335,2013
Grand Total,Fylde,685.1256093195232,2014
Grand Total,Fylde,656.0667279571112,2015
Grand Total,Fylde,645.3404585510809,2016
Grand Total,Fylde,634.9831976347297,2017
Grand Total,Fylde,641.6178418616463,2018
Grand Total,Fylde,609.2842517143382,2019
Grand Total,Fylde,570.716550337033,2020
Grand Total,Fylde,578.2622336479424,2021
Grand Total,Fylde,548.4457212923382,2022
Grand Total,Fylde,527.2943751302261,2023
Grand Total,Hyndburn,686.1887815688484,2005
Grand Total,Hyndburn,676.4819487045762,2006
Grand Total,Hyndburn,650.1473021415433,2007
Grand Total,Hyndburn,630.5925129481212,2008
Grand Total,Hyndburn,560.0227652840497,2009
Grand Total,Hyndburn,583.2820075328307,2010
Grand Total,Hyndburn,541.1162599325045,2011
Grand Total,Hyndburn,548.074700222678,2012
Grand Total,Hyndburn,532.4658039810668,2013
Grand Total,Hyndburn,489.09942252046335,2014
Grand Total,Hyndburn,477.5073779762844,2015
Grand Total,Hyndburn,452.309201333988,2016
Grand Total,Hyndburn,447.2343028652445,2017
Grand Total,Hyndburn,460.16806315366824,2018
Grand Total,Hyndburn,453.49343093320556,2019
Grand Total,Hyndburn,408.1996883915676,2020
Grand Total,Hyndburn,438.73913984459574,2021
Grand Total,Hyndburn,400.0650070714124,2022
Grand Total,Hyndburn,387.18404516077317,2023
Grand Total,Lancashire Total,13355.58371260901,2005
Grand Total,Lancashire Total,12823.83796019219,2006
Grand Total,Lancashire Total,12382.369331009642,2007
Grand Total,Lancashire Total,11962.481659694718,2008
Grand Total,Lancashire Total,10949.407276299866,2009
Grand Total,Lancashire Total,11557.164680757945,2010
Grand Total,Lancashire Total,10842.287822638124,2011
Grand Total,Lancashire Total,10764.038971788566,2012
Grand Total,Lancashire Total,10716.800631006601,2013
Grand Total,Lancashire Total,10125.281118103305,2014
Grand Total,Lancashire Total,9788.039357845786,2015
Grand Total,Lancashire Total,9448.010979591927,2016
Grand Total,Lancashire Total,9382.770575459868,2017
Grand Total,Lancashire Total,9428.004543042234,2018
Grand Total,Lancashire Total,9128.490620871002,2019
Grand Total,Lancashire Total,8428.318749898228,2020
Grand Total,Lancashire Total,8759.423308850259,2021
Grand Total,Lancashire Total,8224.412991321271,2022
Grand Total,Lancashire Total,7890.787193328591,2023
Grand Total,Lancaster,1527.783768226739,2005
Grand Total,Lancaster,1488.0141234642947,2006
Grand Total,Lancaster,1445.682831459118,2007
Grand Total,Lancaster,1423.3021616528733,2008
Grand Total,Lancaster,1345.6214331281226,2009
Grand Total,Lancaster,1381.3928324171022,2010
Grand Total,Lancaster,1310.3784089865355,2011
Grand Total,Lancaster,1326.6030075180831,2012
Grand Total,Lancaster,1289.9782360950508,2013
Grand Total,Lancaster,1213.4165326391765,2014
Grand Total,Lancaster,1171.6896891234583,2015
Grand Total,Lancaster,1136.1159906962075,2016
Grand Total,Lancaster,1133.458222886512,2017
Grand Total,Lancaster,1135.4729196478324,2018
Grand Total,Lancaster,1094.302454961343,2019
Grand Total,Lancaster,1008.059722406128,2020
Grand Total,Lancaster,1067.5995000666412,2021
Grand Total,Lancaster,1012.6694157348628,2022
Grand Total,Lancaster,979.0255308893492,2023
Grand Total,North West Total,71462.77817753812,2005
Grand Total,North West Total,70068.8791660228,2006
Grand Total,North West Total,68337.5875440841,2007
Grand Total,North West Total,67417.45698782254,2008
Grand Total,North West Total,61845.49104903212,2009
Grand Total,North West Total,64108.514631597,2010
Grand Total,North West Total,59382.04901016973,2011
Grand Total,North West Total,61229.963376055,2012
Grand Total,North West Total,58949.50887678355,2013
Grand Total,North West Total,53568.216697095755,2014
Grand Total,North West Total,51393.18629312635,2015
Grand Total,North West Total,49159.072502137475,2016
Grand Total,North West Total,47757.52197606749,2017
Grand Total,North West Total,47524.7777333222,2018
Grand Total,North West Total,46252.4401108991,2019
Grand Total,North West Total,42711.37021816065,2020
Grand Total,North West Total,43612.78579816782,2021
Grand Total,North West Total,40000.61328398777,2022
Grand Total,North West Total,38976.98283617369,2023
Grand Total,Pendle,794.2085308791218,2005
Grand Total,Pendle,782.1667981111839,2006
Grand Total,Pendle,755.5290677843034,2007
Grand Total,Pendle,724.4480680967862,2008
Grand Total,Pendle,661.8848929789448,2009
Grand Total,Pendle,694.0398248733756,2010
Grand Total,Pendle,637.8362452090805,2011
Grand Total,Pendle,663.6046509276816,2012
Grand Total,Pendle,648.8417796627152,2013
Grand Total,Pendle,586.0037804130299,2014
Grand Total,Pendle,552.7556714263293,2015
Grand Total,Pendle,532.7168545745476,2016
Grand Total,Pendle,523.2819946012838,2017
Grand Total,Pendle,514.0152306860883,2018
Grand Total,Pendle,492.0287130770691,2019
Grand Total,Pendle,444.8570799356143,2020
Grand Total,Pendle,457.8300220101169,2021
Grand Total,Pendle,428.84249217624,2022
Grand Total,Pendle,412.70636554849006,2023
Grand Total,Preston,1312.7869077381329,2005
Grand Total,Preston,1270.274822946291,2006
Grand Total,Preston,1237.1643503206672,2007
Grand Total,Preston,1209.028344490235,2008
Grand Total,Preston,1104.0888396814723,2009
Grand Total,Preston,1226.0921337277227,2010
Grand Total,Preston,1095.3947394173783,2011
Grand Total,Preston,1114.1629418903017,2012
Grand Total,Preston,1071.2998243609816,2013
Grand Total,Preston,973.9113978767815,2014
Grand Total,Preston,937.8549067018009,2015
Grand Total,Preston,913.2211269338251,2016
Grand Total,Preston,923.9052036087638,2017
Grand Total,Preston,949.4193113299241,2018
Grand Total,Preston,905.8561801376535,2019
Grand Total,Preston,852.5740615518006,2020
Grand Total,Preston,857.1423148943776,2021
Grand Total,Preston,800.0149121502146,2022
Grand Total,Preston,784.5620047570102,2023
Grand Total,Ribble Valley,1928.9233046770912,2005
Grand Total,Ribble Valley,1504.1274764662314,2006
Grand Total,Ribble Valley,1469.6296289238526,2007
Grand Total,Ribble Valley,1353.886873121109,2008
Grand Total,Ribble Valley,1126.5521609550597,2009
Grand Total,Ribble Valley,1324.0128324686134,2010
Grand Total,Ribble Valley,1311.2140483790688,2011
Grand Total,Ribble Valley,1097.8915530621407,2012
Grand Total,Ribble Valley,1249.279958755278,2013
Grand Total,Ribble Valley,1342.0964124982295,2014
Grand Total,Ribble Valley,1314.8139554495785,2015
Grand Total,Ribble Valley,1225.8011554940933,2016
Grand Total,Ribble Valley,1189.8740814267037,2017
Grand Total,Ribble Valley,1212.6540340775537,2018
Grand Total,Ribble Valley,1168.9725353516437,2019
Grand Total,Ribble Valley,1086.495715150763,2020
Grand Total,Ribble Valley,1161.5176355810852,2021
Grand Total,Ribble Valley,1080.4567841983398,2022
Grand Total,Ribble Valley,1015.008667525658,2023
Grand Total,Rossendale,735.9991757079732,2005
Grand Total,Rossendale,732.306006454643,2006
Grand Total,Rossendale,699.586156206698,2007
Grand Total,Rossendale,672.4462118846453,2008
Grand Total,Rossendale,623.2895235156853,2009
Grand Total,Rossendale,604.7213537251857,2010
Grand Total,Rossendale,607.3138150890544,2011
Grand Total,Rossendale,622.3056313204227,2012
Grand Total,Rossendale,607.4331211728796,2013
Grand Total,Rossendale,560.4454472072381,2014
Grand Total,Rossendale,534.7067577378665,2015
Grand Total,Rossendale,514.4309130521402,2016
Grand Total,Rossendale,506.16311754987544,2017
Grand Total,Rossendale,500.1685189095464,2018
Grand Total,Rossendale,478.2646625126388,2019
Grand Total,Rossendale,444.7741214658306,2020
Grand Total,Rossendale,463.2047275006779,2021
Grand Total,Rossendale,428.06874472517416,2022
Grand Total,Rossendale,425.36463364432035,2023
Grand Total,South Ribble,1016.4182033067989,2005
Grand Total,South Ribble,1016.1425997854857,2006
Grand Total,South Ribble,969.9860880905414,2007
Grand Total,South Ribble,954.8882063565321,2008
Grand Total,South Ribble,850.3099216627281,2009
Grand Total,South Ribble,908.4824594179702,2010
Grand Total,South Ribble,848.0017795947459,2011
Grand Total,South Ribble,870.3900448490606,2012
Grand Total,South Ribble,861.5475242606473,2013
Grand Total,South Ribble,801.4212300626335,2014
Grand Total,South Ribble,770.5042030137662,2015
Grand Total,South Ribble,751.564109253232,2016
Grand Total,South Ribble,753.5275789588218,2017
Grand Total,South Ribble,723.8436194907506,2018
Grand Total,South Ribble,702.0446959494158,2019
Grand Total,South Ribble,637.4405221811024,2020
Grand Total,South Ribble,647.3582842700965,2021
Grand Total,South Ribble,604.9690607323809,2022
Grand Total,South Ribble,588.2497980918242,2023
Grand Total,West Lancashire,1468.211359762374,2005
Grand Total,West Lancashire,1444.1835356022686,2006
Grand Total,West Lancashire,1385.0050602287856,2007
Grand Total,West Lancashire,1293.2990886269984,2008
Grand Total,West Lancashire,1199.835195332447,2009
Grand Total,West Lancashire,1239.7467922430992,2010
Grand Total,West Lancashire,1155.7081000535106,2011
Grand Total,West Lancashire,1184.9564051377172,2012
Grand Total,West Lancashire,1173.6849063136567,2013
Grand Total,West Lancashire,1088.0924843178327,2014
Grand Total,West Lancashire,1068.5088547243693,2015
Grand Total,West Lancashire,1038.8291928243134,2016
Grand Total,West Lancashire,1059.0859727567563,2017
Grand Total,West Lancashire,1098.8694047566914,2018
Grand Total,West Lancashire,1090.4396510136696,2019
Grand Total,West Lancashire,1031.244935545929,2020
Grand Total,West Lancashire,1060.7209047784033,2021
Grand Total,West Lancashire,1008.7971603351236,2022
Grand Total,West Lancashire,939.6383522624301,2023
Grand Total,Wyre,1159.4082908172309,2005
Grand Total,Wyre,1187.2789967782296,2006
Grand Total,Wyre,1172.9950889045942,2007
Grand Total,Wyre,1128.0282222326211,2008
Grand Total,Wyre,1100.9113656054762,2009
Grand Total,Wyre,1134.1999009851713,2010
Grand Total,Wyre,1033.3638409963237,2011
Grand Total,Wyre,1074.0322482621375,2012
Grand Total,Wyre,1057.3353560272851,2013
Grand Total,Wyre,988.867295627949,2014
Grand Total,Wyre,973.4214240063217,2015
Grand Total,Wyre,939.553285117281,2016
Grand Total,Wyre,932.6221448754573,2017
Grand Total,Wyre,924.1020368371045,2018
Grand Total,Wyre,880.8656378448309,2019
Grand Total,Wyre,832.6173585235487,2020
Grand Total,Wyre,862.5088393243183,2021
Grand Total,Wyre,813.4033885804275,2022
Grand Total,Wyre,778.519687043201,2023
Industry Electricity,Blackburn with Darwen,132.561458878603,2005
Industry Electricity,Blackburn with Darwen,139.6332949263517,2006
Industry Electricity,Blackburn with Darwen,123.91891922964322,2007
Industry Electricity,Blackburn with Darwen,124.56213855282758,2008
Industry Electricity,Blackburn with Darwen,93.08441134223266,2009
Industry Electricity,Blackburn with Darwen,104.59695772064954,2010
Industry Electricity,Blackburn with Darwen,89.8800320968096,2011
Industry Electricity,Blackburn with Darwen,100.73402742832721,2012
Industry Electricity,Blackburn with Darwen,85.67450263576329,2013
Industry Electricity,Blackburn with Darwen,72.38948943460538,2014
Industry Electricity,Blackburn with Darwen,62.61522193050355,2015
Industry Electricity,Blackburn with Darwen,52.19207226195758,2016
Industry Electricity,Blackburn with Darwen,51.53337217732969,2017
Industry Electricity,Blackburn with Darwen,42.08776052511994,2018
Industry Electricity,Blackburn with Darwen,41.41870977741083,2019
Industry Electricity,Blackburn with Darwen,32.76976947015266,2020
Industry Electricity,Blackburn with Darwen,36.99793826061614,2021
Industry Electricity,Blackburn with Darwen,34.83853204601239,2022
Industry Electricity,Blackburn with Darwen,27.27665800425381,2023
Industry Electricity,Blackpool,30.413124656823168,2005
Industry Electricity,Blackpool,31.838015826656974,2006
Industry Electricity,Blackpool,29.93839203794396,2007
Industry Electricity,Blackpool,30.020607257932014,2008
Industry Electricity,Blackpool,25.30641621700213,2009
Industry Electricity,Blackpool,25.878957578847693,2010
Industry Electricity,Blackpool,21.767204579039277,2011
Industry Electricity,Blackpool,25.41969221999852,2012
Industry Electricity,Blackpool,22.8299168181494,2013
Industry Electricity,Blackpool,19.567525184995045,2014
Industry Electricity,Blackpool,16.64536100408131,2015
Industry Electricity,Blackpool,13.789528844085329,2016
Industry Electricity,Blackpool,12.526277503786366,2017
Industry Electricity,Blackpool,11.532571114382636,2018
Industry Electricity,Blackpool,11.578108271187665,2019
Industry Electricity,Blackpool,9.478912671749717,2020
Industry Electricity,Blackpool,10.805466549377897,2021
Industry Electricity,Blackpool,11.04091962182884,2022
Industry Electricity,Blackpool,10.090709061252486,2023
Industry Electricity,Burnley,55.37214541348456,2005
Industry Electricity,Burnley,53.28372993629127,2006
Industry Electricity,Burnley,48.625489669674074,2007
Industry Electricity,Burnley,47.256746154905926,2008
Industry Electricity,Burnley,37.563183016691745,2009
Industry Electricity,Burnley,41.26822690897445,2010
Industry Electricity,Burnley,35.648368979688115,2011
Industry Electricity,Burnley,40.12843117479559,2012
Industry Electricity,Burnley,37.08734277425097,2013
Industry Electricity,Burnley,31.695313900973176,2014
Industry Electricity,Burnley,27.465558150640128,2015
Industry Electricity,Burnley,22.909291839613584,2016
Industry Electricity,Burnley,22.95923815629145,2017
Industry Electricity,Burnley,19.69124848864543,2018
Industry Electricity,Burnley,21.356312512618665,2019
Industry Electricity,Burnley,16.958296557045138,2020
Industry Electricity,Burnley,19.99014916986507,2021
Industry Electricity,Burnley,16.707346879102136,2022
Industry Electricity,Burnley,13.642926177222964,2023
Industry Electricity,Chorley,19.845620655276047,2005
Industry Electricity,Chorley,21.608946001374047,2006
Industry Electricity,Chorley,21.60880556629248,2007
Industry Electricity,Chorley,20.906802696614353,2008
Industry Electricity,Chorley,17.752496840070606,2009
Industry Electricity,Chorley,18.310915053073202,2010
Industry Electricity,Chorley,15.944991756564539,2011
Industry Electricity,Chorley,18.646883093274603,2012
Industry Electricity,Chorley,17.11660510210848,2013
Industry Electricity,Chorley,14.787856896659305,2014
Industry Electricity,Chorley,12.820361208099715,2015
Industry Electricity,Chorley,10.16206259742939,2016
Industry Electricity,Chorley,10.316983712616569,2017
Industry Electricity,Chorley,8.449233283808693,2018
Industry Electricity,Chorley,13.112606322259982,2019
Industry Electricity,Chorley,10.440131505729147,2020
Industry Electricity,Chorley,12.518734608959246,2021
Industry Electricity,Chorley,12.152571617335473,2022
Industry Electricity,Chorley,8.670869986950255,2023
Industry Electricity,England Total,23567.08966100473,2005
Industry Electricity,England Total,25006.363767428094,2006
Industry Electricity,England Total,23873.501661902486,2007
Industry Electricity,England Total,23683.087734282366,2008
Industry Electricity,England Total,20164.346465773793,2009
Industry Electricity,England Total,21007.92831203482,2010
Industry Electricity,England Total,19266.8431637946,2011
Industry Electricity,England Total,21035.63000688972,2012
Industry Electricity,England Total,19550.395004599195,2013
Industry Electricity,England Total,16570.62035775749,2014
Industry Electricity,England Total,14140.352378603455,2015
Industry Electricity,England Total,11363.16206244847,2016
Industry Electricity,England Total,11974.738717352164,2017
Industry Electricity,England Total,9308.447014145795,2018
Industry Electricity,England Total,8373.994816918468,2019
Industry Electricity,England Total,6860.446757678666,2020
Industry Electricity,England Total,7760.011377280442,2021
Industry Electricity,England Total,7524.024526353373,2022
Industry Electricity,England Total,6056.143654496691,2023
Industry Electricity,Fylde,34.1821452107303,2005
Industry Electricity,Fylde,36.52100917917571,2006
Industry Electricity,Fylde,35.91559184569084,2007
Industry Electricity,Fylde,43.98743944836253,2008
Industry Electricity,Fylde,32.175074264439466,2009
Industry Electricity,Fylde,29.979269565165065,2010
Industry Electricity,Fylde,27.26037512309892,2011
Industry Electricity,Fylde,30.276935839025924,2012
Industry Electricity,Fylde,26.504779863752432,2013
Industry Electricity,Fylde,24.379232443777674,2014
Industry Electricity,Fylde,18.799697506325423,2015
Industry Electricity,Fylde,15.357817124686122,2016
Industry Electricity,Fylde,16.41452721936554,2017
Industry Electricity,Fylde,12.406976558421658,2018
Industry Electricity,Fylde,19.58786547859468,2019
Industry Electricity,Fylde,15.657442873118264,2020
Industry Electricity,Fylde,17.281320801861003,2021
Industry Electricity,Fylde,17.410871293517506,2022
Industry Electricity,Fylde,15.061725849923256,2023
Industry Electricity,Hyndburn,50.30143527275794,2005
Industry Electricity,Hyndburn,52.752702961683,2006
Industry Electricity,Hyndburn,50.623382923464796,2007
Industry Electricity,Hyndburn,50.30475943107294,2008
Industry Electricity,Hyndburn,38.7604028329728,2009
Industry Electricity,Hyndburn,42.07710909305297,2010
Industry Electricity,Hyndburn,37.75010746154295,2011
Industry Electricity,Hyndburn,42.70916720966172,2012
Industry Electricity,Hyndburn,39.09506941207596,2013
Industry Electricity,Hyndburn,33.435502179512454,2014
Industry Electricity,Hyndburn,30.409753191949896,2015
Industry Electricity,Hyndburn,23.99593593406378,2016
Industry Electricity,Hyndburn,22.297118289737046,2017
Industry Electricity,Hyndburn,19.713414810480636,2018
Industry Electricity,Hyndburn,17.509939262435832,2019
Industry Electricity,Hyndburn,15.655837931202985,2020
Industry Electricity,Hyndburn,17.83540736149001,2021
Industry Electricity,Hyndburn,17.51999431294957,2022
Industry Electricity,Hyndburn,15.062906686433536,2023
Industry Electricity,Lancashire Total,615.7306518783903,2005
Industry Electricity,Lancashire Total,639.2402004127272,2006
Industry Electricity,Lancashire Total,615.0942692896764,2007
Industry Electricity,Lancashire Total,625.9915806704801,2008
Industry Electricity,Lancashire Total,497.26258237077434,2009
Industry Electricity,Lancashire Total,526.8241204984334,2010
Industry Electricity,Lancashire Total,463.80525032549815,2011
Industry Electricity,Lancashire Total,550.7539637824318,2012
Industry Electricity,Lancashire Total,508.70593043091833,2013
Industry Electricity,Lancashire Total,439.9243013745097,2014
Industry Electricity,Lancashire Total,377.41717710713976,2015
Industry Electricity,Lancashire Total,283.3705980746061,2016
Industry Electricity,Lancashire Total,281.5960547020036,2017
Industry Electricity,Lancashire Total,247.0977068908225,2018
Industry Electricity,Lancashire Total,256.46608424532013,2019
Industry Electricity,Lancashire Total,221.61530065007435,2020
Industry Electricity,Lancashire Total,248.44410654754006,2021
Industry Electricity,Lancashire Total,240.24687990134123,2022
Industry Electricity,Lancashire Total,191.6219324356988,2023
Industry Electricity,Lancaster,46.536788593843255,2005
Industry Electricity,Lancaster,45.16648001285243,2006
Industry Electricity,Lancaster,43.76754371690696,2007
Industry Electricity,Lancaster,48.38657154220495,2008
Industry Electricity,Lancaster,39.34716974655946,2009
Industry Electricity,Lancaster,44.00576855226711,2010
Industry Electricity,Lancaster,38.88829584771265,2011
Industry Electricity,Lancaster,44.970568182146074,2012
Industry Electricity,Lancaster,40.18561809750186,2013
Industry Electricity,Lancaster,34.009645824978335,2014
Industry Electricity,Lancaster,28.17531726154488,2015
Industry Electricity,Lancaster,19.77972402337943,2016
Industry Electricity,Lancaster,23.65142681444902,2017
Industry Electricity,Lancaster,20.80315855411055,2018
Industry Electricity,Lancaster,19.622029164728357,2019
Industry Electricity,Lancaster,17.166663586348715,2020
Industry Electricity,Lancaster,19.179990690235854,2021
Industry Electricity,Lancaster,19.05802985906381,2022
Industry Electricity,Lancaster,15.216557203599686,2023
Industry Electricity,North West Total,3730.508184165283,2005
Industry Electricity,North West Total,3985.8536879856797,2006
Industry Electricity,North West Total,3777.5462397926353,2007
Industry Electricity,North West Total,3752.6792820474766,2008
Industry Electricity,North West Total,3078.0469666546765,2009
Industry Electricity,North West Total,3263.7890620755934,2010
Industry Electricity,North West Total,2815.4814554552972,2011
Industry Electricity,North West Total,3295.832733328167,2012
Industry Electricity,North West Total,3001.9122787971382,2013
Industry Electricity,North West Total,2532.499325226555,2014
Industry Electricity,North West Total,2161.387394404498,2015
Industry Electricity,North West Total,1688.4939804453834,2016
Industry Electricity,North West Total,1679.9084197637915,2017
Industry Electricity,North West Total,1347.041103655725,2018
Industry Electricity,North West Total,1240.3540896139468,2019
Industry Electricity,North West Total,1041.9690283114192,2020
Industry Electricity,North West Total,1152.0452431988442,2021
Industry Electricity,North West Total,1108.896455881704,2022
Industry Electricity,North West Total,890.5358063565532,2023
Industry Electricity,Pendle,66.82232761229383,2005
Industry Electricity,Pendle,70.62461817768421,2006
Industry Electricity,Pendle,65.75289605351512,2007
Industry Electricity,Pendle,65.74688571674774,2008
Industry Electricity,Pendle,54.69417395437037,2009
Industry Electricity,Pendle,58.95359943116189,2010
Industry Electricity,Pendle,49.44269837937324,2011
Industry Electricity,Pendle,61.86087319249292,2012
Industry Electricity,Pendle,57.087214434122835,2013
Industry Electricity,Pendle,47.496140764079385,2014
Industry Electricity,Pendle,37.775987355928784,2015
Industry Electricity,Pendle,28.863808730246284,2016
Industry Electricity,Pendle,28.58326654038268,2017
Industry Electricity,Pendle,24.079788569630296,2018
Industry Electricity,Pendle,20.921250404688397,2019
Industry Electricity,Pendle,16.90732239563332,2020
Industry Electricity,Pendle,18.90283345040265,2021
Industry Electricity,Pendle,18.414637260545014,2022
Industry Electricity,Pendle,14.335760270235772,2023
Industry Electricity,Preston,35.69945573069846,2005
Industry Electricity,Preston,37.428444543610816,2006
Industry Electricity,Preston,36.307784706461575,2007
Industry Electricity,Preston,37.11177458263803,2008
Industry Electricity,Preston,27.59335791587468,2009
Industry Electricity,Preston,32.653090600607015,2010
Industry Electricity,Preston,28.610019751669356,2011
Industry Electricity,Preston,32.11961127591687,2012
Industry Electricity,Preston,28.631819623949287,2013
Industry Electricity,Preston,24.322563427243296,2014
Industry Electricity,Preston,20.28592734489577,2015
Industry Electricity,Preston,16.679923596209413,2016
Industry Electricity,Preston,15.147361757517332,2017
Industry Electricity,Preston,12.598031776668376,2018
Industry Electricity,Preston,11.256944385277231,2019
Industry Electricity,Preston,12.189314455981352,2020
Industry Electricity,Preston,11.70183898209467,2021
Industry Electricity,Preston,10.891255334956663,2022
Industry Electricity,Preston,8.240860481575867,2023
Industry Electricity,Ribble Valley,29.816126471796306,2005
Industry Electricity,Ribble Valley,29.125170024276184,2006
Industry Electricity,Ribble Valley,28.45283113076422,2007
Industry Electricity,Ribble Valley,27.36896241727084,2008
Industry Electricity,Ribble Valley,22.40786621267924,2009
Industry Electricity,Ribble Valley,25.205054571899367,2010
Industry Electricity,Ribble Valley,23.80760668760007,2011
Industry Electricity,Ribble Valley,23.524555738851088,2012
Industry Electricity,Ribble Valley,23.482302440422156,2013
Industry Electricity,Ribble Valley,21.237093130064594,2014
Industry Electricity,Ribble Valley,18.22818400247205,2015
Industry Electricity,Ribble Valley,15.106781108475916,2016
Industry Electricity,Ribble Valley,12.490607394212118,2017
Industry Electricity,Ribble Valley,12.828232929283551,2018
Industry Electricity,Ribble Valley,25.747876053476386,2019
Industry Electricity,Ribble Valley,22.523521311233342,2020
Industry Electricity,Ribble Valley,25.59852064565843,2021
Industry Electricity,Ribble Valley,24.60911831791435,2022
Industry Electricity,Ribble Valley,20.82955683528397,2023
Industry Electricity,Rossendale,68.95793015836114,2005
Industry Electricity,Rossendale,71.44831778772877,2006
Industry Electricity,Rossendale,68.01811605931783,2007
Industry Electricity,Rossendale,67.07372665099219,2008
Industry Electricity,Rossendale,57.2560854457486,2009
Industry Electricity,Rossendale,37.336656533164955,2010
Industry Electricity,Rossendale,50.203372052333556,2011
Industry Electricity,Rossendale,57.206371729481475,2012
Industry Electricity,Rossendale,51.35295414504304,2013
Industry Electricity,Rossendale,43.35936847598214,2014
Industry Electricity,Rossendale,35.6818129575218,2015
Industry Electricity,Rossendale,27.15204450548857,2016
Industry Electricity,Rossendale,25.38399937551581,2017
Industry Electricity,Rossendale,21.650106723778794,2018
Industry Electricity,Rossendale,13.248737431150008,2019
Industry Electricity,Rossendale,13.635318586362102,2020
Industry Electricity,Rossendale,15.934356969106432,2021
Industry Electricity,Rossendale,15.582011156895751,2022
Industry Electricity,Rossendale,12.401012123561278,2023
Industry Electricity,South Ribble,61.897520528524005,2005
Industry Electricity,South Ribble,65.51098635415326,2006
Industry Electricity,South Ribble,57.68583403255282,2007
Industry Electricity,South Ribble,64.70593727136426,2008
Industry Electricity,South Ribble,42.45921278211942,2009
Industry Electricity,South Ribble,54.00095207461846,2010
Industry Electricity,South Ribble,46.75264029939449,2011
Industry Electricity,South Ribble,59.1635366701735,2012
Industry Electricity,South Ribble,55.92653365216059,2013
Industry Electricity,South Ribble,49.86552684863114,2014
Industry Electricity,South Ribble,43.146508410759274,2015
Industry Electricity,South Ribble,31.961658161483815,2016
Industry Electricity,South Ribble,31.68051056555293,2017
Industry Electricity,South Ribble,25.55500197787063,2018
Industry Electricity,South Ribble,25.412976863899676,2019
Industry Electricity,South Ribble,20.844258169490033,2020
Industry Electricity,South Ribble,23.885480467007167,2021
Industry Electricity,South Ribble,23.1052275259042,2022
Industry Electricity,South Ribble,19.41293534815757,2023
Industry Electricity,West Lancashire,86.6539121386113,2005
Industry Electricity,West Lancashire,84.98934894354514,2006
Industry Electricity,West Lancashire,81.9208068141836,2007
Industry Electricity,West Lancashire,85.59539541426554,2008
Industry Electricity,West Lancashire,69.28289663936364,2009
Industry Electricity,West Lancashire,76.00247053194073,2010
Industry Electricity,West Lancashire,59.67167646122629,2011
Industry Electricity,West Lancashire,73.57970402694902,2012
Industry Electricity,West Lancashire,69.90514907108985,2013
Industry Electricity,West Lancashire,60.729331808029684,2014
Industry Electricity,West Lancashire,53.407481587413464,2015
Industry Electricity,West Lancashire,42.537376372431964,2016
Industry Electricity,West Lancashire,39.474031452594446,2017
Industry Electricity,West Lancashire,41.388093426119895,2018
Industry Electricity,West Lancashire,42.88343052205948,2019
Industry Electricity,West Lancashire,39.041239050567995,2020
Industry Electricity,West Lancashire,42.05095127905745,2021
Industry Electricity,West Lancashire,41.603566298458375,2022
Industry Electricity,West Lancashire,30.016904626878965,2023
Industry Electricity,Wyre,59.645244092013165,2005
Industry Electricity,Wyre,70.7804464903523,2006
Industry Electricity,Wyre,76.41518677085209,2007
Industry Electricity,Wyre,67.54657934404081,2008
Industry Electricity,Wyre,57.97066271988428,2009
Industry Electricity,Wyre,67.03100758250818,2010
Industry Electricity,Wyre,49.825097525293906,2011
Industry Electricity,Wyre,66.56732564966313,2012
Industry Electricity,Wyre,62.33054181444091,2013
Industry Electricity,Wyre,54.60672567457845,2014
Industry Electricity,Wyre,51.22058812958853,2015
Industry Electricity,Wyre,28.864174081097836,2016
Industry Electricity,Wyre,33.19698342376866,2017
Industry Electricity,Wyre,27.934419792003975,2018
Industry Electricity,Wyre,25.806115844131412,2019
Industry Electricity,Wyre,20.595954227361958,2020
Industry Electricity,Wyre,23.564522121802074,2021
Industry Electricity,Wyre,23.192250044698365,2022
Industry Electricity,Wyre,18.729916845875703,2023
Industry Gas,Blackburn with Darwen,97.54556614878027,2005
Industry Gas,Blackburn with Darwen,82.53490823031038,2006
Industry Gas,Blackburn with Darwen,82.7704791158782,2007
Industry Gas,Blackburn with Darwen,75.04081276050258,2008
Industry Gas,Blackburn with Darwen,72.89919926804676,2009
Industry Gas,Blackburn with Darwen,81.84216470170584,2010
Industry Gas,Blackburn with Darwen,63.69723624819798,2011
Industry Gas,Blackburn with Darwen,45.43061167100295,2012
Industry Gas,Blackburn with Darwen,54.31942547891191,2013
Industry Gas,Blackburn with Darwen,43.38214783679331,2014
Industry Gas,Blackburn with Darwen,44.897572795593575,2015
Industry Gas,Blackburn with Darwen,43.2061502649252,2016
Industry Gas,Blackburn with Darwen,64.70732787832392,2017
Industry Gas,Blackburn with Darwen,54.156268842319776,2018
Industry Gas,Blackburn with Darwen,43.48426148230227,2019
Industry Gas,Blackburn with Darwen,46.19508982146797,2020
Industry Gas,Blackburn with Darwen,47.510951422993905,2021
Industry Gas,Blackburn with Darwen,36.49753178666511,2022
Industry Gas,Blackburn with Darwen,33.856613631554026,2023
Industry Gas,Blackpool,18.978093929710422,2005
Industry Gas,Blackpool,17.627304211968458,2006
Industry Gas,Blackpool,16.194660517107604,2007
Industry Gas,Blackpool,16.399956981328355,2008
Industry Gas,Blackpool,14.707090178761014,2009
Industry Gas,Blackpool,16.92512588531191,2010
Industry Gas,Blackpool,14.891755663314953,2011
Industry Gas,Blackpool,16.9895438534042,2012
Industry Gas,Blackpool,16.57419445817377,2013
Industry Gas,Blackpool,13.875044845673099,2014
Industry Gas,Blackpool,14.346477321329095,2015
Industry Gas,Blackpool,11.677998478075791,2016
Industry Gas,Blackpool,11.657813315022075,2017
Industry Gas,Blackpool,14.93314199682716,2018
Industry Gas,Blackpool,19.42523377703306,2019
Industry Gas,Blackpool,17.677034711293757,2020
Industry Gas,Blackpool,20.0782673747074,2021
Industry Gas,Blackpool,18.847117437197337,2022
Industry Gas,Blackpool,17.113567865038533,2023
Industry Gas,Burnley,29.995909790215684,2005
Industry Gas,Burnley,25.40587910942687,2006
Industry Gas,Burnley,25.34164710171952,2007
Industry Gas,Burnley,22.997587565884412,2008
Industry Gas,Burnley,18.2470179241678,2009
Industry Gas,Burnley,20.620635307547083,2010
Industry Gas,Burnley,16.903994279815894,2011
Industry Gas,Burnley,16.30387521437284,2012
Industry Gas,Burnley,18.832997510406567,2013
Industry Gas,Burnley,16.18334037358507,2014
Industry Gas,Burnley,18.13692357192532,2015
Industry Gas,Burnley,14.13977224215708,2016
Industry Gas,Burnley,12.974821096309853,2017
Industry Gas,Burnley,12.823692251320406,2018
Industry Gas,Burnley,18.776258842877308,2019
Industry Gas,Burnley,16.16654814691683,2020
Industry Gas,Burnley,14.639414069369503,2021
Industry Gas,Burnley,12.057014806752585,2022
Industry Gas,Burnley,15.445935074179449,2023
Industry Gas,Chorley,23.19456589176059,2005
Industry Gas,Chorley,22.226678569600438,2006
Industry Gas,Chorley,19.817689775824533,2007
Industry Gas,Chorley,19.48741114228369,2008
Industry Gas,Chorley,18.404527715797016,2009
Industry Gas,Chorley,20.04932749786417,2010
Industry Gas,Chorley,17.717965231292514,2011
Industry Gas,Chorley,20.294114752246642,2012
Industry Gas,Chorley,22.447000844711628,2013
Industry Gas,Chorley,29.2159770265485,2014
Industry Gas,Chorley,27.289620934390026,2015
Industry Gas,Chorley,28.63999530387323,2016
Industry Gas,Chorley,24.995860621051115,2017
Industry Gas,Chorley,25.462835425916307,2018
Industry Gas,Chorley,30.66384423299241,2019
Industry Gas,Chorley,24.238423435980774,2020
Industry Gas,Chorley,32.395524361916905,2021
Industry Gas,Chorley,29.47110639696447,2022
Industry Gas,Chorley,27.636994127034026,2023
Industry Gas,England Total,18478.51935882822,2005
Industry Gas,England Total,16806.77413399394,2006
Industry Gas,England Total,15758.066213489172,2007
Industry Gas,England Total,15565.091478240414,2008
Industry Gas,England Total,14190.855633441228,2009
Industry Gas,England Total,16451.1493473388,2010
Industry Gas,England Total,13868.819780923533,2011
Industry Gas,England Total,14900.267474002092,2012
Industry Gas,England Total,15375.169908114727,2013
Industry Gas,England Total,13600.615998236763,2014
Industry Gas,England Total,13261.497088906162,2015
Industry Gas,England Total,12192.488459192706,2016
Industry Gas,England Total,11921.252630392015,2017
Industry Gas,England Total,12002.327968022702,2018
Industry Gas,England Total,11149.5055362093,2019
Industry Gas,England Total,10460.155054075121,2020
Industry Gas,England Total,12127.734244319849,2021
Industry Gas,England Total,10630.16924947688,2022
Industry Gas,England Total,9552.466232305833,2023
Industry Gas,Fylde,41.37742706367791,2005
Industry Gas,Fylde,41.47509427464416,2006
Industry Gas,Fylde,32.31975436910852,2007
Industry Gas,Fylde,35.40939891094709,2008
Industry Gas,Fylde,40.70630547259678,2009
Industry Gas,Fylde,50.49492250961896,2010
Industry Gas,Fylde,40.593135776183416,2011
Industry Gas,Fylde,16.733298274580243,2012
Industry Gas,Fylde,16.53348975245951,2013
Industry Gas,Fylde,12.547219226121461,2014
Industry Gas,Fylde,13.419678384561696,2015
Industry Gas,Fylde,12.746797774011615,2016
Industry Gas,Fylde,12.114268592910962,2017
Industry Gas,Fylde,12.305023235177904,2018
Industry Gas,Fylde,9.922056256867764,2019
Industry Gas,Fylde,11.357806223615095,2020
Industry Gas,Fylde,13.237172622645536,2021
Industry Gas,Fylde,12.58159374379349,2022
Industry Gas,Fylde,19.053422257120875,2023
Industry Gas,Hyndburn,44.78599174124054,2005
Industry Gas,Hyndburn,39.60572378690031,2006
Industry Gas,Hyndburn,34.5858545771864,2007
Industry Gas,Hyndburn,37.319171348815644,2008
Industry Gas,Hyndburn,31.566706398464646,2009
Industry Gas,Hyndburn,34.73995912129815,2010
Industry Gas,Hyndburn,27.371168946930947,2011
Industry Gas,Hyndburn,28.665724150690313,2012
Industry Gas,Hyndburn,25.535111632263856,2013
Industry Gas,Hyndburn,25.231374191034703,2014
Industry Gas,Hyndburn,27.346951043294585,2015
Industry Gas,Hyndburn,19.46993023053876,2016
Industry Gas,Hyndburn,20.49039923385354,2017
Industry Gas,Hyndburn,30.851692084208707,2018
Industry Gas,Hyndburn,39.17688411925345,2019
Industry Gas,Hyndburn,38.814205462248104,2020
Industry Gas,Hyndburn,54.50231353959245,2021
Industry Gas,Hyndburn,35.392827928862225,2022
Industry Gas,Hyndburn,32.42157137533211,2023
Industry Gas,Lancashire Total,541.7414019954336,2005
Industry Gas,Lancashire Total,518.4499299895593,2006
Industry Gas,Lancashire Total,454.3702191406502,2007
Industry Gas,Lancashire Total,446.40628000174803,2008
Industry Gas,Lancashire Total,420.5907087623004,2009
Industry Gas,Lancashire Total,492.7200047522709,2010
Industry Gas,Lancashire Total,417.4584085304699,2011
Industry Gas,Lancashire Total,417.5027382279603,2012
Industry Gas,Lancashire Total,436.49783846494455,2013
Industry Gas,Lancashire Total,381.20051616851134,2014
Industry Gas,Lancashire Total,389.0610082739686,2015
Industry Gas,Lancashire Total,370.91954204929544,2016
Industry Gas,Lancashire Total,371.4079703802617,2017
Industry Gas,Lancashire Total,393.52990333691906,2018
Industry Gas,Lancashire Total,396.9023237317521,2019
Industry Gas,Lancashire Total,391.4174664958177,2020
Industry Gas,Lancashire Total,453.2818866696878,2021
Industry Gas,Lancashire Total,374.7165985187788,2022
Industry Gas,Lancashire Total,379.9166665978282,2023
Industry Gas,Lancaster,66.74197097035747,2005
Industry Gas,Lancaster,60.78829620938166,2006
Industry Gas,Lancaster,55.85859947048868,2007
Industry Gas,Lancaster,55.53675529896028,2008
Industry Gas,Lancaster,52.84967184727553,2009
Industry Gas,Lancaster,54.36608513282956,2010
Industry Gas,Lancaster,46.04931534816267,2011
Industry Gas,Lancaster,52.224786691644844,2012
Industry Gas,Lancaster,56.98612288157092,2013
Industry Gas,Lancaster,49.4550794644124,2014
Industry Gas,Lancaster,45.92182580330217,2015
Industry Gas,Lancaster,45.97169987778098,2016
Industry Gas,Lancaster,47.65981166939858,2017
Industry Gas,Lancaster,53.63459483848487,2018
Industry Gas,Lancaster,45.312033555462094,2019
Industry Gas,Lancaster,33.5668032941034,2020
Industry Gas,Lancaster,42.22597505657027,2021
Industry Gas,Lancaster,41.45376442164409,2022
Industry Gas,Lancaster,42.56111374329853,2023
Industry Gas,North West Total,3692.577654924897,2005
Industry Gas,North West Total,3269.2305309497774,2006
Industry Gas,North West Total,3125.860305773241,2007
Industry Gas,North West Total,3018.532819340452,2008
Industry Gas,North West Total,2844.4755247066178,2009
Industry Gas,North West Total,3304.19017447701,2010
Industry Gas,North West Total,2856.1229112734504,2011
Industry Gas,North West Total,3171.8916196548603,2012
Industry Gas,North West Total,3236.5561668532273,2013
Industry Gas,North West Total,2753.1085496341734,2014
Industry Gas,North West Total,2691.5928300597566,2015
Industry Gas,North West Total,2588.2783020252755,2016
Industry Gas,North West Total,2601.927809029857,2017
Industry Gas,North West Total,2648.3348961860083,2018
Industry Gas,North West Total,2445.0246468863597,2019
Industry Gas,North West Total,2252.910676201841,2020
Industry Gas,North West Total,2705.735556596476,2021
Industry Gas,North West Total,2254.5656475746187,2022
Industry Gas,North West Total,2194.138771865252,2023
Industry Gas,Pendle,46.70296769324543,2005
Industry Gas,Pendle,45.10517395210305,2006
Industry Gas,Pendle,42.48380913976738,2007
Industry Gas,Pendle,38.097651212640606,2008
Industry Gas,Pendle,35.67743152828366,2009
Industry Gas,Pendle,42.568300373614235,2010
Industry Gas,Pendle,34.54008360761893,2011
Industry Gas,Pendle,40.854010692792365,2012
Industry Gas,Pendle,41.3186019214324,2013
Industry Gas,Pendle,33.96049624072269,2014
Industry Gas,Pendle,34.464133577524514,2015
Industry Gas,Pendle,32.05493599488653,2016
Industry Gas,Pendle,28.994530390023304,2017
Industry Gas,Pendle,26.17400109613732,2018
Industry Gas,Pendle,29.287709212505728,2019
Industry Gas,Pendle,24.874350435186294,2020
Industry Gas,Pendle,26.5411496613611,2021
Industry Gas,Pendle,18.303741100136612,2022
Industry Gas,Pendle,15.310138894801149,2023
Industry Gas,Preston,19.676884210842818,2005
Industry Gas,Preston,13.517331172793124,2006
Industry Gas,Preston,13.090841494775328,2007
Industry Gas,Preston,13.126984191095854,2008
Industry Gas,Preston,12.650340649442445,2009
Industry Gas,Preston,15.1291130959659,2010
Industry Gas,Preston,13.141933810763682,2011
Industry Gas,Preston,14.882135500478142,2012
Industry Gas,Preston,14.559502792984203,2013
Industry Gas,Preston,12.08694605943597,2014
Industry Gas,Preston,13.028594564576784,2015
Industry Gas,Preston,13.065094287153292,2016
Industry Gas,Preston,7.937233843272639,2017
Industry Gas,Preston,8.408245082179738,2018
Industry Gas,Preston,6.168843052244137,2019
Industry Gas,Preston,19.67344649159836,2020
Industry Gas,Preston,7.83936696176587,2021
Industry Gas,Preston,5.7435638445586905,2022
Industry Gas,Preston,11.964612834438597,2023
Industry Gas,Ribble Valley,53.55672556653685,2005
Industry Gas,Ribble Valley,50.19869381548928,2006
Industry Gas,Ribble Valley,36.82591324811227,2007
Industry Gas,Ribble Valley,37.38283740607675,2008
Industry Gas,Ribble Valley,35.38835693114752,2009
Industry Gas,Ribble Valley,54.945113553039434,2010
Industry Gas,Ribble Valley,48.57100469098143,2011
Industry Gas,Ribble Valley,38.20900274931961,2012
Industry Gas,Ribble Valley,47.01401654229581,2013
Industry Gas,Ribble Valley,38.35391815826218,2014
Industry Gas,Ribble Valley,35.85373220679074,2015
Industry Gas,Ribble Valley,34.13089029705542,2016
Industry Gas,Ribble Valley,33.36227829530117,2017
Industry Gas,Ribble Valley,35.96696360916093,2018
Industry Gas,Ribble Valley,39.124114238971835,2019
Industry Gas,Ribble Valley,36.707561926251394,2020
Industry Gas,Ribble Valley,37.26713712140263,2021
Industry Gas,Ribble Valley,28.365824215476533,2022
Industry Gas,Ribble Valley,33.435288119237384,2023
Industry Gas,Rossendale,72.73125909087184,2005
Industry Gas,Rossendale,70.15120409225835,2006
Industry Gas,Rossendale,55.72746273490028,2007
Industry Gas,Rossendale,54.49312412367749,2008
Industry Gas,Rossendale,49.75292144812113,2009
Industry Gas,Rossendale,58.08068391429336,2010
Industry Gas,Rossendale,48.720231382183705,2011
Industry Gas,Rossendale,51.45719108102968,2012
Industry Gas,Rossendale,51.888934200652805,2013
Industry Gas,Rossendale,43.40618568582982,2014
Industry Gas,Rossendale,43.35134722809671,2015
Industry Gas,Rossendale,37.998876663345776,2016
Industry Gas,Rossendale,37.88659180491357,2017
Industry Gas,Rossendale,39.942709513195396,2018
Industry Gas,Rossendale,37.833078226168915,2019
Industry Gas,Rossendale,33.15122527648225,2020
Industry Gas,Rossendale,38.227397986030724,2021
Industry Gas,Rossendale,35.48209738917259,2022
Industry Gas,Rossendale,37.34919809527139,2023
Industry Gas,South Ribble,39.184044078260996,2005
Industry Gas,South Ribble,40.215524594600815,2006
Industry Gas,South Ribble,38.70201884023206,2007
Industry Gas,South Ribble,33.53188211837022,2008
Industry Gas,South Ribble,29.846558816937193,2009
Industry Gas,South Ribble,33.38309195466131,2010
Industry Gas,South Ribble,28.68073002262979,2011
Industry Gas,South Ribble,32.741447742599036,2012
Industry Gas,South Ribble,33.961150726126284,2013
Industry Gas,South Ribble,28.901782382540812,2014
Industry Gas,South Ribble,30.092086395035654,2015
Industry Gas,South Ribble,32.073970754506774,2016
Industry Gas,South Ribble,29.22641883270518,2017
Industry Gas,South Ribble,28.779182456614414,2018
Industry Gas,South Ribble,37.58989705369976,2019
Industry Gas,South Ribble,37.3106463615555,2020
Industry Gas,South Ribble,46.78615272833217,2021
Industry Gas,South Ribble,42.815244808101,2022
Industry Gas,South Ribble,37.292225606388975,2023
Industry Gas,West Lancashire,43.2286338693059,2005
Industry Gas,West Lancashire,39.817538796704476,2006
Industry Gas,West Lancashire,35.70311049684617,2007
Industry Gas,West Lancashire,32.841166772331135,2008
Industry Gas,West Lancashire,32.488805022883014,2009
Industry Gas,West Lancashire,39.31086139392571,2010
Industry Gas,West Lancashire,36.940061128887024,2011
Industry Gas,West Lancashire,37.01754551896252,2012
Industry Gas,West Lancashire,38.18340234664354,2013
Industry Gas,West Lancashire,32.173748918904714,2014
Industry Gas,West Lancashire,35.935884354739166,2015
Industry Gas,West Lancashire,31.74022407694873,2016
Industry Gas,West Lancashire,48.636992319775516,2017
Industry Gas,West Lancashire,56.516762604780844,2018
Industry Gas,West Lancashire,55.1249391657759,2019
Industry Gas,West Lancashire,60.51284197171071,2020
Industry Gas,West Lancashire,78.65893602776944,2021
Industry Gas,West Lancashire,60.34943164188449,2022
Industry Gas,West Lancashire,65.64659646103759,2023
Industry Gas,Wyre,60.56502202911756,2005
Industry Gas,Wyre,69.94279161565676,2006
Industry Gas,Wyre,63.91351789168904,2007
Industry Gas,Wyre,66.18230991066487,2008
Industry Gas,Wyre,63.01206500718367,2009
Industry Gas,Wyre,69.031910897613,2010
Industry Gas,Wyre,58.22878430501996,2011
Industry Gas,Wyre,68.11960585924405,2012
Industry Gas,Wyre,69.23750731339705,2013
Industry Gas,Wyre,59.68444844111298,2014
Industry Gas,Wyre,64.22023020973117,2015
Industry Gas,Wyre,68.88735454703722,2016
Industry Gas,Wyre,67.12876368074627,2017
Industry Gas,Wyre,62.664201139742204,2018
Industry Gas,Wyre,47.92266577493283,2019
Industry Gas,Wyre,55.04360747016897,2020
Industry Gas,Wyre,60.96134653293127,2021
Industry Gas,Wyre,52.700388221432036,2022
Industry Gas,Wyre,41.7995700096882,2023
Industry 'Other',Blackburn with Darwen,47.29190934198269,2005
Industry 'Other',Blackburn with Darwen,45.628476275142255,2006
Industry 'Other',Blackburn with Darwen,44.5359432152183,2007
Industry 'Other',Blackburn with Darwen,38.90603086943656,2008
Industry 'Other',Blackburn with Darwen,37.05506840739544,2009
Industry 'Other',Blackburn with Darwen,50.313092968277765,2010
Industry 'Other',Blackburn with Darwen,46.48183877594289,2011
Industry 'Other',Blackburn with Darwen,43.88460886065797,2012
Industry 'Other',Blackburn with Darwen,59.51963795399192,2013
Industry 'Other',Blackburn with Darwen,64.33796743930938,2014
Industry 'Other',Blackburn with Darwen,51.86915896876881,2015
Industry 'Other',Blackburn with Darwen,52.080925402334046,2016
Industry 'Other',Blackburn with Darwen,53.70000616186426,2017
Industry 'Other',Blackburn with Darwen,44.86197681010605,2018
Industry 'Other',Blackburn with Darwen,48.21058285818969,2019
Industry 'Other',Blackburn with Darwen,42.914679355422784,2020
Industry 'Other',Blackburn with Darwen,39.85266664179727,2021
Industry 'Other',Blackburn with Darwen,32.747573905267515,2022
Industry 'Other',Blackburn with Darwen,35.02831672765673,2023
Industry 'Other',Blackpool,23.58335734247291,2005
Industry 'Other',Blackpool,22.080617256368303,2006
Industry 'Other',Blackpool,21.882142632212933,2007
Industry 'Other',Blackpool,18.52747792233611,2008
Industry 'Other',Blackpool,16.876896292123323,2009
Industry 'Other',Blackpool,19.69455772524513,2010
Industry 'Other',Blackpool,17.749612349286426,2011
Industry 'Other',Blackpool,17.45314954187733,2012
Industry 'Other',Blackpool,17.294577488464345,2013
Industry 'Other',Blackpool,16.000298761962117,2014
Industry 'Other',Blackpool,17.718872978399755,2015
Industry 'Other',Blackpool,18.395671728260204,2016
Industry 'Other',Blackpool,17.629564815140636,2017
Industry 'Other',Blackpool,15.54507513910843,2018
Industry 'Other',Blackpool,18.15191306151402,2019
Industry 'Other',Blackpool,16.925498283784083,2020
Industry 'Other',Blackpool,17.222867444822562,2021
Industry 'Other',Blackpool,14.111583756268397,2022
Industry 'Other',Blackpool,15.358356116734225,2023
Industry 'Other',Burnley,37.18331743075898,2005
Industry 'Other',Burnley,35.03411582264917,2006
Industry 'Other',Burnley,35.19962125953466,2007
Industry 'Other',Burnley,28.924156228965376,2008
Industry 'Other',Burnley,26.751271172496622,2009
Industry 'Other',Burnley,34.95526751072354,2010
Industry 'Other',Burnley,35.177208590327545,2011
Industry 'Other',Burnley,29.070853368939527,2012
Industry 'Other',Burnley,37.152173727721205,2013
Industry 'Other',Burnley,41.59150134144885,2014
Industry 'Other',Burnley,36.541265768295936,2015
Industry 'Other',Burnley,34.768296581662796,2016
Industry 'Other',Burnley,29.944073630056092,2017
Industry 'Other',Burnley,26.82500361109333,2018
Industry 'Other',Burnley,22.55416740801203,2019
Industry 'Other',Burnley,20.46363045524616,2020
Industry 'Other',Burnley,19.43820581504247,2021
Industry 'Other',Burnley,16.781977575852093,2022
Industry 'Other',Burnley,18.458690386564175,2023
Industry 'Other',Chorley,16.813228652296683,2005
Industry 'Other',Chorley,14.486130778509501,2006
Industry 'Other',Chorley,14.066003226137429,2007
Industry 'Other',Chorley,11.194082179632488,2008
Industry 'Other',Chorley,10.070565586040239,2009
Industry 'Other',Chorley,12.210429833542909,2010
Industry 'Other',Chorley,12.680236348871949,2011
Industry 'Other',Chorley,8.853483951306956,2012
Industry 'Other',Chorley,9.957795877718068,2013
Industry 'Other',Chorley,11.024631809828838,2014
Industry 'Other',Chorley,10.041337354007506,2015
Industry 'Other',Chorley,10.149005238584195,2016
Industry 'Other',Chorley,10.21613191391871,2017
Industry 'Other',Chorley,10.26165998623216,2018
Industry 'Other',Chorley,12.219055572316503,2019
Industry 'Other',Chorley,10.839484652526824,2020
Industry 'Other',Chorley,11.616080027668287,2021
Industry 'Other',Chorley,9.592773534879418,2022
Industry 'Other',Chorley,9.201439042220716,2023
Industry 'Other',England Total,13498.601762212958,2005
Industry 'Other',England Total,12453.530598490763,2006
Industry 'Other',England Total,12165.600698959823,2007
Industry 'Other',England Total,10553.882786608598,2008
Industry 'Other',England Total,9534.3234770001,2009
Industry 'Other',England Total,11861.784768454583,2010
Industry 'Other',England Total,11083.378104631163,2011
Industry 'Other',England Total,10051.54980907512,2012
Industry 'Other',England Total,11341.04752504093,2013
Industry 'Other',England Total,11249.014474124197,2014
Industry 'Other',England Total,10665.77323366486,2015
Industry 'Other',England Total,10489.472571111894,2016
Industry 'Other',England Total,10460.300049734835,2017
Industry 'Other',England Total,9377.561557026036,2018
Industry 'Other',England Total,9155.31346028798,2019
Industry 'Other',England Total,8747.776850504924,2020
Industry 'Other',England Total,8829.136306580283,2021
Industry 'Other',England Total,8130.531250256535,2022
Industry 'Other',England Total,8446.747296988166,2023
Industry 'Other',Fylde,24.160946857660257,2005
Industry 'Other',Fylde,22.324456480800052,2006
Industry 'Other',Fylde,21.543386971326793,2007
Industry 'Other',Fylde,16.592093775812806,2008
Industry 'Other',Fylde,18.598541313513618,2009
Industry 'Other',Fylde,21.62578350825977,2010
Industry 'Other',Fylde,22.540205981602913,2011
Industry 'Other',Fylde,19.27928254215556,2012
Industry 'Other',Fylde,20.16899976277694,2013
Industry 'Other',Fylde,19.477705752466196,2014
Industry 'Other',Fylde,18.16866762913431,2015
Industry 'Other',Fylde,18.6785665159739,2016
Industry 'Other',Fylde,16.88719835768002,2017
Industry 'Other',Fylde,15.712696022335498,2018
Industry 'Other',Fylde,18.443196880728276,2019
Industry 'Other',Fylde,16.07423036152553,2020
Industry 'Other',Fylde,16.63012721885822,2021
Industry 'Other',Fylde,13.623692898168835,2022
Industry 'Other',Fylde,13.601482129877438,2023
Industry 'Other',Hyndburn,26.420824007005134,2005
Industry 'Other',Hyndburn,24.87028674575552,2006
Industry 'Other',Hyndburn,24.589981322269626,2007
Industry 'Other',Hyndburn,20.677559214575773,2008
Industry 'Other',Hyndburn,17.162997799174786,2009
Industry 'Other',Hyndburn,22.442437402151185,2010
Industry 'Other',Hyndburn,20.488289047500345,2011
Industry 'Other',Hyndburn,16.992482410056358,2012
Industry 'Other',Hyndburn,24.128165336967466,2013
Industry 'Other',Hyndburn,26.16117206970424,2014
Industry 'Other',Hyndburn,21.713937920665618,2015
Industry 'Other',Hyndburn,21.3046589294265,2016
Industry 'Other',Hyndburn,23.09465174047266,2017
Industry 'Other',Hyndburn,18.130125773429018,2018
Industry 'Other',Hyndburn,15.569086085831339,2019
Industry 'Other',Hyndburn,14.267786111260351,2020
Industry 'Other',Hyndburn,14.034791287720875,2021
Industry 'Other',Hyndburn,13.056032041998613,2022
Industry 'Other',Hyndburn,14.48822085853681,2023
Industry 'Other',Lancashire Total,372.84977101280384,2005
Industry 'Other',Lancashire Total,334.9451172032018,2006
Industry 'Other',Lancashire Total,325.57714977858467,2007
Industry 'Other',Lancashire Total,270.3346973186188,2008
Industry 'Other',Lancashire Total,254.02781509852417,2009
Industry 'Other',Lancashire Total,309.38053151611916,2010
Industry 'Other',Lancashire Total,313.16709435040775,2011
Industry 'Other',Lancashire Total,260.62384145583144,2012
Industry 'Other',Lancashire Total,313.40864234830894,2013
Industry 'Other',Lancashire Total,328.1635953346632,2014
Industry 'Other',Lancashire Total,292.0424955588183,2015
Industry 'Other',Lancashire Total,284.83067574433153,2016
Industry 'Other',Lancashire Total,292.72349468448044,2017
Industry 'Other',Lancashire Total,257.61733874162314,2018
Industry 'Other',Lancashire Total,267.7359199959911,2019
Industry 'Other',Lancashire Total,240.06067036487934,2020
Industry 'Other',Lancashire Total,230.7136845461849,2021
Industry 'Other',Lancashire Total,197.68849397044872,2022
Industry 'Other',Lancashire Total,204.54950322800676,2023
Industry 'Other',Lancaster,33.88957078439755,2005
Industry 'Other',Lancaster,29.788604882734308,2006
Industry 'Other',Lancaster,29.751965014190855,2007
Industry 'Other',Lancaster,24.135231966458413,2008
Industry 'Other',Lancaster,22.03544608767848,2009
Industry 'Other',Lancaster,25.846776512933136,2010
Industry 'Other',Lancaster,26.261740543559977,2011
Industry 'Other',Lancaster,21.590391479318924,2012
Industry 'Other',Lancaster,22.350892883415696,2013
Industry 'Other',Lancaster,23.03886310607473,2014
Industry 'Other',Lancaster,22.981609234103367,2015
Industry 'Other',Lancaster,22.626598596092766,2016
Industry 'Other',Lancaster,25.70398212777903,2017
Industry 'Other',Lancaster,21.45656958887439,2018
Industry 'Other',Lancaster,18.324466870390005,2019
Industry 'Other',Lancaster,17.92849237945175,2020
Industry 'Other',Lancaster,19.418828625129944,2021
Industry 'Other',Lancaster,18.80054535157295,2022
Industry 'Other',Lancaster,18.91661238820912,2023
Industry 'Other',North West Total,1859.0578977953041,2005
Industry 'Other',North West Total,1691.3826942812084,2006
Industry 'Other',North West Total,1759.9584026644409,2007
Industry 'Other',North West Total,1538.6386495980896,2008
Industry 'Other',North West Total,1420.5459714811482,2009
Industry 'Other',North West Total,1717.6505847931535,2010
Industry 'Other',North West Total,1620.760681053767,2011
Industry 'Other',North West Total,1392.0336144313892,2012
Industry 'Other',North West Total,1615.3335049155107,2013
Industry 'Other',North West Total,1630.8228555168207,2014
Industry 'Other',North West Total,1484.9802128210608,2015
Industry 'Other',North West Total,1487.960677666142,2016
Industry 'Other',North West Total,1491.0204887718667,2017
Industry 'Other',North West Total,1348.1089762235936,2018
Industry 'Other',North West Total,1316.9331816603851,2019
Industry 'Other',North West Total,1298.3509468992781,2020
Industry 'Other',North West Total,1207.7896686594772,2021
Industry 'Other',North West Total,1064.3350861874276,2022
Industry 'Other',North West Total,1222.9402241777796,2023
Industry 'Other',Pendle,36.690282191786714,2005
Industry 'Other',Pendle,33.620790426205986,2006
Industry 'Other',Pendle,32.43436828404722,2007
Industry 'Other',Pendle,26.519660736144314,2008
Industry 'Other',Pendle,24.35416474516584,2009
Industry 'Other',Pendle,30.17084918581357,2010
Industry 'Other',Pendle,30.73715783116629,2011
Industry 'Other',Pendle,24.102795194316833,2012
Industry 'Other',Pendle,30.95601197150801,2013
Industry 'Other',Pendle,33.26568842855474,2014
Industry 'Other',Pendle,28.684133477265167,2015
Industry 'Other',Pendle,27.733619320882347,2016
Industry 'Other',Pendle,26.976030781841192,2017
Industry 'Other',Pendle,22.843086390893387,2018
Industry 'Other',Pendle,18.48567128049389,2019
Industry 'Other',Pendle,16.371618351414444,2020
Industry 'Other',Pendle,17.025303014284138,2021
Industry 'Other',Pendle,14.661834796845804,2022
Industry 'Other',Pendle,15.571621130783003,2023
Industry 'Other',Preston,32.14196013827838,2005
Industry 'Other',Preston,28.39076720154931,2006
Industry 'Other',Preston,28.58171744106486,2007
Industry 'Other',Preston,23.646483281149262,2008
Industry 'Other',Preston,21.03683124314885,2009
Industry 'Other',Preston,25.72258725982016,2010
Industry 'Other',Preston,25.94264882802423,2011
Industry 'Other',Preston,20.165944769715015,2012
Industry 'Other',Preston,22.783931397088953,2013
Industry 'Other',Preston,25.173728070571876,2014
Industry 'Other',Preston,23.008374416481313,2015
Industry 'Other',Preston,23.47824893829517,2016
Industry 'Other',Preston,25.328171719563116,2017
Industry 'Other',Preston,30.046147775625382,2018
Industry 'Other',Preston,36.92153996305276,2019
Industry 'Other',Preston,30.498279614772258,2020
Industry 'Other',Preston,26.54252535120991,2021
Industry 'Other',Preston,22.02873029965883,2022
Industry 'Other',Preston,22.036320854902794,2023
Industry 'Other',Ribble Valley,24.454725543394737,2005
Industry 'Other',Ribble Valley,22.49922278013418,2006
Industry 'Other',Ribble Valley,19.997832283382575,2007
Industry 'Other',Ribble Valley,17.96870096176383,2008
Industry 'Other',Ribble Valley,19.62179054831557,2009
Industry 'Other',Ribble Valley,23.667932310613356,2010
Industry 'Other',Ribble Valley,22.751630714416173,2011
Industry 'Other',Ribble Valley,22.05027433947317,2012
Industry 'Other',Ribble Valley,29.201109613408967,2013
Industry 'Other',Ribble Valley,27.641390988241756,2014
Industry 'Other',Ribble Valley,22.886678457187635,2015
Industry 'Other',Ribble Valley,21.590437299510402,2016
Industry 'Other',Ribble Valley,24.290445220266307,2017
Industry 'Other',Ribble Valley,24.845089779755195,2018
Industry 'Other',Ribble Valley,21.010394855423712,2019
Industry 'Other',Ribble Valley,20.241019075476398,2020
Industry 'Other',Ribble Valley,18.198893835186105,2021
Industry 'Other',Ribble Valley,15.9767967613637,2022
Industry 'Other',Ribble Valley,16.93340645472371,2023
Industry 'Other',Rossendale,23.575485931722774,2005
Industry 'Other',Rossendale,21.023410467959767,2006
Industry 'Other',Rossendale,20.650959913100223,2007
Industry 'Other',Rossendale,16.87832133457986,2008
Industry 'Other',Rossendale,15.737121398129377,2009
Industry 'Other',Rossendale,19.31965876913448,2010
Industry 'Other',Rossendale,19.92698793752994,2011
Industry 'Other',Rossendale,14.10847513576965,2012
Industry 'Other',Rossendale,16.4157872319547,2013
Industry 'Other',Rossendale,18.191147659633874,2014
Industry 'Other',Rossendale,15.749440558297875,2015
Industry 'Other',Rossendale,16.79101660929879,2016
Industry 'Other',Rossendale,14.170167849274623,2017
Industry 'Other',Rossendale,9.940455345164821,2018
Industry 'Other',Rossendale,13.335159998832337,2019
Industry 'Other',Rossendale,12.484429646298224,2020
Industry 'Other',Rossendale,12.8257115389081,2021
Industry 'Other',Rossendale,10.896358036611138,2022
Industry 'Other',Rossendale,12.033465532627586,2023
Industry 'Other',South Ribble,59.31848702867129,2005
Industry 'Other',South Ribble,50.02467311717588,2006
Industry 'Other',South Ribble,49.33182536822243,2007
Industry 'Other',South Ribble,39.87732155480867,2008
Industry 'Other',South Ribble,34.839196877546776,2009
Industry 'Other',South Ribble,44.01886164001742,2010
Industry 'Other',South Ribble,47.22934244838272,2011
Industry 'Other',South Ribble,34.74191237368416,2012
Industry 'Other',South Ribble,41.77657551690032,2013
Industry 'Other',South Ribble,47.30127604629957,2014
Industry 'Other',South Ribble,42.8494603753368,2015
Industry 'Other',South Ribble,40.65158812092292,2016
Industry 'Other',South Ribble,45.41585129590253,2017
Industry 'Other',South Ribble,34.415366709589634,2018
Industry 'Other',South Ribble,48.99836714907734,2019
Industry 'Other',South Ribble,37.884279302948116,2020
Industry 'Other',South Ribble,33.31009524784728,2021
Industry 'Other',South Ribble,20.19628241355965,2022
Industry 'Other',South Ribble,20.24684321594087,2023
Industry 'Other',West Lancashire,37.622934369077164,2005
Industry 'Other',West Lancashire,33.656616856747405,2006
Industry 'Other',West Lancashire,31.657534347349362,2007
Industry 'Other',West Lancashire,27.156121048011954,2008
Industry 'Other',West Lancashire,26.874965402501857,2009
Industry 'Other',West Lancashire,30.702450902225557,2010
Industry 'Other',West Lancashire,31.02507771066002,2011
Industry 'Other',West Lancashire,30.972012275436526,2012
Industry 'Other',West Lancashire,36.78339951707771,2013
Industry 'Other',West Lancashire,35.87430513394178,2014
Industry 'Other',West Lancashire,31.876204385665584,2015
Industry 'Other',West Lancashire,29.95068846290026,2016
Industry 'Other',West Lancashire,32.827951117576575,2017
Industry 'Other',West Lancashire,26.63083824679192,2018
Industry 'Other',West Lancashire,26.18052682883762,2019
Industry 'Other',West Lancashire,26.55308329837121,2020
Industry 'Other',West Lancashire,25.63086466194144,2021
Industry 'Other',West Lancashire,26.50291422621932,2022
Industry 'Other',West Lancashire,27.14898841303795,2023
Industry 'Other',Wyre,20.578008077754227,2005
Industry 'Other',Wyre,19.226041642980697,2006
Industry 'Other',Wyre,17.771954347958626,2007
Industry 'Other',Wyre,16.764965036716053,2008
Industry 'Other',Wyre,16.944922924812158,2009
Industry 'Other',Wyre,18.697496680884075,2010
Industry 'Other',Wyre,18.406568368365612,2011
Industry 'Other',Wyre,18.69593361565874,2012
Industry 'Other',Wyre,21.733799511770897,2013
Industry 'Other',Wyre,19.422184927896748,2014
Industry 'Other',Wyre,17.54138598237724,2015
Industry 'Other',Wyre,17.107951130781508,2016
Industry 'Other',Wyre,17.868838930149597,2017
Industry 'Other',Wyre,16.51029951183843,2018
Industry 'Other',Wyre,15.694287102995304,2019
Industry 'Other',Wyre,16.45433711558807,2020
Industry 'Other',Wyre,16.04225792238814,2021
Industry 'Other',Wyre,15.570556033718342,2022
Industry 'Other',Wyre,15.912412820582587,2023
Industry Total,Blackburn with Darwen,384.9933025157751,2005
Industry Total,Blackburn with Darwen,407.2321525746446,2006
Industry Total,Blackburn with Darwen,395.054591870181,2007
Industry Total,Blackburn with Darwen,444.4908721864331,2008
Industry Total,Blackburn with Darwen,379.48663382460614,2009
Industry Total,Blackburn with Darwen,455.71517206294936,2010
Industry Total,Blackburn with Darwen,318.97557125859555,2011
Industry Total,Blackburn with Darwen,239.96310393030342,2012
Industry Total,Blackburn with Darwen,231.97552416243343,2013
Industry Total,Blackburn with Darwen,197.4407506985033,2014
Industry Total,Blackburn with Darwen,177.26847037532346,2015
Industry Total,Blackburn with Darwen,165.40779969887555,2016
Industry Total,Blackburn with Darwen,197.7184372949357,2017
Industry Total,Blackburn with Darwen,173.87458733190115,2018
Industry Total,Blackburn with Darwen,216.80301230702042,2019
Industry Total,Blackburn with Darwen,217.27156119962615,2020
Industry Total,Blackburn with Darwen,171.3000779801156,2021
Industry Total,Blackburn with Darwen,122.43839282918107,2022
Industry Total,Blackburn with Darwen,104.35018686874918,2023
Industry Total,Blackpool,72.9789499035564,2005
Industry Total,Blackpool,71.54593729499373,2006
Industry Total,Blackpool,68.0151951872645,2007
Industry Total,Blackpool,64.94804216159648,2008
Industry Total,Blackpool,56.890402687886464,2009
Industry Total,Blackpool,62.49864118940474,2010
Industry Total,Blackpool,54.40857259164065,2011
Industry Total,Blackpool,59.862385615280054,2012
Industry Total,Blackpool,56.69868876478752,2013
Industry Total,Blackpool,49.442868792630264,2014
Industry Total,Blackpool,48.71071130381016,2015
Industry Total,Blackpool,43.86319905042132,2016
Industry Total,Blackpool,41.81365563394908,2017
Industry Total,Blackpool,42.01078825031823,2018
Industry Total,Blackpool,49.15525510973474,2019
Industry Total,Blackpool,44.08144566682756,2020
Industry Total,Blackpool,48.10660136890786,2021
Industry Total,Blackpool,43.99962081529457,2022
Industry Total,Blackpool,42.562633043025244,2023
Industry Total,Burnley,129.40706979310175,2005
Industry Total,Burnley,113.76907814676574,2006
Industry Total,Burnley,109.2388053451304,2007
Industry Total,Burnley,99.2502502130729,2008
Industry Total,Burnley,82.63347759816966,2009
Industry Total,Burnley,96.91621856457549,2010
Industry Total,Burnley,87.80151043997208,2011
Industry Total,Burnley,85.5744206087061,2012
Industry Total,Burnley,93.14369781287509,2013
Industry Total,Burnley,89.54124331218208,2014
Industry Total,Burnley,82.2150374752086,2015
Industry Total,Burnley,71.88840762917994,2016
Industry Total,Burnley,65.9492503598033,2017
Industry Total,Burnley,59.41106085415698,2018
Industry Total,Burnley,62.757961909601136,2019
Industry Total,Burnley,53.660321344256516,2020
Industry Total,Burnley,54.13894285840986,2021
Industry Total,Burnley,45.616870967928776,2022
Industry Total,Burnley,47.61800781159002,2023
Industry Total,Chorley,65.20222362922313,2005
Industry Total,Chorley,63.89107735522775,2006
Industry Total,Chorley,60.48923184770615,2007
Industry Total,Chorley,55.8511698670074,2008
Industry Total,Chorley,49.67700627300341,2009
Industry Total,Chorley,55.12512881185191,2010
Industry Total,Chorley,49.10549137104385,2011
Industry Total,Chorley,50.90020986362055,2012
Industry Total,Chorley,52.15856954728855,2013
Industry Total,Chorley,58.63427892740749,2014
Industry Total,Chorley,53.01568335700246,2015
Industry Total,Chorley,52.11027786518236,2016
Industry Total,Chorley,47.63315060526014,2017
Industry Total,Chorley,44.2971696437477,2018
Industry Total,Chorley,56.7819380223612,2019
Industry Total,Chorley,46.30998328726382,2020
Industry Total,Chorley,57.31549191015015,2021
Industry Total,Chorley,51.99662627586092,2022
Industry Total,Chorley,46.290210120216074,2023
Industry Total,England Total,104446.09463972968,2005
Industry Total,England Total,101341.56763243626,2006
Industry Total,England Total,99256.32145065752,2007
Industry Total,England Total,93476.34882274056,2008
Industry Total,England Total,78057.59823026041,2009
Industry Total,England Total,79622.91868420248,2010
Industry Total,England Total,72935.46115859422,2011
Industry Total,England Total,76413.21682417058,2012
Industry Total,England Total,77079.48082950192,2013
Industry Total,England Total,70088.86688909627,2014
Industry Total,England Total,65486.28906309579,2015
Industry Total,England Total,55667.2345003755,2016
Industry Total,England Total,56091.39706763297,2017
Industry Total,England Total,51861.97997678885,2018
Industry Total,England Total,49385.53413549765,2019
Industry Total,England Total,45679.380886241735,2020
Industry Total,England Total,47670.60916704382,2021
Industry Total,England Total,42791.89852377986,2022
Industry Total,England Total,39084.42823647837,2023
Industry Total,Fylde,105.17944840745508,2005
Industry Total,Fylde,105.06902118232844,2006
Industry Total,Fylde,94.6740415766876,2007
Industry Total,Fylde,108.5572274153051,2008
Industry Total,Fylde,96.8452996354665,2009
Industry Total,Fylde,107.81078025567595,2010
Industry Total,Fylde,96.49264343230963,2011
Industry Total,Fylde,72.28120398211243,2012
Industry Total,Fylde,68.64706758408346,2013
Industry Total,Fylde,56.46930188150837,2014
Industry Total,Fylde,50.66554282394789,2015
Industry Total,Fylde,48.113387617717066,2016
Industry Total,Fylde,46.12093932040051,2017
Industry Total,Fylde,46.67455024552883,2018
Industry Total,Fylde,48.09326542488649,2019
Industry Total,Fylde,49.26419061325913,2020
Industry Total,Fylde,47.189721365723415,2021
Industry Total,Fylde,43.65477161361151,2022
Industry Total,Fylde,47.744943954011454,2023
Industry Total,Hyndburn,126.29203414573817,2005
Industry Total,Hyndburn,122.01249608128745,2006
Industry Total,Hyndburn,114.58300134298838,2007
Industry Total,Hyndburn,113.08527227372386,2008
Industry Total,Hyndburn,88.1870917421372,2009
Industry Total,Hyndburn,99.53258755138488,2010
Industry Total,Hyndburn,86.1004877027431,2011
Industry Total,Hyndburn,88.36737377040839,2012
Industry Total,Hyndburn,88.75834638130729,2013
Industry Total,Hyndburn,84.87198257112146,2014
Industry Total,Hyndburn,83.62205091651501,2015
Industry Total,Hyndburn,66.92673941994234,2016
Industry Total,Hyndburn,67.90599660068169,2017
Industry Total,Hyndburn,74.59337417454825,2018
Industry Total,Hyndburn,79.05464350257894,2019
Industry Total,Hyndburn,72.99533096258503,2020
Industry Total,Hyndburn,93.65902880328318,2021
Industry Total,Hyndburn,73.10582816345172,2022
Industry Total,Hyndburn,68.77960185441587,2023
Industry Total,Lancashire Total,2765.8398622925606,2005
Industry Total,Lancashire Total,2307.410497372298,2006
Industry Total,Lancashire Total,2189.3461347026805,2007
Industry Total,Lancashire Total,1982.292031394468,2008
Industry Total,Lancashire Total,1614.4946405115636,2009
Industry Total,Lancashire Total,1921.2294879208926,2010
Industry Total,Lancashire Total,1807.6271729335967,2011
Industry Total,Lancashire Total,1641.671949057023,2012
Industry Total,Lancashire Total,1808.8137332349534,2013
Industry Total,Lancashire Total,1835.1495286205927,2014
Industry Total,Lancashire Total,1754.1768364842437,2015
Industry Total,Lancashire Total,1564.7831548844633,2016
Industry Total,Lancashire Total,1543.1233070485505,2017
Industry Total,Lancashire Total,1547.3592443132927,2018
Industry Total,Lancashire Total,1558.6495846999624,2019
Industry Total,Lancashire Total,1445.5543773700065,2020
Industry Total,Lancashire Total,1583.0858109756591,2021
Industry Total,Lancashire Total,1411.7820159131534,2022
Industry Total,Lancashire Total,1307.5013490980095,2023
Industry Total,Lancaster,154.06562999318356,2005
Industry Total,Lancaster,141.56106994011137,2006
Industry Total,Lancaster,134.3919074310297,2007
Industry Total,Lancaster,133.37287323532487,2008
Industry Total,Lancaster,118.22397738335498,2009
Industry Total,Lancaster,128.24585805772944,2010
Industry Total,Lancaster,112.096794508943,2011
Industry Total,Lancaster,119.65158213140175,2012
Industry Total,Lancaster,120.44319519236497,2013
Industry Total,Lancaster,111.23047424253899,2014
Industry Total,Lancaster,102.25539041939626,2015
Industry Total,Lancaster,92.24957501169845,2016
Industry Total,Lancaster,99.66835422214157,2017
Industry Total,Lancaster,102.34712728109685,2018
Industry Total,Lancaster,90.0428198315823,2019
Industry Total,Lancaster,74.01273430644373,2020
Industry Total,Lancaster,87.78749393418407,2021
Industry Total,Lancaster,85.42639192540172,2022
Industry Total,Lancaster,81.42681224397148,2023
Industry Total,North West Total,15688.176368048624,2005
Industry Total,North West Total,14668.87797655847,2006
Industry Total,North West Total,14530.94628822906,2007
Industry Total,North West Total,14070.989888633127,2008
Industry Total,North West Total,12330.353415819569,2009
Industry Total,North West Total,13180.427996946773,2010
Industry Total,North West Total,12225.045469314593,2011
Industry Total,North West Total,12398.034137549244,2012
Industry Total,North West Total,11834.52628438409,2013
Industry Total,North West Total,10546.034676257885,2014
Industry Total,North West Total,9753.693108881042,2015
Industry Total,North West Total,9124.634919251526,2016
Industry Total,North West Total,9150.46410583658,2017
Industry Total,North West Total,8475.752286332032,2018
Industry Total,North West Total,8443.921876018698,2019
Industry Total,North West Total,7775.416252414463,2020
Industry Total,North West Total,8039.472546950476,2021
Industry Total,North West Total,6764.947998304529,2022
Industry Total,North West Total,6596.043755655723,2023
Industry Total,Pendle,150.8163286064313,2005
Industry Total,Pendle,149.35146675675225,2006
Industry Total,Pendle,141.141333845421,2007
Industry Total,Pendle,130.74406900809743,2008
Industry Total,Pendle,115.07492440270562,2009
Industry Total,Pendle,132.9444910759477,2010
Industry Total,Pendle,115.01986146795723,2011
Industry Total,Pendle,127.08900027732741,2012
Industry Total,Pendle,129.59260496936386,2013
Industry Total,Pendle,114.72539857105082,2014
Industry Total,Pendle,100.92752037596146,2015
Industry Total,Pendle,88.65585745846316,2016
Industry Total,Pendle,84.55732542943618,2017
Industry Total,Pendle,73.100305931335,2018
Industry Total,Pendle,68.69765715427701,2019
Industry Total,Pendle,58.15637877584206,2020
Industry Total,Pendle,62.47241508758289,2021
Industry Total,Pendle,51.38325485416543,2022
Industry Total,Pendle,45.22041064502893,2023
Industry Total,Preston,87.59285283315751,2005
Industry Total,Preston,79.34255916916936,2006
Industry Total,Preston,78.02624707644608,2007
Industry Total,Preston,73.93096258632123,2008
Industry Total,Preston,61.326406577585104,2009
Industry Total,Preston,73.55072083180242,2010
Industry Total,Preston,67.74043653905277,2011
Industry Total,Preston,67.21309388731488,2012
Industry Total,Preston,66.02060706438733,2013
Industry Total,Preston,61.62852957678379,2014
Industry Total,Preston,56.36831722910971,2015
Industry Total,Preston,53.26853289066092,2016
Industry Total,Preston,48.4580783142004,2017
Industry Total,Preston,51.0977350077267,2018
Industry Total,Preston,54.39270571915243,2019
Industry Total,Preston,62.745849729326196,2020
Industry Total,Preston,46.12907817646412,2021
Industry Total,Preston,38.70848726148762,2022
Industry Total,Preston,42.2866838292358,2023
Industry Total,Ribble Valley,1200.4440396591476,2005
Industry Total,Ribble Valley,789.5712380791053,2006
Industry Total,Ribble Valley,770.0467315476113,2007
Industry Total,Ribble Valley,673.8240732547288,2008
Industry Total,Ribble Valley,501.41061796681294,2009
Industry Total,Ribble Valley,672.4998514504454,2010
Industry Total,Ribble Valley,690.004218225701,2011
Industry Total,Ribble Valley,479.2030416332018,2012
Industry Total,Ribble Valley,634.2984817786552,2013
Industry Total,Ribble Valley,758.7547920996051,2014
Industry Total,Ribble Valley,754.332520202428,2015
Industry Total,Ribble Valley,679.5691835070118,2016
Industry Total,Ribble Valley,652.4363946118935,2017
Industry Total,Ribble Valley,679.3744982723971,2018
Industry Total,Ribble Valley,675.2373228037957,2019
Industry Total,Ribble Valley,621.5768076862593,2020
Industry Total,Ribble Valley,682.2850211865228,2021
Industry Total,Ribble Valley,621.4986454823168,2022
Industry Total,Ribble Valley,569.897137447839,2023
Industry Total,Rossendale,165.40467518095573,2005
Industry Total,Rossendale,162.76293234794687,2006
Industry Total,Rossendale,145.47558737837187,2007
Industry Total,Rossendale,139.33234241357087,2008
Industry Total,Rossendale,122.7461282919991,2009
Industry Total,Rossendale,114.95783833648785,2010
Industry Total,Rossendale,118.8505913720472,2011
Industry Total,Rossendale,122.7720379462808,2012
Industry Total,Rossendale,119.66522839000895,2013
Industry Total,Rossendale,104.97483618454484,2014
Industry Total,Rossendale,94.78986552529501,2015
Industry Total,Rossendale,81.9486873040924,2016
Industry Total,Rossendale,78.95120478511367,2017
Industry Total,Rossendale,72.97724919796673,2018
Industry Total,Rossendale,65.80977688369455,2019
Industry Total,Rossendale,60.22811353734193,2020
Industry Total,Rossendale,68.12998692936105,2021
Industry Total,Rossendale,62.34622487401227,2022
Industry Total,Rossendale,61.986426817689924,2023
Industry Total,South Ribble,160.40155773534704,2005
Industry Total,South Ribble,155.75267710955535,2006
Industry Total,South Ribble,145.72795387764822,2007
Industry Total,South Ribble,138.12484165129925,2008
Industry Total,South Ribble,108.09408341399376,2009
Industry Total,South Ribble,133.37241554086717,2010
Industry Total,South Ribble,124.17505690685863,2011
Industry Total,South Ribble,128.13853991715612,2012
Industry Total,South Ribble,132.31978713124875,2013
Industry Total,South Ribble,126.07672357922718,2014
Industry Total,South Ribble,116.09678259834882,2015
Industry Total,South Ribble,105.03119783780664,2016
Industry Total,South Ribble,106.84541675443012,2017
Industry Total,South Ribble,89.31792411335162,2018
Industry Total,South Ribble,112.6256569094241,2019
Industry Total,South Ribble,96.66894308449534,2020
Industry Total,South Ribble,104.57738585576962,2021
Industry Total,South Ribble,86.68857810901633,2022
Industry Total,South Ribble,77.53901616224601,2023
Industry Total,West Lancashire,279.9657281099348,2005
Industry Total,West Lancashire,264.09760145505805,2006
Industry Total,West Lancashire,237.17063442314023,2007
Industry Total,West Lancashire,165.44509518459495,2008
Industry Total,West Lancashire,132.06797657445543,2009
Industry Total,West Lancashire,150.4144433641116,2010
Industry Total,West Lancashire,132.68469286992146,2011
Industry Total,West Lancashire,146.0344221049072,2012
Industry Total,West Lancashire,150.17976892288192,2013
Industry Total,West Lancashire,134.24361527873089,2014
Industry Total,West Lancashire,126.61946835610787,2015
Industry Total,West Lancashire,109.08573746513954,2016
Industry Total,West Lancashire,125.32244667503106,2017
Industry Total,West Lancashire,146.77282170164642,2018
Industry Total,West Lancashire,155.4471314652454,2019
Industry Total,West Lancashire,157.557164341429,2020
Industry Total,West Lancashire,178.50415480512524,2021
Industry Total,West Lancashire,159.27774736608978,2022
Industry Total,West Lancashire,141.97628120171063,2023
Industry Total,Wyre,141.06827419888495,2005
Industry Total,Wyre,160.22927974898977,2006
Industry Total,Wyre,158.38065901049976,2007
Industry Total,Wyre,150.77385429142174,2008
Industry Total,Wyre,138.2076506518801,2009
Industry Total,Wyre,155.8591540800125,2010
Industry Total,Wyre,127.55538809704676,2011
Industry Total,Wyre,154.44702293458556,2012
Industry Total,Wyre,153.5863784604884,2013
Industry Total,Wyre,133.9983523958915,2014
Industry Total,Wyre,133.2686572049226,2015
Industry Total,Wyre,115.93557087756861,2016
Industry Total,Wyre,119.27474937015796,2017
Industry Total,Wyre,107.39542788979051,2018
Industry Total,Wyre,89.70870507336326,2019
Industry Total,Wyre,92.37855970150456,2020
Industry Total,Wyre,100.89709006308297,2021
Industry Total,Wyre,92.07858901981047,2022
Industry Total,Wyre,76.73581701005453,2023
Landfill,Blackburn with Darwen,3.4981294176861755,2005
Landfill,Blackburn with Darwen,3.3583866809405594,2006
Landfill,Blackburn with Darwen,1.677620600056937,2007
Landfill,Blackburn with Darwen,3.675140597735521,2008
Landfill,Blackburn with Darwen,10.531810942646375,2009
Landfill,Blackburn with Darwen,29.01121358005418,2010
Landfill,Blackburn with Darwen,27.121411521912595,2011
Landfill,Blackburn with Darwen,19.047385434130057,2012
Landfill,Blackburn with Darwen,23.130259303306378,2013
Landfill,Blackburn with Darwen,16.522256604926497,2014
Landfill,Blackburn with Darwen,3.380011490370909,2015
Landfill,Blackburn with Darwen,3.5092230127448993,2016
Landfill,Blackburn with Darwen,3.3323259733609563,2017
Landfill,Blackburn with Darwen,3.510971880449768,2018
Landfill,Blackburn with Darwen,7.165891532707445,2019
Landfill,Blackburn with Darwen,7.205440912149028,2020
Landfill,Blackburn with Darwen,4.502332042543602,2021
Landfill,Blackburn with Darwen,1.4743909046579928,2022
Landfill,Blackburn with Darwen,2.963206972594569,2023
Landfill,Blackpool,0.990507360488441,2005
Landfill,Blackpool,0.950797568490584,2006
Landfill,Blackpool,2.39169576200259,2007
Landfill,Blackpool,1.2284220508990127,2008
Landfill,Blackpool,8.570087096249177,2009
Landfill,Blackpool,8.612297396260871,2010
Landfill,Blackpool,10.064678982392488,2011
Landfill,Blackpool,4.825369901203821,2012
Landfill,Blackpool,5.69548396153122,2013
Landfill,Blackpool,3.601724529924375,2014
Landfill,Blackpool,1.8784498921095114,2015
Landfill,Blackpool,2.12885024910922,2016
Landfill,Blackpool,1.0548528183946642,2017
Landfill,Blackpool,0.5058802573470955,2018
Landfill,Blackpool,0.3038383480627923,2019
Landfill,Blackpool,0.3039778331691518,2020
Landfill,Blackpool,1.0839321729151574,2021
Landfill,Blackpool,0.6201777353403681,2022
Landfill,Blackpool,2.4062893206695537,2023
Landfill,Burnley,78.77984561983273,2005
Landfill,Burnley,75.63708815966181,2006
Landfill,Burnley,69.41602647948267,2007
Landfill,Burnley,59.39813343624567,2008
Landfill,Burnley,55.09794013196044,2009
Landfill,Burnley,51.23429451451841,2010
Landfill,Burnley,55.66734861616963,2011
Landfill,Burnley,44.4990536091012,2012
Landfill,Burnley,39.04179695496654,2013
Landfill,Burnley,32.8787358191233,2014
Landfill,Burnley,26.155110031403158,2015
Landfill,Burnley,35.8352119814599,2016
Landfill,Burnley,44.09334228559709,2017
Landfill,Burnley,42.265935343319875,2018
Landfill,Burnley,32.59054700465978,2019
Landfill,Burnley,30.765965950061307,2020
Landfill,Burnley,28.572164601752146,2021
Landfill,Burnley,37.1034180896525,2022
Landfill,Burnley,38.72554086593836,2023
Landfill,Chorley,93.30604061550409,2005
Landfill,Chorley,89.58378953942552,2006
Landfill,Chorley,83.0246098314359,2007
Landfill,Chorley,71.68749623999804,2008
Landfill,Chorley,66.30125595392305,2009
Landfill,Chorley,72.10468381216018,2010
Landfill,Chorley,81.2451214006087,2011
Landfill,Chorley,74.7352118520317,2012
Landfill,Chorley,82.12738556370118,2013
Landfill,Chorley,79.35540219150258,2014
Landfill,Chorley,40.734702802562644,2015
Landfill,Chorley,44.10701816883731,2016
Landfill,Chorley,51.42848080402125,2017
Landfill,Chorley,51.815356914636176,2018
Landfill,Chorley,39.451988753082276,2019
Landfill,Chorley,37.98930466363385,2020
Landfill,Chorley,33.58554089820471,2021
Landfill,Chorley,37.601320693251914,2022
Landfill,Chorley,41.3965497403903,2023
Landfill,England Total,28664.893873177152,2005
Landfill,England Total,27521.306573879276,2006
Landfill,England Total,26403.921850651353,2007
Landfill,England Total,24692.85965372959,2008
Landfill,England Total,26073.90830147457,2009
Landfill,England Total,23261.697349585986,2010
Landfill,England Total,21768.596221966996,2011
Landfill,England Total,20764.196433309575,2012
Landfill,England Total,18482.751882820154,2013
Landfill,England Total,16431.313537946484,2014
Landfill,England Total,15583.145430190727,2015
Landfill,England Total,14771.2670468789,2016
Landfill,England Total,14796.603632327482,2017
Landfill,England Total,14822.066315996926,2018
Landfill,England Total,14567.337694097434,2019
Landfill,England Total,13384.596076509866,2020
Landfill,England Total,12125.274536104102,2021
Landfill,England Total,12099.067414274929,2022
Landfill,England Total,12021.390194933176,2023
Landfill,Fylde,67.2549187711759,2005
Landfill,Fylde,64.57192308858792,2006
Landfill,Fylde,59.90847476434219,2007
Landfill,Fylde,51.16940246437295,2008
Landfill,Fylde,49.872212352058646,2009
Landfill,Fylde,45.956203745700385,2010
Landfill,Fylde,49.40631579262194,2011
Landfill,Fylde,39.580952033216235,2012
Landfill,Fylde,34.86937926262955,2013
Landfill,Fylde,28.302565864594058,2014
Landfill,Fylde,21.881479629887956,2015
Landfill,Fylde,30.15010611578322,2016
Landfill,Fylde,35.0781156589032,2017
Landfill,Fylde,35.4019508910498,2018
Landfill,Fylde,27.13263711475428,2019
Landfill,Fylde,26.048044448928092,2020
Landfill,Fylde,23.1450077712186,2021
Landfill,Fylde,26.142582425254407,2022
Landfill,Fylde,28.566318359236945,2023
Landfill,Hyndburn,73.24748390660119,2005
Landfill,Hyndburn,70.32542802086981,2006
Landfill,Hyndburn,64.79948203943916,2007
Landfill,Hyndburn,55.21371014818475,2008
Landfill,Hyndburn,50.768515478884055,2009
Landfill,Hyndburn,46.9236073723728,2010
Landfill,Hyndburn,51.551830318304205,2011
Landfill,Hyndburn,41.96054611577958,2012
Landfill,Hyndburn,35.39402633411743,2013
Landfill,Hyndburn,29.621912895151986,2014
Landfill,Hyndburn,23.041247728583297,2015
Landfill,Hyndburn,31.644765622081156,2016
Landfill,Hyndburn,36.40691333138801,2017
Landfill,Hyndburn,36.62394298355465,2018
Landfill,Hyndburn,27.688119330634187,2019
Landfill,Hyndburn,26.629070126579418,2020
Landfill,Hyndburn,23.253906369723005,2021
Landfill,Hyndburn,26.24704540015466,2022
Landfill,Hyndburn,28.55348754867078,2023
Landfill,Lancashire Total,1041.883076903782,2005
Landfill,Lancashire Total,1000.3193160812281,2006
Landfill,Lancashire Total,924.2889987704033,2007
Landfill,Lancashire Total,791.2804292932767,2008
Landfill,Lancashire Total,783.2552565577405,2009
Landfill,Lancashire Total,767.6513870136824,2010
Landfill,Lancashire Total,776.7536677198508,2011
Landfill,Lancashire Total,623.3515692116257,2012
Landfill,Lancashire Total,563.8726836100934,2013
Landfill,Lancashire Total,477.61999650261765,2014
Landfill,Lancashire Total,354.2175417848827,2015
Landfill,Lancashire Total,482.4500415538389,2016
Landfill,Lancashire Total,583.501591934762,2017
Landfill,Lancashire Total,609.7906305028247,2018
Landfill,Lancashire Total,469.2289028202531,2019
Landfill,Lancashire Total,434.589014029209,2020
Landfill,Lancashire Total,382.51622395163423,2021
Landfill,Lancashire Total,427.145579918294,2022
Landfill,Lancashire Total,462.6905185879354,2023
Landfill,Lancaster,122.85543144673248,2005
Landfill,Lancaster,117.95437029224458,2006
Landfill,Lancaster,108.38099806812507,2007
Landfill,Lancaster,92.3756332246633,2008
Landfill,Lancaster,94.39054146469988,2009
Landfill,Lancaster,83.30378091955528,2010
Landfill,Lancaster,98.176856700775,2011
Landfill,Lancaster,71.71419502208,2012
Landfill,Lancaster,61.870291385723874,2013
Landfill,Lancaster,50.80700977951777,2014
Landfill,Lancaster,40.60527207930512,2015
Landfill,Lancaster,56.20697495327834,2016
Landfill,Lancaster,65.45189426978126,2017
Landfill,Lancaster,65.61117474258029,2018
Landfill,Lancaster,48.41544864368681,2019
Landfill,Lancaster,46.147696164351494,2020
Landfill,Lancaster,42.91577170465695,2021
Landfill,Lancaster,47.2366633118053,2022
Landfill,Lancaster,49.98141659384252,2023
Landfill,North West Total,4308.810227098208,2005
Landfill,North West Total,4136.8880568551995,2006
Landfill,North West Total,3855.695455000215,2007
Landfill,North West Total,4212.612538118491,2008
Landfill,North West Total,4136.583141907131,2009
Landfill,North West Total,3818.7933721077243,2010
Landfill,North West Total,3869.929410785968,2011
Landfill,North West Total,3403.230469104273,2012
Landfill,North West Total,2975.4034829861107,2013
Landfill,North West Total,2304.415763022465,2014
Landfill,North West Total,1947.1373616230844,2015
Landfill,North West Total,2117.855419601206,2016
Landfill,North West Total,1941.3402748911162,2017
Landfill,North West Total,2141.781605076307,2018
Landfill,North West Total,2003.1672231412454,2019
Landfill,North West Total,2089.7548116870344,2020
Landfill,North West Total,1644.3347918646766,2021
Landfill,North West Total,1474.6871497911493,2022
Landfill,North West Total,1932.4564566282365,2023
Landfill,Pendle,79.80633101027045,2005
Landfill,Pendle,76.62262347404545,2006
Landfill,Pendle,70.65946245394208,2007
Landfill,Pendle,60.538783282487245,2008
Landfill,Pendle,55.93880666001327,2009
Landfill,Pendle,51.848431673382436,2010
Landfill,Pendle,57.096293853496135,2011
Landfill,Pendle,45.45797822287044,2012
Landfill,Pendle,39.91046540127212,2013
Landfill,Pendle,33.60247069802256,2014
Landfill,Pendle,25.946992210888094,2015
Landfill,Pendle,35.77987681794752,2016
Landfill,Pendle,41.65210522881604,2017
Landfill,Pendle,41.93122357504979,2018
Landfill,Pendle,32.08181162751907,2019
Landfill,Pendle,30.730850712332245,2020
Landfill,Pendle,26.971117744388543,2021
Landfill,Pendle,32.20812225948378,2022
Landfill,Pendle,36.78621252112993,2023
Landfill,Preston,123.84597757258595,2005
Landfill,Preston,118.90539908739805,2006
Landfill,Preston,110.15903991260161,2007
Landfill,Preston,94.16516795660222,2008
Landfill,Preston,90.19222963159379,2009
Landfill,Preston,138.22595182826473,2010
Landfill,Preston,90.90834284947458,2011
Landfill,Preston,73.9207737105094,2012
Landfill,Preston,67.78135116014944,2013
Landfill,Preston,52.84841850980268,2014
Landfill,Preston,41.56178806372127,2015
Landfill,Preston,65.04568335791174,2016
Landfill,Preston,95.8864533624186,2017
Landfill,Preston,124.69881128365762,2018
Landfill,Preston,101.7921426526324,2019
Landfill,Preston,81.37385565993816,2020
Landfill,Preston,68.25040678492105,2021
Landfill,Preston,66.7502488009508,2022
Landfill,Preston,71.90031660893452,2023
Landfill,Ribble Valley,50.93195570052413,2005
Landfill,Ribble Valley,48.900130878671106,2006
Landfill,Ribble Valley,45.33489599523013,2007
Landfill,Ribble Valley,38.87731896927595,2008
Landfill,Ribble Valley,35.71938704746672,2009
Landfill,Ribble Valley,33.21755704581964,2010
Landfill,Ribble Valley,36.659403908112516,2011
Landfill,Ribble Valley,29.12354460022469,2012
Landfill,Ribble Valley,25.3395564936441,2013
Landfill,Ribble Valley,21.193084387927584,2014
Landfill,Ribble Valley,16.59830268251818,2015
Landfill,Ribble Valley,22.682319033751185,2016
Landfill,Ribble Valley,26.434427728504833,2017
Landfill,Ribble Valley,26.546943815362127,2018
Landfill,Ribble Valley,20.176047534616764,2019
Landfill,Ribble Valley,19.62452251549002,2020
Landfill,Ribble Valley,17.41609696098508,2021
Landfill,Ribble Valley,19.835513143628855,2022
Landfill,Ribble Valley,21.988906298283514,2023
Landfill,Rossendale,59.50241052845956,2005
Landfill,Rossendale,57.128685106960944,2006
Landfill,Rossendale,53.00155785438908,2007
Landfill,Rossendale,45.61443091144814,2008
Landfill,Rossendale,42.330922047550125,2009
Landfill,Rossendale,39.45278804548301,2010
Landfill,Rossendale,43.47133632210863,2011
Landfill,Rossendale,34.57671074973248,2012
Landfill,Rossendale,30.86892159965379,2013
Landfill,Rossendale,25.213559724258843,2014
Landfill,Rossendale,20.22624749049954,2015
Landfill,Rossendale,27.409171950241863,2016
Landfill,Rossendale,31.88704566780084,2017
Landfill,Rossendale,31.5550560252231,2018
Landfill,Rossendale,23.942508318717653,2019
Landfill,Rossendale,22.95728919331835,2020
Landfill,Rossendale,20.186638184864055,2021
Landfill,Rossendale,23.642546512477022,2022
Landfill,Rossendale,24.401900993722123,2023
Landfill,South Ribble,95.73740784037169,2005
Landfill,South Ribble,91.91816234499633,2006
Landfill,South Ribble,85.22508577855987,2007
Landfill,South Ribble,73.34303692321328,2008
Landfill,South Ribble,68.07786386427617,2009
Landfill,South Ribble,63.39035801729457,2010
Landfill,South Ribble,69.79593596361494,2011
Landfill,South Ribble,55.43489528511073,2012
Landfill,South Ribble,49.08147157813031,2013
Landfill,South Ribble,40.88434280535039,2014
Landfill,South Ribble,32.10065449709257,2015
Landfill,South Ribble,45.88755281236238,2016
Landfill,South Ribble,53.60740468364581,2017
Landfill,South Ribble,51.891843733998805,2018
Landfill,South Ribble,38.79980792547798,2019
Landfill,South Ribble,37.77598271905839,2020
Landfill,South Ribble,32.59256927914897,2021
Landfill,South Ribble,35.663026691218406,2022
Landfill,South Ribble,38.53973209266443,2023
Landfill,West Lancashire,99.14940567822869,2005
Landfill,West Lancashire,95.19404590956648,2006
Landfill,West Lancashire,88.0826814409132,2007
Landfill,West Lancashire,75.27200708656515,2008
Landfill,West Lancashire,71.24674914765559,2009
Landfill,West Lancashire,66.31221180111368,2010
Landfill,West Lancashire,70.88416704666332,2011
Landfill,West Lancashire,58.1049205539255,2012
Landfill,West Lancashire,50.44431361035545,2013
Landfill,West Lancashire,42.38695252907871,2014
Landfill,West Lancashire,33.28551959658169,2015
Landfill,West Lancashire,44.856463673996565,2016
Landfill,West Lancashire,52.18790266542923,2017
Landfill,West Lancashire,51.61802821971593,2018
Landfill,West Lancashire,39.08817740570312,2019
Landfill,West Lancashire,37.80842565044263,2020
Landfill,West Lancashire,33.25596545255409,2021
Landfill,West Lancashire,37.79464077506921,2022
Landfill,West Lancashire,40.990348724412385,2023
Landfill,Wyre,97.4658682134952,2005
Landfill,Wyre,93.5776701788001,2006
Landfill,Wyre,86.29668415194236,2007
Landfill,Wyre,73.62530865022,2008
Landfill,Wyre,103.31883277765878,2009
Landfill,Wyre,75.68151823801735,2010
Landfill,Wyre,71.89071494790107,2011
Landfill,Wyre,54.242787457043725,2012
Landfill,Wyre,47.143724265749604,2013
Landfill,Wyre,40.525541298287166,2014
Landfill,Wyre,32.08022497183912,2015
Landfill,Wyre,42.84489706618767,2016
Landfill,Wyre,49.387506248455736,2017
Landfill,Wyre,49.83036297467656,2018
Landfill,Wyre,38.06966650876874,2019
Landfill,Wyre,36.738006225075054,2020
Landfill,Wyre,32.37103819921697,2021
Landfill,Wyre,36.92045181534712,2022
Landfill,Wyre,40.85978824070958,2023
Large Industrial Installations,Blackburn with Darwen,107.5943681464092,2005
Large Industrial Installations,Blackburn with Darwen,139.43547314284027,2006
Large Industrial Installations,Blackburn with Darwen,143.8292503094413,2007
Large Industrial Installations,Blackburn with Darwen,205.9818900036664,2008
Large Industrial Installations,Blackburn with Darwen,176.4479548069313,2009
Large Industrial Installations,Blackburn with Darwen,218.9629566723162,2010
Large Industrial Installations,Blackburn with Darwen,118.91646413764508,2011
Large Industrial Installations,Blackburn with Darwen,49.91385597031528,2012
Large Industrial Installations,Blackburn with Darwen,32.46195809376629,2013
Large Industrial Installations,Blackburn with Darwen,17.331145987795235,2014
Large Industrial Installations,Blackburn with Darwen,17.886516680457518,2015
Large Industrial Installations,Blackburn with Darwen,17.928651769658728,2016
Large Industrial Installations,Blackburn with Darwen,27.777731077417865,2017
Large Industrial Installations,Blackburn with Darwen,32.76858115435539,2018
Large Industrial Installations,Blackburn with Darwen,83.68945818911762,2019
Large Industrial Installations,Blackburn with Darwen,95.39202255258273,2020
Large Industrial Installations,Blackburn with Darwen,46.93852165470826,2021
Large Industrial Installations,Blackburn with Darwen,18.35475509123606,2022
Large Industrial Installations,Blackburn with Darwen,8.188598505284613,2023
Large Industrial Installations,Blackpool,0.004373974549902665,2005
Large Industrial Installations,Blackpool,0,2006
Large Industrial Installations,Blackpool,0,2007
Large Industrial Installations,Blackpool,0,2008
Large Industrial Installations,Blackpool,0,2009
Large Industrial Installations,Blackpool,0,2010
Large Industrial Installations,Blackpool,0,2011
Large Industrial Installations,Blackpool,0,2012
Large Industrial Installations,Blackpool,0,2013
Large Industrial Installations,Blackpool,0,2014
Large Industrial Installations,Blackpool,0,2015
Large Industrial Installations,Blackpool,0,2016
Large Industrial Installations,Blackpool,0,2017
Large Industrial Installations,Blackpool,0,2018
Large Industrial Installations,Blackpool,0,2019
Large Industrial Installations,Blackpool,0,2020
Large Industrial Installations,Blackpool,0,2021
Large Industrial Installations,Blackpool,0,2022
Large Industrial Installations,Blackpool,0,2023
Large Industrial Installations,Burnley,6.855697158642525,2005
Large Industrial Installations,Burnley,0.045353278398422084,2006
Large Industrial Installations,Burnley,0.07204731420214064,2007
Large Industrial Installations,Burnley,0.07176026331719039,2008
Large Industrial Installations,Burnley,0.0720054848134985,2009
Large Industrial Installations,Burnley,0.07208883733041736,2010
Large Industrial Installations,Burnley,0.07193859014053534,2011
Large Industrial Installations,Burnley,0.07126085059815132,2012
Large Industrial Installations,Burnley,0.07118380049633942,2013
Large Industrial Installations,Burnley,0.07108769617499525,2014
Large Industrial Installations,Burnley,0.07128998434722447,2015
Large Industrial Installations,Burnley,0.07104696574647883,2016
Large Industrial Installations,Burnley,0.07111747714590085,2017
Large Industrial Installations,Burnley,0.07111650309780997,2018
Large Industrial Installations,Burnley,0.0712231460931377,2019
Large Industrial Installations,Burnley,0.07184618504838307,2020
Large Industrial Installations,Burnley,0.07117380413281968,2021
Large Industrial Installations,Burnley,0.07053170622195949,2022
Large Industrial Installations,Burnley,0.0704561736234274,2023
Large Industrial Installations,Chorley,5.348808429889797,2005
Large Industrial Installations,Chorley,5.569322005743758,2006
Large Industrial Installations,Chorley,4.996733279451711,2007
Large Industrial Installations,Chorley,4.262873848476868,2008
Large Industrial Installations,Chorley,3.449416131095548,2009
Large Industrial Installations,Chorley,4.5544564273716235,2010
Large Industrial Installations,Chorley,2.7622980343148447,2011
Large Industrial Installations,Chorley,3.105728066792352,2012
Large Industrial Installations,Chorley,2.6371677227503736,2013
Large Industrial Installations,Chorley,3.6058131943708474,2014
Large Industrial Installations,Chorley,2.864363860505215,2015
Large Industrial Installations,Chorley,3.159214725295548,2016
Large Industrial Installations,Chorley,2.1041743576737466,2017
Large Industrial Installations,Chorley,0.12344094779053902,2018
Large Industrial Installations,Chorley,0.7864318947923092,2019
Large Industrial Installations,Chorley,0.7919436930270827,2020
Large Industrial Installations,Chorley,0.7851529116057152,2021
Large Industrial Installations,Chorley,0.7801747266815564,2022
Large Industrial Installations,Chorley,0.780906964011084,2023
Large Industrial Installations,England Total,48901.88385768377,2005
Large Industrial Installations,England Total,47074.899132523475,2006
Large Industrial Installations,England Total,47459.152876306034,2007
Large Industrial Installations,England Total,43674.28682360919,2008
Large Industrial Installations,England Total,34168.07265404529,2009
Large Industrial Installations,England Total,30302.056256374264,2010
Large Industrial Installations,England Total,28716.420109244926,2011
Large Industrial Installations,England Total,30425.76953420365,2012
Large Industrial Installations,England Total,30812.868391747066,2013
Large Industrial Installations,England Total,28668.616058977816,2014
Large Industrial Installations,England Total,27418.666361921314,2015
Large Industrial Installations,England Total,21622.111407622433,2016
Large Industrial Installations,England Total,21735.105670153956,2017
Large Industrial Installations,England Total,21173.643437594314,2018
Large Industrial Installations,England Total,20706.720322081896,2019
Large Industrial Installations,England Total,19611.002223983025,2020
Large Industrial Installations,England Total,18953.727238863237,2021
Large Industrial Installations,England Total,16507.17349769308,2022
Large Industrial Installations,England Total,15029.071052687681,2023
Large Industrial Installations,Fylde,5.458929275386629,2005
Large Industrial Installations,Fylde,4.748461247708514,2006
Large Industrial Installations,Fylde,4.895308390561434,2007
Large Industrial Installations,Fylde,12.568295280182681,2008
Large Industrial Installations,Fylde,5.365378584916645,2009
Large Industrial Installations,Fylde,5.710804672632154,2010
Large Industrial Installations,Fylde,6.098926551424378,2011
Large Industrial Installations,Fylde,5.991687326350708,2012
Large Industrial Installations,Fylde,5.439798205094578,2013
Large Industrial Installations,Fylde,0.06514445914304297,2014
Large Industrial Installations,Fylde,0.2774993039264515,2015
Large Industrial Installations,Fylde,1.330206203045433,2016
Large Industrial Installations,Fylde,0.7049451504439952,2017
Large Industrial Installations,Fylde,6.249854429593766,2018
Large Industrial Installations,Fylde,0.14014680869577034,2019
Large Industrial Installations,Fylde,6.174711155000248,2020
Large Industrial Installations,Fylde,0.04110072235865489,2021
Large Industrial Installations,Fylde,0.038613678131679284,2022
Large Industrial Installations,Fylde,0.028313717089882517,2023
Large Industrial Installations,Hyndburn,4.783783124734558,2005
Large Industrial Installations,Hyndburn,4.78378258694862,2006
Large Industrial Installations,Hyndburn,4.783782520067555,2007
Large Industrial Installations,Hyndburn,4.783782279259516,2008
Large Industrial Installations,Hyndburn,0.6969847115249591,2009
Large Industrial Installations,Hyndburn,0.2730819348825803,2010
Large Industrial Installations,Hyndburn,0.4909222467688526,2011
Large Industrial Installations,Hyndburn,0,2012
Large Industrial Installations,Hyndburn,0,2013
Large Industrial Installations,Hyndburn,0.04393413087006976,2014
Large Industrial Installations,Hyndburn,4.151408760604909,2015
Large Industrial Installations,Hyndburn,2.1562143259132984,2016
Large Industrial Installations,Hyndburn,2.0238273366184454,2017
Large Industrial Installations,Hyndburn,5.89814150642988,2018
Large Industrial Installations,Hyndburn,6.798734035058314,2019
Large Industrial Installations,Hyndburn,4.257501457873582,2020
Large Industrial Installations,Hyndburn,7.286516614479841,2021
Large Industrial Installations,Hyndburn,7.136973879641312,2022
Large Industrial Installations,Hyndburn,6.806902934113423,2023
Large Industrial Installations,Lancashire Total,1235.518037405933,2005
Large Industrial Installations,Lancashire Total,814.7752497668093,2006
Large Industrial Installations,Lancashire Total,794.3044964937695,2007
Large Industrial Installations,Lancashire Total,639.5594734036214,2008
Large Industrial Installations,Lancashire Total,442.6135342799649,2009
Large Industrial Installations,Lancashire Total,592.304831154069,2010
Large Industrial Installations,Lancashire Total,613.196419727221,2011
Large Industrial Installations,Lancashire Total,412.79140559079946,2012
Large Industrial Installations,Lancashire Total,550.2013219907817,2013
Large Industrial Installations,Lancashire Total,685.8611157429085,2014
Large Industrial Installations,Lancashire Total,695.6561555443171,2015
Large Industrial Installations,Lancashire Total,625.6623390162301,2016
Large Industrial Installations,Lancashire Total,597.3957872818046,2017
Large Industrial Installations,Lancashire Total,649.1142953439281,2018
Large Industrial Installations,Lancashire Total,637.5452567268992,2019
Large Industrial Installations,Lancashire Total,592.4609398592352,2020
Large Industrial Installations,Lancashire Total,650.6461332122465,2021
Large Industrial Installations,Lancashire Total,599.1300435225845,2022
Large Industrial Installations,Lancashire Total,531.4132468364759,2023
Large Industrial Installations,Lancaster,6.897299644585301,2005
Large Industrial Installations,Lancaster,5.817688835142956,2006
Large Industrial Installations,Lancaster,5.013799229443223,2007
Large Industrial Installations,Lancaster,5.314314427701252,2008
Large Industrial Installations,Lancaster,3.991689701841514,2009
Large Industrial Installations,Lancaster,4.027227859699628,2010
Large Industrial Installations,Lancaster,0.8974427695076987,2011
Large Industrial Installations,Lancaster,0.8658357782919076,2012
Large Industrial Installations,Lancaster,0.9205613298764923,2013
Large Industrial Installations,Lancaster,4.7268858470735164,2014
Large Industrial Installations,Lancaster,5.1766381204458645,2015
Large Industrial Installations,Lancaster,3.871552514445283,2016
Large Industrial Installations,Lancaster,2.6531336105149377,2017
Large Industrial Installations,Lancaster,6.452804299627037,2018
Large Industrial Installations,Lancaster,6.784290241001839,2019
Large Industrial Installations,Lancaster,5.350775046539873,2020
Large Industrial Installations,Lancaster,6.962699562247998,2021
Large Industrial Installations,Lancaster,6.114052293120857,2022
Large Industrial Installations,Lancaster,4.732528908864154,2023
Large Industrial Installations,North West Total,6406.032631163139,2005
Large Industrial Installations,North West Total,5722.411063341803,2006
Large Industrial Installations,North West Total,5867.581339998745,2007
Large Industrial Installations,North West Total,5761.139137647107,2008
Large Industrial Installations,North West Total,4987.284952977127,2009
Large Industrial Installations,North West Total,4894.798175601019,2010
Large Industrial Installations,North West Total,4932.680421532077,2011
Large Industrial Installations,North West Total,4538.276170134827,2012
Large Industrial Installations,North West Total,3980.7243338182143,2013
Large Industrial Installations,North West Total,3629.6039458803357,2014
Large Industrial Installations,North West Total,3415.732671595725,2015
Large Industrial Installations,North West Total,3359.901959114726,2016
Large Industrial Installations,North West Total,3377.607388271064,2017
Large Industrial Installations,North West Total,3132.267310266704,2018
Large Industrial Installations,North West Total,3441.6099578580065,2019
Large Industrial Installations,North West Total,3182.185601001925,2020
Large Industrial Installations,North West Total,2973.9020784956783,2021
Large Industrial Installations,North West Total,2337.1508086607787,2022
Large Industrial Installations,North West Total,2288.428953256138,2023
Large Industrial Installations,Pendle,0.6007511091053501,2005
Large Industrial Installations,Pendle,0.000884200759,2006
Large Industrial Installations,Pendle,0.47026036809129523,2007
Large Industrial Installations,Pendle,0.37987134256476945,2008
Large Industrial Installations,Pendle,0.34915417488574935,2009
Large Industrial Installations,Pendle,1.2517420853580057,2010
Large Industrial Installations,Pendle,0.29992164979878216,2011
Large Industrial Installations,Pendle,0.2713211977253159,2012
Large Industrial Installations,Pendle,0.2307766423006262,2013
Large Industrial Installations,Pendle,0.0030731376940000004,2014
Large Industrial Installations,Pendle,0.003265965243,2015
Large Industrial Installations,Pendle,0.0034934124480000004,2016
Large Industrial Installations,Pendle,0.0034977171889999997,2017
Large Industrial Installations,Pendle,0.003429874674,2018
Large Industrial Installations,Pendle,0.003026256589,2019
Large Industrial Installations,Pendle,0.0030875936079999998,2020
Large Industrial Installations,Pendle,0.0031289615350000004,2021
Large Industrial Installations,Pendle,0.0030416966380000005,2022
Large Industrial Installations,Pendle,0.002890349209,2023
Large Industrial Installations,Preston,0.07455275333785309,2005
Large Industrial Installations,Preston,0.006016251216117182,2006
Large Industrial Installations,Preston,0.045903434144327626,2007
Large Industrial Installations,Preston,0.045720531438087686,2008
Large Industrial Installations,Preston,0.04587676911912422,2009
Large Industrial Installations,Preston,0.045929875409347655,2010
Large Industrial Installations,Preston,0.045834148595496366,2011
Large Industrial Installations,Preston,0.04540234120485958,2012
Large Industrial Installations,Preston,0.045353250364896694,2013
Large Industrial Installations,Preston,0.04529201953264722,2014
Large Industrial Installations,Preston,0.04542090315584519,2015
Large Industrial Installations,Preston,0.04526606900304506,2016
Large Industrial Installations,Preston,0.045310993847311146,2017
Large Industrial Installations,Preston,0.04531037325320652,2018
Large Industrial Installations,Preston,0.0453783185783091,2019
Large Industrial Installations,Preston,0.3848091669742269,2020
Large Industrial Installations,Preston,0.045346881393666036,2021
Large Industrial Installations,Preston,0.04493778231344038,2022
Large Industrial Installations,Preston,0.04488965831854195,2023
Large Industrial Installations,Ribble Valley,1092.6164620774198,2005
Large Industrial Installations,Ribble Valley,687.7481514592056,2006
Large Industrial Installations,Ribble Valley,684.7701548853523,2007
Large Industrial Installations,Ribble Valley,591.1035724696173,2008
Large Industrial Installations,Ribble Valley,423.9926042746706,2009
Large Industrial Installations,Ribble Valley,568.6817510148933,2010
Large Industrial Installations,Ribble Valley,594.8739761327034,2011
Large Industrial Installations,Ribble Valley,395.41920880555796,2012
Large Industrial Installations,Ribble Valley,534.6010531825282,2013
Large Industrial Installations,Ribble Valley,671.5223898230366,2014
Large Industrial Installations,Ribble Valley,677.3639255359776,2015
Large Industrial Installations,Ribble Valley,608.74107480197,2016
Large Industrial Installations,Ribble Valley,582.293063702114,2017
Large Industrial Installations,Ribble Valley,605.7342119541975,2018
Large Industrial Installations,Ribble Valley,589.3549376559238,2019
Large Industrial Installations,Ribble Valley,542.1047053732981,2020
Large Industrial Installations,Ribble Valley,601.2204695842756,2021
Large Industrial Installations,Ribble Valley,552.5469061875622,2022
Large Industrial Installations,Ribble Valley,498.69888603859397,2023
Large Industrial Installations,Rossendale,0.14,2005
Large Industrial Installations,Rossendale,0.14,2006
Large Industrial Installations,Rossendale,1.0790486710535427,2007
Large Industrial Installations,Rossendale,0.8871703043213385,2008
Large Industrial Installations,Rossendale,0,2009
Large Industrial Installations,Rossendale,0.22083911989505847,2010
Large Industrial Installations,Rossendale,0,2011
Large Industrial Installations,Rossendale,0,2012
Large Industrial Installations,Rossendale,0.0075528123584003674,2013
Large Industrial Installations,Rossendale,0.01813436309901377,2014
Large Industrial Installations,Rossendale,0.0072647813786308624,2015
Large Industrial Installations,Rossendale,0.006749525959265415,2016
Large Industrial Installations,Rossendale,1.5104457554096802,2017
Large Industrial Installations,Rossendale,1.4439776158277093,2018
Large Industrial Installations,Rossendale,1.392801227543285,2019
Large Industrial Installations,Rossendale,0.9571400281993545,2020
Large Industrial Installations,Rossendale,1.1425204353158045,2021
Large Industrial Installations,Rossendale,0.3857582913327943,2022
Large Industrial Installations,Rossendale,0.20275106622966568,2023
Large Industrial Installations,South Ribble,0.0015060998907287296,2005
Large Industrial Installations,South Ribble,0.0014930436253869587,2006
Large Industrial Installations,South Ribble,0.008275636640905339,2007
Large Industrial Installations,South Ribble,0.009700706756092954,2008
Large Industrial Installations,South Ribble,0.9491149373903592,2009
Large Industrial Installations,South Ribble,1.9695098715699864,2010
Large Industrial Installations,South Ribble,1.5123441364516261,2011
Large Industrial Installations,South Ribble,1.4916431306994247,2012
Large Industrial Installations,South Ribble,0.6555272360615276,2013
Large Industrial Installations,South Ribble,0.008138301755671038,2014
Large Industrial Installations,South Ribble,0.008727417217103633,2015
Large Industrial Installations,South Ribble,0.34398080089314037,2016
Large Industrial Installations,South Ribble,0.5226360602694742,2017
Large Industrial Installations,South Ribble,0.5683729692769455,2018
Large Industrial Installations,South Ribble,0.6244158427473288,2019
Large Industrial Installations,South Ribble,0.6297592505017005,2020
Large Industrial Installations,South Ribble,0.5956574125829934,2021
Large Industrial Installations,South Ribble,0.5718233614514788,2022
Large Industrial Installations,South Ribble,0.5870119917586054,2023
Large Industrial Installations,West Lancashire,112.46024773294045,2005
Large Industrial Installations,West Lancashire,105.63409685806104,2006
Large Industrial Installations,West Lancashire,87.88918276476109,2007
Large Industrial Installations,West Lancashire,19.852411949986326,2008
Large Industrial Installations,West Lancashire,3.4213095097069313,2009
Large Industrial Installations,West Lancashire,4.398660536019617,2010
Large Industrial Installations,West Lancashire,5.047877569148132,2011
Large Industrial Installations,West Lancashire,4.465160283559164,2012
Large Industrial Installations,West Lancashire,5.307817988070838,2013
Large Industrial Installations,West Lancashire,5.466229417854708,2014
Large Industrial Installations,West Lancashire,5.399898028289659,2015
Large Industrial Installations,West Lancashire,4.857448552858591,2016
Large Industrial Installations,West Lancashire,4.3834717850845175,2017
Large Industrial Installations,West Lancashire,22.237127423953783,2018
Large Industrial Installations,West Lancashire,31.25823494857241,2019
Large Industrial Installations,West Lancashire,31.450000020779097,2020
Large Industrial Installations,West Lancashire,32.16340283635691,2021
Large Industrial Installations,West Lancashire,30.82183519952758,2022
Large Industrial Installations,West Lancashire,19.163791700756118,2023
Large Industrial Installations,Wyre,0.28,2005
Large Industrial Installations,Wyre,0.28,2006
Large Industrial Installations,Wyre,0.28,2007
Large Industrial Installations,Wyre,0.28,2008
Large Industrial Installations,Wyre,0.28,2009
Large Industrial Installations,Wyre,1.098738919007218,2010
Large Industrial Installations,Wyre,1.0949378983672973,2011
Large Industrial Installations,Wyre,1.0641578100196392,2012
Large Industrial Installations,Wyre,0.2845298208795158,2013
Large Industrial Installations,Wyre,0.2849933523033194,2014
Large Industrial Installations,Wyre,0.2864528832256531,2015
Large Industrial Installations,Wyre,1.0760911186520645,2016
Large Industrial Installations,Wyre,1.0801633354934312,2017
Large Industrial Installations,Wyre,0.28650744620589896,2018
Large Industrial Installations,Wyre,0.28563635130370946,2019
Large Industrial Installations,Wyre,0.2846608883855568,2020
Large Industrial Installations,Wyre,0.3289634859614924,2021
Large Industrial Installations,Wyre,0.6153947199617186,2022
Large Industrial Installations,Wyre,0.29391733390804053,2023
LULUCF Net Emissions,Blackburn with Darwen,3.719758025314365,2005
LULUCF Net Emissions,Blackburn with Darwen,3.2851237447983967,2006
LULUCF Net Emissions,Blackburn with Darwen,2.923543607831816,2007
LULUCF Net Emissions,Blackburn with Darwen,2.4912442174367495,2008
LULUCF Net Emissions,Blackburn with Darwen,2.0746782892432436,2009
LULUCF Net Emissions,Blackburn with Darwen,1.862440373967171,2010
LULUCF Net Emissions,Blackburn with Darwen,14.160830875452831,2011
LULUCF Net Emissions,Blackburn with Darwen,1.5209944117651832,2012
LULUCF Net Emissions,Blackburn with Darwen,1.0148222279497618,2013
LULUCF Net Emissions,Blackburn with Darwen,0.8974380649380884,2014
LULUCF Net Emissions,Blackburn with Darwen,0.5343425086390758,2015
LULUCF Net Emissions,Blackburn with Darwen,0.5395624112795463,2016
LULUCF Net Emissions,Blackburn with Darwen,0.09779737328683244,2017
LULUCF Net Emissions,Blackburn with Darwen,-0.23321894990829173,2018
LULUCF Net Emissions,Blackburn with Darwen,-0.30127938092974543,2019
LULUCF Net Emissions,Blackburn with Darwen,-0.33449512722114993,2020
LULUCF Net Emissions,Blackburn with Darwen,-0.33657711726429146,2021
LULUCF Net Emissions,Blackburn with Darwen,-0.089900627667471,2022
LULUCF Net Emissions,Blackburn with Darwen,-0.07790191453083041,2023
LULUCF Net Emissions,Blackpool,3.715140165070671,2005
LULUCF Net Emissions,Blackpool,3.7741129844940016,2006
LULUCF Net Emissions,Blackpool,3.7934534654680916,2007
LULUCF Net Emissions,Blackpool,3.70765064686514,2008
LULUCF Net Emissions,Blackpool,3.610506938137714,2009
LULUCF Net Emissions,Blackpool,3.579936122250107,2010
LULUCF Net Emissions,Blackpool,3.5614128676356414,2011
LULUCF Net Emissions,Blackpool,3.5162623799620545,2012
LULUCF Net Emissions,Blackpool,3.5272109396422486,2013
LULUCF Net Emissions,Blackpool,3.506467379980381,2014
LULUCF Net Emissions,Blackpool,3.386272740608649,2015
LULUCF Net Emissions,Blackpool,3.2928097625628157,2016
LULUCF Net Emissions,Blackpool,3.3672645988243874,2017
LULUCF Net Emissions,Blackpool,3.4320492428899803,2018
LULUCF Net Emissions,Blackpool,3.333525026002965,2019
LULUCF Net Emissions,Blackpool,3.3273063624416954,2020
LULUCF Net Emissions,Blackpool,3.3138174974931784,2021
LULUCF Net Emissions,Blackpool,3.355958337987879,2022
LULUCF Net Emissions,Blackpool,3.343937980023273,2023
LULUCF Net Emissions,Burnley,1.1793406399955009,2005
LULUCF Net Emissions,Burnley,0.8996998116949118,2006
LULUCF Net Emissions,Burnley,0.6567652978267432,2007
LULUCF Net Emissions,Burnley,0.4018093484925615,2008
LULUCF Net Emissions,Burnley,0.23584086541498522,2009
LULUCF Net Emissions,Burnley,0.08703991825671262,2010
LULUCF Net Emissions,Burnley,-0.15778372453912282,2011
LULUCF Net Emissions,Burnley,-0.31135185766230333,2012
LULUCF Net Emissions,Burnley,-0.6398773777699612,2013
LULUCF Net Emissions,Burnley,-0.6611590276573704,2014
LULUCF Net Emissions,Burnley,-0.8846555355047973,2015
LULUCF Net Emissions,Burnley,-0.7990043095943333,2016
LULUCF Net Emissions,Burnley,-1.1387386885525281,2017
LULUCF Net Emissions,Burnley,-1.1148226088682236,2018
LULUCF Net Emissions,Burnley,-1.2857580031993867,2019
LULUCF Net Emissions,Burnley,-1.5216405833290123,2020
LULUCF Net Emissions,Burnley,-1.4141737004884911,2021
LULUCF Net Emissions,Burnley,-1.2543725659678693,2022
LULUCF Net Emissions,Burnley,-1.2479623695179343,2023
LULUCF Net Emissions,Chorley,5.198173626541638,2005
LULUCF Net Emissions,Chorley,4.577955373100133,2006
LULUCF Net Emissions,Chorley,4.108037236272516,2007
LULUCF Net Emissions,Chorley,3.3712282873858372,2008
LULUCF Net Emissions,Chorley,3.121781166159086,2009
LULUCF Net Emissions,Chorley,2.9085993429508243,2010
LULUCF Net Emissions,Chorley,3.0210044017521067,2011
LULUCF Net Emissions,Chorley,2.4230714435293956,2012
LULUCF Net Emissions,Chorley,1.9115972981119491,2013
LULUCF Net Emissions,Chorley,1.840393739175885,2014
LULUCF Net Emissions,Chorley,1.4063005610308938,2015
LULUCF Net Emissions,Chorley,1.842212305323297,2016
LULUCF Net Emissions,Chorley,1.532409863671075,2017
LULUCF Net Emissions,Chorley,1.5913078917766232,2018
LULUCF Net Emissions,Chorley,1.2174037691562822,2019
LULUCF Net Emissions,Chorley,0.9224233813610783,2020
LULUCF Net Emissions,Chorley,1.1956377145823858,2021
LULUCF Net Emissions,Chorley,1.521730308684247,2022
LULUCF Net Emissions,Chorley,1.455094714702932,2023
LULUCF Net Emissions,England Total,767.6125050447317,2005
LULUCF Net Emissions,England Total,609.8004766851549,2006
LULUCF Net Emissions,England Total,221.59210962379728,2007
LULUCF Net Emissions,England Total,-272.9326007795971,2008
LULUCF Net Emissions,England Total,-274.6212560598725,2009
LULUCF Net Emissions,England Total,-339.84705845455204,2010
LULUCF Net Emissions,England Total,-555.9265578728072,2011
LULUCF Net Emissions,England Total,-239.77612019617345,2012
LULUCF Net Emissions,England Total,-656.6261769243098,2013
LULUCF Net Emissions,England Total,-741.2644849152038,2014
LULUCF Net Emissions,England Total,-950.2544122665812,2015
LULUCF Net Emissions,England Total,-507.83014477697475,2016
LULUCF Net Emissions,England Total,-814.5232674422273,2017
LULUCF Net Emissions,England Total,-787.6680161132365,2018
LULUCF Net Emissions,England Total,-922.7655779376498,2019
LULUCF Net Emissions,England Total,-941.5477517296247,2020
LULUCF Net Emissions,England Total,-778.8769435166087,2021
LULUCF Net Emissions,England Total,-539.8335172204922,2022
LULUCF Net Emissions,England Total,-598.2599880307762,2023
LULUCF Net Emissions,Fylde,46.84240556366059,2005
LULUCF Net Emissions,Fylde,46.87113716337513,2006
LULUCF Net Emissions,Fylde,46.587449034693236,2007
LULUCF Net Emissions,Fylde,45.89716440274259,2008
LULUCF Net Emissions,Fylde,45.9406400808543,2009
LULUCF Net Emissions,Fylde,45.96900779981605,2010
LULUCF Net Emissions,Fylde,45.50384264959594,2011
LULUCF Net Emissions,Fylde,45.544651212211704,2012
LULUCF Net Emissions,Fylde,45.182594291180905,2013
LULUCF Net Emissions,Fylde,45.2495364631095,2014
LULUCF Net Emissions,Fylde,44.72675851868452,2015
LULUCF Net Emissions,Fylde,45.22833276730498,2016
LULUCF Net Emissions,Fylde,45.01582205209073,2017
LULUCF Net Emissions,Fylde,44.97967754111147,2018
LULUCF Net Emissions,Fylde,44.78732188824026,2019
LULUCF Net Emissions,Fylde,45.05511233783307,2020
LULUCF Net Emissions,Fylde,45.03961372496452,2021
LULUCF Net Emissions,Fylde,45.04002076693748,2022
LULUCF Net Emissions,Fylde,44.83084660044406,2023
LULUCF Net Emissions,Hyndburn,-2.839667342566644,2005
LULUCF Net Emissions,Hyndburn,-3.0922000132059675,2006
LULUCF Net Emissions,Hyndburn,-3.3154497234402474,2007
LULUCF Net Emissions,Hyndburn,-3.5708303360528313,2008
LULUCF Net Emissions,Hyndburn,-3.7997226394271584,2009
LULUCF Net Emissions,Hyndburn,-3.8358705910024313,2010
LULUCF Net Emissions,Hyndburn,-4.018063445991006,2011
LULUCF Net Emissions,Hyndburn,-4.0858549415431344,2012
LULUCF Net Emissions,Hyndburn,-4.285106096456782,2013
LULUCF Net Emissions,Hyndburn,-4.306717992010881,2014
LULUCF Net Emissions,Hyndburn,-4.540134353623254,2015
LULUCF Net Emissions,Hyndburn,-4.5033958511896115,2016
LULUCF Net Emissions,Hyndburn,-4.7144876631995425,2017
LULUCF Net Emissions,Hyndburn,-4.724111014265349,2018
LULUCF Net Emissions,Hyndburn,-4.763547480356143,2019
LULUCF Net Emissions,Hyndburn,-4.8416357902422344,2020
LULUCF Net Emissions,Hyndburn,-4.757805509969884,2021
LULUCF Net Emissions,Hyndburn,-4.63737117973846,2022
LULUCF Net Emissions,Hyndburn,-4.635170786618435,2023
LULUCF Net Emissions,Lancashire Total,416.46906538344575,2005
LULUCF Net Emissions,Lancashire Total,409.4755718230534,2006
LULUCF Net Emissions,Lancashire Total,402.07854724191077,2007
LULUCF Net Emissions,Lancashire Total,392.7489024495936,2008
LULUCF Net Emissions,Lancashire Total,389.8241398111628,2009
LULUCF Net Emissions,Lancashire Total,387.189179669578,2010
LULUCF Net Emissions,Lancashire Total,380.4284009984216,2011
LULUCF Net Emissions,Lancashire Total,380.4619096314494,2012
LULUCF Net Emissions,Lancashire Total,373.50603592763747,2013
LULUCF Net Emissions,Lancashire Total,370.76448129378275,2014
LULUCF Net Emissions,Lancashire Total,364.82397015189997,2015
LULUCF Net Emissions,Lancashire Total,369.33992635131096,2016
LULUCF Net Emissions,Lancashire Total,363.7274832533084,2017
LULUCF Net Emissions,Lancashire Total,362.11886620593594,2018
LULUCF Net Emissions,Lancashire Total,358.78350814810045,2019
LULUCF Net Emissions,Lancashire Total,356.30243995094963,2020
LULUCF Net Emissions,Lancashire Total,356.58335692513265,2021
LULUCF Net Emissions,Lancashire Total,358.8020639278835,2022
LULUCF Net Emissions,Lancashire Total,356.05918357615553,2023
LULUCF Net Emissions,Lancaster,57.48886737248965,2005
LULUCF Net Emissions,Lancaster,56.22256860223561,2006
LULUCF Net Emissions,Lancaster,55.52728115543691,2007
LULUCF Net Emissions,Lancaster,53.960491198616914,2008
LULUCF Net Emissions,Lancaster,53.12386834379731,2009
LULUCF Net Emissions,Lancaster,52.560771025638495,2010
LULUCF Net Emissions,Lancaster,51.08701830884098,2011
LULUCF Net Emissions,Lancaster,51.256717331065836,2012
LULUCF Net Emissions,Lancaster,49.988644421876565,2013
LULUCF Net Emissions,Lancaster,50.13173842171586,2014
LULUCF Net Emissions,Lancaster,49.306953134436476,2015
LULUCF Net Emissions,Lancaster,50.22029120010538,2016
LULUCF Net Emissions,Lancaster,49.01423220524927,2017
LULUCF Net Emissions,Lancaster,49.49206916768372,2018
LULUCF Net Emissions,Lancaster,49.38512948239613,2019
LULUCF Net Emissions,Lancaster,48.967085351679664,2020
LULUCF Net Emissions,Lancaster,49.84672005586549,2021
LULUCF Net Emissions,Lancaster,50.26828684394724,2022
LULUCF Net Emissions,Lancaster,50.0212623122544,2023
LULUCF Net Emissions,North West Total,554.7951757302178,2005
LULUCF Net Emissions,North West Total,520.6736280398281,2006
LULUCF Net Emissions,North West Total,475.9424634748913,2007
LULUCF Net Emissions,North West Total,423.3155931478261,2008
LULUCF Net Emissions,North West Total,402.6358743207416,2009
LULUCF Net Emissions,North West Total,389.4322454616756,2010
LULUCF Net Emissions,North West Total,361.65264186818155,2011
LULUCF Net Emissions,North West Total,380.13150241032446,2012
LULUCF Net Emissions,North West Total,338.38720227453376,2013
LULUCF Net Emissions,North West Total,315.77176711014675,2014
LULUCF Net Emissions,North West Total,291.4056900035077,2015
LULUCF Net Emissions,North West Total,320.80467244115624,2016
LULUCF Net Emissions,North West Total,281.6651336671947,2017
LULUCF Net Emissions,North West Total,280.8347032860984,2018
LULUCF Net Emissions,North West Total,263.7004690240355,2019
LULUCF Net Emissions,North West Total,293.8898294785302,2020
LULUCF Net Emissions,North West Total,278.1202068535475,2021
LULUCF Net Emissions,North West Total,294.12486249512403,2022
LULUCF Net Emissions,North West Total,293.2093221418825,2023
LULUCF Net Emissions,Pendle,0.14625868598000275,2005
LULUCF Net Emissions,Pendle,-0.11036377941103659,2006
LULUCF Net Emissions,Pendle,-0.4039990410502122,2007
LULUCF Net Emissions,Pendle,-0.7060054875552265,2008
LULUCF Net Emissions,Pendle,-0.9315477162798943,2009
LULUCF Net Emissions,Pendle,-1.1143582550419437,2010
LULUCF Net Emissions,Pendle,-1.3824287434471654,2011
LULUCF Net Emissions,Pendle,-1.5381619914047964,2012
LULUCF Net Emissions,Pendle,-1.8694252962020834,2013
LULUCF Net Emissions,Pendle,-1.8757971416068924,2014
LULUCF Net Emissions,Pendle,-2.2093444599113936,2015
LULUCF Net Emissions,Pendle,-2.1274978755802647,2016
LULUCF Net Emissions,Pendle,-2.39143222939462,2017
LULUCF Net Emissions,Pendle,-2.3998311450793643,2018
LULUCF Net Emissions,Pendle,-2.516603212155206,2019
LULUCF Net Emissions,Pendle,-2.7244235545256372,2020
LULUCF Net Emissions,Pendle,-3.2274329505252752,2021
LULUCF Net Emissions,Pendle,-3.1576989705506593,2022
LULUCF Net Emissions,Pendle,-3.1910028595168822,2023
LULUCF Net Emissions,Preston,0.2708847657122353,2005
LULUCF Net Emissions,Preston,-0.07502265913904385,2006
LULUCF Net Emissions,Preston,-0.5742590558896915,2007
LULUCF Net Emissions,Preston,-0.8995192787365406,2008
LULUCF Net Emissions,Preston,-1.163921510078231,2009
LULUCF Net Emissions,Preston,-1.4381251178871104,2010
LULUCF Net Emissions,Preston,-1.8179759409612313,2011
LULUCF Net Emissions,Preston,-1.8537413174983253,2012
LULUCF Net Emissions,Preston,-2.161028808712615,2013
LULUCF Net Emissions,Preston,-2.3460035014873797,2014
LULUCF Net Emissions,Preston,-2.651283487488016,2015
LULUCF Net Emissions,Preston,-2.537487727734749,2016
LULUCF Net Emissions,Preston,-2.6024746159492107,2017
LULUCF Net Emissions,Preston,-2.5705771340305335,2018
LULUCF Net Emissions,Preston,-2.6942954854692007,2019
LULUCF Net Emissions,Preston,-2.766127644657781,2020
LULUCF Net Emissions,Preston,-2.7563337127344343,2021
LULUCF Net Emissions,Preston,-2.638326984269483,2022
LULUCF Net Emissions,Preston,-2.6872619286914596,2023
LULUCF Net Emissions,Ribble Valley,-27.94463908627358,2005
LULUCF Net Emissions,Ribble Valley,-29.12248154413155,2006
LULUCF Net Emissions,Ribble Valley,-30.001118716987076,2007
LULUCF Net Emissions,Ribble Valley,-31.45432786338723,2008
LULUCF Net Emissions,Ribble Valley,-32.201616570122646,2009
LULUCF Net Emissions,Ribble Valley,-32.58909981733041,2010
LULUCF Net Emissions,Ribble Valley,-33.52339461102457,2011
LULUCF Net Emissions,Ribble Valley,-31.889788879366748,2012
LULUCF Net Emissions,Ribble Valley,-33.7216147480211,2013
LULUCF Net Emissions,Ribble Valley,-33.96272299044224,2014
LULUCF Net Emissions,Ribble Valley,-34.00563944058722,2015
LULUCF Net Emissions,Ribble Valley,-32.825661825373516,2016
LULUCF Net Emissions,Ribble Valley,-34.1844050521969,2017
LULUCF Net Emissions,Ribble Valley,-34.08668510744335,2018
LULUCF Net Emissions,Ribble Valley,-34.28872495744364,2019
LULUCF Net Emissions,Ribble Valley,-35.3133920165634,2020
LULUCF Net Emissions,Ribble Valley,-34.625652329992384,2021
LULUCF Net Emissions,Ribble Valley,-34.13112216385787,2022
LULUCF Net Emissions,Ribble Valley,-34.19713918951349,2023
LULUCF Net Emissions,Rossendale,6.582541875499342,2005
LULUCF Net Emissions,Rossendale,6.241154933497693,2006
LULUCF Net Emissions,Rossendale,5.74768403497686,2007
LULUCF Net Emissions,Rossendale,5.373779291797897,2008
LULUCF Net Emissions,Rossendale,4.9755964340525685,2009
LULUCF Net Emissions,Rossendale,4.84489737936932,2010
LULUCF Net Emissions,Rossendale,4.420890713282382,2011
LULUCF Net Emissions,Rossendale,4.215726395958204,2012
LULUCF Net Emissions,Rossendale,3.745277011565157,2013
LULUCF Net Emissions,Rossendale,3.5545555053873024,2014
LULUCF Net Emissions,Rossendale,3.1547767778492477,2015
LULUCF Net Emissions,Rossendale,3.258196322325222,2016
LULUCF Net Emissions,Rossendale,2.8823543186469713,2017
LULUCF Net Emissions,Rossendale,2.74224451525643,2018
LULUCF Net Emissions,Rossendale,2.6010598196654193,2019
LULUCF Net Emissions,Rossendale,2.555240882569493,2020
LULUCF Net Emissions,Rossendale,2.6385762851885928,2021
LULUCF Net Emissions,Rossendale,3.5867217513182776,2022
LULUCF Net Emissions,Rossendale,2.8305549530234746,2023
LULUCF Net Emissions,South Ribble,5.963592380877926,2005
LULUCF Net Emissions,South Ribble,5.856870777095072,2006
LULUCF Net Emissions,South Ribble,5.376667614001255,2007
LULUCF Net Emissions,South Ribble,5.060582248788722,2008
LULUCF Net Emissions,South Ribble,4.84385669327263,2009
LULUCF Net Emissions,South Ribble,4.71395792312053,2010
LULUCF Net Emissions,South Ribble,4.164936466916318,2011
LULUCF Net Emissions,South Ribble,4.111565561461368,2012
LULUCF Net Emissions,South Ribble,3.949348586941375,2013
LULUCF Net Emissions,South Ribble,3.8987816361675,2014
LULUCF Net Emissions,South Ribble,3.5363063343319694,2015
LULUCF Net Emissions,South Ribble,3.7175165715668537,2016
LULUCF Net Emissions,South Ribble,3.5032412594871403,2017
LULUCF Net Emissions,South Ribble,3.5371007778325194,2018
LULUCF Net Emissions,South Ribble,3.6000517956575533,2019
LULUCF Net Emissions,South Ribble,3.741420352903151,2020
LULUCF Net Emissions,South Ribble,3.817959360597997,2021
LULUCF Net Emissions,South Ribble,4.01439593167198,2022
LULUCF Net Emissions,South Ribble,3.975399972486506,2023
LULUCF Net Emissions,West Lancashire,236.17418282775773,2005
LULUCF Net Emissions,West Lancashire,234.0057030712474,2006
LULUCF Net Emissions,West Lancashire,231.83073535666526,2007
LULUCF Net Emissions,West Lancashire,229.58141924108116,2008
LULUCF Net Emissions,West Lancashire,230.23766088566003,2009
LULUCF Net Emissions,West Lancashire,229.86617855788626,2010
LULUCF Net Emissions,West Lancashire,228.45900590480326,2011
LULUCF Net Emissions,West Lancashire,228.11343723528202,2012
LULUCF Net Emissions,West Lancashire,227.35171821916416,2013
LULUCF Net Emissions,West Lancashire,225.44845499927993,2014
LULUCF Net Emissions,West Lancashire,224.11366821060193,2015
LULUCF Net Emissions,West Lancashire,224.4935018333095,2016
LULUCF Net Emissions,West Lancashire,223.8009871286289,2017
LULUCF Net Emissions,West Lancashire,222.00740607133687,2018
LULUCF Net Emissions,West Lancashire,220.5482182249264,2019
LULUCF Net Emissions,West Lancashire,220.2675613428526,2020
LULUCF Net Emissions,West Lancashire,219.11013426886458,2021
LULUCF Net Emissions,West Lancashire,218.56697463971818,2022
LULUCF Net Emissions,West Lancashire,217.61001823003707,2023
LULUCF Net Emissions,Wyre,87.40712407377137,2005
LULUCF Net Emissions,Wyre,87.2005500866951,2006
LULUCF Net Emissions,Wyre,86.53875404940517,2007
LULUCF Net Emissions,Wyre,85.73311139641963,2008
LULUCF Net Emissions,Wyre,85.4417037778599,2009
LULUCF Net Emissions,Wyre,85.21618150380172,2010
LULUCF Net Emissions,Wyre,84.67134901919367,2011
LULUCF Net Emissions,Wyre,84.47563943941603,2012
LULUCF Net Emissions,Wyre,84.05390842595988,2013
LULUCF Net Emissions,Wyre,83.79342118215155,2014
LULUCF Net Emissions,Wyre,82.87026389207962,2015
LULUCF Net Emissions,Wyre,83.37292294084816,2016
LULUCF Net Emissions,Wyre,83.00997467482715,2017
LULUCF Net Emissions,Wyre,82.66508725062522,2018
LULUCF Net Emissions,Wyre,82.193252306682,2019
LULUCF Net Emissions,Wyre,81.96081589106866,2020
LULUCF Net Emissions,Wyre,81.71611371877965,2021
LULUCF Net Emissions,Wyre,81.6228255499905,2022
LULUCF Net Emissions,Wyre,81.29454392706512,2023
Net Emissions: Bioenergy crops,Blackburn with Darwen,0,2005
Net Emissions: Bioenergy crops,Blackburn with Darwen,0,2006
Net Emissions: Bioenergy crops,Blackburn with Darwen,0,2007
Net Emissions: Bioenergy crops,Blackburn with Darwen,-0.013403633898299593,2008
Net Emissions: Bioenergy crops,Blackburn with Darwen,-0.0008549412119881509,2009
Net Emissions: Bioenergy crops,Blackburn with Darwen,0.0008986763243130874,2010
Net Emissions: Bioenergy crops,Blackburn with Darwen,0.0002504805299591381,2011
Net Emissions: Bioenergy crops,Blackburn with Darwen,0.00034881313697366923,2012
Net Emissions: Bioenergy crops,Blackburn with Darwen,0.00010784428426045612,2013
Net Emissions: Bioenergy crops,Blackburn with Darwen,-0.00021214726798481084,2014
Net Emissions: Bioenergy crops,Blackburn with Darwen,-0.00010870829004603949,2015
Net Emissions: Bioenergy crops,Blackburn with Darwen,-0.0002391324703736644,2016
Net Emissions: Bioenergy crops,Blackburn with Darwen,-0.0002725743738887046,2017
Net Emissions: Bioenergy crops,Blackburn with Darwen,-0.000008946242818513338,2018
Net Emissions: Bioenergy crops,Blackburn with Darwen,-0.0002539120566064025,2019
Net Emissions: Bioenergy crops,Blackburn with Darwen,-0.00007363065048195931,2020
Net Emissions: Bioenergy crops,Blackburn with Darwen,-0.00013564478362110036,2021
Net Emissions: Bioenergy crops,Blackburn with Darwen,-0.00008262765626874579,2022
Net Emissions: Bioenergy crops,Blackburn with Darwen,-0.00023349186607615025,2023
Net Emissions: Bioenergy crops,Blackpool,0,2005
Net Emissions: Bioenergy crops,Blackpool,0,2006
Net Emissions: Bioenergy crops,Blackpool,0,2007
Net Emissions: Bioenergy crops,Blackpool,-0.017206636506049693,2008
Net Emissions: Bioenergy crops,Blackpool,-0.001426980154177929,2009
Net Emissions: Bioenergy crops,Blackpool,0.001092981798374062,2010
Net Emissions: Bioenergy crops,Blackpool,0.00015902614753405484,2011
Net Emissions: Bioenergy crops,Blackpool,0.000401139869982352,2012
Net Emissions: Bioenergy crops,Blackpool,0.0000259692291278429,2013
Net Emissions: Bioenergy crops,Blackpool,-0.0006100921068601399,2014
Net Emissions: Bioenergy crops,Blackpool,-0.0004162220560651114,2015
Net Emissions: Bioenergy crops,Blackpool,-0.0008122886688083447,2016
Net Emissions: Bioenergy crops,Blackpool,-0.001061914905499542,2017
Net Emissions: Bioenergy crops,Blackpool,-0.00012520862647535128,2018
Net Emissions: Bioenergy crops,Blackpool,-0.0015682633934075837,2019
Net Emissions: Bioenergy crops,Blackpool,-0.0005570942823463574,2020
Net Emissions: Bioenergy crops,Blackpool,-0.0011290233246581242,2021
Net Emissions: Bioenergy crops,Blackpool,-0.0006285055799305335,2022
Net Emissions: Bioenergy crops,Blackpool,-0.0020410915177038634,2023
Net Emissions: Bioenergy crops,Burnley,0,2005
Net Emissions: Bioenergy crops,Burnley,0,2006
Net Emissions: Bioenergy crops,Burnley,0,2007
Net Emissions: Bioenergy crops,Burnley,-0.004056523787821908,2008
Net Emissions: Bioenergy crops,Burnley,-0.00026812503973382953,2009
Net Emissions: Bioenergy crops,Burnley,0.0002539659335610147,2010
Net Emissions: Bioenergy crops,Burnley,0.00006743208540341904,2011
Net Emissions: Bioenergy crops,Burnley,0.00009755042536511677,2012
Net Emissions: Bioenergy crops,Burnley,0.00003360901105056331,2013
Net Emissions: Bioenergy crops,Burnley,-0.00005956674786807509,2014
Net Emissions: Bioenergy crops,Burnley,-0.000031054423604078373,2015
Net Emissions: Bioenergy crops,Burnley,-0.00006196792465218598,2016
Net Emissions: Bioenergy crops,Burnley,-0.00007976775664075924,2017
Net Emissions: Bioenergy crops,Burnley,7.263620669414136e-7,2018
Net Emissions: Bioenergy crops,Burnley,-0.0000470347314460178,2019
Net Emissions: Bioenergy crops,Burnley,-0.000001937648696893666,2020
Net Emissions: Bioenergy crops,Burnley,-0.0000035695995689763272,2021
Net Emissions: Bioenergy crops,Burnley,-0.000002174412007072257,2022
Net Emissions: Bioenergy crops,Burnley,-0.000006144522791477639,2023
Net Emissions: Bioenergy crops,Chorley,0,2005
Net Emissions: Bioenergy crops,Chorley,0,2006
Net Emissions: Bioenergy crops,Chorley,0,2007
Net Emissions: Bioenergy crops,Chorley,-0.1278995477235993,2008
Net Emissions: Bioenergy crops,Chorley,-0.010981747111729692,2009
Net Emissions: Bioenergy crops,Chorley,0.007739010475752603,2010
Net Emissions: Bioenergy crops,Chorley,0.0008631307584720969,2011
Net Emissions: Bioenergy crops,Chorley,0.002656060072929134,2012
Net Emissions: Bioenergy crops,Chorley,-0.00009417665135271597,2013
Net Emissions: Bioenergy crops,Chorley,-0.0048848745009083695,2014
Net Emissions: Bioenergy crops,Chorley,-0.003435966119005168,2015
Net Emissions: Bioenergy crops,Chorley,-0.006398871260308691,2016
Net Emissions: Bioenergy crops,Chorley,-0.00819111035901232,2017
Net Emissions: Bioenergy crops,Chorley,-0.0012835432165727995,2018
Net Emissions: Bioenergy crops,Chorley,-0.012253469348161844,2019
Net Emissions: Bioenergy crops,Chorley,-0.004659177701627963,2020
Net Emissions: Bioenergy crops,Chorley,-0.009096919406490728,2021
Net Emissions: Bioenergy crops,Chorley,-0.00524518431049154,2022
Net Emissions: Bioenergy crops,Chorley,-0.01614721112787819,2023
Net Emissions: Bioenergy crops,England Total,0,2005
Net Emissions: Bioenergy crops,England Total,0,2006
Net Emissions: Bioenergy crops,England Total,0,2007
Net Emissions: Bioenergy crops,England Total,-202.2849081580902,2008
Net Emissions: Bioenergy crops,England Total,-18.56414086865603,2009
Net Emissions: Bioenergy crops,England Total,11.251229152827696,2010
Net Emissions: Bioenergy crops,England Total,0.36524878604867866,2011
Net Emissions: Bioenergy crops,England Total,3.299021416976198,2012
Net Emissions: Bioenergy crops,England Total,-1.0392837672035473,2013
Net Emissions: Bioenergy crops,England Total,-8.746133428427258,2014
Net Emissions: Bioenergy crops,England Total,-6.434738659543894,2015
Net Emissions: Bioenergy crops,England Total,-11.272017227152064,2016
Net Emissions: Bioenergy crops,England Total,-14.352017244829316,2017
Net Emissions: Bioenergy crops,England Total,-2.9892250703347245,2018
Net Emissions: Bioenergy crops,England Total,-21.249664595509923,2019
Net Emissions: Bioenergy crops,England Total,-8.625745424021359,2020
Net Emissions: Bioenergy crops,England Total,-16.14076731132791,2021
Net Emissions: Bioenergy crops,England Total,-9.687865591678907,2022
Net Emissions: Bioenergy crops,England Total,-28.0216529253871,2023
Net Emissions: Bioenergy crops,Fylde,0,2005
Net Emissions: Bioenergy crops,Fylde,0,2006
Net Emissions: Bioenergy crops,Fylde,0,2007
Net Emissions: Bioenergy crops,Fylde,-0.27415311331674164,2008
Net Emissions: Bioenergy crops,Fylde,-0.022891299114380207,2009
Net Emissions: Bioenergy crops,Fylde,0.017824690289022962,2010
Net Emissions: Bioenergy crops,Fylde,0.002741201101554986,2011
Net Emissions: Bioenergy crops,Fylde,0.006723518297745915,2012
Net Emissions: Bioenergy crops,Fylde,0.0006045569012688317,2013
Net Emissions: Bioenergy crops,Fylde,-0.010253897894672463,2014
Net Emissions: Bioenergy crops,Fylde,-0.007024949049882605,2015
Net Emissions: Bioenergy crops,Fylde,-0.013846515980138687,2016
Net Emissions: Bioenergy crops,Fylde,-0.018250599595804107,2017
Net Emissions: Bioenergy crops,Fylde,-0.002028417218869644,2018
Net Emissions: Bioenergy crops,Fylde,-0.02842100381090645,2019
Net Emissions: Bioenergy crops,Fylde,-0.010169225889575285,2020
Net Emissions: Bioenergy crops,Fylde,-0.020858010509920706,2021
Net Emissions: Bioenergy crops,Fylde,-0.011480857863045127,2022
Net Emissions: Bioenergy crops,Fylde,-0.03792286376789729,2023
Net Emissions: Bioenergy crops,Hyndburn,0,2005
Net Emissions: Bioenergy crops,Hyndburn,0,2006
Net Emissions: Bioenergy crops,Hyndburn,0,2007
Net Emissions: Bioenergy crops,Hyndburn,-0.003022302789084437,2008
Net Emissions: Bioenergy crops,Hyndburn,-0.0002689469430325439,2009
Net Emissions: Bioenergy crops,Hyndburn,0.00014284875423272044,2010
Net Emissions: Bioenergy crops,Hyndburn,0.0000017194482514133383,2011
Net Emissions: Bioenergy crops,Hyndburn,0.00004018273832396799,2012
Net Emissions: Bioenergy crops,Hyndburn,-0.000014551877555919794,2013
Net Emissions: Bioenergy crops,Hyndburn,-0.00010218007548191019,2014
Net Emissions: Bioenergy crops,Hyndburn,-0.00007139080696306159,2015
Net Emissions: Bioenergy crops,Hyndburn,-0.00011436652949833908,2016
Net Emissions: Bioenergy crops,Hyndburn,-0.00014253825779441027,2017
Net Emissions: Bioenergy crops,Hyndburn,-0.000027491119554642524,2018
Net Emissions: Bioenergy crops,Hyndburn,-0.00017651573594808877,2019
Net Emissions: Bioenergy crops,Hyndburn,-0.00006975535308817197,2020
Net Emissions: Bioenergy crops,Hyndburn,-0.00012850558448314784,2021
Net Emissions: Bioenergy crops,Hyndburn,-0.00007827883225460127,2022
Net Emissions: Bioenergy crops,Hyndburn,-0.0002212028204931949,2023
Net Emissions: Bioenergy crops,Lancashire Total,0,2005
Net Emissions: Bioenergy crops,Lancashire Total,0,2006
Net Emissions: Bioenergy crops,Lancashire Total,0,2007
Net Emissions: Bioenergy crops,Lancashire Total,-1.9060751847605655,2008
Net Emissions: Bioenergy crops,Lancashire Total,-0.14833578152262133,2009
Net Emissions: Bioenergy crops,Lancashire Total,0.13228101786719054,2010
Net Emissions: Bioenergy crops,Lancashire Total,0.02778872822443828,2011
Net Emissions: Bioenergy crops,Lancashire Total,0.05418024018893792,2012
Net Emissions: Bioenergy crops,Lancashire Total,0.012196544416094027,2013
Net Emissions: Bioenergy crops,Lancashire Total,-0.06036406672078269,2014
Net Emissions: Bioenergy crops,Lancashire Total,-0.03852263552156815,2015
Net Emissions: Bioenergy crops,Lancashire Total,-0.08337871011999456,2016
Net Emissions: Bioenergy crops,Lancashire Total,-0.11127431029312884,2017
Net Emissions: Bioenergy crops,Lancashire Total,-0.004954796267732015,2018
Net Emissions: Bioenergy crops,Lancashire Total,-0.17461933094503065,2019
Net Emissions: Bioenergy crops,Lancashire Total,-0.056450092717081735,2020
Net Emissions: Bioenergy crops,Lancashire Total,-0.12387308579547351,2021
Net Emissions: Bioenergy crops,Lancashire Total,-0.06399400103922323,2022
Net Emissions: Bioenergy crops,Lancashire Total,-0.23212518926909875,2023
Net Emissions: Bioenergy crops,Lancaster,0,2005
Net Emissions: Bioenergy crops,Lancaster,0,2006
Net Emissions: Bioenergy crops,Lancaster,0,2007
Net Emissions: Bioenergy crops,Lancaster,-0.13705125908230018,2008
Net Emissions: Bioenergy crops,Lancaster,-0.009301836012566891,2009
Net Emissions: Bioenergy crops,Lancaster,0.010279749055765638,2010
Net Emissions: Bioenergy crops,Lancaster,0.00297077252746987,2011
Net Emissions: Bioenergy crops,Lancaster,0.004644750307955749,2012
Net Emissions: Bioenergy crops,Lancaster,0.001768704387616466,2013
Net Emissions: Bioenergy crops,Lancaster,-0.003010548948690619,2014
Net Emissions: Bioenergy crops,Lancaster,-0.0015365201784312277,2015
Net Emissions: Bioenergy crops,Lancaster,-0.00425885235517865,2016
Net Emissions: Bioenergy crops,Lancaster,-0.005898143141619769,2017
Net Emissions: Bioenergy crops,Lancaster,0.0006737909513756278,2018
Net Emissions: Bioenergy crops,Lancaster,-0.009240125656599216,2019
Net Emissions: Bioenergy crops,Lancaster,-0.002217391141749485,2020
Net Emissions: Bioenergy crops,Lancaster,-0.005946513449294262,2021
Net Emissions: Bioenergy crops,Lancaster,-0.002548851228959857,2022
Net Emissions: Bioenergy crops,Lancaster,-0.012005587054251164,2023
Net Emissions: Bioenergy crops,North West Total,0,2005
Net Emissions: Bioenergy crops,North West Total,0,2006
Net Emissions: Bioenergy crops,North West Total,0,2007
Net Emissions: Bioenergy crops,North West Total,-8.382016159205529,2008
Net Emissions: Bioenergy crops,North West Total,-0.7240132951491232,2009
Net Emissions: Bioenergy crops,North West Total,0.4961330606411194,2010
Net Emissions: Bioenergy crops,North West Total,0.05023521633329939,2011
Net Emissions: Bioenergy crops,North West Total,0.1657012683962834,2012
Net Emissions: Bioenergy crops,North West Total,-0.010293150694808621,2013
Net Emissions: Bioenergy crops,North West Total,-0.3149503564383368,2014
Net Emissions: Bioenergy crops,North West Total,-0.22248085735236564,2015
Net Emissions: Bioenergy crops,North West Total,-0.4070576191946887,2016
Net Emissions: Bioenergy crops,North West Total,-0.521301577659326,2017
Net Emissions: Bioenergy crops,North West Total,-0.08353480160860625,2018
Net Emissions: Bioenergy crops,North West Total,-0.768242505081303,2019
Net Emissions: Bioenergy crops,North West Total,-0.28993867496791087,2020
Net Emissions: Bioenergy crops,North West Total,-0.5652341028362603,2021
Net Emissions: Bioenergy crops,North West Total,-0.32637755429758525,2022
Net Emissions: Bioenergy crops,North West Total,-1.0025272934810465,2023
Net Emissions: Bioenergy crops,Pendle,0,2005
Net Emissions: Bioenergy crops,Pendle,0,2006
Net Emissions: Bioenergy crops,Pendle,0,2007
Net Emissions: Bioenergy crops,Pendle,-0.007068280661175808,2008
Net Emissions: Bioenergy crops,Pendle,-0.0005465153560454299,2009
Net Emissions: Bioenergy crops,Pendle,0.0003923625382602943,2010
Net Emissions: Bioenergy crops,Pendle,0.00005559112273125115,2011
Net Emissions: Bioenergy crops,Pendle,0.00012021298633366144,2012
Net Emissions: Bioenergy crops,Pendle,0.000004462007433476739,2013
Net Emissions: Bioenergy crops,Pendle,-0.00016031008911697873,2014
Net Emissions: Bioenergy crops,Pendle,-0.0001111871824962353,2015
Net Emissions: Bioenergy crops,Pendle,-0.0001811122206977308,2016
Net Emissions: Bioenergy crops,Pendle,-0.00022167388592710764,2017
Net Emissions: Bioenergy crops,Pendle,-0.0000239862358950929,2018
Net Emissions: Bioenergy crops,Pendle,-0.00020140194636895505,2019
Net Emissions: Bioenergy crops,Pendle,-0.00006006710960370363,2020
Net Emissions: Bioenergy crops,Pendle,-0.00011065758663826608,2021
Net Emissions: Bioenergy crops,Pendle,-0.00006740677221923997,2022
Net Emissions: Bioenergy crops,Pendle,-0.00019048020653580683,2023
Net Emissions: Bioenergy crops,Preston,0,2005
Net Emissions: Bioenergy crops,Preston,0,2006
Net Emissions: Bioenergy crops,Preston,0,2007
Net Emissions: Bioenergy crops,Preston,-0.03883509810151106,2008
Net Emissions: Bioenergy crops,Preston,-0.00358552855259079,2009
Net Emissions: Bioenergy crops,Preston,0.0020229392155141656,2010
Net Emissions: Bioenergy crops,Preston,-0.0000013438968445421027,2011
Net Emissions: Bioenergy crops,Preston,0.0005441339028460563,2012
Net Emissions: Bioenergy crops,Preston,-0.00025269567377587623,2013
Net Emissions: Bioenergy crops,Preston,-0.0016460589388700218,2014
Net Emissions: Bioenergy crops,Preston,-0.0012293593544258343,2015
Net Emissions: Bioenergy crops,Preston,-0.002103580458524162,2016
Net Emissions: Bioenergy crops,Preston,-0.0026498040608429604,2017
Net Emissions: Bioenergy crops,Preston,-0.0005914037587163253,2018
Net Emissions: Bioenergy crops,Preston,-0.0037904431719379067,2019
Net Emissions: Bioenergy crops,Preston,-0.0015481813088180387,2020
Net Emissions: Bioenergy crops,Preston,-0.002852110055612085,2021
Net Emissions: Bioenergy crops,Preston,-0.0017373551936507331,2022
Net Emissions: Bioenergy crops,Preston,-0.004909473710390633,2023
Net Emissions: Bioenergy crops,Ribble Valley,0,2005
Net Emissions: Bioenergy crops,Ribble Valley,0,2006
Net Emissions: Bioenergy crops,Ribble Valley,0,2007
Net Emissions: Bioenergy crops,Ribble Valley,-0.04351340073951947,2008
Net Emissions: Bioenergy crops,Ribble Valley,-0.0034316485841652247,2009
Net Emissions: Bioenergy crops,Ribble Valley,0.002404078814243247,2010
Net Emissions: Bioenergy crops,Ribble Valley,0.00031979764116453675,2011
Net Emissions: Bioenergy crops,Ribble Valley,0.000792146210805041,2012
Net Emissions: Bioenergy crops,Ribble Valley,0.000027397541202365118,2013
Net Emissions: Bioenergy crops,Ribble Valley,-0.0011255325731850388,2014
Net Emissions: Bioenergy crops,Ribble Valley,-0.0007707684281572843,2015
Net Emissions: Bioenergy crops,Ribble Valley,-0.0013396272525474724,2016
Net Emissions: Bioenergy crops,Ribble Valley,-0.0015686231784771347,2017
Net Emissions: Bioenergy crops,Ribble Valley,-0.00025086874640680866,2018
Net Emissions: Bioenergy crops,Ribble Valley,-0.0018956470123626438,2019
Net Emissions: Bioenergy crops,Ribble Valley,-0.0006572979664277967,2020
Net Emissions: Bioenergy crops,Ribble Valley,-0.0012261658258727022,2021
Net Emissions: Bioenergy crops,Ribble Valley,-0.0007381102812756917,2022
Net Emissions: Bioenergy crops,Ribble Valley,-0.0021251734694562414,2023
Net Emissions: Bioenergy crops,Rossendale,0,2005
Net Emissions: Bioenergy crops,Rossendale,0,2006
Net Emissions: Bioenergy crops,Rossendale,0,2007
Net Emissions: Bioenergy crops,Rossendale,-0.00921918985384959,2008
Net Emissions: Bioenergy crops,Rossendale,-0.0006666841623430361,2009
Net Emissions: Bioenergy crops,Rossendale,0.0005727104928994598,2010
Net Emissions: Bioenergy crops,Rossendale,0.00012699486030635872,2011
Net Emissions: Bioenergy crops,Rossendale,0.00021684209938386328,2012
Net Emissions: Bioenergy crops,Rossendale,0.00006460223051849126,2013
Net Emissions: Bioenergy crops,Rossendale,-0.00014416129246750726,2014
Net Emissions: Bioenergy crops,Rossendale,-0.00007865519486885002,2015
Net Emissions: Bioenergy crops,Rossendale,-0.00014865477361135387,2016
Net Emissions: Bioenergy crops,Rossendale,-0.00017146169785802048,2017
Net Emissions: Bioenergy crops,Rossendale,-3.76052450978067e-7,2018
Net Emissions: Bioenergy crops,Rossendale,-0.00010634446003918797,2019
Net Emissions: Bioenergy crops,Rossendale,0,2020
Net Emissions: Bioenergy crops,Rossendale,0,2021
Net Emissions: Bioenergy crops,Rossendale,0,2022
Net Emissions: Bioenergy crops,Rossendale,0,2023
Net Emissions: Bioenergy crops,South Ribble,0,2005
Net Emissions: Bioenergy crops,South Ribble,0,2006
Net Emissions: Bioenergy crops,South Ribble,0,2007
Net Emissions: Bioenergy crops,South Ribble,-0.08232983251531059,2008
Net Emissions: Bioenergy crops,South Ribble,-0.0072882743128506,2009
Net Emissions: Bioenergy crops,South Ribble,0.004699852393110747,2010
Net Emissions: Bioenergy crops,South Ribble,0.0003391398276229359,2011
Net Emissions: Bioenergy crops,South Ribble,0.0014956876615270444,2012
Net Emissions: Bioenergy crops,South Ribble,-0.0002300828970717636,2013
Net Emissions: Bioenergy crops,South Ribble,-0.003225712440964759,2014
Net Emissions: Bioenergy crops,South Ribble,-0.0023179736940180376,2015
Net Emissions: Bioenergy crops,South Ribble,-0.004132565831601833,2016
Net Emissions: Bioenergy crops,South Ribble,-0.005262818082170306,2017
Net Emissions: Bioenergy crops,South Ribble,-0.00092434259846378,2018
Net Emissions: Bioenergy crops,South Ribble,-0.00779388414463948,2019
Net Emissions: Bioenergy crops,South Ribble,-0.0029893186813625613,2020
Net Emissions: Bioenergy crops,South Ribble,-0.005762447304482737,2021
Net Emissions: Bioenergy crops,South Ribble,-0.0033628899335740375,2022
Net Emissions: Bioenergy crops,South Ribble,-0.010161981006878566,2023
Net Emissions: Bioenergy crops,West Lancashire,0,2005
Net Emissions: Bioenergy crops,West Lancashire,0,2006
Net Emissions: Bioenergy crops,West Lancashire,0,2007
Net Emissions: Bioenergy crops,West Lancashire,-0.9377720725395182,2008
Net Emissions: Bioenergy crops,West Lancashire,-0.071032894199382,2009
Net Emissions: Bioenergy crops,West Lancashire,0.06844251589340669,2010
Net Emissions: Bioenergy crops,West Lancashire,0.016101662092137543,2011
Net Emissions: Bioenergy crops,West Lancashire,0.029290618869956896,2012
Net Emissions: Bioenergy crops,West Lancashire,0.00809263480223191,2013
Net Emissions: Bioenergy crops,West Lancashire,-0.028757920911729518,2014
Net Emissions: Bioenergy crops,West Lancashire,-0.017678910612342766,2015
Net Emissions: Bioenergy crops,West Lancashire,-0.04079359937042276,2016
Net Emissions: Bioenergy crops,West Lancashire,-0.05529236636042888,2017
Net Emissions: Bioenergy crops,West Lancashire,-0.000618189048180044,2018
Net Emissions: Bioenergy crops,West Lancashire,-0.08900175705798728,2019
Net Emissions: Bioenergy crops,West Lancashire,-0.02762365353722406,2020
Net Emissions: Bioenergy crops,West Lancashire,-0.06280958504673669,2021
Net Emissions: Bioenergy crops,West Lancashire,-0.031386518527136635,2022
Net Emissions: Bioenergy crops,West Lancashire,-0.11944845705305861,2023
Net Emissions: Bioenergy crops,Wyre,0,2005
Net Emissions: Bioenergy crops,Wyre,0,2006
Net Emissions: Bioenergy crops,Wyre,0,2007
Net Emissions: Bioenergy crops,Wyre,-0.24115456365013316,2008
Net Emissions: Bioenergy crops,Wyre,-0.01807228213380108,2009
Net Emissions: Bioenergy crops,Wyre,0.017506294011420984,2010
Net Emissions: Bioenergy crops,Wyre,0.00420263065616841,2011
Net Emissions: Bioenergy crops,Wyre,0.007558536615765478,2012
Net Emissions: Bioenergy crops,Wyre,0.002192084634528198,2013
Net Emissions: Bioenergy crops,Wyre,-0.006993302306827434,2014
Net Emissions: Bioenergy crops,Wyre,-0.0042359004773730065,2015
Net Emissions: Bioenergy crops,Wyre,-0.00999899616281269,2016
Net Emissions: Bioenergy crops,Wyre,-0.013545403916553065,2017
Net Emissions: Bioenergy crops,Wyre,0.00011930441393553058,2018
Net Emissions: Bioenergy crops,Wyre,-0.021691703868633578,2019
Net Emissions: Bioenergy crops,Wyre,-0.006454086378907778,2020
Net Emissions: Bioenergy crops,Wyre,-0.015078601426373205,2021
Net Emissions: Bioenergy crops,Wyre,-0.007346373684608706,2022
Net Emissions: Bioenergy crops,Wyre,-0.02898661452946757,2023
Net Emissions: Cropland mineral soils change,Blackburn with Darwen,0.20164758438724745,2005
Net Emissions: Cropland mineral soils change,Blackburn with Darwen,0.179801755567406,2006
Net Emissions: Cropland mineral soils change,Blackburn with Darwen,0.18321528349473817,2007
Net Emissions: Cropland mineral soils change,Blackburn with Darwen,0.173652413473906,2008
Net Emissions: Cropland mineral soils change,Blackburn with Darwen,0.15790342405214072,2009
Net Emissions: Cropland mineral soils change,Blackburn with Darwen,0.14048232748828554,2010
Net Emissions: Cropland mineral soils change,Blackburn with Darwen,0.13290326028685512,2011
Net Emissions: Cropland mineral soils change,Blackburn with Darwen,0.12548163767292608,2012
Net Emissions: Cropland mineral soils change,Blackburn with Darwen,0.11993662353582298,2013
Net Emissions: Cropland mineral soils change,Blackburn with Darwen,0.11632978071787012,2014
Net Emissions: Cropland mineral soils change,Blackburn with Darwen,0.106091337258937,2015
Net Emissions: Cropland mineral soils change,Blackburn with Darwen,0.08999738005480355,2016
Net Emissions: Cropland mineral soils change,Blackburn with Darwen,0.0736787354808784,2017
Net Emissions: Cropland mineral soils change,Blackburn with Darwen,0.058945750549889556,2018
Net Emissions: Cropland mineral soils change,Blackburn with Darwen,0.0471883387548756,2019
Net Emissions: Cropland mineral soils change,Blackburn with Darwen,0.03474155332772091,2020
Net Emissions: Cropland mineral soils change,Blackburn with Darwen,0.034576218717280706,2021
Net Emissions: Cropland mineral soils change,Blackburn with Darwen,0.034441732695982226,2022
Net Emissions: Cropland mineral soils change,Blackburn with Darwen,0.0341300004394949,2023
Net Emissions: Cropland mineral soils change,Blackpool,0.183098806553574,2005
Net Emissions: Cropland mineral soils change,Blackpool,0.19483219740068092,2006
Net Emissions: Cropland mineral soils change,Blackpool,0.19449206757015627,2007
Net Emissions: Cropland mineral soils change,Blackpool,0.18816087834828255,2008
Net Emissions: Cropland mineral soils change,Blackpool,0.17598684824619215,2009
Net Emissions: Cropland mineral soils change,Blackpool,0.1835767275129088,2010
Net Emissions: Cropland mineral soils change,Blackpool,0.19853814380048368,2011
Net Emissions: Cropland mineral soils change,Blackpool,0.1887241675197863,2012
Net Emissions: Cropland mineral soils change,Blackpool,0.18055326444202643,2013
Net Emissions: Cropland mineral soils change,Blackpool,0.1805685424160688,2014
Net Emissions: Cropland mineral soils change,Blackpool,0.17811481823192082,2015
Net Emissions: Cropland mineral soils change,Blackpool,0.17654580325741792,2016
Net Emissions: Cropland mineral soils change,Blackpool,0.17684064451303938,2017
Net Emissions: Cropland mineral soils change,Blackpool,0.18024944117807706,2018
Net Emissions: Cropland mineral soils change,Blackpool,0.1744149129876357,2019
Net Emissions: Cropland mineral soils change,Blackpool,0.17700551800041592,2020
Net Emissions: Cropland mineral soils change,Blackpool,0.1761432828389574,2021
Net Emissions: Cropland mineral soils change,Blackpool,0.17402789987102693,2022
Net Emissions: Cropland mineral soils change,Blackpool,0.17223434322676134,2023
Net Emissions: Cropland mineral soils change,Burnley,0.088582620517984,2005
Net Emissions: Cropland mineral soils change,Burnley,0.07120969066274467,2006
Net Emissions: Cropland mineral soils change,Burnley,0.0738565001828445,2007
Net Emissions: Cropland mineral soils change,Burnley,0.07350242030535165,2008
Net Emissions: Cropland mineral soils change,Burnley,0.06946089218280281,2009
Net Emissions: Cropland mineral soils change,Burnley,0.05714480716225303,2010
Net Emissions: Cropland mineral soils change,Burnley,0.04645786272756133,2011
Net Emissions: Cropland mineral soils change,Burnley,0.04244854778334032,2012
Net Emissions: Cropland mineral soils change,Burnley,0.04928018158380876,2013
Net Emissions: Cropland mineral soils change,Burnley,0.03794865507851323,2014
Net Emissions: Cropland mineral soils change,Burnley,0.03403823738640935,2015
Net Emissions: Cropland mineral soils change,Burnley,0.02869909086896444,2016
Net Emissions: Cropland mineral soils change,Burnley,0.031410720890425264,2017
Net Emissions: Cropland mineral soils change,Burnley,0.020144801681181074,2018
Net Emissions: Cropland mineral soils change,Burnley,0.011378556931735881,2019
Net Emissions: Cropland mineral soils change,Burnley,0.0003442952420534619,2020
Net Emissions: Cropland mineral soils change,Burnley,0.0003426337039493046,2021
Net Emissions: Cropland mineral soils change,Burnley,0.0003402878515527423,2022
Net Emissions: Cropland mineral soils change,Burnley,0.0003353089857619928,2023
Net Emissions: Cropland mineral soils change,Chorley,2.2264854514083616,2005
Net Emissions: Cropland mineral soils change,Chorley,2.278630970133554,2006
Net Emissions: Cropland mineral soils change,Chorley,2.265130574176682,2007
Net Emissions: Cropland mineral soils change,Chorley,2.1882905196032,2008
Net Emissions: Cropland mineral soils change,Chorley,2.182334108084461,2009
Net Emissions: Cropland mineral soils change,Chorley,2.1499996579484035,2010
Net Emissions: Cropland mineral soils change,Chorley,2.1813930016493046,2011
Net Emissions: Cropland mineral soils change,Chorley,2.2300477444190876,2012
Net Emissions: Cropland mineral soils change,Chorley,2.2003885272402446,2013
Net Emissions: Cropland mineral soils change,Chorley,2.244467246741413,2014
Net Emissions: Cropland mineral soils change,Chorley,2.265843091099548,2015
Net Emissions: Cropland mineral soils change,Chorley,2.290531862416582,2016
Net Emissions: Cropland mineral soils change,Chorley,2.2420337311642093,2017
Net Emissions: Cropland mineral soils change,Chorley,2.223860099440428,2018
Net Emissions: Cropland mineral soils change,Chorley,2.2160808543192294,2019
Net Emissions: Cropland mineral soils change,Chorley,2.1950589654101167,2020
Net Emissions: Cropland mineral soils change,Chorley,2.1845965984083264,2021
Net Emissions: Cropland mineral soils change,Chorley,2.1748355696548085,2022
Net Emissions: Cropland mineral soils change,Chorley,2.155244345665095,2023
Net Emissions: Cropland mineral soils change,England Total,3209.096767663792,2005
Net Emissions: Cropland mineral soils change,England Total,3201.525628430925,2006
Net Emissions: Cropland mineral soils change,England Total,3195.6252388514945,2007
Net Emissions: Cropland mineral soils change,England Total,3185.88774054558,2008
Net Emissions: Cropland mineral soils change,England Total,3183.1149685336363,2009
Net Emissions: Cropland mineral soils change,England Total,3175.9832351738837,2010
Net Emissions: Cropland mineral soils change,England Total,3208.3594944122065,2011
Net Emissions: Cropland mineral soils change,England Total,3230.291526385045,2012
Net Emissions: Cropland mineral soils change,England Total,3219.188059478687,2013
Net Emissions: Cropland mineral soils change,England Total,3215.0191574287414,2014
Net Emissions: Cropland mineral soils change,England Total,3225.5910824686457,2015
Net Emissions: Cropland mineral soils change,England Total,3235.735974817416,2016
Net Emissions: Cropland mineral soils change,England Total,3238.687138759849,2017
Net Emissions: Cropland mineral soils change,England Total,3224.4859128702615,2018
Net Emissions: Cropland mineral soils change,England Total,3220.432591209994,2019
Net Emissions: Cropland mineral soils change,England Total,3208.4358686265114,2020
Net Emissions: Cropland mineral soils change,England Total,3193.106731971553,2021
Net Emissions: Cropland mineral soils change,England Total,3177.168654952322,2022
Net Emissions: Cropland mineral soils change,England Total,3145.671149703908,2023
Net Emissions: Cropland mineral soils change,Fylde,5.12468311836725,2005
Net Emissions: Cropland mineral soils change,Fylde,5.034091292244987,2006
Net Emissions: Cropland mineral soils change,Fylde,4.997070756000605,2007
Net Emissions: Cropland mineral soils change,Fylde,4.976304351795495,2008
Net Emissions: Cropland mineral soils change,Fylde,4.95107387717991,2009
Net Emissions: Cropland mineral soils change,Fylde,4.965103715857715,2010
Net Emissions: Cropland mineral soils change,Fylde,5.124059232393693,2011
Net Emissions: Cropland mineral soils change,Fylde,5.180162474869862,2012
Net Emissions: Cropland mineral soils change,Fylde,5.218402363041463,2013
Net Emissions: Cropland mineral soils change,Fylde,5.220278265817898,2014
Net Emissions: Cropland mineral soils change,Fylde,5.268817863063639,2015
Net Emissions: Cropland mineral soils change,Fylde,5.260368087090013,2016
Net Emissions: Cropland mineral soils change,Fylde,5.266673872741608,2017
Net Emissions: Cropland mineral soils change,Fylde,5.292205226251752,2018
Net Emissions: Cropland mineral soils change,Fylde,5.3360724128212835,2019
Net Emissions: Cropland mineral soils change,Fylde,5.346739624590704,2020
Net Emissions: Cropland mineral soils change,Fylde,5.321285328492338,2021
Net Emissions: Cropland mineral soils change,Fylde,5.2990715062663,2022
Net Emissions: Cropland mineral soils change,Fylde,5.253191668707741,2023
Net Emissions: Cropland mineral soils change,Hyndburn,0.08572836461475958,2005
Net Emissions: Cropland mineral soils change,Hyndburn,0.07417619933732501,2006
Net Emissions: Cropland mineral soils change,Hyndburn,0.06976232296603398,2007
Net Emissions: Cropland mineral soils change,Hyndburn,0.05911026419589946,2008
Net Emissions: Cropland mineral soils change,Hyndburn,0.055684046884545584,2009
Net Emissions: Cropland mineral soils change,Hyndburn,0.05037011659653595,2010
Net Emissions: Cropland mineral soils change,Hyndburn,0.05025467912014347,2011
Net Emissions: Cropland mineral soils change,Hyndburn,0.053746324667102253,2012
Net Emissions: Cropland mineral soils change,Hyndburn,0.05583432080583564,2013
Net Emissions: Cropland mineral soils change,Hyndburn,0.05534734404614577,2014
Net Emissions: Cropland mineral soils change,Hyndburn,0.05420551732521695,2015
Net Emissions: Cropland mineral soils change,Hyndburn,0.049984784846646674,2016
Net Emissions: Cropland mineral soils change,Hyndburn,0.0589554238387232,2017
Net Emissions: Cropland mineral soils change,Hyndburn,0.051358437116793186,2018
Net Emissions: Cropland mineral soils change,Hyndburn,0.05342255310378407,2019
Net Emissions: Cropland mineral soils change,Hyndburn,0.04642915363200789,2020
Net Emissions: Cropland mineral soils change,Hyndburn,0.04620874386207188,2021
Net Emissions: Cropland mineral soils change,Hyndburn,0.046053039899721336,2022
Net Emissions: Cropland mineral soils change,Hyndburn,0.04568124431399329,2023
Net Emissions: Cropland mineral soils change,Lancashire Total,25.934468772923964,2005
Net Emissions: Cropland mineral soils change,Lancashire Total,25.63366484806591,2006
Net Emissions: Cropland mineral soils change,Lancashire Total,25.351870413819174,2007
Net Emissions: Cropland mineral soils change,Lancashire Total,25.09598942029584,2008
Net Emissions: Cropland mineral soils change,Lancashire Total,24.825708939252294,2009
Net Emissions: Cropland mineral soils change,Lancashire Total,24.60277648747395,2010
Net Emissions: Cropland mineral soils change,Lancashire Total,24.936893094889353,2011
Net Emissions: Cropland mineral soils change,Lancashire Total,25.056268290209058,2012
Net Emissions: Cropland mineral soils change,Lancashire Total,24.902197115164846,2013
Net Emissions: Cropland mineral soils change,Lancashire Total,24.693526835731028,2014
Net Emissions: Cropland mineral soils change,Lancashire Total,24.67949607425264,2015
Net Emissions: Cropland mineral soils change,Lancashire Total,24.633712757024774,2016
Net Emissions: Cropland mineral soils change,Lancashire Total,24.447982408415356,2017
Net Emissions: Cropland mineral soils change,Lancashire Total,24.019799525463707,2018
Net Emissions: Cropland mineral soils change,Lancashire Total,23.80840992747072,2019
Net Emissions: Cropland mineral soils change,Lancashire Total,23.465694715396637,2020
Net Emissions: Cropland mineral soils change,Lancashire Total,23.35370903810352,2021
Net Emissions: Cropland mineral soils change,Lancashire Total,23.24245270416258,2022
Net Emissions: Cropland mineral soils change,Lancashire Total,23.023357216624444,2023
Net Emissions: Cropland mineral soils change,Lancaster,2.1145166373464375,2005
Net Emissions: Cropland mineral soils change,Lancaster,2.062614403930559,2006
Net Emissions: Cropland mineral soils change,Lancaster,2.0320779154732516,2007
Net Emissions: Cropland mineral soils change,Lancaster,1.9768310793405715,2008
Net Emissions: Cropland mineral soils change,Lancaster,1.8859812296575067,2009
Net Emissions: Cropland mineral soils change,Lancaster,1.8293738052709851,2010
Net Emissions: Cropland mineral soils change,Lancaster,1.804934300711865,2011
Net Emissions: Cropland mineral soils change,Lancaster,1.7955189132748697,2012
Net Emissions: Cropland mineral soils change,Lancaster,1.7972051820757091,2013
Net Emissions: Cropland mineral soils change,Lancaster,1.7903707834761948,2014
Net Emissions: Cropland mineral soils change,Lancaster,1.7302099131048592,2015
Net Emissions: Cropland mineral soils change,Lancaster,1.6506332523225926,2016
Net Emissions: Cropland mineral soils change,Lancaster,1.6078147417300828,2017
Net Emissions: Cropland mineral soils change,Lancaster,1.5162023880698527,2018
Net Emissions: Cropland mineral soils change,Lancaster,1.4586952561776052,2019
Net Emissions: Cropland mineral soils change,Lancaster,1.3531677321850442,2020
Net Emissions: Cropland mineral soils change,Lancaster,1.346725085502646,2021
Net Emissions: Cropland mineral soils change,Lancaster,1.3408017952495073,2022
Net Emissions: Cropland mineral soils change,Lancaster,1.3298442533513029,2023
Net Emissions: Cropland mineral soils change,North West Total,159.73984989839164,2005
Net Emissions: Cropland mineral soils change,North West Total,157.3081356315376,2006
Net Emissions: Cropland mineral soils change,North West Total,154.86003041537302,2007
Net Emissions: Cropland mineral soils change,North West Total,152.18426203958555,2008
Net Emissions: Cropland mineral soils change,North West Total,150.68904210642202,2009
Net Emissions: Cropland mineral soils change,North West Total,148.57402064354548,2010
Net Emissions: Cropland mineral soils change,North West Total,149.85816853769296,2011
Net Emissions: Cropland mineral soils change,North West Total,150.10804154568996,2012
Net Emissions: Cropland mineral soils change,North West Total,148.74484189738072,2013
Net Emissions: Cropland mineral soils change,North West Total,146.81375854079562,2014
Net Emissions: Cropland mineral soils change,North West Total,146.82105290095066,2015
Net Emissions: Cropland mineral soils change,North West Total,145.12679707919952,2016
Net Emissions: Cropland mineral soils change,North West Total,143.81042798954124,2017
Net Emissions: Cropland mineral soils change,North West Total,140.35481106589512,2018
Net Emissions: Cropland mineral soils change,North West Total,138.98883201850563,2019
Net Emissions: Cropland mineral soils change,North West Total,136.36118509812684,2020
Net Emissions: Cropland mineral soils change,North West Total,135.7111503178302,2021
Net Emissions: Cropland mineral soils change,North West Total,135.09797596820235,2022
Net Emissions: Cropland mineral soils change,North West Total,133.88025853672605,2023
Net Emissions: Cropland mineral soils change,Pendle,0.18997959581462381,2005
Net Emissions: Cropland mineral soils change,Pendle,0.18334652891927278,2006
Net Emissions: Cropland mineral soils change,Pendle,0.15112805008803518,2007
Net Emissions: Cropland mineral soils change,Pendle,0.16160455456904438,2008
Net Emissions: Cropland mineral soils change,Pendle,0.15270916952804303,2009
Net Emissions: Cropland mineral soils change,Pendle,0.1345176851083548,2010
Net Emissions: Cropland mineral soils change,Pendle,0.12653337956151467,2011
Net Emissions: Cropland mineral soils change,Pendle,0.10808826234167802,2012
Net Emissions: Cropland mineral soils change,Pendle,0.11305477735269476,2013
Net Emissions: Cropland mineral soils change,Pendle,0.0901471176996747,2014
Net Emissions: Cropland mineral soils change,Pendle,0.09270565084845399,2015
Net Emissions: Cropland mineral soils change,Pendle,0.07968986099113812,2016
Net Emissions: Cropland mineral soils change,Pendle,0.07198228334024905,2017
Net Emissions: Cropland mineral soils change,Pendle,0.047132588548631685,2018
Net Emissions: Cropland mineral soils change,Pendle,0.04513060172174464,2019
Net Emissions: Cropland mineral soils change,Pendle,0.032331486633346666,2020
Net Emissions: Cropland mineral soils change,Pendle,0.03217778278963557,2021
Net Emissions: Cropland mineral soils change,Pendle,0.032059717735113034,2022
Net Emissions: Cropland mineral soils change,Pendle,0.031782837539160946,2023
Net Emissions: Cropland mineral soils change,Preston,1.0776545969603395,2005
Net Emissions: Cropland mineral soils change,Preston,0.9892259692379852,2006
Net Emissions: Cropland mineral soils change,Preston,0.9754623958649516,2007
Net Emissions: Cropland mineral soils change,Preston,0.9759059368990814,2008
Net Emissions: Cropland mineral soils change,Preston,0.9481474308576809,2009
Net Emissions: Cropland mineral soils change,Preston,0.921790937334085,2010
Net Emissions: Cropland mineral soils change,Preston,0.9270876595600714,2011
Net Emissions: Cropland mineral soils change,Preston,0.9644855068436683,2012
Net Emissions: Cropland mineral soils change,Preston,0.9398305686205033,2013
Net Emissions: Cropland mineral soils change,Preston,0.9288123110484929,2014
Net Emissions: Cropland mineral soils change,Preston,0.945767971311991,2015
Net Emissions: Cropland mineral soils change,Preston,0.9671326721534761,2016
Net Emissions: Cropland mineral soils change,Preston,0.9728766956291623,2017
Net Emissions: Cropland mineral soils change,Preston,0.9359468673526499,2018
Net Emissions: Cropland mineral soils change,Preston,0.9229887895095501,2019
Net Emissions: Cropland mineral soils change,Preston,0.8846193064791162,2020
Net Emissions: Cropland mineral soils change,Preston,0.8804156346754665,2021
Net Emissions: Cropland mineral soils change,Preston,0.8772652163027368,2022
Net Emissions: Cropland mineral soils change,Preston,0.8698385877904345,2023
Net Emissions: Cropland mineral soils change,Ribble Valley,1.1768999908342401,2005
Net Emissions: Cropland mineral soils change,Ribble Valley,1.10168611414066,2006
Net Emissions: Cropland mineral soils change,Ribble Valley,1.0531982303417673,2007
Net Emissions: Cropland mineral soils change,Ribble Valley,1.0063785380669419,2008
Net Emissions: Cropland mineral soils change,Ribble Valley,0.9058127452240502,2009
Net Emissions: Cropland mineral soils change,Ribble Valley,0.8435722746623493,2010
Net Emissions: Cropland mineral soils change,Ribble Valley,0.823887635291736,2011
Net Emissions: Cropland mineral soils change,Ribble Valley,0.7678127240692756,2012
Net Emissions: Cropland mineral soils change,Ribble Valley,0.7028557920631457,2013
Net Emissions: Cropland mineral soils change,Ribble Valley,0.6495917763354336,2014
Net Emissions: Cropland mineral soils change,Ribble Valley,0.6601594296536404,2015
Net Emissions: Cropland mineral soils change,Ribble Valley,0.6226406025671778,2016
Net Emissions: Cropland mineral soils change,Ribble Valley,0.5533312742329421,2017
Net Emissions: Cropland mineral soils change,Ribble Valley,0.47750259626384545,2018
Net Emissions: Cropland mineral soils change,Ribble Valley,0.4351260748750715,2019
Net Emissions: Cropland mineral soils change,Ribble Valley,0.3700837074761453,2020
Net Emissions: Cropland mineral soils change,Ribble Valley,0.36832494826500556,2021
Net Emissions: Cropland mineral soils change,Ribble Valley,0.3670008889151408,2022
Net Emissions: Cropland mineral soils change,Ribble Valley,0.36388260953101237,2023
Net Emissions: Cropland mineral soils change,Rossendale,0.2152135993980273,2005
Net Emissions: Cropland mineral soils change,Rossendale,0.19934833133703142,2006
Net Emissions: Cropland mineral soils change,Rossendale,0.15688345082009258,2007
Net Emissions: Cropland mineral soils change,Rossendale,0.13796480797035449,2008
Net Emissions: Cropland mineral soils change,Rossendale,0.13524509908680235,2009
Net Emissions: Cropland mineral soils change,Rossendale,0.12095238501334442,2010
Net Emissions: Cropland mineral soils change,Rossendale,0.12255617864657767,2011
Net Emissions: Cropland mineral soils change,Rossendale,0.12461406946828826,2012
Net Emissions: Cropland mineral soils change,Rossendale,0.10452524946651465,2013
Net Emissions: Cropland mineral soils change,Rossendale,0.08248615905156151,2014
Net Emissions: Cropland mineral soils change,Rossendale,0.07282873239239297,2015
Net Emissions: Cropland mineral soils change,Rossendale,0.04985847116232406,2016
Net Emissions: Cropland mineral soils change,Rossendale,0.03143780546485941,2017
Net Emissions: Cropland mineral soils change,Rossendale,0.02493489131156975,2018
Net Emissions: Cropland mineral soils change,Rossendale,0.012044134859607664,2019
Net Emissions: Cropland mineral soils change,Rossendale,0,2020
Net Emissions: Cropland mineral soils change,Rossendale,0,2021
Net Emissions: Cropland mineral soils change,Rossendale,0,2022
Net Emissions: Cropland mineral soils change,Rossendale,0,2023
Net Emissions: Cropland mineral soils change,South Ribble,1.6572478610772798,2005
Net Emissions: Cropland mineral soils change,South Ribble,1.6769647601149387,2006
Net Emissions: Cropland mineral soils change,South Ribble,1.6989036367407147,2007
Net Emissions: Cropland mineral soils change,South Ribble,1.611410830149929,2008
Net Emissions: Cropland mineral soils change,South Ribble,1.6192952026100822,2009
Net Emissions: Cropland mineral soils change,South Ribble,1.5687373157136468,2010
Net Emissions: Cropland mineral soils change,South Ribble,1.6106336583774836,2011
Net Emissions: Cropland mineral soils change,South Ribble,1.6147171323832514,2012
Net Emissions: Cropland mineral soils change,South Ribble,1.6184218769943277,2013
Net Emissions: Cropland mineral soils change,South Ribble,1.5879485883873137,2014
Net Emissions: Cropland mineral soils change,South Ribble,1.578718179102556,2015
Net Emissions: Cropland mineral soils change,South Ribble,1.5519528058252796,2016
Net Emissions: Cropland mineral soils change,South Ribble,1.5482903888360242,2017
Net Emissions: Cropland mineral soils change,South Ribble,1.5357282953395832,2018
Net Emissions: Cropland mineral soils change,South Ribble,1.5303574766990298,2019
Net Emissions: Cropland mineral soils change,South Ribble,1.512710991199769,2020
Net Emissions: Cropland mineral soils change,South Ribble,1.505483406584986,2021
Net Emissions: Cropland mineral soils change,South Ribble,1.4972570346238792,2022
Net Emissions: Cropland mineral soils change,South Ribble,1.4841864596716015,2023
Net Emissions: Cropland mineral soils change,West Lancashire,8.41636931972891,2005
Net Emissions: Cropland mineral soils change,West Lancashire,8.461859204983973,2006
Net Emissions: Cropland mineral soils change,West Lancashire,8.476400531779134,2007
Net Emissions: Cropland mineral soils change,West Lancashire,8.568029740473815,2008
Net Emissions: Cropland mineral soils change,West Lancashire,8.650668833836113,2009
Net Emissions: Cropland mineral soils change,West Lancashire,8.729377394638155,2010
Net Emissions: Cropland mineral soils change,West Lancashire,8.834543712382771,2011
Net Emissions: Cropland mineral soils change,West Lancashire,8.935615465186117,2012
Net Emissions: Cropland mineral soils change,West Lancashire,8.94123949620791,2013
Net Emissions: Cropland mineral soils change,West Lancashire,8.871350517241634,2014
Net Emissions: Cropland mineral soils change,West Lancashire,8.818689086989883,2015
Net Emissions: Cropland mineral soils change,West Lancashire,8.905508253269234,2016
Net Emissions: Cropland mineral soils change,West Lancashire,8.885063127880896,2017
Net Emissions: Cropland mineral soils change,West Lancashire,8.815804990996591,2018
Net Emissions: Cropland mineral soils change,West Lancashire,8.754932073572277,2019
Net Emissions: Cropland mineral soils change,West Lancashire,8.719932727402684,2020
Net Emissions: Cropland mineral soils change,West Lancashire,8.678168942330249,2021
Net Emissions: Cropland mineral soils change,West Lancashire,8.629392883871132,2022
Net Emissions: Cropland mineral soils change,West Lancashire,8.537906636756963,2023
Net Emissions: Cropland mineral soils change,Wyre,3.5611076168557516,2005
Net Emissions: Cropland mineral soils change,Wyre,3.500511383022879,2006
Net Emissions: Cropland mineral soils change,Wyre,3.401996049385061,2007
Net Emissions: Cropland mineral soils change,Wyre,3.360656376926157,2008
Net Emissions: Cropland mineral soils change,Wyre,3.269296304120294,2009
Net Emissions: Cropland mineral soils change,Wyre,3.231836392168124,2010
Net Emissions: Cropland mineral soils change,Wyre,3.2845517944666343,2011
Net Emissions: Cropland mineral soils change,Wyre,3.2390111249025146,2012
Net Emissions: Cropland mineral soils change,Wyre,3.161158779712694,2013
Net Emissions: Cropland mineral soils change,Wyre,3.1347780708067545,2014
Net Emissions: Cropland mineral soils change,Wyre,3.157512401974049,2015
Net Emissions: Cropland mineral soils change,Wyre,3.176713013511346,2016
Net Emissions: Cropland mineral soils change,Wyre,3.1781123426661737,2017
Net Emissions: Cropland mineral soils change,Wyre,3.078978343090828,2018
Net Emissions: Cropland mineral soils change,Wyre,3.0321811428798013,2019
Net Emissions: Cropland mineral soils change,Wyre,3.0042767251456493,2020
Net Emissions: Cropland mineral soils change,Wyre,2.98997993348885,2021
Net Emissions: Cropland mineral soils change,Wyre,2.978374763792686,2022
Net Emissions: Cropland mineral soils change,Wyre,2.9514632643113745,2023
Net Emissions: Forestry,Blackburn with Darwen,-8.867165485146371,2005
Net Emissions: Forestry,Blackburn with Darwen,-9.130742985407613,2006
Net Emissions: Forestry,Blackburn with Darwen,-9.186475713118812,2007
Net Emissions: Forestry,Blackburn with Darwen,-9.440323785716645,2008
Net Emissions: Forestry,Blackburn with Darwen,-9.421539008871756,2009
Net Emissions: Forestry,Blackburn with Darwen,-9.363529408674657,2010
Net Emissions: Forestry,Blackburn with Darwen,-9.413156784318407,2011
Net Emissions: Forestry,Blackburn with Darwen,-9.137351089839374,2012
Net Emissions: Forestry,Blackburn with Darwen,-9.409370350928254,2013
Net Emissions: Forestry,Blackburn with Darwen,-9.361857588530917,2014
Net Emissions: Forestry,Blackburn with Darwen,-9.303711148824183,2015
Net Emissions: Forestry,Blackburn with Darwen,-9.070569852531598,2016
Net Emissions: Forestry,Blackburn with Darwen,-9.33824934796756,2017
Net Emissions: Forestry,Blackburn with Darwen,-9.280696777176747,2018
Net Emissions: Forestry,Blackburn with Darwen,-9.22045276776885,2019
Net Emissions: Forestry,Blackburn with Darwen,-9.362220175493286,2020
Net Emissions: Forestry,Blackburn with Darwen,-9.034690261308077,2021
Net Emissions: Forestry,Blackburn with Darwen,-8.740751066720694,2022
Net Emissions: Forestry,Blackburn with Darwen,-8.615914675144246,2023
Net Emissions: Forestry,Blackpool,-0.15163368592435,2005
Net Emissions: Forestry,Blackpool,-0.1538597397936669,2006
Net Emissions: Forestry,Blackpool,-0.1534406420281704,2007
Net Emissions: Forestry,Blackpool,-0.1544563388953955,2008
Net Emissions: Forestry,Blackpool,-0.15346506736317075,2009
Net Emissions: Forestry,Blackpool,-0.1610549062352917,2010
Net Emissions: Forestry,Blackpool,-0.13756635325995806,2011
Net Emissions: Forestry,Blackpool,-0.13261297411653758,2012
Net Emissions: Forestry,Blackpool,-0.13872870519874575,2013
Net Emissions: Forestry,Blackpool,-0.13610391880209136,2014
Net Emissions: Forestry,Blackpool,-0.13487257435824027,2015
Net Emissions: Forestry,Blackpool,-0.12265535643960059,2016
Net Emissions: Forestry,Blackpool,-0.12173237233354685,2017
Net Emissions: Forestry,Blackpool,-0.11244903221521652,2018
Net Emissions: Forestry,Blackpool,-0.11188443665509974,2019
Net Emissions: Forestry,Blackpool,-0.11159882294243963,2020
Net Emissions: Forestry,Blackpool,-0.10251352278153235,2021
Net Emissions: Forestry,Blackpool,-0.09476103947082379,2022
Net Emissions: Forestry,Blackpool,-0.0947470694373168,2023
Net Emissions: Forestry,Burnley,-5.613441586105094,2005
Net Emissions: Forestry,Burnley,-5.800203546314111,2006
Net Emissions: Forestry,Burnley,-5.878499684108751,2007
Net Emissions: Forestry,Burnley,-6.028485312805566,2008
Net Emissions: Forestry,Burnley,-6.0305147653502456,2009
Net Emissions: Forestry,Burnley,-6.0935450457959135,2010
Net Emissions: Forestry,Burnley,-6.145520069737843,2011
Net Emissions: Forestry,Burnley,-6.097796149703329,2012
Net Emissions: Forestry,Burnley,-6.325981248825122,2013
Net Emissions: Forestry,Burnley,-6.3261522262927,2014
Net Emissions: Forestry,Burnley,-6.371263558934737,2015
Net Emissions: Forestry,Burnley,-6.241407795286328,2016
Net Emissions: Forestry,Burnley,-6.407366171495782,2017
Net Emissions: Forestry,Burnley,-6.386248572141701,2018
Net Emissions: Forestry,Burnley,-6.444769754419266,2019
Net Emissions: Forestry,Burnley,-6.597627347669879,2020
Net Emissions: Forestry,Burnley,-6.420846219277657,2021
Net Emissions: Forestry,Burnley,-6.273284107189023,2022
Net Emissions: Forestry,Burnley,-6.231380802436773,2023
Net Emissions: Forestry,Chorley,-12.02960068511,2005
Net Emissions: Forestry,Chorley,-12.377263488677842,2006
Net Emissions: Forestry,Chorley,-12.480343483434188,2007
Net Emissions: Forestry,Chorley,-12.718448275018845,2008
Net Emissions: Forestry,Chorley,-12.742369478056451,2009
Net Emissions: Forestry,Chorley,-12.830232377495305,2010
Net Emissions: Forestry,Chorley,-12.94441282171381,2011
Net Emissions: Forestry,Chorley,-12.827216654986895,2012
Net Emissions: Forestry,Chorley,-13.115016733403344,2013
Net Emissions: Forestry,Chorley,-12.962790996008662,2014
Net Emissions: Forestry,Chorley,-13.118510152675036,2015
Net Emissions: Forestry,Chorley,-12.728471301924143,2016
Net Emissions: Forestry,Chorley,-12.969534623082984,2017
Net Emissions: Forestry,Chorley,-12.7934788953114,2018
Net Emissions: Forestry,Chorley,-12.89666430295812,2019
Net Emissions: Forestry,Chorley,-13.217763301143014,2020
Net Emissions: Forestry,Chorley,-12.824880730594492,2021
Net Emissions: Forestry,Chorley,-12.501281117935942,2022
Net Emissions: Forestry,Chorley,-12.428165857257078,2023
Net Emissions: Forestry,England Total,-8308.995281409743,2005
Net Emissions: Forestry,England Total,-8522.280030462089,2006
Net Emissions: Forestry,England Total,-8546.452308013328,2007
Net Emissions: Forestry,England Total,-8724.050197267678,2008
Net Emissions: Forestry,England Total,-8724.713370015823,2009
Net Emissions: Forestry,England Total,-8714.927208595353,2010
Net Emissions: Forestry,England Total,-8753.191815447293,2011
Net Emissions: Forestry,England Total,-8435.800407752344,2012
Net Emissions: Forestry,England Total,-8720.886867411238,2013
Net Emissions: Forestry,England Total,-8633.43057022206,2014
Net Emissions: Forestry,England Total,-8569.037272278249,2015
Net Emissions: Forestry,England Total,-8332.57366172401,2016
Net Emissions: Forestry,England Total,-8546.209632206319,2017
Net Emissions: Forestry,England Total,-8413.834497693208,2018
Net Emissions: Forestry,England Total,-8406.7044058289,2019
Net Emissions: Forestry,England Total,-8561.947792215671,2020
Net Emissions: Forestry,England Total,-8284.797798721273,2021
Net Emissions: Forestry,England Total,-8041.343348458513,2022
Net Emissions: Forestry,England Total,-7941.485383523871,2023
Net Emissions: Forestry,Fylde,-1.5707462365655698,2005
Net Emissions: Forestry,Fylde,-1.612906080269605,2006
Net Emissions: Forestry,Fylde,-1.605457998321226,2007
Net Emissions: Forestry,Fylde,-1.6251665309904775,2008
Net Emissions: Forestry,Fylde,-1.6312902814445644,2009
Net Emissions: Forestry,Fylde,-1.632295043333795,2010
Net Emissions: Forestry,Fylde,-1.651817326190743,2011
Net Emissions: Forestry,Fylde,-1.667457044770696,2012
Net Emissions: Forestry,Fylde,-1.6540013545729797,2013
Net Emissions: Forestry,Fylde,-1.6193170491514488,2014
Net Emissions: Forestry,Fylde,-1.624052102691046,2015
Net Emissions: Forestry,Fylde,-1.562031764085181,2016
Net Emissions: Forestry,Fylde,-1.5762671649951094,2017
Net Emissions: Forestry,Fylde,-1.598165923616833,2018
Net Emissions: Forestry,Fylde,-1.6005294624182094,2019
Net Emissions: Forestry,Fylde,-1.6191040326390396,2020
Net Emissions: Forestry,Fylde,-1.5739347082085386,2021
Net Emissions: Forestry,Fylde,-1.5355621347915203,2022
Net Emissions: Forestry,Fylde,-1.5269422135860387,2023
Net Emissions: Forestry,Hyndburn,-4.311941838696631,2005
Net Emissions: Forestry,Hyndburn,-4.453488753361592,2006
Net Emissions: Forestry,Hyndburn,-4.489994501710865,2007
Net Emissions: Forestry,Hyndburn,-4.633447942919804,2008
Net Emissions: Forestry,Hyndburn,-4.6768151546963885,2009
Net Emissions: Forestry,Hyndburn,-4.682592022987839,2010
Net Emissions: Forestry,Hyndburn,-4.705227250917743,2011
Net Emissions: Forestry,Hyndburn,-4.623706347350923,2012
Net Emissions: Forestry,Hyndburn,-4.779533213407509,2013
Net Emissions: Forestry,Hyndburn,-4.740607113708404,2014
Net Emissions: Forestry,Hyndburn,-4.784438900457979,2015
Net Emissions: Forestry,Hyndburn,-4.65850690484096,2016
Net Emissions: Forestry,Hyndburn,-4.782973712227629,2017
Net Emissions: Forestry,Hyndburn,-4.740734930718015,2018
Net Emissions: Forestry,Hyndburn,-4.753412736092725,2019
Net Emissions: Forestry,Hyndburn,-4.879159062321245,2020
Net Emissions: Forestry,Hyndburn,-4.7473971765053475,2021
Net Emissions: Forestry,Hyndburn,-4.639490368756891,2022
Net Emissions: Forestry,Hyndburn,-4.612355071720331,2023
Net Emissions: Forestry,Lancashire Total,-115.57017950361742,2005
Net Emissions: Forestry,Lancashire Total,-118.94946730816456,2006
Net Emissions: Forestry,Lancashire Total,-119.66401624151193,2007
Net Emissions: Forestry,Lancashire Total,-122.24130172370475,2008
Net Emissions: Forestry,Lancashire Total,-122.2319504199747,2009
Net Emissions: Forestry,Lancashire Total,-122.32317710839881,2010
Net Emissions: Forestry,Lancashire Total,-123.39383048514026,2011
Net Emissions: Forestry,Lancashire Total,-120.24810298289528,2012
Net Emissions: Forestry,Lancashire Total,-124.05942893458409,2013
Net Emissions: Forestry,Lancashire Total,-123.02359296187731,2014
Net Emissions: Forestry,Lancashire Total,-122.87969038112776,2015
Net Emissions: Forestry,Lancashire Total,-119.86362340148419,2016
Net Emissions: Forestry,Lancashire Total,-122.7563350197671,2017
Net Emissions: Forestry,Lancashire Total,-121.13644689089715,2018
Net Emissions: Forestry,Lancashire Total,-121.24211853675739,2019
Net Emissions: Forestry,Lancashire Total,-124.0612517704271,2020
Net Emissions: Forestry,Lancashire Total,-120.214813159176,2021
Net Emissions: Forestry,Lancashire Total,-116.85447597527235,2022
Net Emissions: Forestry,Lancashire Total,-115.57556939054095,2023
Net Emissions: Forestry,Lancaster,-25.667378893059848,2005
Net Emissions: Forestry,Lancaster,-26.54140491017237,2006
Net Emissions: Forestry,Lancaster,-26.726137167296766,2007
Net Emissions: Forestry,Lancaster,-27.28708168308833,2008
Net Emissions: Forestry,Lancaster,-27.327217804472536,2009
Net Emissions: Forestry,Lancaster,-27.411816147617607,2010
Net Emissions: Forestry,Lancaster,-27.73806209450098,2011
Net Emissions: Forestry,Lancaster,-27.309956875237035,2012
Net Emissions: Forestry,Lancaster,-28.173886863642352,2013
Net Emissions: Forestry,Lancaster,-28.005913520943725,2014
Net Emissions: Forestry,Lancaster,-28.203147421513368,2015
Net Emissions: Forestry,Lancaster,-27.633078000288908,2016
Net Emissions: Forestry,Lancaster,-28.37985366447995,2017
Net Emissions: Forestry,Lancaster,-28.071171692964032,2018
Net Emissions: Forestry,Lancaster,-28.14976332210156,2019
Net Emissions: Forestry,Lancaster,-28.811495999145667,2020
Net Emissions: Forestry,Lancaster,-28.002920521154177,2021
Net Emissions: Forestry,Lancaster,-27.3019507975471,2022
Net Emissions: Forestry,Lancaster,-27.047381318682394,2023
Net Emissions: Forestry,North West Total,-792.9644282854482,2005
Net Emissions: Forestry,North West Total,-814.5376061440048,2006
Net Emissions: Forestry,North West Total,-817.5882871221255,2007
Net Emissions: Forestry,North West Total,-835.3759399785841,2008
Net Emissions: Forestry,North West Total,-834.7410129410771,2009
Net Emissions: Forestry,North West Total,-832.9245954193773,2010
Net Emissions: Forestry,North West Total,-837.2615707766126,2011
Net Emissions: Forestry,North West Total,-799.1846156510213,2012
Net Emissions: Forestry,North West Total,-828.2359403177638,2013
Net Emissions: Forestry,North West Total,-820.3093020429835,2014
Net Emissions: Forestry,North West Total,-809.0094784323119,2015
Net Emissions: Forestry,North West Total,-785.8908453272154,2016
Net Emissions: Forestry,North West Total,-806.2438506976673,2017
Net Emissions: Forestry,North West Total,-792.346821527976,2018
Net Emissions: Forestry,North West Total,-789.1077090490328,2019
Net Emissions: Forestry,North West Total,-802.8249164175153,2020
Net Emissions: Forestry,North West Total,-773.4019959075457,2021
Net Emissions: Forestry,North West Total,-746.6650732753226,2022
Net Emissions: Forestry,North West Total,-733.659187114699,2023
Net Emissions: Forestry,Pendle,-4.273012212407912,2005
Net Emissions: Forestry,Pendle,-4.420216797929485,2006
Net Emissions: Forestry,Pendle,-4.409616033440059,2007
Net Emissions: Forestry,Pendle,-4.4813571727504815,2008
Net Emissions: Forestry,Pendle,-4.489474810417282,2009
Net Emissions: Forestry,Pendle,-4.471379338438212,2010
Net Emissions: Forestry,Pendle,-4.516657648782248,2011
Net Emissions: Forestry,Pendle,-4.417706169563177,2012
Net Emissions: Forestry,Pendle,-4.56352788962703,2013
Net Emissions: Forestry,Pendle,-4.509667642453305,2014
Net Emissions: Forestry,Pendle,-4.521094023531391,2015
Net Emissions: Forestry,Pendle,-4.440851138165639,2016
Net Emissions: Forestry,Pendle,-4.575735462384904,2017
Net Emissions: Forestry,Pendle,-4.513075731976737,2018
Net Emissions: Forestry,Pendle,-4.53420299145984,2019
Net Emissions: Forestry,Pendle,-4.6418569741191265,2020
Net Emissions: Forestry,Pendle,-4.502466193513412,2021
Net Emissions: Forestry,Pendle,-4.382006142105035,2022
Net Emissions: Forestry,Pendle,-4.338896217807081,2023
Net Emissions: Forestry,Preston,-3.6728910236348975,2005
Net Emissions: Forestry,Preston,-3.8284550371345722,2006
Net Emissions: Forestry,Preston,-3.8314720336500567,2007
Net Emissions: Forestry,Preston,-3.9231486135819917,2008
Net Emissions: Forestry,Preston,-3.940330215266442,2009
Net Emissions: Forestry,Preston,-3.9667134183945127,2010
Net Emissions: Forestry,Preston,-4.027009822751238,2011
Net Emissions: Forestry,Preston,-3.9755372242428377,2012
Net Emissions: Forestry,Preston,-4.119599739449081,2013
Net Emissions: Forestry,Preston,-4.10602059341497,2014
Net Emissions: Forestry,Preston,-4.11348635813443,2015
Net Emissions: Forestry,Preston,-4.0482944907082015,2016
Net Emissions: Forestry,Preston,-4.136020507696148,2017
Net Emissions: Forestry,Preston,-4.085052184725121,2018
Net Emissions: Forestry,Preston,-4.091300043272941,2019
Net Emissions: Forestry,Preston,-4.165486189775887,2020
Net Emissions: Forestry,Preston,-4.054999837869561,2021
Net Emissions: Forestry,Preston,-3.963385765424718,2022
Net Emissions: Forestry,Preston,-3.9358936118852053,2023
Net Emissions: Forestry,Ribble Valley,-34.27001891155242,2005
Net Emissions: Forestry,Ribble Valley,-35.07911292353671,2006
Net Emissions: Forestry,Ribble Valley,-35.17917842042981,2007
Net Emissions: Forestry,Ribble Valley,-35.93711383149683,2008
Net Emissions: Forestry,Ribble Valley,-35.82716916798349,2009
Net Emissions: Forestry,Ribble Valley,-35.66373931341594,2010
Net Emissions: Forestry,Ribble Valley,-35.799024764801715,2011
Net Emissions: Forestry,Ribble Valley,-33.69650512599913,2012
Net Emissions: Forestry,Ribble Valley,-35.13125765825291,2013
Net Emissions: Forestry,Ribble Valley,-34.81101065622286,2014
Net Emissions: Forestry,Ribble Valley,-34.01802481737961,2015
Net Emissions: Forestry,Ribble Valley,-33.060889513562245,2016
Net Emissions: Forestry,Ribble Valley,-33.961066190075265,2017
Net Emissions: Forestry,Ribble Valley,-33.38334346357869,2018
Net Emissions: Forestry,Ribble Valley,-33.28224219351497,2019
Net Emissions: Forestry,Ribble Valley,-34.040743519733525,2020
Net Emissions: Forestry,Ribble Valley,-32.775684761851046,2021
Net Emissions: Forestry,Ribble Valley,-31.606460387425447,2022
Net Emissions: Forestry,Ribble Valley,-30.986403131008068,2023
Net Emissions: Forestry,Rossendale,-4.226473410040645,2005
Net Emissions: Forestry,Rossendale,-4.384128319277411,2006
Net Emissions: Forestry,Rossendale,-4.505137311817392,2007
Net Emissions: Forestry,Rossendale,-4.650336808806693,2008
Net Emissions: Forestry,Rossendale,-4.635670790988012,2009
Net Emissions: Forestry,Rossendale,-4.654293085208709,2010
Net Emissions: Forestry,Rossendale,-4.75291687486576,2011
Net Emissions: Forestry,Rossendale,-4.702524292882429,2012
Net Emissions: Forestry,Rossendale,-4.856524126159723,2013
Net Emissions: Forestry,Rossendale,-4.861163368642966,2014
Net Emissions: Forestry,Rossendale,-4.894880698212652,2015
Net Emissions: Forestry,Rossendale,-4.777531018160974,2016
Net Emissions: Forestry,Rossendale,-4.88175750105601,2017
Net Emissions: Forestry,Rossendale,-4.8156938342131905,2018
Net Emissions: Forestry,Rossendale,-4.845679811748611,2019
Net Emissions: Forestry,Rossendale,-4.960547146103935,2020
Net Emissions: Forestry,Rossendale,-4.815573742332441,2021
Net Emissions: Forestry,Rossendale,-4.688108893601884,2022
Net Emissions: Forestry,Rossendale,-4.641424146913613,2023
Net Emissions: Forestry,South Ribble,-3.126115020369003,2005
Net Emissions: Forestry,South Ribble,-3.2224886804309576,2006
Net Emissions: Forestry,South Ribble,-3.2473329075968826,2007
Net Emissions: Forestry,South Ribble,-3.3184764470546466,2008
Net Emissions: Forestry,South Ribble,-3.308409549790951,2009
Net Emissions: Forestry,South Ribble,-3.3027674575504404,2010
Net Emissions: Forestry,South Ribble,-3.336263831207171,2011
Net Emissions: Forestry,South Ribble,-3.3733725799936245,2012
Net Emissions: Forestry,South Ribble,-3.411444789345551,2013
Net Emissions: Forestry,South Ribble,-3.4063196583581767,2014
Net Emissions: Forestry,South Ribble,-3.4412910489966246,2015
Net Emissions: Forestry,South Ribble,-3.34125495594836,2016
Net Emissions: Forestry,South Ribble,-3.3943355492407186,2017
Net Emissions: Forestry,South Ribble,-3.2831808515248335,2018
Net Emissions: Forestry,South Ribble,-3.1986907732887255,2019
Net Emissions: Forestry,South Ribble,-3.26822898729365,2020
Net Emissions: Forestry,South Ribble,-3.1517819039244537,2021
Net Emissions: Forestry,South Ribble,-3.056457239495832,2022
Net Emissions: Forestry,South Ribble,-3.046947518431307,2023
Net Emissions: Forestry,West Lancashire,-10.94299991207982,2005
Net Emissions: Forestry,West Lancashire,-11.18160312443888,2006
Net Emissions: Forestry,West Lancashire,-11.224789896272183,2007
Net Emissions: Forestry,West Lancashire,-11.419668045822332,2008
Net Emissions: Forestry,West Lancashire,-11.418646825386595,2009
Net Emissions: Forestry,West Lancashire,-11.43363521506872,2010
Net Emissions: Forestry,West Lancashire,-11.513704180845464,2011
Net Emissions: Forestry,West Lancashire,-11.349208987993798,2012
Net Emissions: Forestry,West Lancashire,-11.52346348204199,2013
Net Emissions: Forestry,West Lancashire,-11.355917331866703,2014
Net Emissions: Forestry,West Lancashire,-11.442473631495856,2015
Net Emissions: Forestry,West Lancashire,-11.12637679772622,2016
Net Emissions: Forestry,West Lancashire,-11.270694843097802,2017
Net Emissions: Forestry,West Lancashire,-11.125887894773387,2018
Net Emissions: Forestry,West Lancashire,-11.087517103419305,2019
Net Emissions: Forestry,West Lancashire,-11.33684841001269,2020
Net Emissions: Forestry,West Lancashire,-10.994990892985628,2021
Net Emissions: Forestry,West Lancashire,-10.702213309027599,2022
Net Emissions: Forestry,West Lancashire,-10.616144143903174,2023
Net Emissions: Forestry,Wyre,-5.865559773995591,2005
Net Emissions: Forestry,Wyre,-6.04819564662103,2006
Net Emissions: Forestry,Wyre,-6.086056803433755,2007
Net Emissions: Forestry,Wyre,-6.2185710593687435,2008
Net Emissions: Forestry,Wyre,-6.204041576121721,2009
Net Emissions: Forestry,Wyre,-6.180168643091812,2010
Net Emissions: Forestry,Wyre,-6.263213798825531,2011
Net Emissions: Forestry,Wyre,-6.207115530171401,2012
Net Emissions: Forestry,Wyre,-6.405191835856504,2013
Net Emissions: Forestry,Wyre,-6.318712804813408,2014
Net Emissions: Forestry,Wyre,-6.347027667105037,2015
Net Emissions: Forestry,Wyre,-6.244929720787021,2016
Net Emissions: Forestry,Wyre,-6.420729629934803,2017
Net Emissions: Forestry,Wyre,-6.340412915353198,2018
Net Emissions: Forestry,Wyre,-6.357346042063116,2019
Net Emissions: Forestry,Wyre,-6.522390800469431,2020
Net Emissions: Forestry,Wyre,-6.349336470959232,2021
Net Emissions: Forestry,Wyre,-6.204275711971365,2022
Net Emissions: Forestry,Wyre,-6.163635356909896,2023
Net Emissions: Grassland mineral soils change,Blackburn with Darwen,-2.4562172044602297,2005
Net Emissions: Grassland mineral soils change,Blackburn with Darwen,-2.5289184773871316,2006
Net Emissions: Grassland mineral soils change,Blackburn with Darwen,-2.6134798025177237,2007
Net Emissions: Grassland mineral soils change,Blackburn with Darwen,-2.6746980624120913,2008
Net Emissions: Grassland mineral soils change,Blackburn with Darwen,-2.760262919932233,2009
Net Emissions: Grassland mineral soils change,Blackburn with Darwen,-2.8522606887351234,2010
Net Emissions: Grassland mineral soils change,Blackburn with Darwen,-2.934103745254347,2011
Net Emissions: Grassland mineral soils change,Blackburn with Darwen,-2.942227194229016,2012
Net Emissions: Grassland mineral soils change,Blackburn with Darwen,-2.9617535659122027,2013
Net Emissions: Grassland mineral soils change,Blackburn with Darwen,-3.003010764397437,2014
Net Emissions: Grassland mineral soils change,Blackburn with Darwen,-3.088127738511971,2015
Net Emissions: Grassland mineral soils change,Blackburn with Darwen,-3.155091488411876,2016
Net Emissions: Grassland mineral soils change,Blackburn with Darwen,-3.149441035022581,2017
Net Emissions: Grassland mineral soils change,Blackburn with Darwen,-3.1669954968848533,2018
Net Emissions: Grassland mineral soils change,Blackburn with Darwen,-3.1019126262936902,2019
Net Emissions: Grassland mineral soils change,Blackburn with Darwen,-3.1016617818047276,2020
Net Emissions: Grassland mineral soils change,Blackburn with Darwen,-3.146908741347429,2021
Net Emissions: Grassland mineral soils change,Blackburn with Darwen,-3.1926023110972785,2022
Net Emissions: Grassland mineral soils change,Blackburn with Darwen,-3.226548108210832,2023
Net Emissions: Grassland mineral soils change,Blackpool,-0.18785806407161462,2005
Net Emissions: Grassland mineral soils change,Blackpool,-0.18693140625443172,2006
Net Emissions: Grassland mineral soils change,Blackpool,-0.20105364688038888,2007
Net Emissions: Grassland mineral soils change,Blackpool,-0.1987746135191475,2008
Net Emissions: Grassland mineral soils change,Blackpool,-0.19894133256830768,2009
Net Emissions: Grassland mineral soils change,Blackpool,-0.21298273967795883,2010
Net Emissions: Grassland mineral soils change,Blackpool,-0.18602712696166326,2011
Net Emissions: Grassland mineral soils change,Blackpool,-0.18199168184148695,2012
Net Emissions: Grassland mineral soils change,Blackpool,-0.18633744583003675,2013
Net Emissions: Grassland mineral soils change,Blackpool,-0.18101958694991088,2014
Net Emissions: Grassland mineral soils change,Blackpool,-0.1826746497362952,2015
Net Emissions: Grassland mineral soils change,Blackpool,-0.17655007703649558,2016
Net Emissions: Grassland mineral soils change,Blackpool,-0.16725966565910746,2017
Net Emissions: Grassland mineral soils change,Blackpool,-0.18129634529061278,2018
Net Emissions: Grassland mineral soils change,Blackpool,-0.19735859284832033,2019
Net Emissions: Grassland mineral soils change,Blackpool,-0.19040699058496519,2020
Net Emissions: Grassland mineral soils change,Blackpool,-0.18884771425483093,2021
Net Emissions: Grassland mineral soils change,Blackpool,-0.1878825733253047,2022
Net Emissions: Grassland mineral soils change,Blackpool,-0.18680763362966044,2023
Net Emissions: Grassland mineral soils change,Burnley,-2.027345248561702,2005
Net Emissions: Grassland mineral soils change,Burnley,-2.085799966618914,2006
Net Emissions: Grassland mineral soils change,Burnley,-2.116502779766919,2007
Net Emissions: Grassland mineral soils change,Burnley,-2.12653190994642,2008
Net Emissions: Grassland mineral soils change,Burnley,-2.141228232718375,2009
Net Emissions: Grassland mineral soils change,Burnley,-2.1932427301714603,2010
Net Emissions: Grassland mineral soils change,Burnley,-2.246200968436025,2011
Net Emissions: Grassland mineral soils change,Burnley,-2.3069708974950456,2012
Net Emissions: Grassland mineral soils change,Burnley,-2.283620690251602,2013
Net Emissions: Grassland mineral soils change,Burnley,-2.3060510835161625,2014
Net Emissions: Grassland mineral soils change,Burnley,-2.3390819193387395,2015
Net Emissions: Grassland mineral soils change,Burnley,-2.3693348660721254,2016
Net Emissions: Grassland mineral soils change,Burnley,-2.3915600440073543,2017
Net Emissions: Grassland mineral soils change,Burnley,-2.4180132474014475,2018
Net Emissions: Grassland mineral soils change,Burnley,-2.4691677804971928,2019
Net Emissions: Grassland mineral soils change,Burnley,-2.4872456406594816,2020
Net Emissions: Grassland mineral soils change,Burnley,-2.5405145409840837,2021
Net Emissions: Grassland mineral soils change,Burnley,-2.5940880720491615,2022
Net Emissions: Grassland mineral soils change,Burnley,-2.6323096475045498,2023
Net Emissions: Grassland mineral soils change,Chorley,-4.772694069452653,2005
Net Emissions: Grassland mineral soils change,Chorley,-4.85781970035876,2006
Net Emissions: Grassland mineral soils change,Chorley,-4.98343478538204,2007
Net Emissions: Grassland mineral soils change,Chorley,-5.088269602776928,2008
Net Emissions: Grassland mineral soils change,Chorley,-5.168669595621049,2009
Net Emissions: Grassland mineral soils change,Chorley,-5.317705584839806,2010
Net Emissions: Grassland mineral soils change,Chorley,-5.382913756455014,2011
Net Emissions: Grassland mineral soils change,Chorley,-5.439236858143484,2012
Net Emissions: Grassland mineral soils change,Chorley,-5.519907690220938,2013
Net Emissions: Grassland mineral soils change,Chorley,-5.581381836916346,2014
Net Emissions: Grassland mineral soils change,Chorley,-5.61751305668521,2015
Net Emissions: Grassland mineral soils change,Chorley,-5.64816081438198,2016
Net Emissions: Grassland mineral soils change,Chorley,-5.710005784557131,2017
Net Emissions: Grassland mineral soils change,Chorley,-5.743828325838186,2018
Net Emissions: Grassland mineral soils change,Chorley,-5.742628249516243,2019
Net Emissions: Grassland mineral soils change,Chorley,-5.733931278148871,2020
Net Emissions: Grassland mineral soils change,Chorley,-5.803540979765639,2021
Net Emissions: Grassland mineral soils change,Chorley,-5.86449616859662,2022
Net Emissions: Grassland mineral soils change,Chorley,-5.924188269307006,2023
Net Emissions: Grassland mineral soils change,England Total,-2835.51266942474,2005
Net Emissions: Grassland mineral soils change,England Total,-2919.428490112176,2006
Net Emissions: Grassland mineral soils change,England Total,-2993.267437075017,2007
Net Emissions: Grassland mineral soils change,England Total,-3066.495493637887,2008
Net Emissions: Grassland mineral soils change,England Total,-3118.0812811879405,2009
Net Emissions: Grassland mineral soils change,England Total,-3193.7839895351353,2010
Net Emissions: Grassland mineral soils change,England Total,-3202.9858508492507,2011
Net Emissions: Grassland mineral soils change,England Total,-3215.456499847728,2012
Net Emissions: Grassland mineral soils change,England Total,-3244.4155730309626,2013
Net Emissions: Grassland mineral soils change,England Total,-3291.211702697984,2014
Net Emissions: Grassland mineral soils change,England Total,-3302.8675844420004,2015
Net Emissions: Grassland mineral soils change,England Total,-3358.6583321152957,2016
Net Emissions: Grassland mineral soils change,England Total,-3377.030594519259,2017
Net Emissions: Grassland mineral soils change,England Total,-3432.3001100792035,2018
Net Emissions: Grassland mineral soils change,England Total,-3436.273713577573,2019
Net Emissions: Grassland mineral soils change,England Total,-3465.690516221332,2020
Net Emissions: Grassland mineral soils change,England Total,-3501.5491577298535,2021
Net Emissions: Grassland mineral soils change,England Total,-3520.6359206018396,2022
Net Emissions: Grassland mineral soils change,England Total,-3560.0072631772446,2023
Net Emissions: Grassland mineral soils change,Fylde,-3.5196611307866803,2005
Net Emissions: Grassland mineral soils change,Fylde,-3.605158217208768,2006
Net Emissions: Grassland mineral soils change,Fylde,-3.6991320990029553,2007
Net Emissions: Grassland mineral soils change,Fylde,-3.7999222707232625,2008
Net Emissions: Grassland mineral soils change,Fylde,-3.838918149459628,2009
Net Emissions: Grassland mineral soils change,Fylde,-3.9347761001217543,2010
Net Emissions: Grassland mineral soils change,Fylde,-3.9918797340913885,2011
Net Emissions: Grassland mineral soils change,Fylde,-4.0049164579973855,2012
Net Emissions: Grassland mineral soils change,Fylde,-4.019483110290458,2013
Net Emissions: Grassland mineral soils change,Fylde,-4.018670762615141,2014
Net Emissions: Grassland mineral soils change,Fylde,-4.040234086854538,2015
Net Emissions: Grassland mineral soils change,Fylde,-4.134631759943378,2016
Net Emissions: Grassland mineral soils change,Fylde,-4.153224195282331,2017
Net Emissions: Grassland mineral soils change,Fylde,-4.1775448190883555,2018
Net Emissions: Grassland mineral soils change,Fylde,-4.1834703072267425,2019
Net Emissions: Grassland mineral soils change,Fylde,-4.143477353623132,2020
Net Emissions: Grassland mineral soils change,Fylde,-4.166511810994508,2021
Net Emissions: Grassland mineral soils change,Fylde,-4.1738214505770035,2022
Net Emissions: Grassland mineral soils change,Fylde,-4.205346051593276,2023
Net Emissions: Grassland mineral soils change,Hyndburn,-1.5977043903406827,2005
Net Emissions: Grassland mineral soils change,Hyndburn,-1.6569076449651459,2006
Net Emissions: Grassland mineral soils change,Hyndburn,-1.7370910526087833,2007
Net Emissions: Grassland mineral soils change,Hyndburn,-1.7562893852535566,2008
Net Emissions: Grassland mineral soils change,Hyndburn,-1.7670477695037323,2009
Net Emissions: Grassland mineral soils change,Hyndburn,-1.7585061788591743,2010
Net Emissions: Grassland mineral soils change,Hyndburn,-1.8024359388371565,2011
Net Emissions: Grassland mineral soils change,Hyndburn,-1.854524431916071,2012
Net Emissions: Grassland mineral soils change,Hyndburn,-1.8538043198212164,2013
Net Emissions: Grassland mineral soils change,Hyndburn,-1.8447252984627516,2014
Net Emissions: Grassland mineral soils change,Hyndburn,-1.9178007067391374,2015
Net Emissions: Grassland mineral soils change,Hyndburn,-1.9495512021197483,2016
Net Emissions: Grassland mineral soils change,Hyndburn,-1.9570928281583087,2017
Net Emissions: Grassland mineral soils change,Hyndburn,-1.9890503664190788,2018
Net Emissions: Grassland mineral soils change,Hyndburn,-1.999630356681056,2019
Net Emissions: Grassland mineral soils change,Hyndburn,-2.0204764691101498,2020
Net Emissions: Grassland mineral soils change,Hyndburn,-2.055396515693222,2021
Net Emissions: Grassland mineral soils change,Hyndburn,-2.092552626095835,2022
Net Emissions: Grassland mineral soils change,Hyndburn,-2.1169501263363775,2023
Net Emissions: Grassland mineral soils change,Lancashire Total,-59.89293265337285,2005
Net Emissions: Grassland mineral soils change,Lancashire Total,-61.599659958272106,2006
Net Emissions: Grassland mineral soils change,Lancashire Total,-63.74797934077293,2007
Net Emissions: Grassland mineral soils change,Lancashire Total,-65.20047062691656,2008
Net Emissions: Grassland mineral soils change,Lancashire Total,-66.63175699292098,2009
Net Emissions: Grassland mineral soils change,Lancashire Total,-68.429312898588,2010
Net Emissions: Grassland mineral soils change,Lancashire Total,-69.86043467938258,2011
Net Emissions: Grassland mineral soils change,Lancashire Total,-70.90300005337689,2012
Net Emissions: Grassland mineral soils change,Lancashire Total,-71.96631961950517,2013
Net Emissions: Grassland mineral soils change,Lancashire Total,-73.16882850080198,2014
Net Emissions: Grassland mineral soils change,Lancashire Total,-74.58947038574539,2015
Net Emissions: Grassland mineral soils change,Lancashire Total,-75.48621770765992,2016
Net Emissions: Grassland mineral soils change,Lancashire Total,-76.37835854174159,2017
Net Emissions: Grassland mineral soils change,Lancashire Total,-77.49190878631902,2018
Net Emissions: Grassland mineral soils change,Lancashire Total,-77.82804848954426,2019
Net Emissions: Grassland mineral soils change,Lancashire Total,-78.66592812597244,2020
Net Emissions: Grassland mineral soils change,Lancashire Total,-80.08831428171187,2021
Net Emissions: Grassland mineral soils change,Lancashire Total,-81.33328075639882,2022
Net Emissions: Grassland mineral soils change,Lancashire Total,-82.49112912592238,2023
Net Emissions: Grassland mineral soils change,Lancaster,-11.450244824073899,2005
Net Emissions: Grassland mineral soils change,Lancaster,-11.745863439828597,2006
Net Emissions: Grassland mineral soils change,Lancaster,-12.157552579748618,2007
Net Emissions: Grassland mineral soils change,Lancaster,-12.461933735913881,2008
Net Emissions: Grassland mineral soils change,Lancaster,-12.789259237225515,2009
Net Emissions: Grassland mineral soils change,Lancaster,-13.197597081950653,2010
Net Emissions: Grassland mineral soils change,Lancaster,-13.528696021173705,2011
Net Emissions: Grassland mineral soils change,Lancaster,-13.719048852442125,2012
Net Emissions: Grassland mineral soils change,Lancaster,-13.944224089891488,2013
Net Emissions: Grassland mineral soils change,Lancaster,-14.12335771253657,2014
Net Emissions: Grassland mineral soils change,Lancaster,-14.448275854919485,2015
Net Emissions: Grassland mineral soils change,Lancaster,-14.603363480546195,2016
Net Emissions: Grassland mineral soils change,Lancaster,-14.766154548267323,2017
Net Emissions: Grassland mineral soils change,Lancaster,-15.043602013322795,2018
Net Emissions: Grassland mineral soils change,Lancaster,-15.057509943065352,2019
Net Emissions: Grassland mineral soils change,Lancaster,-15.277251733795582,2020
Net Emissions: Grassland mineral soils change,Lancaster,-15.644790248021424,2021
Net Emissions: Grassland mineral soils change,Lancaster,-15.963896389235066,2022
Net Emissions: Grassland mineral soils change,Lancaster,-16.25655284862878,2023
Net Emissions: Grassland mineral soils change,North West Total,-316.7976486139768,2005
Net Emissions: Grassland mineral soils change,North West Total,-327.0663311850807,2006
Net Emissions: Grassland mineral soils change,North West Total,-338.6453992676438,2007
Net Emissions: Grassland mineral soils change,North West Total,-348.4618359477881,2008
Net Emissions: Grassland mineral soils change,North West Total,-356.57044604905576,2009
Net Emissions: Grassland mineral soils change,North West Total,-367.770039846643,2010
Net Emissions: Grassland mineral soils change,North West Total,-374.38836866940477,2011
Net Emissions: Grassland mineral soils change,North West Total,-379.94468578328934,2012
Net Emissions: Grassland mineral soils change,North West Total,-385.9428013024502,2013
Net Emissions: Grassland mineral soils change,North West Total,-392.73629127679675,2014
Net Emissions: Grassland mineral soils change,North West Total,-400.14000997282716,2015
Net Emissions: Grassland mineral soils change,North West Total,-407.6390474464926,2016
Net Emissions: Grassland mineral soils change,North West Total,-412.0043269788655,2017
Net Emissions: Grassland mineral soils change,North West Total,-419.73554391747865,2018
Net Emissions: Grassland mineral soils change,North West Total,-422.1487260040005,2019
Net Emissions: Grassland mineral soils change,North West Total,-427.71461217269047,2020
Net Emissions: Grassland mineral soils change,North West Total,-433.9782287447449,2021
Net Emissions: Grassland mineral soils change,North West Total,-438.8767520826388,2022
Net Emissions: Grassland mineral soils change,North West Total,-444.4764269154988,2023
Net Emissions: Grassland mineral soils change,Pendle,-3.8133311200538382,2005
Net Emissions: Grassland mineral soils change,Pendle,-3.898801554114231,2006
Net Emissions: Grassland mineral soils change,Pendle,-4.078806740528379,2007
Net Emissions: Grassland mineral soils change,Pendle,-4.14580602808143,2008
Net Emissions: Grassland mineral soils change,Pendle,-4.254953901099314,2009
Net Emissions: Grassland mineral soils change,Pendle,-4.377401269102518,2010
Net Emissions: Grassland mineral soils change,Pendle,-4.4903396682621946,2011
Net Emissions: Grassland mineral soils change,Pendle,-4.60947641728862,2012
Net Emissions: Grassland mineral soils change,Pendle,-4.681392905475059,2013
Net Emissions: Grassland mineral soils change,Pendle,-4.740105630143322,2014
Net Emissions: Grassland mineral soils change,Pendle,-4.86330036567411,2015
Net Emissions: Grassland mineral soils change,Pendle,-4.890483252050902,2016
Net Emissions: Grassland mineral soils change,Pendle,-4.935988635262984,2017
Net Emissions: Grassland mineral soils change,Pendle,-4.995493661952313,2018
Net Emissions: Grassland mineral soils change,Pendle,-5.000354471515222,2019
Net Emissions: Grassland mineral soils change,Pendle,-5.069377685274644,2020
Net Emissions: Grassland mineral soils change,Pendle,-5.181824192889778,2021
Net Emissions: Grassland mineral soils change,Pendle,-5.293933245304709,2022
Net Emissions: Grassland mineral soils change,Pendle,-5.374943976293197,2023
Net Emissions: Grassland mineral soils change,Preston,-3.5114612835013586,2005
Net Emissions: Grassland mineral soils change,Preston,-3.6279885029572685,2006
Net Emissions: Grassland mineral soils change,Preston,-3.761424385650997,2007
Net Emissions: Grassland mineral soils change,Preston,-3.832945393167504,2008
Net Emissions: Grassland mineral soils change,Preston,-3.907581878982677,2009
Net Emissions: Grassland mineral soils change,Preston,-4.003780220908733,2010
Net Emissions: Grassland mineral soils change,Preston,-4.108657010011692,2011
Net Emissions: Grassland mineral soils change,Preston,-4.1443943533699725,2012
Net Emissions: Grassland mineral soils change,Preston,-4.168348580087932,2013
Net Emissions: Grassland mineral soils change,Preston,-4.240395415481583,2014
Net Emissions: Grassland mineral soils change,Preston,-4.303194843424086,2015
Net Emissions: Grassland mineral soils change,Preston,-4.323585893078377,2016
Net Emissions: Grassland mineral soils change,Preston,-4.358131006257871,2017
Net Emissions: Grassland mineral soils change,Preston,-4.370242503375988,2018
Net Emissions: Grassland mineral soils change,Preston,-4.406530180458325,2019
Net Emissions: Grassland mineral soils change,Preston,-4.4716640635036855,2020
Net Emissions: Grassland mineral soils change,Preston,-4.549598222185192,2021
Net Emissions: Grassland mineral soils change,Preston,-4.619499863194366,2022
Net Emissions: Grassland mineral soils change,Preston,-4.682132019974382,2023
Net Emissions: Grassland mineral soils change,Ribble Valley,-13.118118194426046,2005
Net Emissions: Grassland mineral soils change,Ribble Valley,-13.519859364607335,2006
Net Emissions: Grassland mineral soils change,Ribble Valley,-13.974164208041538,2007
Net Emissions: Grassland mineral soils change,Ribble Valley,-14.402348764240344,2008
Net Emissions: Grassland mineral soils change,Ribble Valley,-14.738114571563612,2009
Net Emissions: Grassland mineral soils change,Ribble Valley,-15.133329851333196,2010
Net Emissions: Grassland mineral soils change,Ribble Valley,-15.469521257043013,2011
Net Emissions: Grassland mineral soils change,Ribble Valley,-15.751523365195114,2012
Net Emissions: Grassland mineral soils change,Ribble Valley,-16.034167715215624,2013
Net Emissions: Grassland mineral soils change,Ribble Valley,-16.356798301547347,2014
Net Emissions: Grassland mineral soils change,Ribble Valley,-16.74802410806381,2015
Net Emissions: Grassland mineral soils change,Ribble Valley,-16.879506628930223,2016
Net Emissions: Grassland mineral soils change,Ribble Valley,-17.137811482791562,2017
Net Emissions: Grassland mineral soils change,Ribble Valley,-17.356048063411436,2018
Net Emissions: Grassland mineral soils change,Ribble Valley,-17.489498748417795,2019
Net Emissions: Grassland mineral soils change,Ribble Valley,-17.846966734839437,2020
Net Emissions: Grassland mineral soils change,Ribble Valley,-18.327584995349717,2021
Net Emissions: Grassland mineral soils change,Ribble Valley,-18.76299106296672,2022
Net Emissions: Grassland mineral soils change,Ribble Valley,-19.13077368277263,2023
Net Emissions: Grassland mineral soils change,Rossendale,-3.5163420857161474,2005
Net Emissions: Grassland mineral soils change,Rossendale,-3.6342660281269903,2006
Net Emissions: Grassland mineral soils change,Rossendale,-3.8032493418311253,2007
Net Emissions: Grassland mineral soils change,Rossendale,-3.8327983803056163,2008
Net Emissions: Grassland mineral soils change,Rossendale,-3.9137425163110233,2009
Net Emissions: Grassland mineral soils change,Rossendale,-4.013945082283273,2010
Net Emissions: Grassland mineral soils change,Rossendale,-4.098353589505208,2011
Net Emissions: Grassland mineral soils change,Rossendale,-4.166756173931381,2012
Net Emissions: Grassland mineral soils change,Rossendale,-4.291280594861119,2013
Net Emissions: Grassland mineral soils change,Rossendale,-4.38158638710652,2014
Net Emissions: Grassland mineral soils change,Rossendale,-4.5069399365755896,2015
Net Emissions: Grassland mineral soils change,Rossendale,-4.551625065975979,2016
Net Emissions: Grassland mineral soils change,Rossendale,-4.597241221671502,2017
Net Emissions: Grassland mineral soils change,Rossendale,-4.6016008145405785,2018
Net Emissions: Grassland mineral soils change,Rossendale,-4.598773239614007,2019
Net Emissions: Grassland mineral soils change,Rossendale,-4.5816708707926255,2020
Net Emissions: Grassland mineral soils change,Rossendale,-4.624440960975718,2021
Net Emissions: Grassland mineral soils change,Rossendale,-4.679492642973931,2022
Net Emissions: Grassland mineral soils change,Rossendale,-4.706741234493691,2023
Net Emissions: Grassland mineral soils change,South Ribble,-2.5924521832745975,2005
Net Emissions: Grassland mineral soils change,South Ribble,-2.6820319379854327,2006
Net Emissions: Grassland mineral soils change,South Ribble,-2.7839067343459214,2007
Net Emissions: Grassland mineral soils change,South Ribble,-2.872224234832826,2008
Net Emissions: Grassland mineral soils change,South Ribble,-2.9548666661788983,2009
Net Emissions: Grassland mineral soils change,South Ribble,-3.061353902165411,2010
Net Emissions: Grassland mineral soils change,South Ribble,-3.1995031666876925,2011
Net Emissions: Grassland mineral soils change,South Ribble,-3.287695874346951,2012
Net Emissions: Grassland mineral soils change,South Ribble,-3.3149050206804986,2013
Net Emissions: Grassland mineral soils change,South Ribble,-3.3708998582111804,2014
Net Emissions: Grassland mineral soils change,South Ribble,-3.410761232225556,2015
Net Emissions: Grassland mineral soils change,South Ribble,-3.5210762064996977,2016
Net Emissions: Grassland mineral soils change,South Ribble,-3.5507548967893774,2017
Net Emissions: Grassland mineral soils change,South Ribble,-3.5747063253678846,2018
Net Emissions: Grassland mineral soils change,South Ribble,-3.58273535297421,2019
Net Emissions: Grassland mineral soils change,South Ribble,-3.664553381227886,2020
Net Emissions: Grassland mineral soils change,South Ribble,-3.687722423333081,2021
Net Emissions: Grassland mineral soils change,South Ribble,-3.7040027867623033,2022
Net Emissions: Grassland mineral soils change,South Ribble,-3.729247066634384,2023
Net Emissions: Grassland mineral soils change,West Lancashire,-3.7009169862963778,2005
Net Emissions: Grassland mineral soils change,West Lancashire,-3.8497356455336997,2006
Net Emissions: Grassland mineral soils change,West Lancashire,-4.0009012593206315,2007
Net Emissions: Grassland mineral soils change,West Lancashire,-4.077628525352828,2008
Net Emissions: Grassland mineral soils change,West Lancashire,-4.199874251710649,2009
Net Emissions: Grassland mineral soils change,West Lancashire,-4.318401187593716,2010
Net Emissions: Grassland mineral soils change,West Lancashire,-4.33121778343526,2011
Net Emissions: Grassland mineral soils change,West Lancashire,-4.392322063614441,2012
Net Emissions: Grassland mineral soils change,West Lancashire,-4.475172714184051,2013
Net Emissions: Grassland mineral soils change,West Lancashire,-4.646617329157416,2014
Net Emissions: Grassland mineral soils change,West Lancashire,-4.728841818398121,2015
Net Emissions: Grassland mineral soils change,West Lancashire,-4.8844567660795795,2016
Net Emissions: Grassland mineral soils change,West Lancashire,-4.961210502945771,2017
Net Emissions: Grassland mineral soils change,West Lancashire,-5.187816460738984,2018
Net Emissions: Grassland mineral soils change,West Lancashire,-5.2224827330157675,2019
Net Emissions: Grassland mineral soils change,West Lancashire,-5.2582223422629815,2020
Net Emissions: Grassland mineral soils change,West Lancashire,-5.272526786619977,2021
Net Emissions: Grassland mineral soils change,West Lancashire,-5.258141987645632,2022
Net Emissions: Grassland mineral soils change,West Lancashire,-5.294038346221738,2023
Net Emissions: Grassland mineral soils change,Wyre,-6.272661136888879,2005
Net Emissions: Grassland mineral soils change,Wyre,-6.435427955966965,2006
Net Emissions: Grassland mineral soils change,Wyre,-6.651813374545025,2007
Net Emissions: Grassland mineral soils change,Wyre,-6.803772396321952,2008
Net Emissions: Grassland mineral soils change,Wyre,-6.957500222546506,2009
Net Emissions: Grassland mineral soils change,Wyre,-7.119273709258307,2010
Net Emissions: Grassland mineral soils change,Wyre,-7.21071578544424,2011
Net Emissions: Grassland mineral soils change,Wyre,-7.226134307636294,2012
Net Emissions: Grassland mineral soils change,Wyre,-7.380012188525185,2013
Net Emissions: Grassland mineral soils change,Wyre,-7.558238885107642,2014
Net Emissions: Grassland mineral soils change,Wyre,-7.665502456847004,2015
Net Emissions: Grassland mineral soils change,Wyre,-7.730441771981732,2016
Net Emissions: Grassland mineral soils change,Wyre,-7.859183395750073,2017
Net Emissions: Grassland mineral soils change,Wyre,-8.033962184861965,2018
Net Emissions: Grassland mineral soils change,Wyre,-8.075267126562357,2019
Net Emissions: Grassland mineral soils change,Wyre,-8.111090572733964,2020
Net Emissions: Grassland mineral soils change,Wyre,-8.233862604899539,2021
Net Emissions: Grassland mineral soils change,Wyre,-8.32636446099748,2022
Net Emissions: Grassland mineral soils change,Wyre,-8.43790585616237,2023
Net Emissions: Other LULUCF,Blackburn with Darwen,0.015552153221976478,2005
Net Emissions: Other LULUCF,Blackburn with Darwen,0.09419728853547507,2006
Net Emissions: Other LULUCF,Blackburn with Darwen,0.03793739020075951,2007
Net Emissions: Other LULUCF,Blackburn with Darwen,0.18469332439253444,2008
Net Emissions: Other LULUCF,Blackburn with Darwen,-0.0027491124658655178,2009
Net Emissions: Other LULUCF,Blackburn with Darwen,0.0757227955078133,2010
Net Emissions: Other LULUCF,Blackburn with Darwen,12.717654811712535,2011
Net Emissions: Other LULUCF,Blackburn with Darwen,0.01066240331640881,2012
Net Emissions: Other LULUCF,Blackburn with Darwen,-0.00847387920641042,2013
Net Emissions: Other LULUCF,Blackburn with Darwen,0.012483109638791373,2014
Net Emissions: Other LULUCF,Blackburn with Darwen,-0.05689003698442778,2015
Net Emissions: Other LULUCF,Blackburn with Darwen,0.03324911172922413,2016
Net Emissions: Other LULUCF,Blackburn with Darwen,0.05996987610618994,2017
Net Emissions: Other LULUCF,Blackburn with Darwen,0.04145538786487328,2018
Net Emissions: Other LULUCF,Blackburn with Darwen,-0.04086717375237863,2019
Net Emissions: Other LULUCF,Blackburn with Darwen,0.17040161775600463,2020
Net Emissions: Other LULUCF,Blackburn with Darwen,0.005115385243456691,2021
Net Emissions: Other LULUCF,Blackburn with Darwen,0.0050310186491705,2022
Net Emissions: Other LULUCF,Blackburn with Darwen,0.004788715931182019,2023
Net Emissions: Other LULUCF,Blackpool,-0.022991815131610024,2005
Net Emissions: Other LULUCF,Blackpool,-0.00808801773243357,2006
Net Emissions: Other LULUCF,Blackpool,0.024400113939115255,2007
Net Emissions: Other LULUCF,Blackpool,0.04011190055884092,2008
Net Emissions: Other LULUCF,Blackpool,-0.012582463744898421,2009
Net Emissions: Other LULUCF,Blackpool,0.00252011907963794,2010
Net Emissions: Other LULUCF,Blackpool,-0.024084244868681853,2011
Net Emissions: Other LULUCF,Blackpool,-0.025451520017018586,2012
Net Emissions: Other LULUCF,Blackpool,0.028518424142766074,2013
Net Emissions: Other LULUCF,Blackpool,0.0027867225991256694,2014
Net Emissions: Other LULUCF,Blackpool,-0.01453480596633752,2015
Net Emissions: Other LULUCF,Blackpool,-0.09914717829989085,2016
Net Emissions: Other LULUCF,Blackpool,0.011335489370984195,2017
Net Emissions: Other LULUCF,Blackpool,-0.0042983013786852715,2018
Net Emissions: Other LULUCF,Blackpool,0.000023090602926928785,2019
Net Emissions: Other LULUCF,Blackpool,-0.009553142769735968,2020
Net Emissions: Other LULUCF,Blackpool,-0.006560075072578961,2021
Net Emissions: Other LULUCF,Blackpool,-0.007188078607395088,2022
Net Emissions: Other LULUCF,Blackpool,-0.008709938859181619,2023
Net Emissions: Other LULUCF,Burnley,-0.049241655412037844,2005
Net Emissions: Other LULUCF,Burnley,0.05427055821732245,2006
Net Emissions: Other LULUCF,Burnley,-0.030501525112884554,2007
Net Emissions: Other LULUCF,Burnley,-0.044571507337823654,2008
Net Emissions: Other LULUCF,Burnley,-0.0827117540515026,2009
Net Emissions: Other LULUCF,Burnley,-0.030823094746739353,2010
Net Emissions: Other LULUCF,Burnley,-0.07187371885580567,2011
Net Emissions: Other LULUCF,Burnley,-0.08950669928571679,2012
Net Emissions: Other LULUCF,Burnley,-0.1204892088023646,2013
Net Emissions: Other LULUCF,Burnley,-0.06029324178411568,2014
Net Emissions: Other LULUCF,Burnley,-0.1038662599043336,2015
Net Emissions: Other LULUCF,Burnley,-0.05997922960691133,2016
Net Emissions: Other LULUCF,Burnley,-0.08587317034538548,2017
Net Emissions: Other LULUCF,Burnley,-0.05358685019080543,2018
Net Emissions: Other LULUCF,Burnley,-0.07661315789238923,2019
Net Emissions: Other LULUCF,Burnley,-0.06610028504065621,2020
Net Emissions: Other LULUCF,Burnley,-0.06609021221203355,2021
Net Emissions: Other LULUCF,Burnley,-0.06609243238557289,2022
Net Emissions: Other LULUCF,Burnley,-0.06609880877289163,2023
Net Emissions: Other LULUCF,Chorley,0.007104816330488369,2005
Net Emissions: Other LULUCF,Chorley,0.03659925877634339,2006
Net Emissions: Other LULUCF,Chorley,-0.04191893622639849,2007
Net Emissions: Other LULUCF,Chorley,0.041178759657458375,2008
Net Emissions: Other LULUCF,Chorley,-0.045649547516217914,2009
Net Emissions: Other LULUCF,Chorley,0.07902446692845053,2010
Net Emissions: Other LULUCF,Chorley,0.49717868623641454,2011
Net Emissions: Other LULUCF,Chorley,-0.11152669183549577,2012
Net Emissions: Other LULUCF,Chorley,-0.059058933841219685,2013
Net Emissions: Other LULUCF,Chorley,-0.0824121266096505,2014
Net Emissions: Other LULUCF,Chorley,-0.23869183868541247,2015
Net Emissions: Other LULUCF,Chorley,0.03135222087714701,2016
Net Emissions: Other LULUCF,Chorley,0.12065817116227862,2017
Net Emissions: Other LULUCF,Chorley,0.047453735498655,2018
Net Emissions: Other LULUCF,Chorley,-0.14607894124794318,2019
Net Emissions: Other LULUCF,Chorley,-0.009383243856779522,2020
Net Emissions: Other LULUCF,Chorley,0.015322519901648915,2021
Net Emissions: Other LULUCF,Chorley,0.010035594420488084,2022
Net Emissions: Other LULUCF,Chorley,-0.0037396733724310016,2023
Net Emissions: Other LULUCF,England Total,-98.0240658554949,2005
Net Emissions: Other LULUCF,England Total,136.80226211270144,2006
Net Emissions: Other LULUCF,England Total,-28.689131921721877,2007
Net Emissions: Other LULUCF,England Total,56.906930548445786,2008
Net Emissions: Other LULUCF,England Total,24.74926876963744,2009
Net Emissions: Other LULUCF,England Total,73.30903418350562,2010
Net Emissions: Other LULUCF,England Total,-34.89240777432726,2011
Net Emissions: Other LULUCF,England Total,20.842976414784175,2012
Net Emissions: Other LULUCF,England Total,-53.3596896888862,2013
Net Emissions: Other LULUCF,England Total,-29.82773713499753,2014
Net Emissions: Other LULUCF,England Total,-233.49131765544703,2015
Net Emissions: Other LULUCF,England Total,78.48051164648754,2016
Net Emissions: Other LULUCF,England Total,51.41946660947634,2017
Net Emissions: Other LULUCF,England Total,33.047810702947785,2018
Net Emissions: Other LULUCF,England Total,-56.24877877337861,2019
Net Emissions: Other LULUCF,England Total,98.81619647926915,2020
Net Emissions: Other LULUCF,England Total,115.05868266729772,2021
Net Emissions: Other LULUCF,England Total,124.90422844650881,2022
Net Emissions: Other LULUCF,England Total,72.62194700547614,2023
Net Emissions: Other LULUCF,Fylde,-0.3346388145871392,2005
Net Emissions: Other LULUCF,Fylde,-0.0029463082414261936,2006
Net Emissions: Other LULUCF,Fylde,-0.037561031270934096,2007
Net Emissions: Other LULUCF,Fylde,-0.13224297393118473,2008
Net Emissions: Other LULUCF,Fylde,-0.16447639102582007,2009
Net Emissions: Other LULUCF,Fylde,-0.003496415612068371,2010
Net Emissions: Other LULUCF,Fylde,-0.38819747818660133,2011
Net Emissions: Other LULUCF,Fylde,-0.22004710412305734,2012
Net Emissions: Other LULUCF,Fylde,-0.40304115438252863,2013
Net Emissions: Other LULUCF,Fylde,-0.21690822293218237,2014
Net Emissions: Other LULUCF,Fylde,-0.6459183739066799,2015
Net Emissions: Other LULUCF,Fylde,0.029071189095139394,2016
Net Emissions: Other LULUCF,Fylde,-0.1267993653141527,2017
Net Emissions: Other LULUCF,Fylde,-0.2045465185572663,2018
Net Emissions: Other LULUCF,Fylde,-0.30936753125167343,2019
Net Emissions: Other LULUCF,Fylde,-0.19196353583532477,2020
Net Emissions: Other LULUCF,Fylde,-0.13709297771849543,2021
Net Emissions: Other LULUCF,Fylde,-0.1485315943058772,2022
Net Emissions: Other LULUCF,Fylde,-0.17555756671087602,2023
Net Emissions: Other LULUCF,Hyndburn,-0.047190099686564256,2005
Net Emissions: Other LULUCF,Hyndburn,0.030277575715982268,2006
Net Emissions: Other LULUCF,Hyndburn,-0.01536728861355311,2007
Net Emissions: Other LULUCF,Hyndburn,-0.0008986571493201151,2008
Net Emissions: Other LULUCF,Hyndburn,-0.05543649869731679,2009
Net Emissions: Other LULUCF,Hyndburn,-0.03717692720249906,2010
Net Emissions: Other LULUCF,Hyndburn,-0.05658823909778616,2011
Net Emissions: Other LULUCF,Hyndburn,-0.08030419729294429,2012
Net Emissions: Other LULUCF,Hyndburn,-0.05175207231471785,2013
Net Emissions: Other LULUCF,Hyndburn,-0.06059290144644779,2014
Net Emissions: Other LULUCF,Hyndburn,-0.07944760540338927,2015
Net Emissions: Other LULUCF,Hyndburn,-0.051153272933079016,2016
Net Emissions: Other LULUCF,Hyndburn,-0.057087911459712745,2017
Net Emissions: Other LULUCF,Hyndburn,-0.051877548828571526,2018
Net Emissions: Other LULUCF,Hyndburn,-0.06699774929909372,2019
Net Emissions: Other LULUCF,Hyndburn,-0.06126749486076927,2020
Net Emissions: Other LULUCF,Hyndburn,-0.06090487303055409,2021
Net Emissions: Other LULUCF,Hyndburn,-0.060984799277770015,2022
Net Emissions: Other LULUCF,Hyndburn,-0.06121434922112599,2023
Net Emissions: Other LULUCF,Lancashire Total,-1.6793785868393658,2005
Net Emissions: Other LULUCF,Lancashire Total,0.8483282559880304,2006
Net Emissions: Other LULUCF,Lancashire Total,-0.5502356617218093,2007
Net Emissions: Other LULUCF,Lancashire Total,-0.37832039238624016,2008
Net Emissions: Other LULUCF,Lancashire Total,-1.119475496937087,2009
Net Emissions: Other LULUCF,Lancashire Total,-0.3159405771822882,2010
Net Emissions: Other LULUCF,Lancashire Total,-2.1314637044856433,2011
Net Emissions: Other LULUCF,Lancashire Total,-1.811583599420379,2012
Net Emissions: Other LULUCF,Lancashire Total,-1.7987787042532362,2013
Net Emissions: Other LULUCF,Lancashire Total,-1.3758290067235448,2014
Net Emissions: Other LULUCF,Lancashire Total,-4.419967156870327,2015
Net Emissions: Other LULUCF,Lancashire Total,-0.2770945667047221,2016
Net Emissions: Other LULUCF,Lancashire Total,-0.8271054020093052,2017
Net Emissions: Other LULUCF,Lancashire Total,-1.01538769349003,2018
Net Emissions: Other LULUCF,Lancashire Total,-2.275630732068924,2019
Net Emissions: Other LULUCF,Lancashire Total,-1.1934811918457018,2020
Net Emissions: Other LULUCF,Lancashire Total,-0.8812510340567697,2021
Net Emissions: Other LULUCF,Lancashire Total,-0.1545953212647333,2022
Net Emissions: Other LULUCF,Lancashire Total,-1.0694366419314352,2023
Net Emissions: Other LULUCF,Lancaster,-0.1926064525199162,2005
Net Emissions: Other LULUCF,Lancaster,0.07266320815778599,2006
Net Emissions: Other LULUCF,Lancaster,0.20059784573140937,2007
Net Emissions: Other LULUCF,Lancaster,0.043768036386094944,2008
Net Emissions: Other LULUCF,Lancaster,-0.1279530124143799,2009
Net Emissions: Other LULUCF,Lancaster,0.068320551420125,2010
Net Emissions: Other LULUCF,Lancaster,-0.4749868268986595,2011
Net Emissions: Other LULUCF,Lancaster,-0.2759891458090976,2012
Net Emissions: Other LULUCF,Lancaster,-0.3353913746850434,2013
Net Emissions: Other LULUCF,Lancaster,-0.25338547496765496,2014
Net Emissions: Other LULUCF,Lancaster,-0.47430480900899347,2015
Net Emissions: Other LULUCF,Lancaster,0.042228350345827614,2016
Net Emissions: Other LULUCF,Lancaster,-0.3400646288988177,2017
Net Emissions: Other LULUCF,Lancaster,-0.055671202184573026,2018
Net Emissions: Other LULUCF,Lancaster,-0.338201693673178,2019
Net Emissions: Other LULUCF,Lancaster,-0.16155717447005644,2020
Net Emissions: Other LULUCF,Lancaster,-0.14827187742206827,2021
Net Emissions: Other LULUCF,Lancaster,-0.15062557430663692,2022
Net Emissions: Other LULUCF,Lancaster,-0.1522791378044787,2023
Net Emissions: Other LULUCF,North West Total,-2.575109190490542,2005
Net Emissions: Other LULUCF,North West Total,13.488670964975478,2006
Net Emissions: Other LULUCF,North West Total,5.38284248073619,2007
Net Emissions: Other LULUCF,North West Total,10.370557271450545,2008
Net Emissions: Other LULUCF,North West Total,4.426553605001418,2009
Net Emissions: Other LULUCF,North West Total,11.597384597020197,2010
Net Emissions: Other LULUCF,North West Total,6.492480293537119,2011
Net Emissions: Other LULUCF,North West Total,3.831776540052709,2012
Net Emissions: Other LULUCF,North West Total,-3.6099804182758284,2013
Net Emissions: Other LULUCF,North West Total,2.0200649468648177,2014
Net Emissions: Other LULUCF,North West Total,-16.561805105495598,2015
Net Emissions: Other LULUCF,North West Total,9.141349327833984,2016
Net Emissions: Other LULUCF,North West Total,3.667430523661992,2017
Net Emissions: Other LULUCF,North West Total,8.517815127264637,2018
Net Emissions: Other LULUCF,North West Total,-3.7808519140400607,2019
Net Emissions: Other LULUCF,North West Total,4.189821287007728,2020
Net Emissions: Other LULUCF,North West Total,9.702491153505045,2021
Net Emissions: Other LULUCF,North West Total,6.02101596871061,2022
Net Emissions: Other LULUCF,North West Total,4.390659764119869,2023
Net Emissions: Other LULUCF,Pendle,-0.15787936170142497,2005
Net Emissions: Other LULUCF,Pendle,-0.08165663228578168,2006
Net Emissions: Other LULUCF,Pendle,-0.08513555702761298,2007
Net Emissions: Other LULUCF,Pendle,-0.14973799083293524,2008
Net Emissions: Other LULUCF,Pendle,-0.16075239925793786,2009
Net Emissions: Other LULUCF,Pendle,-0.13826311615002077,2010
Net Emissions: Other LULUCF,Pendle,-0.15132257149113987,2011
Net Emissions: Other LULUCF,Pendle,-0.1315430869152397,2012
Net Emissions: Other LULUCF,Pendle,-0.18675807191258842,2013
Net Emissions: Other LULUCF,Pendle,-0.10342666020456259,2014
Net Emissions: Other LULUCF,Pendle,-0.21786973435929638,2015
Net Emissions: Other LULUCF,Pendle,-0.15027462774360945,2016
Net Emissions: Other LULUCF,Pendle,-0.16721218543178054,2017
Net Emissions: Other LULUCF,Pendle,-0.07680898009670416,2018
Net Emissions: Other LULUCF,Pendle,-0.16705026906104306,2019
Net Emissions: Other LULUCF,Pendle,-0.1344407091213965,2020
Net Emissions: Other LULUCF,Pendle,-0.13412845143425953,2021
Net Emissions: Other LULUCF,Pendle,-0.1341972768138138,2022
Net Emissions: Other LULUCF,Pendle,-0.1343949448205968,2023
Net Emissions: Other LULUCF,Preston,-0.011811914350375454,2005
Net Emissions: Other LULUCF,Preston,0.11176224251576725,2006
Net Emissions: Other LULUCF,Preston,-0.06627320378855263,2007
Net Emissions: Other LULUCF,Preston,-0.01699459914284299,2008
Net Emissions: Other LULUCF,Preston,-0.023192108279424237,2009
Net Emissions: Other LULUCF,Preston,-0.03212990889902091,2010
Net Emissions: Other LULUCF,Preston,-0.1446431008212431,2011
Net Emissions: Other LULUCF,Preston,-0.06954942011783452,2012
Net Emissions: Other LULUCF,Preston,-0.08690129281859446,2013
Net Emissions: Other LULUCF,Preston,-0.06998282848415917,2014
Net Emissions: Other LULUCF,Preston,-0.20152894270137237,2015
Net Emissions: Other LULUCF,Preston,-0.08218196847393491,2016
Net Emissions: Other LULUCF,Preston,-0.10061348220067742,2017
Net Emissions: Other LULUCF,Preston,-0.0765299877308861,2018
Net Emissions: Other LULUCF,Preston,-0.10495511524555523,2019
Net Emissions: Other LULUCF,Preston,-0.06031591826368281,2020
Net Emissions: Other LULUCF,Preston,-0.052267728198695955,2021
Net Emissions: Other LULUCF,Preston,-0.05404164685211606,2022
Net Emissions: Other LULUCF,Preston,-0.059136380317116384,2023
Net Emissions: Other LULUCF,Ribble Valley,-0.2912088359198284,2005
Net Emissions: Other LULUCF,Ribble Valley,0.05263590982127914,2006
Net Emissions: Other LULUCF,Ribble Valley,-0.09398145386779232,2007
Net Emissions: Other LULUCF,Ribble Valley,-0.05799875517280602,2008
Net Emissions: Other LULUCF,Ribble Valley,-0.28647212408809586,2009
Net Emissions: Other LULUCF,Ribble Valley,-0.23271151679866325,2010
Net Emissions: Other LULUCF,Ribble Valley,-0.5294575017789982,2011
Net Emissions: Other LULUCF,Ribble Valley,-0.4545695595150392,2012
Net Emissions: Other LULUCF,Ribble Valley,-0.3888466119948244,2013
Net Emissions: Other LULUCF,Ribble Valley,-0.41673918304075186,2014
Net Emissions: Other LULUCF,Ribble Valley,-0.7231827376544945,2015
Net Emissions: Other LULUCF,Ribble Valley,-0.18865597377306653,2016
Net Emissions: Other LULUCF,Ribble Valley,-0.2605169294864349,2017
Net Emissions: Other LULUCF,Ribble Valley,-0.383079135551567,2018
Net Emissions: Other LULUCF,Ribble Valley,-0.4855295262520422,2019
Net Emissions: Other LULUCF,Ribble Valley,-0.3477630596837415,2020
Net Emissions: Other LULUCF,Ribble Valley,-0.3443316866495755,2021
Net Emissions: Other LULUCF,Ribble Valley,-0.3450832899768006,2022
Net Emissions: Other LULUCF,Ribble Valley,-0.34720002511829884,2023
Net Emissions: Other LULUCF,Rossendale,-0.07676679163352292,2005
Net Emissions: Other LULUCF,Rossendale,0.04803883599336525,2006
Net Emissions: Other LULUCF,Rossendale,0.018114782750994672,2007
Net Emissions: Other LULUCF,Rossendale,0.012486879183372407,2008
Net Emissions: Other LULUCF,Rossendale,-0.1422913452079913,2009
Net Emissions: Other LULUCF,Rossendale,0.0043940158742761005,2010
Net Emissions: Other LULUCF,Rossendale,-0.05126870834225201,2011
Net Emissions: Other LULUCF,Rossendale,-0.10219224301164351,2012
Net Emissions: Other LULUCF,Rossendale,-0.03695258118534712,2013
Net Emissions: Other LULUCF,Rossendale,-0.0492372339914236,2014
Net Emissions: Other LULUCF,Rossendale,-0.18789793121001078,2015
Net Emissions: Other LULUCF,Rossendale,-0.009228036040191323,2016
Net Emissions: Other LULUCF,Rossendale,-0.016986804645425645,2017
Net Emissions: Other LULUCF,Rossendale,-0.019383762579049554,2018
Net Emissions: Other LULUCF,Rossendale,-0.056022739871567716,2019
Net Emissions: Other LULUCF,Rossendale,-0.03192470244819079,2020
Net Emissions: Other LULUCF,Rossendale,-0.03192470244818285,2021
Net Emissions: Other LULUCF,Rossendale,0.7574150015518092,2022
Net Emissions: Other LULUCF,Rossendale,-0.03192470244819545,2023
Net Emissions: Other LULUCF,South Ribble,-0.022611312161395163,2005
Net Emissions: Other LULUCF,South Ribble,0.08743820940439312,2006
Net Emissions: Other LULUCF,South Ribble,-0.042710128089440504,2007
Net Emissions: Other LULUCF,South Ribble,0.13187288864596844,2008
Net Emissions: Other LULUCF,South Ribble,0.04948715978785359,2009
Net Emissions: Other LULUCF,South Ribble,0.1434725737668037,2010
Net Emissions: Other LULUCF,South Ribble,-0.11724659346150806,2011
Net Emissions: Other LULUCF,South Ribble,0.039579295125131,2012
Net Emissions: Other LULUCF,South Ribble,-0.0008059180596834969,2013
Net Emissions: Other LULUCF,South Ribble,0.0661844323334567,2014
Net Emissions: Other LULUCF,South Ribble,-0.15697818936824465,2015
Net Emissions: Other LULUCF,South Ribble,0.1228602988642725,2016
Net Emissions: Other LULUCF,South Ribble,0.043258180181685785,2017
Net Emissions: Other LULUCF,South Ribble,0.017745582789076814,2018
Net Emissions: Other LULUCF,South Ribble,-0.04839420508437066,2019
Net Emissions: Other LULUCF,South Ribble,0.03833340652994789,2020
Net Emissions: Other LULUCF,South Ribble,0.05411456981388832,2021
Net Emissions: Other LULUCF,South Ribble,0.05071504384865895,2022
Net Emissions: Other LULUCF,South Ribble,0.04165217187508766,2023
Net Emissions: Other LULUCF,West Lancashire,-0.3101124909104345,2005
Net Emissions: Other LULUCF,West Lancashire,0.23356321270777797,2006
Net Emissions: Other LULUCF,West Lancashire,-0.3613768662545709,2007
Net Emissions: Other LULUCF,West Lancashire,-0.22818140695639683,2008
Net Emissions: Other LULUCF,West Lancashire,-0.05168852849470329,2009
Net Emissions: Other LULUCF,West Lancashire,-0.11983457905152528,2010
Net Emissions: Other LULUCF,West Lancashire,-0.397478638762367,2011
Net Emissions: Other LULUCF,West Lancashire,-0.06998652543815986,2012
Net Emissions: Other LULUCF,West Lancashire,-0.12840704933229563,2013
Net Emissions: Other LULUCF,West Lancashire,-0.0787469597830357,2014
Net Emissions: Other LULUCF,West Lancashire,-0.6978095773638129,2015
Net Emissions: Other LULUCF,West Lancashire,0.06737883471768003,2016
Net Emissions: Other LULUCF,West Lancashire,0.1396915647818736,2017
Net Emissions: Other LULUCF,West Lancashire,-0.0484488958180781,2018
Net Emissions: Other LULUCF,West Lancashire,-0.243647268634961,2019
Net Emissions: Other LULUCF,West Lancashire,0.006397276241924432,2020
Net Emissions: Other LULUCF,West Lancashire,0.16125701688865307,2021
Net Emissions: Other LULUCF,West Lancashire,0.13080310288498548,2022
Net Emissions: Other LULUCF,West Lancashire,0.07603666405379095,2023
Net Emissions: Other LULUCF,Wyre,-0.19241567428721573,2005
Net Emissions: Other LULUCF,Wyre,0.2056821852052215,2006
Net Emissions: Other LULUCF,Wyre,0.005877700047526222,2007
Net Emissions: Other LULUCF,Wyre,0.022998934264175343,2008
Net Emissions: Other LULUCF,Wyre,-0.028338947691550986,2009
Net Emissions: Other LULUCF,Wyre,-0.0167166267114065,2010
Net Emissions: Other LULUCF,Wyre,-0.24557901302569687,2011
Net Emissions: Other LULUCF,Wyre,-0.24594822120128174,2012
Net Emissions: Other LULUCF,Wyre,-0.00037443492402822187,2013
Net Emissions: Other LULUCF,Wyre,-0.05028860581301742,2014
Net Emissions: Other LULUCF,Wyre,-0.6924711573042865,2015
Net Emissions: Other LULUCF,Wyre,-0.028512352033996047,2016
Net Emissions: Other LULUCF,Wyre,0.02444115964724386,2017
Net Emissions: Other LULUCF,Wyre,-0.11065413024026077,2018
Net Emissions: Other LULUCF,Wyre,-0.23277253455510652,2019
Net Emissions: Other LULUCF,Wyre,-0.1734957510369763,2020
Net Emissions: Other LULUCF,Wyre,-0.136932631547095,2021
Net Emissions: Other LULUCF,Wyre,-0.14400745005208748,2022
Net Emissions: Other LULUCF,Wyre,-0.15557988927430283,2023
Net Emissions: Peatland,Blackburn with Darwen,10.31868836257768,2005
Net Emissions: Peatland,Blackburn with Darwen,10.278229726544742,2006
Net Emissions: Peatland,Blackburn with Darwen,10.236355722213846,2007
Net Emissions: Peatland,Blackburn with Darwen,10.157674597717314,2008
Net Emissions: Peatland,Blackburn with Darwen,10.133868409530988,2009
Net Emissions: Peatland,Blackburn with Darwen,10.064840052149986,2010
Net Emissions: Peatland,Blackburn with Darwen,10.012087109629881,2011
Net Emissions: Peatland,Blackburn with Darwen,9.959171358120715,2012
Net Emissions: Peatland,Blackburn with Darwen,9.889276605968764,2013
Net Emissions: Peatland,Blackburn with Darwen,9.821977422627326,2014
Net Emissions: Peatland,Blackburn with Darwen,9.723124712764049,2015
Net Emissions: Peatland,Blackburn with Darwen,9.6019656444187,2016
Net Emissions: Peatland,Blackburn with Darwen,9.401611974871999,2017
Net Emissions: Peatland,Blackburn with Darwen,9.063204689514153,2018
Net Emissions: Peatland,Blackburn with Darwen,8.918952911681533,2019
Net Emissions: Peatland,Blackburn with Darwen,8.771931719119326,2020
Net Emissions: Peatland,Blackburn with Darwen,8.674839501979777,2021
Net Emissions: Peatland,Blackburn with Darwen,8.583376407123628,2022
Net Emissions: Peatland,Blackburn with Darwen,8.504065285967123,2023
Net Emissions: Peatland,Blackpool,1.316426104039178,2005
Net Emissions: Peatland,Blackpool,1.3155632676917683,2006
Net Emissions: Peatland,Blackpool,1.3148767727121442,2007
Net Emissions: Peatland,Blackpool,1.3143614086213633,2008
Net Emissions: Peatland,Blackpool,1.313944345585574,2009
Net Emissions: Peatland,Blackpool,1.3135817361512476,2010
Net Emissions: Peatland,Blackpool,1.3131124369013982,2011
Net Emissions: Peatland,Blackpool,1.3126463318772907,2012
Net Emissions: Peatland,Blackpool,1.3099350748666234,2013
Net Emissions: Peatland,Blackpool,1.3075471650829753,2014
Net Emissions: Peatland,Blackpool,1.3058576574837297,2015
Net Emissions: Peatland,Blackpool,1.3055974376662718,2016
Net Emissions: Peatland,Blackpool,1.3041242400691537,2017
Net Emissions: Peatland,Blackpool,1.3032998885040057,2018
Net Emissions: Peatland,Blackpool,1.3019181308447043,2019
Net Emissions: Peatland,Blackpool,1.2993438387966756,2020
Net Emissions: Peatland,Blackpool,1.2977233927689196,2021
Net Emissions: Peatland,Blackpool,1.296166641049294,2022
Net Emissions: Peatland,Blackpool,1.2950171735493632,2023
Net Emissions: Peatland,Burnley,6.002764892987788,2005
Net Emissions: Peatland,Burnley,5.993406515578251,2006
Net Emissions: Peatland,Burnley,5.983694557842051,2007
Net Emissions: Peatland,Burnley,5.977584819835295,2008
Net Emissions: Peatland,Burnley,5.9542239060750095,2009
Net Emissions: Peatland,Burnley,5.944827084341233,2010
Net Emissions: Peatland,Burnley,5.938467104956915,2011
Net Emissions: Peatland,Burnley,5.9290114081595195,2012
Net Emissions: Peatland,Burnley,5.904181236117714,2013
Net Emissions: Peatland,Burnley,5.8871979119313025,2014
Net Emissions: Peatland,Burnley,5.871338927274745,2015
Net Emissions: Peatland,Burnley,5.852634902287577,2016
Net Emissions: Peatland,Burnley,5.792509108439965,2017
Net Emissions: Peatland,Burnley,5.743079564828594,2018
Net Emissions: Peatland,Burnley,5.662932494569951,2019
Net Emissions: Peatland,Burnley,5.575196501928769,2020
Net Emissions: Peatland,Burnley,5.56730773257415,2021
Net Emissions: Peatland,Burnley,5.561693574536768,2022
Net Emissions: Peatland,Burnley,5.557995063961009,2023
Net Emissions: Peatland,Chorley,15.214690347467362,2005
Net Emissions: Peatland,Chorley,15.169430169069795,2006
Net Emissions: Peatland,Chorley,15.132315220503907,2007
Net Emissions: Peatland,Chorley,15.100855422544118,2008
Net Emissions: Peatland,Chorley,15.07165045042981,2009
Net Emissions: Peatland,Chorley,15.0358570049662,2010
Net Emissions: Peatland,Chorley,15.012236557716225,2011
Net Emissions: Peatland,Chorley,14.978072244440577,2012
Net Emissions: Peatland,Chorley,14.936370907964319,2013
Net Emissions: Peatland,Chorley,14.892449865472747,2014
Net Emissions: Peatland,Chorley,14.826948568060882,2015
Net Emissions: Peatland,Chorley,14.686328095083793,2016
Net Emissions: Peatland,Chorley,14.569051389556062,2017
Net Emissions: Peatland,Chorley,14.43570629331085,2018
Net Emissions: Peatland,Chorley,14.367224420010164,2019
Net Emissions: Peatland,Chorley,14.289158405571428,2020
Net Emissions: Peatland,Chorley,14.237018348053214,2021
Net Emissions: Peatland,Chorley,14.188713031273437,2022
Net Emissions: Peatland,Chorley,14.13541289455944,2023
Net Emissions: Peatland,England Total,6966.057941132701,2005
Net Emissions: Peatland,England Total,6919.77969068866,2006
Net Emissions: Peatland,England Total,6842.723972991267,2007
Net Emissions: Peatland,England Total,6776.684172455804,2008
Net Emissions: Peatland,England Total,6743.006171760496,2009
Net Emissions: Peatland,England Total,6709.75007209221,2010
Net Emissions: Peatland,England Total,6677.597257875766,2011
Net Emissions: Peatland,England Total,6648.378483809551,2012
Net Emissions: Peatland,England Total,6679.67142226269,2013
Net Emissions: Peatland,England Total,6569.366059885342,2014
Net Emissions: Peatland,England Total,6540.845312652614,2015
Net Emissions: Peatland,England Total,6507.411084598443,2016
Net Emissions: Peatland,England Total,6476.9815928950675,2017
Net Emissions: Peatland,England Total,6412.584687562423,2018
Net Emissions: Peatland,England Total,6389.778879457826,2019
Net Emissions: Peatland,England Total,6371.712303082182,2020
Net Emissions: Peatland,England Total,6308.528879313774,2021
Net Emissions: Peatland,England Total,6285.010506730735,2022
Net Emissions: Peatland,England Total,6266.201229416272,2023
Net Emissions: Peatland,Fylde,43.73818176956514,2005
Net Emissions: Peatland,Fylde,43.712479405182464,2006
Net Emissions: Peatland,Fylde,43.68433416710486,2007
Net Emissions: Peatland,Fylde,43.66155077499377,2008
Net Emissions: Peatland,Fylde,43.63784266931968,2009
Net Emissions: Peatland,Fylde,43.61125991059407,2010
Net Emissions: Peatland,Fylde,43.585327075323484,2011
Net Emissions: Peatland,Fylde,43.559529591398864,2012
Net Emissions: Peatland,Fylde,43.47582980329518,2013
Net Emissions: Peatland,Fylde,43.39547424787836,2014
Net Emissions: Peatland,Fylde,43.30872015974077,2015
Net Emissions: Peatland,Fylde,43.217807231835025,2016
Net Emissions: Peatland,Fylde,43.14890055283293,2017
Net Emissions: Peatland,Fylde,43.05559500616121,2018
Net Emissions: Peatland,Fylde,42.95181688696419,2019
Net Emissions: Peatland,Fylde,42.880777707707374,2020
Net Emissions: Peatland,Fylde,42.82420205566009,2021
Net Emissions: Peatland,Fylde,42.71275813698978,2022
Net Emissions: Peatland,Fylde,42.60425847443493,2023
Net Emissions: Peatland,Hyndburn,0.382054223824398,2005
Net Emissions: Peatland,Hyndburn,0.38078956854930995,2006
Net Emissions: Peatland,Hyndburn,0.3794783697538906,2007
Net Emissions: Peatland,Hyndburn,0.37812375491419403,2008
Net Emissions: Peatland,Hyndburn,0.37670335717501213,2009
Net Emissions: Peatland,Hyndburn,0.3752079526379709,2010
Net Emissions: Peatland,Hyndburn,0.3737188973938141,2011
Net Emissions: Peatland,Hyndburn,0.37213730886136676,2012
Net Emissions: Peatland,Hyndburn,0.36995725814849,2013
Net Emissions: Peatland,Hyndburn,0.3678508317143851,2014
Net Emissions: Peatland,Hyndburn,0.36549110296837517,2015
Net Emissions: Peatland,Hyndburn,0.3630935257600857,2016
Net Emissions: Peatland,Hyndburn,0.3601740766183963,2017
Net Emissions: Peatland,Hyndburn,0.2924531852483857,2018
Net Emissions: Peatland,Hyndburn,0.29093775239503733,2019
Net Emissions: Peatland,Hyndburn,0.2892668100402119,2020
Net Emissions: Peatland,Hyndburn,0.28892155963760846,2021
Net Emissions: Peatland,Hyndburn,0.28882546254088587,2022
Net Emissions: Peatland,Hyndburn,0.2888693575006776,2023
Net Emissions: Peatland,Lancashire Total,523.0070526951372,2005
Net Emissions: Peatland,Lancashire Total,520.3663274652283,2006
Net Emissions: Peatland,Lancashire Total,518.5967345692964,2007
Net Emissions: Peatland,Lancashire Total,517.1275041800502,2008
Net Emissions: Peatland,Lancashire Total,516.4838674637058,2009
Net Emissions: Peatland,Lancashire Total,515.8578071466906,2010
Net Emissions: Peatland,Lancashire Total,514.5810078539257,2011
Net Emissions: Peatland,Lancashire Total,513.4129387276653,2012
Net Emissions: Peatland,Lancashire Total,512.7249491029735,2013
Net Emissions: Peatland,Lancashire Total,510.6824759684774,2014
Net Emissions: Peatland,Lancashire Total,509.82415707461706,2015
Net Emissions: Peatland,Lancashire Total,508.7479536954918,2016
Net Emissions: Peatland,Lancashire Total,507.7754041027739,2017
Net Emissions: Peatland,Lancashire Total,505.4656455414566,2018
Net Emissions: Peatland,Lancashire Total,503.98344908828983,2019
Net Emissions: Peatland,Lancashire Total,503.4092317721911,2020
Net Emissions: Peatland,Lancashire Total,501.2259335907323,2021
Net Emissions: Peatland,Lancashire Total,499.49285680703724,2022
Net Emissions: Peatland,Lancashire Total,497.77647518965387,2023
Net Emissions: Peatland,Lancaster,88.05894987226243,2005
Net Emissions: Peatland,Lancaster,87.9376663062339,2006
Net Emissions: Peatland,Lancaster,87.784065439841,2007
Net Emissions: Peatland,Lancaster,87.65548002560789,2008
Net Emissions: Peatland,Lancaster,87.56648455562014,2009
Net Emissions: Peatland,Lancaster,87.45757931173884,2010
Net Emissions: Peatland,Lancaster,87.34432411509438,2011
Net Emissions: Peatland,Lancaster,87.24242719371944,2012
Net Emissions: Peatland,Lancaster,87.30164591810262,2013
Net Emissions: Peatland,Lancaster,87.37354721668227,2014
Net Emissions: Peatland,Lancaster,87.4468764308826,2015
Net Emissions: Peatland,Lancaster,87.54217648944127,2016
Net Emissions: Peatland,Lancaster,87.77023788053212,2017
Net Emissions: Peatland,Lancaster,87.92319994683434,2018
Net Emissions: Peatland,Lancaster,88.11264280347982,2019
Net Emissions: Peatland,Lancaster,88.44991565652539,2020
Net Emissions: Peatland,Lancaster,88.89201178260834,2021
Net Emissions: Peatland,Lancaster,88.80873924713717,2022
Net Emissions: Peatland,Lancaster,88.60370912296106,2023
Net Emissions: Peatland,North West Total,1264.3888035557316,2005
Net Emissions: Peatland,North West Total,1255.929920609707,2006
Net Emissions: Peatland,North West Total,1242.5110235426853,2007
Net Emissions: Peatland,North West Total,1231.0280748958155,2008
Net Emissions: Peatland,North West Total,1226.068437742049,2009
Net Emissions: Peatland,North West Total,1221.3143832221951,2010
Net Emissions: Peatland,North West Total,1215.1566042356724,2011
Net Emissions: Peatland,North West Total,1209.6932577751134,2012
Net Emissions: Peatland,North West Total,1217.7622427104236,2013
Net Emissions: Peatland,North West Total,1193.4586869138213,2014
Net Emissions: Peatland,North West Total,1188.285962934815,2015
Net Emissions: Peatland,North West Total,1182.0747375371832,2016
Net Emissions: Peatland,North West Total,1176.604529816615,2017
Net Emissions: Peatland,North West Total,1164.8080742156694,2018
Net Emissions: Peatland,North West Total,1160.3783961615004,2019
Net Emissions: Peatland,North West Total,1198.9115482408163,2020
Net Emissions: Peatland,North West Total,1156.1876985134218,2021
Net Emissions: Peatland,North West Total,1148.514153442098,2022
Net Emissions: Peatland,North West Total,1143.1329993875777,2023
Net Emissions: Peatland,Pendle,5.586560086212017,2005
Net Emissions: Peatland,Pendle,5.568183808906104,2006
Net Emissions: Peatland,Pendle,5.556398911655665,2007
Net Emissions: Peatland,Pendle,5.553649953938528,2008
Net Emissions: Peatland,Pendle,5.538626612790945,2009
Net Emissions: Peatland,Pendle,5.52724560048206,2010
Net Emissions: Peatland,Pendle,5.511516537679242,2011
Net Emissions: Peatland,Pendle,5.494950132645041,2012
Net Emissions: Peatland,Pendle,5.472836924453839,2013
Net Emissions: Peatland,Pendle,5.4505296646167825,2014
Net Emissions: Peatland,Pendle,5.4185018349748075,2015
Net Emissions: Peatland,Pendle,5.394018691629749,2016
Net Emissions: Peatland,Pendle,5.363722035093892,2017
Net Emissions: Peatland,Pendle,5.335238234771261,2018
Net Emissions: Peatland,Pendle,5.305929808015518,2019
Net Emissions: Peatland,Pendle,5.220319694746927,2020
Net Emissions: Peatland,Pendle,4.6985944386593985,2021
Net Emissions: Peatland,Pendle,4.697193726386198,2022
Net Emissions: Peatland,Pendle,4.697354939473187,2023
Net Emissions: Peatland,Preston,1.6255290212697973,2005
Net Emissions: Peatland,Preston,1.6243944419352547,2006
Net Emissions: Peatland,Preston,1.6231189046404226,2007
Net Emissions: Peatland,Preston,1.6221830175025669,2008
Net Emissions: Peatland,Preston,1.621156185303718,2009
Net Emissions: Peatland,Preston,1.6201918238250321,2010
Net Emissions: Peatland,Preston,1.6192969788468152,2011
Net Emissions: Peatland,Preston,1.6183939472753515,2012
Net Emissions: Peatland,Preston,1.611699569813187,2013
Net Emissions: Peatland,Preston,1.604841689700164,2014
Net Emissions: Peatland,Preston,1.5979747440255399,2015
Net Emissions: Peatland,Preston,1.5911747507222804,2016
Net Emissions: Peatland,Preston,1.5845482363062289,2017
Net Emissions: Peatland,Preston,1.5773263679927159,2018
Net Emissions: Peatland,Preston,1.5701707326325935,2019
Net Emissions: Peatland,Preston,1.5628956459358392,2020
Net Emissions: Peatland,Preston,1.5558179231342426,2021
Net Emissions: Peatland,Preston,1.5491134188151388,2022
Net Emissions: Peatland,Preston,1.5434752419516657,2023
Net Emissions: Peatland,Ribble Valley,15.827279570030463,2005
Net Emissions: Peatland,Ribble Valley,15.75792838331663,2006
Net Emissions: Peatland,Ribble Valley,15.70332639593801,2007
Net Emissions: Peatland,Ribble Valley,15.611395889271693,2008
Net Emissions: Peatland,Ribble Valley,15.545772637336748,2009
Net Emissions: Peatland,Ribble Valley,15.479448400722818,2010
Net Emissions: Peatland,Ribble Valley,15.397371098598601,2011
Net Emissions: Peatland,Ribble Valley,15.31318555488777,2012
Net Emissions: Peatland,Ribble Valley,15.228971185793808,2013
Net Emissions: Peatland,Ribble Valley,15.164796079000663,2014
Net Emissions: Peatland,Ribble Valley,15.095093491542638,2015
Net Emissions: Peatland,Ribble Valley,15.023828736958254,2016
Net Emissions: Peatland,Ribble Valley,14.943605601833392,2017
Net Emissions: Peatland,Ribble Valley,14.86806528266517,2018
Net Emissions: Peatland,Ribble Valley,14.79420739083092,2019
Net Emissions: Peatland,Ribble Valley,14.789973312457196,2020
Net Emissions: Peatland,Ribble Valley,14.70165225334084,2021
Net Emissions: Peatland,Ribble Valley,14.408620241144277,2022
Net Emissions: Peatland,Ribble Valley,14.093739042080687,2023
Net Emissions: Peatland,Rossendale,11.15406195309852,2005
Net Emissions: Peatland,Rossendale,11.128128080334148,2006
Net Emissions: Peatland,Rossendale,11.100392973930383,2007
Net Emissions: Peatland,Rossendale,11.073793166438625,2008
Net Emissions: Peatland,Rossendale,11.03133929934951,2009
Net Emissions: Peatland,Rossendale,11.001511781175186,2010
Net Emissions: Peatland,Rossendale,10.972817252106022,2011
Net Emissions: Peatland,Rossendale,10.942324250071538,2012
Net Emissions: Peatland,Rossendale,10.88068012885288,2013
Net Emissions: Peatland,Rossendale,10.823218367338054,2014
Net Emissions: Peatland,Rossendale,10.757970817970417,2015
Net Emissions: Peatland,Rossendale,10.691762697603796,2016
Net Emissions: Peatland,Rossendale,10.476447255244326,2017
Net Emissions: Peatland,Rossendale,10.278614961610414,2018
Net Emissions: Peatland,Rossendale,10.18177640391289,2019
Net Emissions: Peatland,Rossendale,10.10290958614265,2020
Net Emissions: Peatland,Rossendale,10.074787338547024,2021
Net Emissions: Peatland,Rossendale,10.057411344919368,2022
Net Emissions: Peatland,Rossendale,10.04793220647137,2023
Net Emissions: Peatland,South Ribble,5.367398558793562,2005
Net Emissions: Peatland,South Ribble,5.364587840580885,2006
Net Emissions: Peatland,South Ribble,5.361688072376811,2007
Net Emissions: Peatland,South Ribble,5.358948929600688,2008
Net Emissions: Peatland,South Ribble,5.35624180635876,2009
Net Emissions: Peatland,South Ribble,5.353588146587151,2010
Net Emissions: Peatland,South Ribble,5.3506865460391735,2011
Net Emissions: Peatland,South Ribble,5.347778728514031,2012
Net Emissions: Peatland,South Ribble,5.34123045203799,2013
Net Emissions: Peatland,South Ribble,5.3326184453761085,2014
Net Emissions: Peatland,South Ribble,5.323823877475957,2015
Net Emissions: Peatland,South Ribble,5.315185709496788,2016
Net Emissions: Peatland,South Ribble,5.3065984449581975,2017
Net Emissions: Peatland,South Ribble,5.291031306900424,2018
Net Emissions: Peatland,South Ribble,5.270301937946169,2019
Net Emissions: Peatland,South Ribble,5.253778388909314,2020
Net Emissions: Peatland,South Ribble,5.233612497689942,2021
Net Emissions: Peatland,South Ribble,5.212341029377278,2022
Net Emissions: Peatland,South Ribble,5.191714445281518,2023
Net Emissions: Peatland,West Lancashire,238.1425038020464,2005
Net Emissions: Peatland,West Lancashire,235.88612522750066,2006
Net Emissions: Peatland,West Lancashire,234.49878255721268,2007
Net Emissions: Peatland,West Lancashire,233.38853627687453,2008
Net Emissions: Peatland,West Lancashire,233.09558408978074,2009
Net Emissions: Peatland,West Lancashire,232.80299052096143,2010
Net Emissions: Peatland,West Lancashire,231.87209346636965,2011
Net Emissions: Peatland,West Lancashire,231.05710612649943,2012
Net Emissions: Peatland,West Lancashire,230.74099350957707,2013
Net Emissions: Peatland,West Lancashire,229.0346361449459,2014
Net Emissions: Peatland,West Lancashire,228.56187523187745,2015
Net Emissions: Peatland,West Lancashire,227.9227943371298,2016
Net Emissions: Peatland,West Lancashire,227.40155093899668,2017
Net Emissions: Peatland,West Lancashire,225.7579645676294,2018
Net Emissions: Peatland,West Lancashire,224.75553452907175,2019
Net Emissions: Peatland,West Lancashire,224.3881305638697,2020
Net Emissions: Peatland,West Lancashire,222.8442575827694,2021
Net Emissions: Peatland,West Lancashire,221.9399511967212,2022
Net Emissions: Peatland,West Lancashire,221.15623915180788,2023
Net Emissions: Peatland,Wyre,91.90707859757933,2005
Net Emissions: Peatland,Wyre,91.843207718041,2006
Net Emissions: Peatland,Wyre,91.7891389984967,2007
Net Emissions: Peatland,Wyre,91.74540214852824,2008
Net Emissions: Peatland,Wyre,91.6882418941658,2009
Net Emissions: Peatland,Wyre,91.64809960865855,2010
Net Emissions: Peatland,Wyre,91.60315222380137,2011
Net Emissions: Peatland,Wyre,91.55802224119226,2012
Net Emissions: Peatland,Wyre,91.46055220881638,2013
Net Emissions: Peatland,Wyre,91.35531550382065,2014
Net Emissions: Peatland,Wyre,91.24954188782289,2015
Net Emissions: Peatland,Wyre,91.14714852754338,2016
Net Emissions: Peatland,Wyre,91.05805858236172,2017
Net Emissions: Peatland,Wyre,90.90737082350388,2018
Net Emissions: Peatland,Wyre,90.71997392846086,2019
Net Emissions: Peatland,Wyre,90.60690949835629,2020
Net Emissions: Peatland,Wyre,90.30775007805815,2021
Net Emissions: Peatland,Wyre,90.0674963971958,2022
Net Emissions: Peatland,Wyre,89.85577524917038,2023
Net Emissions: Settlements,Blackburn with Darwen,4.507252614734063,2005
Net Emissions: Settlements,Blackburn with Darwen,4.392556436945519,2006
Net Emissions: Settlements,Blackburn with Darwen,4.265990727559008,2007
Net Emissions: Settlements,Blackburn with Darwen,4.10364936388003,2008
Net Emissions: Settlements,Blackburn with Darwen,3.968312438141957,2009
Net Emissions: Settlements,Blackburn with Darwen,3.796286619906554,2010
Net Emissions: Settlements,Blackburn with Darwen,3.645195742866353,2011
Net Emissions: Settlements,Blackburn with Darwen,3.504908483586549,2012
Net Emissions: Settlements,Blackburn with Darwen,3.3850989502077824,2013
Net Emissions: Settlements,Blackburn with Darwen,3.311728252150441,2014
Net Emissions: Settlements,Blackburn with Darwen,3.153964091226718,2015
Net Emissions: Settlements,Blackburn with Darwen,3.0402507484906662,2016
Net Emissions: Settlements,Blackburn with Darwen,3.050499744191795,2017
Net Emissions: Settlements,Blackburn with Darwen,3.0508764424672092,2018
Net Emissions: Settlements,Blackburn with Darwen,3.0960658485053716,2019
Net Emissions: Settlements,Blackburn with Darwen,3.1523855705242942,2020
Net Emissions: Settlements,Blackburn with Darwen,3.1306264242343227,2021
Net Emissions: Settlements,Blackburn with Darwen,3.2206862193379906,2022
Net Emissions: Settlements,Blackburn with Darwen,3.2218103583525246,2023
Net Emissions: Settlements,Blackpool,2.5780988196054935,2005
Net Emissions: Settlements,Blackpool,2.6125966831820846,2006
Net Emissions: Settlements,Blackpool,2.614178800155235,2007
Net Emissions: Settlements,Blackpool,2.5354540482572454,2008
Net Emissions: Settlements,Blackpool,2.4869915881365032,2009
Net Emissions: Settlements,Blackpool,2.4532022036211893,2010
Net Emissions: Settlements,Blackpool,2.3972809858765287,2011
Net Emissions: Settlements,Blackpool,2.354546916670038,2012
Net Emissions: Settlements,Blackpool,2.333244357990487,2013
Net Emissions: Settlements,Blackpool,2.333298547741074,2014
Net Emissions: Settlements,Blackpool,2.2347985170099367,2015
Net Emissions: Settlements,Blackpool,2.209831422083921,2016
Net Emissions: Settlements,Blackpool,2.165018177769364,2017
Net Emissions: Settlements,Blackpool,2.2466688007188877,2018
Net Emissions: Settlements,Blackpool,2.1679801844645255,2019
Net Emissions: Settlements,Blackpool,2.1630730562240914,2020
Net Emissions: Settlements,Blackpool,2.139001157318902,2021
Net Emissions: Settlements,Blackpool,2.176223994051012,2022
Net Emissions: Settlements,Blackpool,2.1689921966910113,2023
Net Emissions: Settlements,Burnley,2.778021616568563,2005
Net Emissions: Settlements,Burnley,2.666816560169618,2006
Net Emissions: Settlements,Burnley,2.6247182287904023,2007
Net Emissions: Settlements,Burnley,2.554367362229546,2008
Net Emissions: Settlements,Burnley,2.4668789443170303,2009
Net Emissions: Settlements,Burnley,2.40242493153378,2010
Net Emissions: Settlements,Burnley,2.320818632720671,2011
Net Emissions: Settlements,Burnley,2.2113643824535627,2012
Net Emissions: Settlements,Burnley,2.1367187433965533,2013
Net Emissions: Settlements,Burnley,2.1062505236736597,2014
Net Emissions: Settlements,Burnley,2.0242100924354625,2015
Net Emissions: Settlements,Burnley,1.990445556139142,2016
Net Emissions: Settlements,Burnley,1.9222206357222438,2017
Net Emissions: Settlements,Burnley,1.9798009679938882,2018
Net Emissions: Settlements,Burnley,2.0305286728392193,2019
Net Emissions: Settlements,Burnley,2.0537938305188796,2020
Net Emissions: Settlements,Burnley,2.0456304753067522,2021
Net Emissions: Settlements,Burnley,2.117060357679574,2022
Net Emissions: Settlements,Burnley,2.1235026607723,2023
Net Emissions: Settlements,Chorley,4.552187765898077,2005
Net Emissions: Settlements,Chorley,4.328378164157044,2006
Net Emissions: Settlements,Chorley,4.216288646634554,2007
Net Emissions: Settlements,Chorley,3.975521011100432,2008
Net Emissions: Settlements,Chorley,3.835466975950261,2009
Net Emissions: Settlements,Chorley,3.783917164967129,2010
Net Emissions: Settlements,Chorley,3.6566596035605134,2011
Net Emissions: Settlements,Chorley,3.590275599562675,2012
Net Emissions: Settlements,Chorley,3.468915397024241,2013
Net Emissions: Settlements,Chorley,3.3349464609972923,2014
Net Emissions: Settlements,Chorley,3.29165991603513,2015
Net Emissions: Settlements,Chorley,3.2170311145122064,2016
Net Emissions: Settlements,Chorley,3.288398089787652,2017
Net Emissions: Settlements,Chorley,3.42287852789285,2018
Net Emissions: Settlements,Chorley,3.4317234578973586,2019
Net Emissions: Settlements,Chorley,3.403943011229828,2020
Net Emissions: Settlements,Chorley,3.396218877985816,2021
Net Emissions: Settlements,Chorley,3.5191685841785647,2022
Net Emissions: Settlements,Chorley,3.536678485542792,2023
Net Emissions: Settlements,England Total,1834.9898129382173,2005
Net Emissions: Settlements,England Total,1793.4014160271329,2006
Net Emissions: Settlements,England Total,1751.6517747911016,2007
Net Emissions: Settlements,England Total,1700.4191547342273,2008
Net Emissions: Settlements,England Total,1635.8671269487772,2009
Net Emissions: Settlements,England Total,1598.5705690735085,2010
Net Emissions: Settlements,England Total,1548.821515124042,2011
Net Emissions: Settlements,England Total,1508.6687793775434,2012
Net Emissions: Settlements,England Total,1464.2157552326041,2013
Net Emissions: Settlements,England Total,1437.5664412541826,2014
Net Emissions: Settlements,England Total,1395.1401056474006,2015
Net Emissions: Settlements,England Total,1373.046295227138,2016
Net Emissions: Settlements,England Total,1355.9807782637868,2017
Net Emissions: Settlements,England Total,1391.3374055938764,2018
Net Emissions: Settlements,England Total,1387.499514169891,2019
Net Emissions: Settlements,England Total,1415.7519339434364,2020
Net Emissions: Settlements,England Total,1406.9164862932212,2021
Net Emissions: Settlements,England Total,1444.750227301975,2022
Net Emissions: Settlements,England Total,1446.7599854700688,2023
Net Emissions: Settlements,Fylde,3.404586857667589,2005
Net Emissions: Settlements,Fylde,3.345577071667481,2006
Net Emissions: Settlements,Fylde,3.248195240182887,2007
Net Emissions: Settlements,Fylde,3.0907941649149917,2008
Net Emissions: Settlements,Fylde,3.009299655399103,2009
Net Emissions: Settlements,Fylde,2.9453870421428556,2010
Net Emissions: Settlements,Fylde,2.8236096792459344,2011
Net Emissions: Settlements,Fylde,2.690656234536365,2012
Net Emissions: Settlements,Fylde,2.564283187188968,2013
Net Emissions: Settlements,Fylde,2.498933882006688,2014
Net Emissions: Settlements,Fylde,2.466450008382259,2015
Net Emissions: Settlements,Fylde,2.4315962992934983,2016
Net Emissions: Settlements,Fylde,2.474788951703597,2017
Net Emissions: Settlements,Fylde,2.614162987179831,2018
Net Emissions: Settlements,Fylde,2.6212208931623144,2019
Net Emissions: Settlements,Fylde,2.792309153522073,2020
Net Emissions: Settlements,Fylde,2.792523848243556,2021
Net Emissions: Settlements,Fylde,2.897587161218846,2022
Net Emissions: Settlements,Fylde,2.9191651529594833,2023
Net Emissions: Settlements,Hyndburn,2.6493863977180774,2005
Net Emissions: Settlements,Hyndburn,2.532953041518153,2006
Net Emissions: Settlements,Hyndburn,2.4777624267730296,2007
Net Emissions: Settlements,Hyndburn,2.385593932948841,2008
Net Emissions: Settlements,Hyndburn,2.267458326353754,2009
Net Emissions: Settlements,Hyndburn,2.216683620058341,2010
Net Emissions: Settlements,Hyndburn,2.1222126868994713,2011
Net Emissions: Settlements,Hyndburn,2.046756218750011,2012
Net Emissions: Settlements,Hyndburn,1.9742064820098923,2013
Net Emissions: Settlements,Hyndburn,1.916111325921673,2014
Net Emissions: Settlements,Hyndburn,1.8219276294906224,2015
Net Emissions: Settlements,Hyndburn,1.7428515846269426,2016
Net Emissions: Settlements,Hyndburn,1.6636798264467834,2017
Net Emissions: Settlements,Hyndburn,1.713767700454693,2018
Net Emissions: Settlements,Hyndburn,1.712309571953858,2019
Net Emissions: Settlements,Hyndburn,1.7836410277307977,2020
Net Emissions: Settlements,Hyndburn,1.7708912573440423,2021
Net Emissions: Settlements,Hyndburn,1.8208563907836832,2022
Net Emissions: Settlements,Hyndburn,1.8210193616652226,2023
Net Emissions: Settlements,Lancashire Total,44.67003465921425,2005
Net Emissions: Settlements,Lancashire Total,43.17637852020782,2006
Net Emissions: Settlements,Lancashire Total,42.092173502801856,2007
Net Emissions: Settlements,Lancashire Total,40.2515767770156,2008
Net Emissions: Settlements,Lancashire Total,38.646082099560104,2009
Net Emissions: Settlements,Lancashire Total,37.66474560171541,2010
Net Emissions: Settlements,Lancashire Total,36.268440190390585,2011
Net Emissions: Settlements,Lancashire Total,34.901209009078606,2012
Net Emissions: Settlements,Lancashire Total,33.691220423425506,2013
Net Emissions: Settlements,Lancashire Total,33.017093025697996,2014
Net Emissions: Settlements,Lancashire Total,32.24796756229531,2015
Net Emissions: Settlements,Lancashire Total,31.668574284763128,2016
Net Emissions: Settlements,Lancashire Total,31.577170015930278,2017
Net Emissions: Settlements,Lancashire Total,32.282119305989596,2018
Net Emissions: Settlements,Lancashire Total,32.51206622165548,2019
Net Emissions: Settlements,Lancashire Total,33.40462464432423,2020
Net Emissions: Settlements,Lancashire Total,33.31196585703698,2021
Net Emissions: Settlements,Lancashire Total,34.47310047065882,2022
Net Emissions: Settlements,Lancashire Total,34.62761151754102,2023
Net Emissions: Settlements,Lancaster,4.625631032534451,2005
Net Emissions: Settlements,Lancaster,4.436893033914336,2006
Net Emissions: Settlements,Lancaster,4.394229701436631,2007
Net Emissions: Settlements,Lancaster,4.170478735366872,2008
Net Emissions: Settlements,Lancaster,3.925134448644666,2009
Net Emissions: Settlements,Lancaster,3.804630837721038,2010
Net Emissions: Settlements,Lancaster,3.676534063080611,2011
Net Emissions: Settlements,Lancaster,3.519121347251833,2012
Net Emissions: Settlements,Lancaster,3.341526945529504,2013
Net Emissions: Settlements,Lancaster,3.3534876789540387,2014
Net Emissions: Settlements,Lancaster,3.2571313960692945,2015
Net Emissions: Settlements,Lancaster,3.225953441185967,2016
Net Emissions: Settlements,Lancaster,3.128150567774779,2017
Net Emissions: Settlements,Lancaster,3.2224379502995437,2018
Net Emissions: Settlements,Lancaster,3.368506507235398,2019
Net Emissions: Settlements,Lancaster,3.416524261522275,2020
Net Emissions: Settlements,Lancaster,3.40991234780147,2021
Net Emissions: Settlements,Lancaster,3.537767413878322,2022
Net Emissions: Settlements,Lancaster,3.555927828111943,2023
Net Emissions: Settlements,North West Total,243.0037083660102,2005
Net Emissions: Settlements,North West Total,235.5508381626936,2006
Net Emissions: Settlements,North West Total,229.42225342586622,2007
Net Emissions: Settlements,North West Total,221.95249102655228,2008
Net Emissions: Settlements,North West Total,213.48731315255137,2009
Net Emissions: Settlements,North West Total,208.1449592042939,2010
Net Emissions: Settlements,North West Total,201.74509303096318,2011
Net Emissions: Settlements,North West Total,195.46202671538288,2012
Net Emissions: Settlements,North West Total,189.67913285591405,2013
Net Emissions: Settlements,North West Total,186.83980038488352,2014
Net Emissions: Settlements,North West Total,182.2324485357289,2015
Net Emissions: Settlements,North West Total,178.39873888984215,2016
Net Emissions: Settlements,North West Total,176.35222459156859,2017
Net Emissions: Settlements,North West Total,179.31990312433243,2018
Net Emissions: Settlements,North West Total,180.13877031618406,2019
Net Emissions: Settlements,North West Total,185.25674211775308,2020
Net Emissions: Settlements,North West Total,184.46432562391743,2021
Net Emissions: Settlements,North West Total,190.35992002837202,2022
Net Emissions: Settlements,North West Total,190.9435457771376,2023
Net Emissions: Settlements,Pendle,2.613941698116538,2005
Net Emissions: Settlements,Pendle,2.538780867093085,2006
Net Emissions: Settlements,Pendle,2.4620323282021404,2007
Net Emissions: Settlements,Pendle,2.362709476263223,2008
Net Emissions: Settlements,Pendle,2.282844127531697,2009
Net Emissions: Settlements,Pendle,2.210529820520132,2010
Net Emissions: Settlements,Pendle,2.137785636724929,2011
Net Emissions: Settlements,Pendle,2.0174050743891883,2012
Net Emissions: Settlements,Pendle,1.976357406998628,2013
Net Emissions: Settlements,Pendle,1.9368863189669563,2014
Net Emissions: Settlements,Pendle,1.8818233650126386,2015
Net Emissions: Settlements,Pendle,1.8805837019796958,2016
Net Emissions: Settlements,Pendle,1.8520214091368334,2017
Net Emissions: Settlements,Pendle,1.8032003918623936,2018
Net Emissions: Settlements,Pendle,1.8341455120900048,2019
Net Emissions: Settlements,Pendle,1.8686606997188604,2020
Net Emissions: Settlements,Pendle,1.8603243234497764,2021
Net Emissions: Settlements,Pendle,1.9232516563238065,2022
Net Emissions: Settlements,Pendle,1.9282849825981807,2023
Net Emissions: Settlements,Preston,4.76386536896873,2005
Net Emissions: Settlements,Preston,4.65603822726379,2006
Net Emissions: Settlements,Preston,4.486329266694541,2007
Net Emissions: Settlements,Preston,4.314315470855661,2008
Net Emissions: Settlements,Preston,4.141464604841503,2009
Net Emissions: Settlements,Preston,4.020492729940525,2010
Net Emissions: Settlements,Preston,3.9159506981128995,2011
Net Emissions: Settlements,Preston,3.752316092210454,2012
Net Emissions: Settlements,Preston,3.662543360883078,2013
Net Emissions: Settlements,Preston,3.538387394083545,2014
Net Emissions: Settlements,Preston,3.4244133007887667,2015
Net Emissions: Settlements,Preston,3.3603707821085322,2016
Net Emissions: Settlements,Preston,3.4375152523309374,2017
Net Emissions: Settlements,Preston,3.4485657102148126,2018
Net Emissions: Settlements,Preston,3.419120774537414,2019
Net Emissions: Settlements,Preston,3.4853717557793376,2020
Net Emissions: Settlements,Preston,3.467150627764918,2021
Net Emissions: Settlements,Preston,3.5739590112774917,2022
Net Emissions: Settlements,Preston,3.581495727453535,2023
Net Emissions: Settlements,Ribble Valley,2.730527294760017,2005
Net Emissions: Settlements,Ribble Valley,2.564240336733926,2006
Net Emissions: Settlements,Ribble Valley,2.4896807390722775,2007
Net Emissions: Settlements,Ribble Valley,2.3688724609236402,2008
Net Emissions: Settlements,Ribble Valley,2.201985559535929,2009
Net Emissions: Settlements,Ribble Valley,2.1152561100179814,2010
Net Emissions: Settlements,Ribble Valley,2.053030381067665,2011
Net Emissions: Settlements,Ribble Valley,1.9310187461746895,2012
Net Emissions: Settlements,Ribble Valley,1.900802862044094,2013
Net Emissions: Settlements,Ribble Valley,1.808562827605813,2014
Net Emissions: Settlements,Ribble Valley,1.7291100697425745,2015
Net Emissions: Settlements,Ribble Valley,1.658260578619133,2016
Net Emissions: Settlements,Ribble Valley,1.6796212972685096,2017
Net Emissions: Settlements,Ribble Valley,1.6904685449157308,2018
Net Emissions: Settlements,Ribble Valley,1.741107692047534,2019
Net Emissions: Settlements,Ribble Valley,1.7626815757263832,2020
Net Emissions: Settlements,Ribble Valley,1.7531980780779821,2021
Net Emissions: Settlements,Ribble Valley,1.8085295567329558,2022
Net Emissions: Settlements,Ribble Valley,1.811741171243263,2023
Net Emissions: Settlements,Rossendale,3.032848610393112,2005
Net Emissions: Settlements,Rossendale,2.88403403323755,2006
Net Emissions: Settlements,Rossendale,2.780679481123907,2007
Net Emissions: Settlements,Rossendale,2.6418888171717043,2008
Net Emissions: Settlements,Rossendale,2.501383372285626,2009
Net Emissions: Settlements,Rossendale,2.385704654305599,2010
Net Emissions: Settlements,Rossendale,2.227929460382695,2011
Net Emissions: Settlements,Rossendale,2.120043944144448,2012
Net Emissions: Settlements,Rossendale,1.9447643332214333,2013
Net Emissions: Settlements,Rossendale,1.9409821300310637,2014
Net Emissions: Settlements,Rossendale,1.9137744486795594,2015
Net Emissions: Settlements,Rossendale,1.8551079285098575,2016
Net Emissions: Settlements,Rossendale,1.8706262470085824,2017
Net Emissions: Settlements,Rossendale,1.8753734497197174,2018
Net Emissions: Settlements,Rossendale,1.9078214165871468,2019
Net Emissions: Settlements,Rossendale,2.026474015771595,2020
Net Emissions: Settlements,Rossendale,2.0357283523979115,2021
Net Emissions: Settlements,Rossendale,2.1394969414229155,2022
Net Emissions: Settlements,Rossendale,2.162712830407605,2023
Net Emissions: Settlements,South Ribble,4.680124476812079,2005
Net Emissions: Settlements,South Ribble,4.632400585411245,2006
Net Emissions: Settlements,South Ribble,4.390025674915973,2007
Net Emissions: Settlements,South Ribble,4.23138011479492,2008
Net Emissions: Settlements,South Ribble,4.089397014798634,2009
Net Emissions: Settlements,South Ribble,4.00758139437567,2010
Net Emissions: Settlements,South Ribble,3.85629071402841,2011
Net Emissions: Settlements,South Ribble,3.769063172118003,2012
Net Emissions: Settlements,South Ribble,3.717082068891863,2013
Net Emissions: Settlements,South Ribble,3.6924753990809434,2014
Net Emissions: Settlements,South Ribble,3.6451127220379003,2015
Net Emissions: Settlements,South Ribble,3.5939814856601733,2016
Net Emissions: Settlements,South Ribble,3.5554475096234985,2017
Net Emissions: Settlements,South Ribble,3.5514071122946174,2018
Net Emissions: Settlements,South Ribble,3.637006596504301,2019
Net Emissions: Settlements,South Ribble,3.872369253467018,2020
Net Emissions: Settlements,South Ribble,3.870015661071198,2021
Net Emissions: Settlements,South Ribble,4.017905740013873,2022
Net Emissions: Settlements,South Ribble,4.044203461730869,2023
Net Emissions: Settlements,West Lancashire,4.569339095269041,2005
Net Emissions: Settlements,West Lancashire,4.45549419602759,2006
Net Emissions: Settlements,West Lancashire,4.44262028952083,2007
Net Emissions: Settlements,West Lancashire,4.288103274403895,2008
Net Emissions: Settlements,West Lancashire,4.23265046183452,2009
Net Emissions: Settlements,West Lancashire,4.137239108107228,2010
Net Emissions: Settlements,West Lancashire,3.978667667001827,2011
Net Emissions: Settlements,West Lancashire,3.9029426017728976,2012
Net Emissions: Settlements,West Lancashire,3.788435824135264,2013
Net Emissions: Settlements,West Lancashire,3.652507878811283,2014
Net Emissions: Settlements,West Lancashire,3.6199078296047253,2015
Net Emissions: Settlements,West Lancashire,3.6494475713690013,2016
Net Emissions: Settlements,West Lancashire,3.661879209373419,2017
Net Emissions: Settlements,West Lancashire,3.79640795308951,2018
Net Emissions: Settlements,West Lancashire,3.6804004844103693,2019
Net Emissions: Settlements,West Lancashire,3.775795181151173,2020
Net Emissions: Settlements,West Lancashire,3.756777991528666,2021
Net Emissions: Settlements,West Lancashire,3.8585692714412327,2022
Net Emissions: Settlements,West Lancashire,3.8694667245964105,2023
Net Emissions: Settlements,Wyre,4.269574444507977,2005
Net Emissions: Settlements,Wyre,4.134772403014004,2006
Net Emissions: Settlements,Wyre,4.07961147945468,2007
Net Emissions: Settlements,Wyre,3.86755195604187,2008
Net Emissions: Settlements,Wyre,3.6921186080673793,2009
Net Emissions: Settlements,Wyre,3.634898188025133,2010
Net Emissions: Settlements,Wyre,3.498950967564954,2011
Net Emissions: Settlements,Wyre,3.3502455957144788,2012
Net Emissions: Settlements,Wyre,3.2155838121019866,2013
Net Emissions: Settlements,Wyre,3.237561205565041,2014
Net Emissions: Settlements,Wyre,3.1724467840163753,2015
Net Emissions: Settlements,Wyre,3.062944240758984,2016
Net Emissions: Settlements,Wyre,3.042821019753441,2017
Net Emissions: Settlements,Wyre,3.163648010072009,2018
Net Emissions: Settlements,Wyre,3.128174642390556,2019
Net Emissions: Settlements,Wyre,3.163060878186012,2020
Net Emissions: Settlements,Wyre,3.1535940160648948,2021
Net Emissions: Settlements,Wyre,3.258948385707555,2022
Net Emissions: Settlements,Wyre,3.27341313045942,2023
Per Capita Emissions (t CO2e),Blackburn with Darwen,8.816065403341247,2005
Per Capita Emissions (t CO2e),Blackburn with Darwen,8.781316870594884,2006
Per Capita Emissions (t CO2e),Blackburn with Darwen,8.437491022337376,2007
Per Capita Emissions (t CO2e),Blackburn with Darwen,8.59874230524304,2008
Per Capita Emissions (t CO2e),Blackburn with Darwen,7.5830692413577925,2009
Per Capita Emissions (t CO2e),Blackburn with Darwen,8.446666110179747,2010
Per Capita Emissions (t CO2e),Blackburn with Darwen,7.023620129853986,2011
Per Capita Emissions (t CO2e),Blackburn with Darwen,6.390551294175389,2012
Per Capita Emissions (t CO2e),Blackburn with Darwen,6.204422598555089,2013
Per Capita Emissions (t CO2e),Blackburn with Darwen,5.437493424763838,2014
Per Capita Emissions (t CO2e),Blackburn with Darwen,5.078332128694248,2015
Per Capita Emissions (t CO2e),Blackburn with Darwen,4.730981171244205,2016
Per Capita Emissions (t CO2e),Blackburn with Darwen,4.753582413041912,2017
Per Capita Emissions (t CO2e),Blackburn with Darwen,4.640261929691093,2018
Per Capita Emissions (t CO2e),Blackburn with Darwen,4.784229360444723,2019
Per Capita Emissions (t CO2e),Blackburn with Darwen,4.471151281886657,2020
Per Capita Emissions (t CO2e),Blackburn with Darwen,4.291050001443083,2021
Per Capita Emissions (t CO2e),Blackburn with Darwen,3.6607420046823975,2022
Per Capita Emissions (t CO2e),Blackburn with Darwen,3.377836946417985,2023
Per Capita Emissions (t CO2e),Blackpool,6.362800796100557,2005
Per Capita Emissions (t CO2e),Blackpool,6.263187120957497,2006
Per Capita Emissions (t CO2e),Blackpool,6.021535307492413,2007
Per Capita Emissions (t CO2e),Blackpool,5.976518551756333,2008
Per Capita Emissions (t CO2e),Blackpool,5.468063279500894,2009
Per Capita Emissions (t CO2e),Blackpool,5.69305561798388,2010
Per Capita Emissions (t CO2e),Blackpool,5.113082806460181,2011
Per Capita Emissions (t CO2e),Blackpool,5.424192702128991,2012
Per Capita Emissions (t CO2e),Blackpool,5.155584591239457,2013
Per Capita Emissions (t CO2e),Blackpool,4.553197152541159,2014
Per Capita Emissions (t CO2e),Blackpool,4.405261900700139,2015
Per Capita Emissions (t CO2e),Blackpool,4.0659079098601705,2016
Per Capita Emissions (t CO2e),Blackpool,3.889070679519365,2017
Per Capita Emissions (t CO2e),Blackpool,3.917950027653687,2018
Per Capita Emissions (t CO2e),Blackpool,3.8117361014311655,2019
Per Capita Emissions (t CO2e),Blackpool,3.4364063582270297,2020
Per Capita Emissions (t CO2e),Blackpool,3.639655563730025,2021
Per Capita Emissions (t CO2e),Blackpool,3.2752834803130937,2022
Per Capita Emissions (t CO2e),Blackpool,3.0606993147904773,2023
Per Capita Emissions (t CO2e),Burnley,8.845886178573636,2005
Per Capita Emissions (t CO2e),Burnley,8.478805825845713,2006
Per Capita Emissions (t CO2e),Burnley,8.176586576204686,2007
Per Capita Emissions (t CO2e),Burnley,7.790858536839168,2008
Per Capita Emissions (t CO2e),Burnley,6.991600519671515,2009
Per Capita Emissions (t CO2e),Burnley,7.346404375114562,2010
Per Capita Emissions (t CO2e),Burnley,6.798691514723915,2011
Per Capita Emissions (t CO2e),Burnley,6.775774941769313,2012
Per Capita Emissions (t CO2e),Burnley,6.661302125853699,2013
Per Capita Emissions (t CO2e),Burnley,6.022551690279741,2014
Per Capita Emissions (t CO2e),Burnley,5.736414863147707,2015
Per Capita Emissions (t CO2e),Burnley,5.469257820227265,2016
Per Capita Emissions (t CO2e),Burnley,5.327638575781058,2017
Per Capita Emissions (t CO2e),Burnley,5.2383437470477165,2018
Per Capita Emissions (t CO2e),Burnley,5.243424978212759,2019
Per Capita Emissions (t CO2e),Burnley,4.570363290812626,2020
Per Capita Emissions (t CO2e),Burnley,4.644668522111857,2021
Per Capita Emissions (t CO2e),Burnley,4.370643470586291,2022
Per Capita Emissions (t CO2e),Burnley,4.118644012725997,2023
Per Capita Emissions (t CO2e),Chorley,9.863487978118487,2005
Per Capita Emissions (t CO2e),Chorley,9.954785385519884,2006
Per Capita Emissions (t CO2e),Chorley,9.450658715025813,2007
Per Capita Emissions (t CO2e),Chorley,9.213078742636315,2008
Per Capita Emissions (t CO2e),Chorley,8.65723047243914,2009
Per Capita Emissions (t CO2e),Chorley,8.851435318292408,2010
Per Capita Emissions (t CO2e),Chorley,8.301747471495347,2011
Per Capita Emissions (t CO2e),Chorley,8.272388346822789,2012
Per Capita Emissions (t CO2e),Chorley,8.164995276150888,2013
Per Capita Emissions (t CO2e),Chorley,7.754360113401246,2014
Per Capita Emissions (t CO2e),Chorley,7.27952366605196,2015
Per Capita Emissions (t CO2e),Chorley,7.099835703284255,2016
Per Capita Emissions (t CO2e),Chorley,6.918750600819351,2017
Per Capita Emissions (t CO2e),Chorley,6.789218566131736,2018
Per Capita Emissions (t CO2e),Chorley,6.55664770280824,2019
Per Capita Emissions (t CO2e),Chorley,5.820704241348659,2020
Per Capita Emissions (t CO2e),Chorley,6.144889907031404,2021
Per Capita Emissions (t CO2e),Chorley,5.737558510118829,2022
Per Capita Emissions (t CO2e),Chorley,5.496785122227331,2023
Per Capita Emissions (t CO2e),England Total,10.07923602669129,2005
Per Capita Emissions (t CO2e),England Total,9.925721973284464,2006
Per Capita Emissions (t CO2e),England Total,9.609672706199056,2007
Per Capita Emissions (t CO2e),England Total,9.285444609263687,2008
Per Capita Emissions (t CO2e),England Total,8.447865170852477,2009
Per Capita Emissions (t CO2e),England Total,8.583171966131596,2010
Per Capita Emissions (t CO2e),England Total,7.858679413962496,2011
Per Capita Emissions (t CO2e),England Total,8.114485450060986,2012
Per Capita Emissions (t CO2e),England Total,7.8539020437759275,2013
Per Capita Emissions (t CO2e),England Total,7.151332555821839,2014
Per Capita Emissions (t CO2e),England Total,6.8293218905938655,2015
Per Capita Emissions (t CO2e),England Total,6.379353273352662,2016
Per Capita Emissions (t CO2e),England Total,6.162470690476747,2017
Per Capita Emissions (t CO2e),England Total,6.0558420771725014,2018
Per Capita Emissions (t CO2e),England Total,5.784731833792274,2019
Per Capita Emissions (t CO2e),England Total,5.266719940027079,2020
Per Capita Emissions (t CO2e),England Total,5.467001443117534,2021
Per Capita Emissions (t CO2e),England Total,5.07678784084208,2022
Per Capita Emissions (t CO2e),England Total,4.777044950974727,2023
Per Capita Emissions (t CO2e),Fylde,12.451093445053699,2005
Per Capita Emissions (t CO2e),Fylde,12.64770434556089,2006
Per Capita Emissions (t CO2e),Fylde,11.910203490322013,2007
Per Capita Emissions (t CO2e),Fylde,12.244852170953202,2008
Per Capita Emissions (t CO2e),Fylde,11.31373827152494,2009
Per Capita Emissions (t CO2e),Fylde,11.646660240387106,2010
Per Capita Emissions (t CO2e),Fylde,10.73699115436429,2011
Per Capita Emissions (t CO2e),Fylde,10.114690955186983,2012
Per Capita Emissions (t CO2e),Fylde,9.713050248736883,2013
Per Capita Emissions (t CO2e),Fylde,8.908494796566284,2014
Per Capita Emissions (t CO2e),Fylde,8.505434990044872,2015
Per Capita Emissions (t CO2e),Fylde,8.285705499718576,2016
Per Capita Emissions (t CO2e),Fylde,8.096900113929966,2017
Per Capita Emissions (t CO2e),Fylde,8.102156076595147,2018
Per Capita Emissions (t CO2e),Fylde,7.630168959003384,2019
Per Capita Emissions (t CO2e),Fylde,7.118296626634317,2020
Per Capita Emissions (t CO2e),Fylde,7.073544142482476,2021
Per Capita Emissions (t CO2e),Fylde,6.608575988581014,2022
Per Capita Emissions (t CO2e),Fylde,6.28884353612845,2023
Per Capita Emissions (t CO2e),Hyndburn,8.439064598502643,2005
Per Capita Emissions (t CO2e),Hyndburn,8.301308717583245,2006
Per Capita Emissions (t CO2e),Hyndburn,7.981870552853096,2007
Per Capita Emissions (t CO2e),Hyndburn,7.76821367088944,2008
Per Capita Emissions (t CO2e),Hyndburn,6.913605240349736,2009
Per Capita Emissions (t CO2e),Hyndburn,7.2120531125776575,2010
Per Capita Emissions (t CO2e),Hyndburn,6.717851989875783,2011
Per Capita Emissions (t CO2e),Hyndburn,6.8200729228077694,2012
Per Capita Emissions (t CO2e),Hyndburn,6.6296354895794956,2013
Per Capita Emissions (t CO2e),Hyndburn,6.06018588871428,2014
Per Capita Emissions (t CO2e),Hyndburn,5.911134771496816,2015
Per Capita Emissions (t CO2e),Hyndburn,5.567430655744418,2016
Per Capita Emissions (t CO2e),Hyndburn,5.494818936323528,2017
Per Capita Emissions (t CO2e),Hyndburn,5.627039829216516,2018
Per Capita Emissions (t CO2e),Hyndburn,5.533511859496859,2019
Per Capita Emissions (t CO2e),Hyndburn,4.9693183725112915,2020
Per Capita Emissions (t CO2e),Hyndburn,5.33285288673525,2021
Per Capita Emissions (t CO2e),Hyndburn,4.807606886635972,2022
Per Capita Emissions (t CO2e),Hyndburn,4.595056374369793,2023
Per Capita Emissions (t CO2e),Lancashire Total,11.570208048986068,2005
Per Capita Emissions (t CO2e),Lancashire Total,11.063234777673268,2006
Per Capita Emissions (t CO2e),Lancashire Total,10.65762462301748,2007
Per Capita Emissions (t CO2e),Lancashire Total,10.282770528348015,2008
Per Capita Emissions (t CO2e),Lancashire Total,9.405567947782842,2009
Per Capita Emissions (t CO2e),Lancashire Total,9.898400605661754,2010
Per Capita Emissions (t CO2e),Lancashire Total,9.254589036682882,2011
Per Capita Emissions (t CO2e),Lancashire Total,9.16618111384244,2012
Per Capita Emissions (t CO2e),Lancashire Total,9.092930537955313,2013
Per Capita Emissions (t CO2e),Lancashire Total,8.555283865396635,2014
Per Capita Emissions (t CO2e),Lancashire Total,8.231101765580867,2015
Per Capita Emissions (t CO2e),Lancashire Total,7.904234867600811,2016
Per Capita Emissions (t CO2e),Lancashire Total,7.803238947672084,2017
Per Capita Emissions (t CO2e),Lancashire Total,7.8003002824937075,2018
Per Capita Emissions (t CO2e),Lancashire Total,7.498448000689184,2019
Per Capita Emissions (t CO2e),Lancashire Total,6.885161314746681,2020
Per Capita Emissions (t CO2e),Lancashire Total,7.085605008825443,2021
Per Capita Emissions (t CO2e),Lancashire Total,6.558951028310589,2022
Per Capita Emissions (t CO2e),Lancashire Total,6.212425811296978,2023
Per Capita Emissions (t CO2e),Lancaster,11.170949725269361,2005
Per Capita Emissions (t CO2e),Lancaster,10.886686787318702,2006
Per Capita Emissions (t CO2e),Lancaster,10.611684453034227,2007
Per Capita Emissions (t CO2e),Lancaster,10.479944052461294,2008
Per Capita Emissions (t CO2e),Lancaster,9.893329557675536,2009
Per Capita Emissions (t CO2e),Lancaster,10.074335125562298,2010
Per Capita Emissions (t CO2e),Lancaster,9.507690363629695,2011
Per Capita Emissions (t CO2e),Lancaster,9.581681792376298,2012
Per Capita Emissions (t CO2e),Lancaster,9.300827254731972,2013
Per Capita Emissions (t CO2e),Lancaster,8.76309161356821,2014
Per Capita Emissions (t CO2e),Lancaster,8.484234038054904,2015
Per Capita Emissions (t CO2e),Lancaster,8.198741381348379,2016
Per Capita Emissions (t CO2e),Lancaster,8.173309558015777,2017
Per Capita Emissions (t CO2e),Lancaster,8.169163780336216,2018
Per Capita Emissions (t CO2e),Lancaster,7.8279084013115146,2019
Per Capita Emissions (t CO2e),Lancaster,7.1553986868784865,2020
Per Capita Emissions (t CO2e),Lancaster,7.4997681791251285,2021
Per Capita Emissions (t CO2e),Lancaster,7.005135657161079,2022
Per Capita Emissions (t CO2e),Lancaster,6.725970437343958,2023
Per Capita Emissions (t CO2e),North West Total,10.40211932067429,2005
Per Capita Emissions (t CO2e),North West Total,10.152577873926468,2006
Per Capita Emissions (t CO2e),North West Total,9.862152652301834,2007
Per Capita Emissions (t CO2e),North West Total,9.688438834690999,2008
Per Capita Emissions (t CO2e),North West Total,8.852578019877043,2009
Per Capita Emissions (t CO2e),North West Total,9.132369813221114,2010
Per Capita Emissions (t CO2e),North West Total,8.415869788703443,2011
Per Capita Emissions (t CO2e),North West Total,8.64910129752912,2012
Per Capita Emissions (t CO2e),North West Total,8.296734349552219,2013
Per Capita Emissions (t CO2e),North West Total,7.501399882748498,2014
Per Capita Emissions (t CO2e),North West Total,7.1551835517452185,2015
Per Capita Emissions (t CO2e),North West Total,6.79542636812546,2016
Per Capita Emissions (t CO2e),North West Total,6.5639176053744865,2017
Per Capita Emissions (t CO2e),North West Total,6.495902707573554,2018
Per Capita Emissions (t CO2e),North West Total,6.281510654292325,2019
Per Capita Emissions (t CO2e),North West Total,5.786974132630137,2020
Per Capita Emissions (t CO2e),North West Total,5.874494254404149,2021
Per Capita Emissions (t CO2e),North West Total,5.322261064609897,2022
Per Capita Emissions (t CO2e),North West Total,5.128465348623652,2023
Per Capita Emissions (t CO2e),Pendle,8.993211917736229,2005
Per Capita Emissions (t CO2e),Pendle,8.809375119511465,2006
Per Capita Emissions (t CO2e),Pendle,8.506390161838159,2007
Per Capita Emissions (t CO2e),Pendle,8.139408663522119,2008
Per Capita Emissions (t CO2e),Pendle,7.4130040541058015,2009
Per Capita Emissions (t CO2e),Pendle,7.777750911909985,2010
Per Capita Emissions (t CO2e),Pendle,7.120615401548188,2011
Per Capita Emissions (t CO2e),Pendle,7.38380437870864,2012
Per Capita Emissions (t CO2e),Pendle,7.1521360192098244,2013
Per Capita Emissions (t CO2e),Pendle,6.4535729041224394,2014
Per Capita Emissions (t CO2e),Pendle,6.038999589497867,2015
Per Capita Emissions (t CO2e),Pendle,5.758976612122415,2016
Per Capita Emissions (t CO2e),Pendle,5.62269781231904,2017
Per Capita Emissions (t CO2e),Pendle,5.475703411944864,2018
Per Capita Emissions (t CO2e),Pendle,5.1849257405693505,2019
Per Capita Emissions (t CO2e),Pendle,4.67783131195506,2020
Per Capita Emissions (t CO2e),Pendle,4.778071384695279,2021
Per Capita Emissions (t CO2e),Pendle,4.457961185652775,2022
Per Capita Emissions (t CO2e),Pendle,4.25299483247447,2023
Per Capita Emissions (t CO2e),Preston,9.638670394553106,2005
Per Capita Emissions (t CO2e),Preston,9.219320261759645,2006
Per Capita Emissions (t CO2e),Preston,8.934529864379773,2007
Per Capita Emissions (t CO2e),Preston,8.733040633981023,2008
Per Capita Emissions (t CO2e),Preston,8.003195509303492,2009
Per Capita Emissions (t CO2e),Preston,8.831544350524902,2010
Per Capita Emissions (t CO2e),Preston,7.82123137802118,2011
Per Capita Emissions (t CO2e),Preston,7.9460471122432645,2012
Per Capita Emissions (t CO2e),Preston,7.635670370778618,2013
Per Capita Emissions (t CO2e),Preston,6.948667916756672,2014
Per Capita Emissions (t CO2e),Preston,6.66966473492729,2015
Per Capita Emissions (t CO2e),Preston,6.501275215236389,2016
Per Capita Emissions (t CO2e),Preston,6.5185855448146794,2017
Per Capita Emissions (t CO2e),Preston,6.666474587513598,2018
Per Capita Emissions (t CO2e),Preston,6.2635259717450325,2019
Per Capita Emissions (t CO2e),Preston,5.84307021733511,2020
Per Capita Emissions (t CO2e),Preston,5.799888452860065,2021
Per Capita Emissions (t CO2e),Preston,5.267796009391085,2022
Per Capita Emissions (t CO2e),Preston,5.0160283148692235,2023
Per Capita Emissions (t CO2e),Ribble Valley,34.22625545046118,2005
Per Capita Emissions (t CO2e),Ribble Valley,26.544675216473095,2006
Per Capita Emissions (t CO2e),Ribble Valley,25.78931016256366,2007
Per Capita Emissions (t CO2e),Ribble Valley,23.686743292646852,2008
Per Capita Emissions (t CO2e),Ribble Valley,19.76268614404357,2009
Per Capita Emissions (t CO2e),Ribble Valley,23.139795736806832,2010
Per Capita Emissions (t CO2e),Ribble Valley,22.886512050182727,2011
Per Capita Emissions (t CO2e),Ribble Valley,19.090778018434346,2012
Per Capita Emissions (t CO2e),Ribble Valley,21.65430144136584,2013
Per Capita Emissions (t CO2e),Ribble Valley,23.175155195010092,2014
Per Capita Emissions (t CO2e),Ribble Valley,22.562230037744808,2015
Per Capita Emissions (t CO2e),Ribble Valley,20.91418258507948,2016
Per Capita Emissions (t CO2e),Ribble Valley,20.14482242621311,2017
Per Capita Emissions (t CO2e),Ribble Valley,20.39719494848876,2018
Per Capita Emissions (t CO2e),Ribble Valley,19.514423907845078,2019
Per Capita Emissions (t CO2e),Ribble Valley,17.87587553719584,2020
Per Capita Emissions (t CO2e),Ribble Valley,18.775036540549344,2021
Per Capita Emissions (t CO2e),Ribble Valley,17.112080839378205,2022
Per Capita Emissions (t CO2e),Ribble Valley,15.744135437584855,2023
Per Capita Emissions (t CO2e),Rossendale,11.173171844000079,2005
Per Capita Emissions (t CO2e),Rossendale,11.06219136927511,2006
Per Capita Emissions (t CO2e),Rossendale,10.500670282135268,2007
Per Capita Emissions (t CO2e),Rossendale,10.027082174740846,2008
Per Capita Emissions (t CO2e),Rossendale,9.236792535687924,2009
Per Capita Emissions (t CO2e),Rossendale,8.916037888139682,2010
Per Capita Emissions (t CO2e),Rossendale,8.924129944147273,2011
Per Capita Emissions (t CO2e),Rossendale,9.132214594394556,2012
Per Capita Emissions (t CO2e),Rossendale,8.866989579926715,2013
Per Capita Emissions (t CO2e),Rossendale,8.130528313926073,2014
Per Capita Emissions (t CO2e),Rossendale,7.727422939734472,2015
Per Capita Emissions (t CO2e),Rossendale,7.404547147206049,2016
Per Capita Emissions (t CO2e),Rossendale,7.22223499728719,2017
Per Capita Emissions (t CO2e),Rossendale,7.093079754797509,2018
Per Capita Emissions (t CO2e),Rossendale,6.747145512564736,2019
Per Capita Emissions (t CO2e),Rossendale,6.281144475658168,2020
Per Capita Emissions (t CO2e),Rossendale,6.523275229561147,2021
Per Capita Emissions (t CO2e),Rossendale,6.013299404739267,2022
Per Capita Emissions (t CO2e),Rossendale,5.945746266397176,2023
Per Capita Emissions (t CO2e),South Ribble,9.611246993530196,2005
Per Capita Emissions (t CO2e),South Ribble,9.540170119662438,2006
Per Capita Emissions (t CO2e),South Ribble,9.054459040498669,2007
Per Capita Emissions (t CO2e),South Ribble,8.855496673991766,2008
Per Capita Emissions (t CO2e),South Ribble,7.8290926319432845,2009
Per Capita Emissions (t CO2e),South Ribble,8.34649375648136,2010
Per Capita Emissions (t CO2e),South Ribble,7.766935452090986,2011
Per Capita Emissions (t CO2e),South Ribble,7.99410395805491,2012
Per Capita Emissions (t CO2e),South Ribble,7.910201662387962,2013
Per Capita Emissions (t CO2e),South Ribble,7.328485877105567,2014
Per Capita Emissions (t CO2e),South Ribble,7.012680121720224,2015
Per Capita Emissions (t CO2e),South Ribble,6.816722531389005,2016
Per Capita Emissions (t CO2e),South Ribble,6.8286473607027025,2017
Per Capita Emissions (t CO2e),South Ribble,6.560476548396238,2018
Per Capita Emissions (t CO2e),South Ribble,6.354668355851587,2019
Per Capita Emissions (t CO2e),South Ribble,5.762799329021927,2020
Per Capita Emissions (t CO2e),South Ribble,5.821410252152338,2021
Per Capita Emissions (t CO2e),South Ribble,5.391833056143715,2022
Per Capita Emissions (t CO2e),South Ribble,5.180444184970975,2023
Per Capita Emissions (t CO2e),West Lancashire,13.370957504711711,2005
Per Capita Emissions (t CO2e),West Lancashire,13.092282840793674,2006
Per Capita Emissions (t CO2e),West Lancashire,12.509077494840911,2007
Per Capita Emissions (t CO2e),West Lancashire,11.686507948484614,2008
Per Capita Emissions (t CO2e),West Lancashire,10.850087222560855,2009
Per Capita Emissions (t CO2e),West Lancashire,11.192788135416151,2010
Per Capita Emissions (t CO2e),West Lancashire,10.447834420147993,2011
Per Capita Emissions (t CO2e),West Lancashire,10.671437366153793,2012
Per Capita Emissions (t CO2e),West Lancashire,10.504183168332721,2013
Per Capita Emissions (t CO2e),West Lancashire,9.66815187231512,2014
Per Capita Emissions (t CO2e),West Lancashire,9.411189884480422,2015
Per Capita Emissions (t CO2e),West Lancashire,9.093154003521558,2016
Per Capita Emissions (t CO2e),West Lancashire,9.192656650957003,2017
Per Capita Emissions (t CO2e),West Lancashire,9.525071552768505,2018
Per Capita Emissions (t CO2e),West Lancashire,9.421133285644782,2019
Per Capita Emissions (t CO2e),West Lancashire,8.874894021806993,2020
Per Capita Emissions (t CO2e),West Lancashire,9.058325901830104,2021
Per Capita Emissions (t CO2e),West Lancashire,8.451718836587832,2022
Per Capita Emissions (t CO2e),West Lancashire,7.784714151781066,2023
Per Capita Emissions (t CO2e),Wyre,10.716607117399628,2005
Per Capita Emissions (t CO2e),Wyre,10.949223007130811,2006
Per Capita Emissions (t CO2e),Wyre,10.813506235580496,2007
Per Capita Emissions (t CO2e),Wyre,10.421065381612278,2008
Per Capita Emissions (t CO2e),Wyre,10.188246625442833,2009
Per Capita Emissions (t CO2e),Wyre,10.510414976880897,2010
Per Capita Emissions (t CO2e),Wyre,9.595548796533853,2011
Per Capita Emissions (t CO2e),Wyre,9.994158601438013,2012
Per Capita Emissions (t CO2e),Wyre,9.835952222176294,2013
Per Capita Emissions (t CO2e),Wyre,9.17614527562705,2014
Per Capita Emissions (t CO2e),Wyre,8.974852011380328,2015
Per Capita Emissions (t CO2e),Wyre,8.65357530455985,2016
Per Capita Emissions (t CO2e),Wyre,8.579228061444592,2017
Per Capita Emissions (t CO2e),Wyre,8.476522778938575,2018
Per Capita Emissions (t CO2e),Wyre,8.041203880128815,2019
Per Capita Emissions (t CO2e),Wyre,7.5412091271866295,2020
Per Capita Emissions (t CO2e),Wyre,7.671245702583901,2021
Per Capita Emissions (t CO2e),Wyre,7.077750414016458,2022
Per Capita Emissions (t CO2e),Wyre,6.6543556681812825,2023
"Population ('000s, mid-year estimate)",Blackburn with Darwen,142.145,2005
"Population ('000s, mid-year estimate)",Blackburn with Darwen,143.11,2006
"Population ('000s, mid-year estimate)",Blackburn with Darwen,143.942,2007
"Population ('000s, mid-year estimate)",Blackburn with Darwen,144.902,2008
"Population ('000s, mid-year estimate)",Blackburn with Darwen,146.197,2009
"Population ('000s, mid-year estimate)",Blackburn with Darwen,146.966,2010
"Population ('000s, mid-year estimate)",Blackburn with Darwen,147.657,2011
"Population ('000s, mid-year estimate)",Blackburn with Darwen,148.532,2012
"Population ('000s, mid-year estimate)",Blackburn with Darwen,149.148,2013
"Population ('000s, mid-year estimate)",Blackburn with Darwen,149.579,2014
"Population ('000s, mid-year estimate)",Blackburn with Darwen,150.49,2015
"Population ('000s, mid-year estimate)",Blackburn with Darwen,151.497,2016
"Population ('000s, mid-year estimate)",Blackburn with Darwen,152.312,2017
"Population ('000s, mid-year estimate)",Blackburn with Darwen,152.787,2018
"Population ('000s, mid-year estimate)",Blackburn with Darwen,154.066,2019
"Population ('000s, mid-year estimate)",Blackburn with Darwen,154.564,2020
"Population ('000s, mid-year estimate)",Blackburn with Darwen,154.954,2021
"Population ('000s, mid-year estimate)",Blackburn with Darwen,155.823,2022
"Population ('000s, mid-year estimate)",Blackburn with Darwen,157.503,2023
"Population ('000s, mid-year estimate)",Blackpool,143.688,2005
"Population ('000s, mid-year estimate)",Blackpool,143.733,2006
"Population ('000s, mid-year estimate)",Blackpool,143.644,2007
"Population ('000s, mid-year estimate)",Blackpool,142.921,2008
"Population ('000s, mid-year estimate)",Blackpool,142.578,2009
"Population ('000s, mid-year estimate)",Blackpool,142.753,2010
"Population ('000s, mid-year estimate)",Blackpool,142.08,2011
"Population ('000s, mid-year estimate)",Blackpool,142.565,2012
"Population ('000s, mid-year estimate)",Blackpool,142.733,2013
"Population ('000s, mid-year estimate)",Blackpool,142.253,2014
"Population ('000s, mid-year estimate)",Blackpool,141.788,2015
"Population ('000s, mid-year estimate)",Blackpool,141.996,2016
"Population ('000s, mid-year estimate)",Blackpool,142.121,2017
"Population ('000s, mid-year estimate)",Blackpool,141.88,2018
"Population ('000s, mid-year estimate)",Blackpool,142.407,2019
"Population ('000s, mid-year estimate)",Blackpool,141.56,2020
"Population ('000s, mid-year estimate)",Blackpool,140.976,2021
"Population ('000s, mid-year estimate)",Blackpool,141.648,2022
"Population ('000s, mid-year estimate)",Blackpool,142.708,2023
"Population ('000s, mid-year estimate)",Burnley,87.624,2005
"Population ('000s, mid-year estimate)",Burnley,87.646,2006
"Population ('000s, mid-year estimate)",Burnley,87.256,2007
"Population ('000s, mid-year estimate)",Burnley,87.328,2008
"Population ('000s, mid-year estimate)",Burnley,87.027,2009
"Population ('000s, mid-year estimate)",Burnley,86.902,2010
"Population ('000s, mid-year estimate)",Burnley,87.032,2011
"Population ('000s, mid-year estimate)",Burnley,87.563,2012
"Population ('000s, mid-year estimate)",Burnley,87.795,2013
"Population ('000s, mid-year estimate)",Burnley,88.786,2014
"Population ('000s, mid-year estimate)",Burnley,89.23,2015
"Population ('000s, mid-year estimate)",Burnley,89.891,2016
"Population ('000s, mid-year estimate)",Burnley,90.902,2017
"Population ('000s, mid-year estimate)",Burnley,91.994,2018
"Population ('000s, mid-year estimate)",Burnley,92.949,2019
"Population ('000s, mid-year estimate)",Burnley,93.927,2020
"Population ('000s, mid-year estimate)",Burnley,94.734,2021
"Population ('000s, mid-year estimate)",Burnley,95.655,2022
"Population ('000s, mid-year estimate)",Burnley,96.435,2023
"Population ('000s, mid-year estimate)",Chorley,103.279,2005
"Population ('000s, mid-year estimate)",Chorley,103.807,2006
"Population ('000s, mid-year estimate)",Chorley,104.362,2007
"Population ('000s, mid-year estimate)",Chorley,105.396,2008
"Population ('000s, mid-year estimate)",Chorley,105.682,2009
"Population ('000s, mid-year estimate)",Chorley,106.443,2010
"Population ('000s, mid-year estimate)",Chorley,107.591,2011
"Population ('000s, mid-year estimate)",Chorley,108.916,2012
"Population ('000s, mid-year estimate)",Chorley,110.16,2013
"Population ('000s, mid-year estimate)",Chorley,111.174,2014
"Population ('000s, mid-year estimate)",Chorley,112.418,2015
"Population ('000s, mid-year estimate)",Chorley,113.593,2016
"Population ('000s, mid-year estimate)",Chorley,114.81,2017
"Population ('000s, mid-year estimate)",Chorley,115.739,2018
"Population ('000s, mid-year estimate)",Chorley,116.762,2019
"Population ('000s, mid-year estimate)",Chorley,117.178,2020
"Population ('000s, mid-year estimate)",Chorley,117.908,2021
"Population ('000s, mid-year estimate)",Chorley,118.623,2022
"Population ('000s, mid-year estimate)",Chorley,119.352,2023
"Population ('000s, mid-year estimate)",England Total,50606.03399999999,2005
"Population ('000s, mid-year estimate)",England Total,50965.18600000003,2006
"Population ('000s, mid-year estimate)",England Total,51381.09300000002,2007
"Population ('000s, mid-year estimate)",England Total,51815.852999999996,2008
"Population ('000s, mid-year estimate)",England Total,52196.38100000004,2009
"Population ('000s, mid-year estimate)",England Total,52642.45200000001,2010
"Population ('000s, mid-year estimate)",England Total,53107.16899999999,2011
"Population ('000s, mid-year estimate)",England Total,53506.812,2012
"Population ('000s, mid-year estimate)",England Total,53918.68599999994,2013
"Population ('000s, mid-year estimate)",England Total,54370.31900000002,2014
"Population ('000s, mid-year estimate)",England Total,54808.67599999999,2015
"Population ('000s, mid-year estimate)",England Total,55289.033999999985,2016
"Population ('000s, mid-year estimate)",England Total,55619.548,2017
"Population ('000s, mid-year estimate)",England Total,55924.528000000035,2018
"Population ('000s, mid-year estimate)",England Total,56230.05599999996,2019
"Population ('000s, mid-year estimate)",England Total,56325.96099999998,2020
"Population ('000s, mid-year estimate)",England Total,56554.89100000004,2021
"Population ('000s, mid-year estimate)",England Total,57112.542000000016,2022
"Population ('000s, mid-year estimate)",England Total,57690.32300000002,2023
"Population ('000s, mid-year estimate)",Fylde,74.841,2005
"Population ('000s, mid-year estimate)",Fylde,74.824,2006
"Population ('000s, mid-year estimate)",Fylde,75.305,2007
"Population ('000s, mid-year estimate)",Fylde,75.23,2008
"Population ('000s, mid-year estimate)",Fylde,75.441,2009
"Population ('000s, mid-year estimate)",Fylde,75.61,2010
"Population ('000s, mid-year estimate)",Fylde,76.098,2011
"Population ('000s, mid-year estimate)",Fylde,75.901,2012
"Population ('000s, mid-year estimate)",Fylde,76.253,2013
"Population ('000s, mid-year estimate)",Fylde,76.907,2014
"Population ('000s, mid-year estimate)",Fylde,77.135,2015
"Population ('000s, mid-year estimate)",Fylde,77.886,2016
"Population ('000s, mid-year estimate)",Fylde,78.423,2017
"Population ('000s, mid-year estimate)",Fylde,79.191,2018
"Population ('000s, mid-year estimate)",Fylde,79.852,2019
"Population ('000s, mid-year estimate)",Fylde,80.176,2020
"Population ('000s, mid-year estimate)",Fylde,81.75,2021
"Population ('000s, mid-year estimate)",Fylde,82.99,2022
"Population ('000s, mid-year estimate)",Fylde,83.846,2023
"Population ('000s, mid-year estimate)",Hyndburn,81.311,2005
"Population ('000s, mid-year estimate)",Hyndburn,81.491,2006
"Population ('000s, mid-year estimate)",Hyndburn,81.453,2007
"Population ('000s, mid-year estimate)",Hyndburn,81.176,2008
"Population ('000s, mid-year estimate)",Hyndburn,81.003,2009
"Population ('000s, mid-year estimate)",Hyndburn,80.876,2010
"Population ('000s, mid-year estimate)",Hyndburn,80.549,2011
"Population ('000s, mid-year estimate)",Hyndburn,80.362,2012
"Population ('000s, mid-year estimate)",Hyndburn,80.316,2013
"Population ('000s, mid-year estimate)",Hyndburn,80.707,2014
"Population ('000s, mid-year estimate)",Hyndburn,80.781,2015
"Population ('000s, mid-year estimate)",Hyndburn,81.242,2016
"Population ('000s, mid-year estimate)",Hyndburn,81.392,2017
"Population ('000s, mid-year estimate)",Hyndburn,81.778,2018
"Population ('000s, mid-year estimate)",Hyndburn,81.954,2019
"Population ('000s, mid-year estimate)",Hyndburn,82.144,2020
"Population ('000s, mid-year estimate)",Hyndburn,82.271,2021
"Population ('000s, mid-year estimate)",Hyndburn,83.215,2022
"Population ('000s, mid-year estimate)",Hyndburn,84.261,2023
"Population ('000s, mid-year estimate)",Lancashire Total,1154.308,2005
"Population ('000s, mid-year estimate)",Lancashire Total,1159.1399999999999,2006
"Population ('000s, mid-year estimate)",Lancashire Total,1161.8319999999999,2007
"Population ('000s, mid-year estimate)",Lancashire Total,1163.3519999999999,2008
"Population ('000s, mid-year estimate)",Lancashire Total,1164.141,2009
"Population ('000s, mid-year estimate)",Lancashire Total,1167.579,2010
"Population ('000s, mid-year estimate)",Lancashire Total,1171.558,2011
"Population ('000s, mid-year estimate)",Lancashire Total,1174.321,2012
"Population ('000s, mid-year estimate)",Lancashire Total,1178.586,2013
"Population ('000s, mid-year estimate)",Lancashire Total,1183.5120000000002,2014
"Population ('000s, mid-year estimate)",Lancashire Total,1189.1530000000002,2015
"Population ('000s, mid-year estimate)",Lancashire Total,1195.3100000000002,2016
"Population ('000s, mid-year estimate)",Lancashire Total,1202.42,2017
"Population ('000s, mid-year estimate)",Lancashire Total,1208.672,2018
"Population ('000s, mid-year estimate)",Lancashire Total,1217.384,2019
"Population ('000s, mid-year estimate)",Lancashire Total,1224.1280000000004,2020
"Population ('000s, mid-year estimate)",Lancashire Total,1236.2279999999998,2021
"Population ('000s, mid-year estimate)",Lancashire Total,1253.922,2022
"Population ('000s, mid-year estimate)",Lancashire Total,1270.1619999999998,2023
"Population ('000s, mid-year estimate)",Lancaster,136.764,2005
"Population ('000s, mid-year estimate)",Lancaster,136.682,2006
"Population ('000s, mid-year estimate)",Lancaster,136.235,2007
"Population ('000s, mid-year estimate)",Lancaster,135.812,2008
"Population ('000s, mid-year estimate)",Lancaster,136.013,2009
"Population ('000s, mid-year estimate)",Lancaster,137.12,2010
"Population ('000s, mid-year estimate)",Lancaster,137.823,2011
"Population ('000s, mid-year estimate)",Lancaster,138.452,2012
"Population ('000s, mid-year estimate)",Lancaster,138.695,2013
"Population ('000s, mid-year estimate)",Lancaster,138.469,2014
"Population ('000s, mid-year estimate)",Lancaster,138.102,2015
"Population ('000s, mid-year estimate)",Lancaster,138.572,2016
"Population ('000s, mid-year estimate)",Lancaster,138.678,2017
"Population ('000s, mid-year estimate)",Lancaster,138.995,2018
"Population ('000s, mid-year estimate)",Lancaster,139.795,2019
"Population ('000s, mid-year estimate)",Lancaster,140.881,2020
"Population ('000s, mid-year estimate)",Lancaster,142.351,2021
"Population ('000s, mid-year estimate)",Lancaster,144.561,2022
"Population ('000s, mid-year estimate)",Lancaster,145.559,2023
"Population ('000s, mid-year estimate)",North West Total,6870.021000000002,2005
"Population ('000s, mid-year estimate)",North West Total,6901.585,2006
"Population ('000s, mid-year estimate)",North West Total,6929.277000000001,2007
"Population ('000s, mid-year estimate)",North West Total,6958.547,2008
"Population ('000s, mid-year estimate)",North West Total,6986.155999999999,2009
"Population ('000s, mid-year estimate)",North West Total,7019.921000000002,2010
"Population ('000s, mid-year estimate)",North West Total,7055.960999999999,2011
"Population ('000s, mid-year estimate)",North West Total,7079.344000000001,2012
"Population ('000s, mid-year estimate)",North West Total,7105.146,2013
"Population ('000s, mid-year estimate)",North West Total,7141.095999999999,2014
"Population ('000s, mid-year estimate)",North West Total,7182.651000000001,2015
"Population ('000s, mid-year estimate)",North West Total,7234.140999999999,2016
"Population ('000s, mid-year estimate)",North West Total,7275.764999999998,2017
"Population ('000s, mid-year estimate)",North West Total,7316.116,2018
"Population ('000s, mid-year estimate)",North West Total,7363.267000000003,2019
"Population ('000s, mid-year estimate)",North West Total,7380.605,2020
"Population ('000s, mid-year estimate)",North West Total,7424.0920000000015,2021
"Population ('000s, mid-year estimate)",North West Total,7515.718,2022
"Population ('000s, mid-year estimate)",North West Total,7600.126000000001,2023
"Population ('000s, mid-year estimate)",Pendle,88.312,2005
"Population ('000s, mid-year estimate)",Pendle,88.788,2006
"Population ('000s, mid-year estimate)",Pendle,88.819,2007
"Population ('000s, mid-year estimate)",Pendle,89.005,2008
"Population ('000s, mid-year estimate)",Pendle,89.287,2009
"Population ('000s, mid-year estimate)",Pendle,89.234,2010
"Population ('000s, mid-year estimate)",Pendle,89.576,2011
"Population ('000s, mid-year estimate)",Pendle,89.873,2012
"Population ('000s, mid-year estimate)",Pendle,90.72,2013
"Population ('000s, mid-year estimate)",Pendle,90.803,2014
"Population ('000s, mid-year estimate)",Pendle,91.531,2015
"Population ('000s, mid-year estimate)",Pendle,92.502,2016
"Population ('000s, mid-year estimate)",Pendle,93.066,2017
"Population ('000s, mid-year estimate)",Pendle,93.872,2018
"Population ('000s, mid-year estimate)",Pendle,94.896,2019
"Population ('000s, mid-year estimate)",Pendle,95.099,2020
"Population ('000s, mid-year estimate)",Pendle,95.819,2021
"Population ('000s, mid-year estimate)",Pendle,96.197,2022
"Population ('000s, mid-year estimate)",Pendle,97.039,2023
"Population ('000s, mid-year estimate)",Preston,136.2,2005
"Population ('000s, mid-year estimate)",Preston,137.784,2006
"Population ('000s, mid-year estimate)",Preston,138.47,2007
"Population ('000s, mid-year estimate)",Preston,138.443,2008
"Population ('000s, mid-year estimate)",Preston,137.956,2009
"Population ('000s, mid-year estimate)",Preston,138.831,2010
"Population ('000s, mid-year estimate)",Preston,140.054,2011
"Population ('000s, mid-year estimate)",Preston,140.216,2012
"Population ('000s, mid-year estimate)",Preston,140.302,2013
"Population ('000s, mid-year estimate)",Preston,140.158,2014
"Population ('000s, mid-year estimate)",Preston,140.615,2015
"Population ('000s, mid-year estimate)",Preston,140.468,2016
"Population ('000s, mid-year estimate)",Preston,141.734,2017
"Population ('000s, mid-year estimate)",Preston,142.417,2018
"Population ('000s, mid-year estimate)",Preston,144.624,2019
"Population ('000s, mid-year estimate)",Preston,145.912,2020
"Population ('000s, mid-year estimate)",Preston,147.786,2021
"Population ('000s, mid-year estimate)",Preston,151.869,2022
"Population ('000s, mid-year estimate)",Preston,156.411,2023
"Population ('000s, mid-year estimate)",Ribble Valley,56.358,2005
"Population ('000s, mid-year estimate)",Ribble Valley,56.664,2006
"Population ('000s, mid-year estimate)",Ribble Valley,56.986,2007
"Population ('000s, mid-year estimate)",Ribble Valley,57.158,2008
"Population ('000s, mid-year estimate)",Ribble Valley,57.004,2009
"Population ('000s, mid-year estimate)",Ribble Valley,57.218,2010
"Population ('000s, mid-year estimate)",Ribble Valley,57.292,2011
"Population ('000s, mid-year estimate)",Ribble Valley,57.509,2012
"Population ('000s, mid-year estimate)",Ribble Valley,57.692,2013
"Population ('000s, mid-year estimate)",Ribble Valley,57.911,2014
"Population ('000s, mid-year estimate)",Ribble Valley,58.275,2015
"Population ('000s, mid-year estimate)",Ribble Valley,58.611,2016
"Population ('000s, mid-year estimate)",Ribble Valley,59.066,2017
"Population ('000s, mid-year estimate)",Ribble Valley,59.452,2018
"Population ('000s, mid-year estimate)",Ribble Valley,59.903,2019
"Population ('000s, mid-year estimate)",Ribble Valley,60.78,2020
"Population ('000s, mid-year estimate)",Ribble Valley,61.865,2021
"Population ('000s, mid-year estimate)",Ribble Valley,63.14,2022
"Population ('000s, mid-year estimate)",Ribble Valley,64.469,2023
"Population ('000s, mid-year estimate)",Rossendale,65.872,2005
"Population ('000s, mid-year estimate)",Rossendale,66.199,2006
"Population ('000s, mid-year estimate)",Rossendale,66.623,2007
"Population ('000s, mid-year estimate)",Rossendale,67.063,2008
"Population ('000s, mid-year estimate)",Rossendale,67.479,2009
"Population ('000s, mid-year estimate)",Rossendale,67.824,2010
"Population ('000s, mid-year estimate)",Rossendale,68.053,2011
"Population ('000s, mid-year estimate)",Rossendale,68.144,2012
"Population ('000s, mid-year estimate)",Rossendale,68.505,2013
"Population ('000s, mid-year estimate)",Rossendale,68.931,2014
"Population ('000s, mid-year estimate)",Rossendale,69.196,2015
"Population ('000s, mid-year estimate)",Rossendale,69.475,2016
"Population ('000s, mid-year estimate)",Rossendale,70.084,2017
"Population ('000s, mid-year estimate)",Rossendale,70.515,2018
"Population ('000s, mid-year estimate)",Rossendale,70.884,2019
"Population ('000s, mid-year estimate)",Rossendale,70.811,2020
"Population ('000s, mid-year estimate)",Rossendale,71.008,2021
"Population ('000s, mid-year estimate)",Rossendale,71.187,2022
"Population ('000s, mid-year estimate)",Rossendale,71.541,2023
"Population ('000s, mid-year estimate)",South Ribble,105.753,2005
"Population ('000s, mid-year estimate)",South Ribble,106.512,2006
"Population ('000s, mid-year estimate)",South Ribble,107.128,2007
"Population ('000s, mid-year estimate)",South Ribble,107.83,2008
"Population ('000s, mid-year estimate)",South Ribble,108.609,2009
"Population ('000s, mid-year estimate)",South Ribble,108.846,2010
"Population ('000s, mid-year estimate)",South Ribble,109.181,2011
"Population ('000s, mid-year estimate)",South Ribble,108.879,2012
"Population ('000s, mid-year estimate)",South Ribble,108.916,2013
"Population ('000s, mid-year estimate)",South Ribble,109.357,2014
"Population ('000s, mid-year estimate)",South Ribble,109.873,2015
"Population ('000s, mid-year estimate)",South Ribble,110.253,2016
"Population ('000s, mid-year estimate)",South Ribble,110.348,2017
"Population ('000s, mid-year estimate)",South Ribble,110.334,2018
"Population ('000s, mid-year estimate)",South Ribble,110.477,2019
"Population ('000s, mid-year estimate)",South Ribble,110.613,2020
"Population ('000s, mid-year estimate)",South Ribble,111.203,2021
"Population ('000s, mid-year estimate)",South Ribble,112.201,2022
"Population ('000s, mid-year estimate)",South Ribble,113.552,2023
"Population ('000s, mid-year estimate)",West Lancashire,109.806,2005
"Population ('000s, mid-year estimate)",West Lancashire,110.308,2006
"Population ('000s, mid-year estimate)",West Lancashire,110.72,2007
"Population ('000s, mid-year estimate)",West Lancashire,110.666,2008
"Population ('000s, mid-year estimate)",West Lancashire,110.583,2009
"Population ('000s, mid-year estimate)",West Lancashire,110.763,2010
"Population ('000s, mid-year estimate)",West Lancashire,110.617,2011
"Population ('000s, mid-year estimate)",West Lancashire,111.04,2012
"Population ('000s, mid-year estimate)",West Lancashire,111.735,2013
"Population ('000s, mid-year estimate)",West Lancashire,112.544,2014
"Population ('000s, mid-year estimate)",West Lancashire,113.536,2015
"Population ('000s, mid-year estimate)",West Lancashire,114.243,2016
"Population ('000s, mid-year estimate)",West Lancashire,115.21,2017
"Population ('000s, mid-year estimate)",West Lancashire,115.366,2018
"Population ('000s, mid-year estimate)",West Lancashire,115.744,2019
"Population ('000s, mid-year estimate)",West Lancashire,116.198,2020
"Population ('000s, mid-year estimate)",West Lancashire,117.099,2021
"Population ('000s, mid-year estimate)",West Lancashire,119.36,2022
"Population ('000s, mid-year estimate)",West Lancashire,120.703,2023
"Population ('000s, mid-year estimate)",Wyre,108.188,2005
"Population ('000s, mid-year estimate)",Wyre,108.435,2006
"Population ('000s, mid-year estimate)",Wyre,108.475,2007
"Population ('000s, mid-year estimate)",Wyre,108.245,2008
"Population ('000s, mid-year estimate)",Wyre,108.057,2009
"Population ('000s, mid-year estimate)",Wyre,107.912,2010
"Population ('000s, mid-year estimate)",Wyre,107.692,2011
"Population ('000s, mid-year estimate)",Wyre,107.466,2012
"Population ('000s, mid-year estimate)",Wyre,107.497,2013
"Population ('000s, mid-year estimate)",Wyre,107.765,2014
"Population ('000s, mid-year estimate)",Wyre,108.461,2015
"Population ('000s, mid-year estimate)",Wyre,108.574,2016
"Population ('000s, mid-year estimate)",Wyre,108.707,2017
"Population ('000s, mid-year estimate)",Wyre,109.019,2018
"Population ('000s, mid-year estimate)",Wyre,109.544,2019
"Population ('000s, mid-year estimate)",Wyre,110.409,2020
"Population ('000s, mid-year estimate)",Wyre,112.434,2021
"Population ('000s, mid-year estimate)",Wyre,114.924,2022
"Population ('000s, mid-year estimate)",Wyre,116.994,2023
Public Sector Electricity,Blackburn with Darwen,49.31976042792526,2005
Public Sector Electricity,Blackburn with Darwen,51.950851414785475,2006
Public Sector Electricity,Blackburn with Darwen,46.10428597116111,2007
Public Sector Electricity,Blackburn with Darwen,46.343597028767334,2008
Public Sector Electricity,Blackburn with Darwen,34.63224458911255,2009
Public Sector Electricity,Blackburn with Darwen,38.91551088764412,2010
Public Sector Electricity,Blackburn with Darwen,33.440048772610474,2011
Public Sector Electricity,Blackburn with Darwen,37.478299814540385,2012
Public Sector Electricity,Blackburn with Darwen,31.875372981879085,2013
Public Sector Electricity,Blackburn with Darwen,26.932656796453244,2014
Public Sector Electricity,Blackburn with Darwen,23.296120689060054,2015
Public Sector Electricity,Blackburn with Darwen,18.767494667410734,2016
Public Sector Electricity,Blackburn with Darwen,17.57535874941083,2017
Public Sector Electricity,Blackburn with Darwen,14.599419802277453,2018
Public Sector Electricity,Blackburn with Darwen,12.690367590927,2019
Public Sector Electricity,Blackburn with Darwen,10.52264500251411,2020
Public Sector Electricity,Blackburn with Darwen,12.128307474005158,2021
Public Sector Electricity,Blackburn with Darwen,11.827866439511997,2022
Public Sector Electricity,Blackburn with Darwen,9.872710999821095,2023
Public Sector Electricity,Blackpool,33.562218751831914,2005
Public Sector Electricity,Blackpool,35.1346487365552,2006
Public Sector Electricity,Blackpool,33.03833045744453,2007
Public Sector Electricity,Blackpool,33.12905856345484,2008
Public Sector Electricity,Blackpool,27.926741710486603,2009
Public Sector Electricity,Blackpool,28.55856624833203,2010
Public Sector Electricity,Blackpool,24.02106623180179,2011
Public Sector Electricity,Blackpool,28.051746754683702,2012
Public Sector Electricity,Blackpool,25.19381586018505,2013
Public Sector Electricity,Blackpool,21.59362341427312,2014
Public Sector Electricity,Blackpool,18.368886904123322,2015
Public Sector Electricity,Blackpool,14.63523298064976,2016
Public Sector Electricity,Blackpool,13.242126887036697,2017
Public Sector Electricity,Blackpool,10.73949536446296,2018
Public Sector Electricity,Blackpool,9.883971103351799,2019
Public Sector Electricity,Blackpool,8.124290661379069,2020
Public Sector Electricity,Blackpool,8.927563611456845,2021
Public Sector Electricity,Blackpool,8.552252970260207,2022
Public Sector Electricity,Blackpool,7.244908367158967,2023
Public Sector Electricity,Burnley,22.634974293065728,2005
Public Sector Electricity,Burnley,21.781273749470767,2006
Public Sector Electricity,Burnley,19.877082609711774,2007
Public Sector Electricity,Burnley,19.317568904052955,2008
Public Sector Electricity,Burnley,15.355043146684444,2009
Public Sector Electricity,Burnley,16.86958755579589,2010
Public Sector Electricity,Burnley,14.572307238947273,2011
Public Sector Electricity,Burnley,16.40366291173827,2012
Public Sector Electricity,Burnley,15.160529613303632,2013
Public Sector Electricity,Burnley,12.956381046858723,2014
Public Sector Electricity,Burnley,11.227345410623103,2015
Public Sector Electricity,Burnley,8.36997113829121,2016
Public Sector Electricity,Burnley,8.267223911801974,2017
Public Sector Electricity,Burnley,6.893353169738468,2018
Public Sector Electricity,Burnley,5.576438077646862,2019
Public Sector Electricity,Burnley,4.614310133086206,2020
Public Sector Electricity,Burnley,5.367471493019885,2021
Public Sector Electricity,Burnley,5.574764964319074,2022
Public Sector Electricity,Burnley,4.730513750991745,2023
Public Sector Electricity,Chorley,15.968326202058927,2005
Public Sector Electricity,Chorley,17.387145739928382,2006
Public Sector Electricity,Chorley,17.387032742041765,2007
Public Sector Electricity,Chorley,16.82218213784453,2008
Public Sector Electricity,Chorley,14.284141845062626,2009
Public Sector Electricity,Chorley,14.733460328837316,2010
Public Sector Electricity,Chorley,12.829774088736935,2011
Public Sector Electricity,Chorley,15.003789352685514,2012
Public Sector Electricity,Chorley,13.772486055739963,2013
Public Sector Electricity,Chorley,11.898711905109627,2014
Public Sector Electricity,Chorley,10.315611356036518,2015
Public Sector Electricity,Chorley,8.013725534464019,2016
Public Sector Electricity,Chorley,8.812485748596819,2017
Public Sector Electricity,Chorley,6.711955358757677,2018
Public Sector Electricity,Chorley,7.17644572757965,2019
Public Sector Electricity,Chorley,5.83831556841688,2020
Public Sector Electricity,Chorley,6.58381457074647,2021
Public Sector Electricity,Chorley,5.9591944239808265,2022
Public Sector Electricity,Chorley,4.804619066166197,2023
Public Sector Electricity,England Total,10526.936347346289,2005
Public Sector Electricity,England Total,11166.49017544977,2006
Public Sector Electricity,England Total,10726.218015591741,2007
Public Sector Electricity,England Total,10643.02050219431,2008
Public Sector Electricity,England Total,9142.569759621072,2009
Public Sector Electricity,England Total,9475.1071750708,2010
Public Sector Electricity,England Total,8733.529589483445,2011
Public Sector Electricity,England Total,9516.079174803403,2012
Public Sector Electricity,England Total,8789.361983343844,2013
Public Sector Electricity,England Total,7403.70763201505,2014
Public Sector Electricity,England Total,6309.894247233614,2015
Public Sector Electricity,England Total,4950.4641731644715,2016
Public Sector Electricity,England Total,5310.196731517281,2017
Public Sector Electricity,England Total,3929.524043563509,2018
Public Sector Electricity,England Total,3423.4546752908077,2019
Public Sector Electricity,England Total,2743.035433282471,2020
Public Sector Electricity,England Total,3109.795798211985,2021
Public Sector Electricity,England Total,3007.4284141538174,2022
Public Sector Electricity,England Total,2519.2230546994574,2023
Public Sector Electricity,Fylde,15.87789677942429,2005
Public Sector Electricity,Fylde,16.964318958112862,2006
Public Sector Electricity,Fylde,16.683097464544066,2007
Public Sector Electricity,Fylde,20.432539234928683,2008
Public Sector Electricity,Fylde,14.945595277639564,2009
Public Sector Electricity,Fylde,13.92562534456734,2010
Public Sector Electricity,Fylde,12.662675783059862,2011
Public Sector Electricity,Fylde,14.063893857030239,2012
Public Sector Electricity,Fylde,12.311695367378999,2013
Public Sector Electricity,Fylde,11.324360537277803,2014
Public Sector Electricity,Fylde,8.732619168563229,2015
Public Sector Electricity,Fylde,6.392894357777401,2016
Public Sector Electricity,Fylde,7.619725925203595,2017
Public Sector Electricity,Fylde,5.263278317362626,2018
Public Sector Electricity,Fylde,3.9598896555141705,2019
Public Sector Electricity,Fylde,3.1086608743799315,2020
Public Sector Electricity,Fylde,3.4509438861114603,2021
Public Sector Electricity,Fylde,3.909808900420811,2022
Public Sector Electricity,Fylde,3.3625623562687497,2023
Public Sector Electricity,Hyndburn,9.826318879098464,2005
Public Sector Electricity,Hyndburn,10.305170781410945,2006
Public Sector Electricity,Hyndburn,9.889210927030453,2007
Public Sector Electricity,Hyndburn,9.826968249030566,2008
Public Sector Electricity,Hyndburn,7.571793449905265,2009
Public Sector Electricity,Hyndburn,8.219707632932568,2010
Public Sector Electricity,Hyndburn,7.374433584765919,2011
Public Sector Electricity,Hyndburn,8.343179350394347,2012
Public Sector Electricity,Hyndburn,7.637170123684306,2013
Public Sector Electricity,Hyndburn,6.531581147081397,2014
Public Sector Electricity,Hyndburn,5.9405050825779036,2015
Public Sector Electricity,Hyndburn,4.41452531722674,2016
Public Sector Electricity,Hyndburn,4.402296091800712,2017
Public Sector Electricity,Hyndburn,3.579238817357765,2018
Public Sector Electricity,Hyndburn,2.9995189774628015,2019
Public Sector Electricity,Hyndburn,2.350413573195116,2020
Public Sector Electricity,Hyndburn,2.7036648144186204,2021
Public Sector Electricity,Hyndburn,2.698233475986959,2022
Public Sector Electricity,Hyndburn,2.160343026118329,2023
Public Sector Electricity,Lancashire Total,215.3944533773008,2005
Public Sector Electricity,Lancashire Total,221.10775073142975,2006
Public Sector Electricity,Lancashire Total,213.1765361371215,2007
Public Sector Electricity,Lancashire Total,220.6769044111424,2008
Public Sector Electricity,Lancashire Total,173.7363933550843,2009
Public Sector Electricity,Lancashire Total,187.37794882701195,2010
Public Sector Electricity,Lancashire Total,166.02648069616114,2011
Public Sector Electricity,Lancashire Total,191.7327882579817,2012
Public Sector Electricity,Lancashire Total,174.84927650183621,2013
Public Sector Electricity,Lancashire Total,150.72524977603857,2014
Public Sector Electricity,Lancashire Total,127.49927482052745,2015
Public Sector Electricity,Lancashire Total,97.29074217423143,2016
Public Sector Electricity,Lancashire Total,93.48122064635228,2017
Public Sector Electricity,Lancashire Total,76.51573714739686,2018
Public Sector Electricity,Lancashire Total,64.13204176290584,2019
Public Sector Electricity,Lancashire Total,48.498211732692184,2020
Public Sector Electricity,Lancashire Total,56.9519624401382,2021
Public Sector Electricity,Lancashire Total,56.78235548427002,2022
Public Sector Electricity,Lancashire Total,45.89503299775535,2023
Public Sector Electricity,Lancaster,37.38143162884272,2005
Public Sector Electricity,Lancaster,36.280708994588984,2006
Public Sector Electricity,Lancaster,35.156990683117215,2007
Public Sector Electricity,Lancaster,38.86729983981615,2008
Public Sector Electricity,Lancaster,31.606253463395905,2009
Public Sector Electricity,Lancaster,35.34834865311013,2010
Public Sector Electricity,Lancaster,31.237655547761648,2011
Public Sector Electricity,Lancaster,36.12333963314147,2012
Public Sector Electricity,Lancaster,32.27975072549998,2013
Public Sector Electricity,Lancaster,27.318800642289684,2014
Public Sector Electricity,Lancaster,22.632281419881505,2015
Public Sector Electricity,Lancaster,18.303838807428857,2016
Public Sector Electricity,Lancaster,16.253346480615466,2017
Public Sector Electricity,Lancaster,14.906083636855122,2018
Public Sector Electricity,Lancaster,12.99640862455185,2019
Public Sector Electricity,Lancaster,8.147517200871839,2020
Public Sector Electricity,Lancaster,10.518941796125612,2021
Public Sector Electricity,Lancaster,10.599537511707878,2022
Public Sector Electricity,Lancaster,8.271184003312923,2023
Public Sector Electricity,North West Total,1460.6196363187269,2005
Public Sector Electricity,North West Total,1547.7161355867952,2006
Public Sector Electricity,North West Total,1478.0888700653413,2007
Public Sector Electricity,North West Total,1475.545971190511,2008
Public Sector Electricity,North West Total,1206.691654733771,2009
Public Sector Electricity,North West Total,1296.075127424574,2010
Public Sector Electricity,North West Total,1135.5187175373428,2011
Public Sector Electricity,North West Total,1302.1847689453018,2012
Public Sector Electricity,North West Total,1190.0140264106922,2013
Public Sector Electricity,North West Total,998.3741537697235,2014
Public Sector Electricity,North West Total,854.3052274812877,2015
Public Sector Electricity,North West Total,662.2645301134642,2016
Public Sector Electricity,North West Total,672.2625007163028,2017
Public Sector Electricity,North West Total,514.9032089625912,2018
Public Sector Electricity,North West Total,452.20152044631857,2019
Public Sector Electricity,North West Total,358.14523205473364,2020
Public Sector Electricity,North West Total,400.6137940918092,2021
Public Sector Electricity,North West Total,387.6596512197113,2022
Public Sector Electricity,North West Total,322.3950770860271,2023
Public Sector Electricity,Pendle,9.19147568846384,2005
Public Sector Electricity,Pendle,9.714484427324823,2006
Public Sector Electricity,Pendle,9.044374344882657,2007
Public Sector Electricity,Pendle,9.043547617256563,2008
Public Sector Electricity,Pendle,7.52323644155308,2009
Public Sector Electricity,Pendle,8.109124528898754,2010
Public Sector Electricity,Pendle,6.800890905249618,2011
Public Sector Electricity,Pendle,8.509022842109657,2012
Public Sector Electricity,Pendle,7.852401470325706,2013
Public Sector Electricity,Pendle,6.533140025618842,2014
Public Sector Electricity,Pendle,5.196123538292562,2015
Public Sector Electricity,Pendle,3.7613549056349047,2016
Public Sector Electricity,Pendle,3.6042802084463808,2017
Public Sector Electricity,Pendle,2.9776953491633558,2018
Public Sector Electricity,Pendle,2.737590708253179,2019
Public Sector Electricity,Pendle,2.078576604198979,2020
Public Sector Electricity,Pendle,2.3940463247533446,2021
Public Sector Electricity,Pendle,2.3227986396669786,2022
Public Sector Electricity,Pendle,1.9519612213980702,2023
Public Sector Electricity,Preston,45.479486785421564,2005
Public Sector Electricity,Preston,47.68214008249608,2006
Public Sector Electricity,Preston,46.25447029842277,2007
Public Sector Electricity,Preston,47.27871692069652,2008
Public Sector Electricity,Preston,35.15268597278071,2009
Public Sector Electricity,Preston,41.59855583446524,2010
Public Sector Electricity,Preston,36.4478670218998,2011
Public Sector Electricity,Preston,40.918927380727276,2012
Public Sector Electricity,Preston,36.47563907004412,2013
Public Sector Electricity,Preston,30.985842202229193,2014
Public Sector Electricity,Preston,25.84335099033059,2015
Public Sector Electricity,Preston,19.57667256851239,2016
Public Sector Electricity,Preston,17.848822800912764,2017
Public Sector Electricity,Preston,13.795472454902006,2018
Public Sector Electricity,Preston,11.278256441210257,2019
Public Sector Electricity,Preston,8.860616883139798,2020
Public Sector Electricity,Preston,10.252286780117226,2021
Public Sector Electricity,Preston,9.074690111969145,2022
Public Sector Electricity,Preston,7.16439634823951,2023
Public Sector Electricity,Ribble Valley,10.014954907354978,2005
Public Sector Electricity,Ribble Valley,9.782869171087194,2006
Public Sector Electricity,Ribble Valley,9.557036895142412,2007
Public Sector Electricity,Ribble Valley,9.192975644550492,2008
Public Sector Electricity,Ribble Valley,7.526590347082925,2009
Public Sector Electricity,Ribble Valley,8.466139463614432,2010
Public Sector Electricity,Ribble Valley,7.996749935102916,2011
Public Sector Electricity,Ribble Valley,7.901675798263362,2012
Public Sector Electricity,Ribble Valley,7.887483314915364,2013
Public Sector Electricity,Ribble Valley,7.13333874076774,2014
Public Sector Electricity,Ribble Valley,6.122674620407486,2015
Public Sector Electricity,Ribble Valley,4.620759150136366,2016
Public Sector Electricity,Ribble Valley,3.9384204775930387,2017
Public Sector Electricity,Ribble Valley,3.852474078036418,2018
Public Sector Electricity,Ribble Valley,3.1302180753355198,2019
Public Sector Electricity,Ribble Valley,2.4373127713661598,2020
Public Sector Electricity,Ribble Valley,2.6976458646358066,2021
Public Sector Electricity,Ribble Valley,2.549092259498159,2022
Public Sector Electricity,Ribble Valley,2.1455611506595598,2023
Public Sector Electricity,Rossendale,14.035332757978212,2005
Public Sector Electricity,Rossendale,14.542213097835528,2006
Public Sector Electricity,Rossendale,13.844047961865277,2007
Public Sector Electricity,Rossendale,13.65183193147514,2008
Public Sector Electricity,Rossendale,11.6536011130966,2009
Public Sector Electricity,Rossendale,7.599305798620649,2010
Public Sector Electricity,Rossendale,10.218129092751632,2011
Public Sector Electricity,Rossendale,11.643482645955224,2012
Public Sector Electricity,Rossendale,10.452108957964196,2013
Public Sector Electricity,Rossendale,8.825136765831592,2014
Public Sector Electricity,Rossendale,7.262487680773791,2015
Public Sector Electricity,Rossendale,5.131935502578878,2016
Public Sector Electricity,Rossendale,4.891297254338468,2017
Public Sector Electricity,Rossendale,3.885105105790356,2018
Public Sector Electricity,Rossendale,1.9818357333163137,2019
Public Sector Electricity,Rossendale,1.5835083130659686,2020
Public Sector Electricity,Rossendale,1.7939795007886898,2021
Public Sector Electricity,Rossendale,1.6235393827171996,2022
Public Sector Electricity,Rossendale,1.3825648027937283,2023
Public Sector Electricity,South Ribble,10.225316626797945,2005
Public Sector Electricity,South Ribble,10.822252204696351,2006
Public Sector Electricity,South Ribble,9.529556480246214,2007
Public Sector Electricity,South Ribble,10.68926009610555,2008
Public Sector Electricity,South Ribble,7.014156475325789,2009
Public Sector Electricity,South Ribble,8.920823134701456,2010
Public Sector Electricity,South Ribble,7.723420035537598,2011
Public Sector Electricity,South Ribble,9.773669285103445,2012
Public Sector Electricity,South Ribble,9.238924427822296,2013
Public Sector Electricity,South Ribble,8.23766116050442,2014
Public Sector Electricity,South Ribble,7.127696005811794,2015
Public Sector Electricity,South Ribble,5.131805937951211,2016
Public Sector Electricity,South Ribble,4.762977742245732,2017
Public Sector Electricity,South Ribble,3.8700409498145003,2018
Public Sector Electricity,South Ribble,3.1474041583962573,2019
Public Sector Electricity,South Ribble,2.3042464741830138,2020
Public Sector Electricity,South Ribble,2.761853225177091,2021
Public Sector Electricity,South Ribble,2.768864554730097,2022
Public Sector Electricity,South Ribble,2.4160759125778686,2023
Public Sector Electricity,West Lancashire,17.17351734378116,2005
Public Sector Electricity,West Lancashire,16.843625660938702,2006
Public Sector Electricity,West Lancashire,16.23548622235896,2007
Public Sector Electricity,West Lancashire,16.963735063032466,2008
Public Sector Electricity,West Lancashire,13.730840278281487,2009
Public Sector Electricity,West Lancashire,15.062559942621627,2010
Public Sector Electricity,West Lancashire,11.826039302185743,2011
Public Sector Electricity,West Lancashire,14.582403633846413,2012
Public Sector Electricity,West Lancashire,13.854161460957766,2013
Public Sector Electricity,West Lancashire,12.035650870709231,2014
Public Sector Electricity,West Lancashire,10.584568990514557,2015
Public Sector Electricity,West Lancashire,8.637512370938122,2016
Public Sector Electricity,West Lancashire,8.06985531013361,2017
Public Sector Electricity,West Lancashire,6.863134278538624,2018
Public Sector Electricity,West Lancashire,5.696343498691492,2019
Public Sector Electricity,West Lancashire,4.434878403897156,2020
Public Sector Electricity,West Lancashire,5.308838297807673,2021
Public Sector Electricity,West Lancashire,6.456169209715054,2022
Public Sector Electricity,West Lancashire,4.815136966744297,2023
Public Sector Electricity,Wyre,7.585421485012979,2005
Public Sector Electricity,Wyre,9.00154786353911,2006
Public Sector Electricity,Wyre,9.718149507757957,2007
Public Sector Electricity,Wyre,8.590278772352784,2008
Public Sector Electricity,Wyre,7.372455544275889,2009
Public Sector Electricity,Wyre,8.52471060884653,2010
Public Sector Electricity,Wyre,6.336538160162216,2011
Public Sector Electricity,Wyre,8.465741566986473,2012
Public Sector Electricity,Wyre,7.9269259141999395,2013
Public Sector Electricity,Wyre,6.944644731760312,2014
Public Sector Electricity,Wyre,6.514010556714409,2015
Public Sector Electricity,Wyre,4.935746583291318,2016
Public Sector Electricity,Wyre,5.010488694663721,2017
Public Sector Electricity,Wyre,3.917905631079945,2018
Public Sector Electricity,Wyre,3.451692084947478,2019
Public Sector Electricity,Wyre,2.7398549328911326,2020
Public Sector Electricity,Wyre,3.118475886436325,2021
Public Sector Electricity,Wyre,3.2456620495578297,2022
Public Sector Electricity,Wyre,2.690114392484376,2023
Public Sector Gas,Blackburn with Darwen,48.72964451091892,2005
Public Sector Gas,Blackburn with Darwen,41.2309538669342,2006
Public Sector Gas,Blackburn with Darwen,41.348635130819986,2007
Public Sector Gas,Blackburn with Darwen,37.487220321755665,2008
Public Sector Gas,Blackburn with Darwen,36.417360682948654,2009
Public Sector Gas,Blackburn with Darwen,40.884888461617386,2010
Public Sector Gas,Blackburn with Darwen,31.820448650310265,2011
Public Sector Gas,Blackburn with Darwen,22.695214596068638,2012
Public Sector Gas,Blackburn with Darwen,27.135690509884103,2013
Public Sector Gas,Blackburn with Darwen,21.67188859186811,2014
Public Sector Gas,Blackburn with Darwen,22.428930889543416,2015
Public Sector Gas,Blackburn with Darwen,20.729076765496135,2016
Public Sector Gas,Blackburn with Darwen,20.343985493969946,2017
Public Sector Gas,Blackburn with Darwen,20.580171779068603,2018
Public Sector Gas,Blackburn with Darwen,18.477760210942588,2019
Public Sector Gas,Blackburn with Darwen,17.961818916917856,2020
Public Sector Gas,Blackburn with Darwen,19.135208179770704,2021
Public Sector Gas,Blackburn with Darwen,18.96512046245141,2022
Public Sector Gas,Blackburn with Darwen,15.500979828968994,2023
Public Sector Gas,Blackpool,26.844571070282335,2005
Public Sector Gas,Blackpool,24.93387494277697,2006
Public Sector Gas,Blackpool,22.907396117900017,2007
Public Sector Gas,Blackpool,23.197788585376635,2008
Public Sector Gas,Blackpool,20.803223390244096,2009
Public Sector Gas,Blackpool,23.940641583106736,2010
Public Sector Gas,Blackpool,21.064433274792925,2011
Public Sector Gas,Blackpool,24.031760993151888,2012
Public Sector Gas,Blackpool,23.444248021588038,2013
Public Sector Gas,Blackpool,19.62629275851147,2014
Public Sector Gas,Blackpool,20.29313541639159,2015
Public Sector Gas,Blackpool,17.996805962904872,2016
Public Sector Gas,Blackpool,18.734443666473936,2017
Public Sector Gas,Blackpool,19.410866661655568,2018
Public Sector Gas,Blackpool,20.290143779839397,2019
Public Sector Gas,Blackpool,19.04518236139462,2020
Public Sector Gas,Blackpool,25.022634975004213,2021
Public Sector Gas,Blackpool,26.04377359504408,2022
Public Sector Gas,Blackpool,20.599223924275037,2023
Public Sector Gas,Burnley,21.116653199922354,2005
Public Sector Gas,Burnley,17.885343106609657,2006
Public Sector Gas,Burnley,17.84012477382439,2007
Public Sector Gas,Burnley,16.189943377614604,2008
Public Sector Gas,Burnley,12.845616356770881,2009
Public Sector Gas,Burnley,14.516606017183749,2010
Public Sector Gas,Burnley,11.900148633490629,2011
Public Sector Gas,Burnley,11.477674160395766,2012
Public Sector Gas,Burnley,13.258136856778334,2013
Public Sector Gas,Burnley,11.39281951023765,2014
Public Sector Gas,Burnley,12.768111647901113,2015
Public Sector Gas,Burnley,11.891468219626438,2016
Public Sector Gas,Burnley,12.479597535184741,2017
Public Sector Gas,Burnley,12.201450112777998,2018
Public Sector Gas,Burnley,11.912265070059524,2019
Public Sector Gas,Burnley,11.050457325706684,2020
Public Sector Gas,Burnley,12.207018867063084,2021
Public Sector Gas,Burnley,12.562895607909901,2022
Public Sector Gas,Burnley,7.655258691977438,2023
Public Sector Gas,Chorley,12.258054618242388,2005
Public Sector Gas,Chorley,11.746537579522634,2006
Public Sector Gas,Chorley,10.473415403119729,2007
Public Sector Gas,Chorley,10.298867039159173,2008
Public Sector Gas,Chorley,9.726575915065386,2009
Public Sector Gas,Chorley,10.59583320829261,2010
Public Sector Gas,Chorley,9.363735736328435,2011
Public Sector Gas,Chorley,10.725200386280447,2012
Public Sector Gas,Chorley,11.86297530439887,2013
Public Sector Gas,Chorley,15.44029941271569,2014
Public Sector Gas,Chorley,14.422242929052386,2015
Public Sector Gas,Chorley,15.063465357363718,2016
Public Sector Gas,Chorley,16.25261959640737,2017
Public Sector Gas,Chorley,17.522142005583593,2018
Public Sector Gas,Chorley,14.574668915334582,2019
Public Sector Gas,Chorley,13.261465640967831,2020
Public Sector Gas,Chorley,15.555294544701901,2021
Public Sector Gas,Chorley,14.413511478425324,2022
Public Sector Gas,Chorley,10.800001511978499,2023
Public Sector Gas,England Total,9278.355594490584,2005
Public Sector Gas,England Total,8378.740718605206,2006
Public Sector Gas,England Total,7782.796414701681,2007
Public Sector Gas,England Total,7827.775791396551,2008
Public Sector Gas,England Total,7061.161114354391,2009
Public Sector Gas,England Total,7971.817686559059,2010
Public Sector Gas,England Total,6707.624408143256,2011
Public Sector Gas,England Total,7366.40749954434,2012
Public Sector Gas,England Total,7584.977840199904,2013
Public Sector Gas,England Total,6657.7792167297775,2014
Public Sector Gas,England Total,6721.903221181627,2015
Public Sector Gas,England Total,6096.589029288731,2016
Public Sector Gas,England Total,6504.457762972728,2017
Public Sector Gas,England Total,5979.932060397767,2018
Public Sector Gas,England Total,5728.252796643212,2019
Public Sector Gas,England Total,5748.316905706381,2020
Public Sector Gas,England Total,6210.051992158379,2021
Public Sector Gas,England Total,5649.482699114644,2022
Public Sector Gas,England Total,5029.369798316691,2023
Public Sector Gas,Fylde,32.40082157362787,2005
Public Sector Gas,Fylde,32.47730041972049,2006
Public Sector Gas,Fylde,25.308161210831077,2007
Public Sector Gas,Fylde,27.727524342617524,2008
Public Sector Gas,Fylde,31.875296124852042,2009
Public Sector Gas,Fylde,39.540326470529074,2010
Public Sector Gas,Fylde,31.786677972365474,2011
Public Sector Gas,Fylde,13.103101140111772,2012
Public Sector Gas,Fylde,12.946639979195192,2013
Public Sector Gas,Fylde,9.82516894453366,2014
Public Sector Gas,Fylde,10.508352881499961,2015
Public Sector Gas,Fylde,9.497208227204831,2016
Public Sector Gas,Fylde,10.771350253145213,2017
Public Sector Gas,Fylde,9.266449288049776,2018
Public Sector Gas,Fylde,6.618429683527402,2019
Public Sector Gas,Fylde,7.75660881331097,2020
Public Sector Gas,Fylde,7.755228075603316,2021
Public Sector Gas,Fylde,9.776691309887974,2022
Public Sector Gas,Fylde,2.6806435369633723,2023
Public Sector Gas,Hyndburn,7.087271291411768,2005
Public Sector Gas,Hyndburn,6.267506830980978,2006
Public Sector Gas,Hyndburn,5.473125071117292,2007
Public Sector Gas,Hyndburn,5.905665620801355,2008
Public Sector Gas,Hyndburn,4.995352415435107,2009
Public Sector Gas,Hyndburn,5.497511730179561,2010
Public Sector Gas,Hyndburn,4.331419096639874,2011
Public Sector Gas,Hyndburn,4.536279223077646,2012
Public Sector Gas,Hyndburn,4.0408676141404,2013
Public Sector Gas,Hyndburn,3.992801922979921,2014
Public Sector Gas,Hyndburn,4.327586673899929,2015
Public Sector Gas,Hyndburn,4.0734570304817845,2016
Public Sector Gas,Hyndburn,4.837771975117029,2017
Public Sector Gas,Hyndburn,5.048870880349896,2018
Public Sector Gas,Hyndburn,4.410084195583138,2019
Public Sector Gas,Hyndburn,4.4940053426562345,2020
Public Sector Gas,Hyndburn,4.9395084476954265,2021
Public Sector Gas,Hyndburn,2.84247204174802,2022
Public Sector Gas,Hyndburn,2.761198947310682,2023
Public Sector Gas,Lancashire Total,209.78267572910008,2005
Public Sector Gas,Lancashire Total,184.71020464347544,2006
Public Sector Gas,Lancashire Total,166.20755118704167,2007
Public Sector Gas,Lancashire Total,164.2033833338846,2008
Public Sector Gas,Lancashire Total,158.75221392873445,2009
Public Sector Gas,Lancashire Total,184.77621531415411,2010
Public Sector Gas,Lancashire Total,156.97696977386903,2011
Public Sector Gas,Lancashire Total,149.1428309783656,2012
Public Sector Gas,Lancashire Total,154.61991876491462,2013
Public Sector Gas,Lancashire Total,135.56536113808485,2014
Public Sector Gas,Lancashire Total,139.96444025494898,2015
Public Sector Gas,Lancashire Total,132.13935894089232,2016
Public Sector Gas,Lancashire Total,135.0738889717148,2017
Public Sector Gas,Lancashire Total,134.56245589820068,2018
Public Sector Gas,Lancashire Total,129.8581301800981,2019
Public Sector Gas,Lancashire Total,137.7107973860879,2020
Public Sector Gas,Lancashire Total,151.29811373884232,2021
Public Sector Gas,Lancashire Total,134.1134180408079,2022
Public Sector Gas,Lancashire Total,98.53926550444041,2023
Public Sector Gas,Lancaster,32.30441250871477,2005
Public Sector Gas,Lancaster,29.422718087273314,2006
Public Sector Gas,Lancaster,27.036648951454797,2007
Public Sector Gas,Lancaster,26.88087011050333,2008
Public Sector Gas,Lancaster,25.580269438894174,2009
Public Sector Gas,Lancaster,26.314242973058906,2010
Public Sector Gas,Lancaster,22.2887645828085,2011
Public Sector Gas,Lancaster,25.27781286554798,2012
Public Sector Gas,Lancaster,27.58239221997487,2013
Public Sector Gas,Lancaster,23.9372206790118,2014
Public Sector Gas,Lancaster,22.22705716260734,2015
Public Sector Gas,Lancaster,20.730041649745704,2016
Public Sector Gas,Lancaster,16.690938572583587,2017
Public Sector Gas,Lancaster,16.847750636249263,2018
Public Sector Gas,Lancaster,24.863556402730236,2019
Public Sector Gas,Lancaster,30.732937579798346,2020
Public Sector Gas,Lancaster,31.010612561639373,2021
Public Sector Gas,Lancaster,26.750097115303,2022
Public Sector Gas,Lancaster,18.257515997631764,2023
Public Sector Gas,North West Total,1256.622068858754,2005
Public Sector Gas,North West Total,1135.9877275031192,2006
Public Sector Gas,North West Total,1063.0981372533392,2007
Public Sector Gas,North West Total,1038.7313971466542,2008
Public Sector Gas,North West Total,968.2271117116301,2009
Public Sector Gas,North West Total,1080.8328315072165,2010
Public Sector Gas,North West Total,926.0639522797377,2011
Public Sector Gas,North West Total,999.7227786074909,2012
Public Sector Gas,North West Total,1020.8222686614216,2013
Public Sector Gas,North West Total,935.5758397658219,2014
Public Sector Gas,North West Total,945.9790871527523,2015
Public Sector Gas,North West Total,880.6389295897603,2016
Public Sector Gas,North West Total,930.7852455016599,2017
Public Sector Gas,North West Total,900.6562703618688,2018
Public Sector Gas,North West Total,878.6104790788143,2019
Public Sector Gas,North West Total,874.2217990987323,2020
Public Sector Gas,North West Total,939.8321766206557,2021
Public Sector Gas,North West Total,851.4545567690765,2022
Public Sector Gas,North West Total,728.5765781237901,2023
Public Sector Gas,Pendle,7.570319113409189,2005
Public Sector Gas,Pendle,7.311324683391309,2006
Public Sector Gas,Pendle,6.886414466285058,2007
Public Sector Gas,Pendle,6.175440050092629,2008
Public Sector Gas,Pendle,5.783134459247138,2009
Public Sector Gas,Pendle,6.900110075667048,2010
Public Sector Gas,Pendle,5.598776009930658,2011
Public Sector Gas,Pendle,6.622232232402649,2012
Public Sector Gas,Pendle,6.697540163179061,2013
Public Sector Gas,Pendle,5.504827776269702,2014
Public Sector Gas,Pendle,5.586464887257164,2015
Public Sector Gas,Pendle,5.356905341573131,2016
Public Sector Gas,Pendle,5.948565560118222,2017
Public Sector Gas,Pendle,5.469749195173209,2018
Public Sector Gas,Pendle,5.640048867150671,2019
Public Sector Gas,Pendle,5.444075302296298,2020
Public Sector Gas,Pendle,6.0942072260030455,2021
Public Sector Gas,Pendle,5.743933516608735,2022
Public Sector Gas,Pendle,5.512830441105279,2023
Public Sector Gas,Preston,52.17901345298644,2005
Public Sector Gas,Preston,35.84515706632979,2006
Public Sector Gas,Preston,34.71419494812066,2007
Public Sector Gas,Preston,34.810037878196795,2008
Public Sector Gas,Preston,33.54607812187992,2009
Public Sector Gas,Preston,40.11926823918352,2010
Public Sector Gas,Preston,34.8496811671142,2011
Public Sector Gas,Preston,39.464334910336646,2012
Public Sector Gas,Preston,38.60877992488711,2013
Public Sector Gas,Preston,32.052072588468874,2014
Public Sector Gas,Preston,34.54912900711933,2015
Public Sector Gas,Preston,31.499920596961214,2016
Public Sector Gas,Preston,31.26871458066293,2017
Public Sector Gas,Preston,32.74812094804211,2018
Public Sector Gas,Preston,29.449040321958385,2019
Public Sector Gas,Preston,30.104599192249132,2020
Public Sector Gas,Preston,37.71124556349242,2021
Public Sector Gas,Preston,30.821543705200224,2022
Public Sector Gas,Preston,25.45252900803505,2023
Public Sector Gas,Ribble Valley,4.6189500522406925,2005
Public Sector Gas,Ribble Valley,4.329339722859048,2006
Public Sector Gas,Ribble Valley,3.176016683653619,2007
Public Sector Gas,Ribble Valley,3.2240480903782194,2008
Public Sector Gas,Ribble Valley,3.0520359743196632,2009
Public Sector Gas,Ribble Valley,4.738690284582181,2010
Public Sector Gas,Ribble Valley,4.188961186136582,2011
Public Sector Gas,Ribble Valley,3.2952999530521274,2012
Public Sector Gas,Ribble Valley,4.054680189405835,2013
Public Sector Gas,Ribble Valley,3.3077980478968962,2014
Public Sector Gas,Ribble Valley,3.092171832720364,2015
Public Sector Gas,Ribble Valley,3.238515266276181,2016
Public Sector Gas,Ribble Valley,3.7251700091330693,2017
Public Sector Gas,Ribble Valley,3.439256336923795,2018
Public Sector Gas,Ribble Valley,2.944056363584253,2019
Public Sector Gas,Ribble Valley,2.9387255793538833,2020
Public Sector Gas,Ribble Valley,2.956729482976055,2021
Public Sector Gas,Ribble Valley,2.482615270151991,2022
Public Sector Gas,Ribble Valley,2.5290393915779807,2023
Public Sector Gas,Rossendale,7.021045794973834,2005
Public Sector Gas,Rossendale,6.771982537644773,2006
Public Sector Gas,Rossendale,5.3795998143051325,2007
Public Sector Gas,Rossendale,5.260444061686142,2008
Public Sector Gas,Rossendale,4.802852917540589,2009
Public Sector Gas,Rossendale,5.606765875676051,2010
Public Sector Gas,Rossendale,4.703163123419162,2011
Public Sector Gas,Rossendale,4.967373032951817,2012
Public Sector Gas,Rossendale,5.009050961430294,2013
Public Sector Gas,Rossendale,4.19017656637265,2014
Public Sector Gas,Rossendale,4.18488278584578,2015
Public Sector Gas,Rossendale,3.678440214854899,2016
Public Sector Gas,Rossendale,4.392435552631714,2017
Public Sector Gas,Rossendale,4.354376866412333,2018
Public Sector Gas,Rossendale,4.371203406603381,2019
Public Sector Gas,Rossendale,4.121179850628763,2020
Public Sector Gas,Rossendale,4.463154785876848,2021
Public Sector Gas,Rossendale,3.347878154521842,2022
Public Sector Gas,Rossendale,2.584774188477351,2023
Public Sector Gas,South Ribble,7.989978621709405,2005
Public Sector Gas,South Ribble,8.200306765935775,2006
Public Sector Gas,South Ribble,7.891689345102748,2007
Public Sector Gas,South Ribble,6.837452018386672,2008
Public Sector Gas,South Ribble,6.085981487837895,2009
Public Sector Gas,South Ribble,6.807112367257748,2010
Public Sector Gas,South Ribble,5.84825852273289,2011
Public Sector Gas,South Ribble,6.676275347809685,2012
Public Sector Gas,South Ribble,6.924983744108793,2013
Public Sector Gas,South Ribble,5.893333084879663,2014
Public Sector Gas,South Ribble,6.136046766861383,2015
Public Sector Gas,South Ribble,5.774440108159728,2016
Public Sector Gas,South Ribble,6.72444155010638,2017
Public Sector Gas,South Ribble,5.716741943872921,2018
Public Sector Gas,South Ribble,4.742917699021172,2019
Public Sector Gas,South Ribble,4.640428382508204,2020
Public Sector Gas,South Ribble,5.173230499066842,2021
Public Sector Gas,South Ribble,3.7573131901389276,2022
Public Sector Gas,South Ribble,3.5387277159350594,2023
Public Sector Gas,West Lancashire,20.06870311421006,2005
Public Sector Gas,West Lancashire,18.485117231913886,2006
Public Sector Gas,West Lancashire,16.5750119927754,2007
Public Sector Gas,West Lancashire,15.246367208151522,2008
Public Sector Gas,West Lancashire,15.082784815983928,2009
Public Sector Gas,West Lancashire,18.249894476510878,2010
Public Sector Gas,West Lancashire,17.149260882444544,2011
Public Sector Gas,West Lancashire,17.185232669688894,2012
Public Sector Gas,West Lancashire,17.72647657342045,2013
Public Sector Gas,West Lancashire,14.936521405620883,2014
Public Sector Gas,West Lancashire,16.68307623234697,2015
Public Sector Gas,West Lancashire,16.091435892756177,2016
Public Sector Gas,West Lancashire,16.65091774928039,2017
Public Sector Gas,West Lancashire,16.921829405580123,2018
Public Sector Gas,West Lancashire,15.888058440708182,2019
Public Sector Gas,West Lancashire,17.33076558223711,2020
Public Sector Gas,West Lancashire,16.642123111484672,2021
Public Sector Gas,West Lancashire,15.876517567115648,2022
Public Sector Gas,West Lancashire,11.867230634829427,2023
Public Sector Gas,Wyre,5.167452387651291,2005
Public Sector Gas,Wyre,5.967570611293779,2006
Public Sector Gas,Wyre,5.4531485264517805,2007
Public Sector Gas,Wyre,5.646723536296646,2008
Public Sector Gas,Wyre,5.376235900907734,2009
Public Sector Gas,Wyre,5.889853596032762,2010
Public Sector Gas,Wyre,4.968122860458102,2011
Public Sector Gas,Wyre,5.81201505671019,2012
Public Sector Gas,Wyre,5.90739523399543,2013
Public Sector Gas,Wyre,5.092321199097454,2014
Public Sector Gas,Wyre,5.479317447837244,2015
Public Sector Gas,Wyre,5.244061035888512,2016
Public Sector Gas,Wyre,5.33136603734417,2017
Public Sector Gas,Wyre,5.025718279185686,2018
Public Sector Gas,Wyre,4.443800813837172,2019
Public Sector Gas,Wyre,5.8355487943744695,2020
Public Sector Gas,Wyre,6.7897605732393265,2021
Public Sector Gas,Wyre,5.7379490837963125,2022
Public Sector Gas,Wyre,4.899515438618502,2023
Public Sector 'Other',Blackburn with Darwen,6.8860421212899166,2005
Public Sector 'Other',Blackburn with Darwen,5.4065327928785605,2006
Public Sector 'Other',Blackburn with Darwen,4.860767344211044,2007
Public Sector 'Other',Blackburn with Darwen,3.96688756487045,2008
Public Sector 'Other',Blackburn with Darwen,4.132597138063838,2009
Public Sector 'Other',Blackburn with Darwen,3.286367215269887,2010
Public Sector 'Other',Blackburn with Darwen,3.0800442425964922,2011
Public Sector 'Other',Blackburn with Darwen,3.4760179114965806,2012
Public Sector 'Other',Blackburn with Darwen,2.8034570399299343,2013
Public Sector 'Other',Blackburn with Darwen,3.3546214826187217,2014
Public Sector 'Other',Blackburn with Darwen,1.8241941794948096,2015
Public Sector 'Other',Blackburn with Darwen,1.733543333488707,2016
Public Sector 'Other',Blackburn with Darwen,1.6452063184320576,2017
Public Sector 'Other',Blackburn with Darwen,2.659010627910003,2018
Public Sector 'Other',Blackburn with Darwen,2.3757104412326333,2019
Public Sector 'Other',Blackburn with Darwen,2.8398187542344946,2020
Public Sector 'Other',Blackburn with Darwen,3.2614235313505486,2021
Public Sector 'Other',Blackburn with Darwen,2.2801254627699574,2022
Public Sector 'Other',Blackburn with Darwen,2.384059639078864,2023
Public Sector 'Other',Blackpool,9.096331553351957,2005
Public Sector 'Other',Blackpool,7.16431817525699,2006
Public Sector 'Other',Blackpool,5.919083747075234,2007
Public Sector 'Other',Blackpool,5.464270575874153,2008
Public Sector 'Other',Blackpool,5.485502794988796,2009
Public Sector 'Other',Blackpool,4.348100351802017,2010
Public Sector 'Other',Blackpool,4.172196368026606,2011
Public Sector 'Other',Blackpool,4.2815232008219875,2012
Public Sector 'Other',Blackpool,3.757227361531086,2013
Public Sector 'Other',Blackpool,4.4785165975158465,2014
Public Sector 'Other',Blackpool,2.411067511809987,2015
Public Sector 'Other',Blackpool,2.262949465069938,2016
Public Sector 'Other',Blackpool,2.0652753861110678,2017
Public Sector 'Other',Blackpool,3.1867884557601123,2018
Public Sector 'Other',Blackpool,3.509964802136573,2019
Public Sector 'Other',Blackpool,4.160639315367537,2020
Public Sector 'Other',Blackpool,4.7161358444370824,2021
Public Sector 'Other',Blackpool,3.5060495500844264,2022
Public Sector 'Other',Blackpool,3.762101464839065,2023
Public Sector 'Other',Burnley,3.6361549798072477,2005
Public Sector 'Other',Burnley,2.8500086283165773,2006
Public Sector 'Other',Burnley,2.622368158518554,2007
Public Sector 'Other',Burnley,2.063011742216311,2008
Public Sector 'Other',Burnley,2.096845732390649,2009
Public Sector 'Other',Burnley,1.6595417673531998,2010
Public Sector 'Other',Burnley,1.6293703687249208,2011
Public Sector 'Other',Burnley,1.7369222609093846,2012
Public Sector 'Other',Burnley,1.50054588893514,2013
Public Sector 'Other',Burnley,1.8054872678069815,2014
Public Sector 'Other',Burnley,0.9785145653631552,2015
Public Sector 'Other',Burnley,0.928205710434974,2016
Public Sector 'Other',Burnley,0.9057945349844173,2017
Public Sector 'Other',Burnley,1.3564454978305813,2018
Public Sector 'Other',Burnley,1.119590232733141,2019
Public Sector 'Other',Burnley,1.294854162054689,2020
Public Sector 'Other',Burnley,1.437493655254881,2021
Public Sector 'Other',Burnley,1.0551196551638433,2022
Public Sector 'Other',Burnley,1.1403497733148227,2023
Public Sector 'Other',Chorley,4.248971912244908,2005
Public Sector 'Other',Chorley,3.329100497120989,2006
Public Sector 'Other',Chorley,3.0521544733833066,2007
Public Sector 'Other',Chorley,2.411660573406128,2008
Public Sector 'Other',Chorley,2.4471573951051293,2009
Public Sector 'Other',Chorley,1.9340519076084934,2010
Public Sector 'Other',Chorley,1.8978269534792647,2011
Public Sector 'Other',Chorley,2.020132023826813,2012
Public Sector 'Other',Chorley,1.7814929860245243,2013
Public Sector 'Other',Chorley,2.094026335084571,2014
Public Sector 'Other',Chorley,1.1148681737715989,2015
Public Sector 'Other',Chorley,1.0535170231521431,2016
Public Sector 'Other',Chorley,1.0277131748842285,2017
Public Sector 'Other',Chorley,1.790709504085263,2018
Public Sector 'Other',Chorley,1.7906300794449053,2019
Public Sector 'Other',Chorley,2.0644293809596497,2020
Public Sector 'Other',Chorley,2.272503136155273,2021
Public Sector 'Other',Chorley,1.6696571641672924,2022
Public Sector 'Other',Chorley,1.7385923371668948,2023
Public Sector 'Other',England Total,2773.5547788690233,2005
Public Sector 'Other',England Total,2191.5374341263923,2006
Public Sector 'Other',England Total,1984.1553791281228,2007
Public Sector 'Other',England Total,1618.0951059712709,2008
Public Sector 'Other',England Total,1651.6550532174642,2009
Public Sector 'Other',England Total,1332.255505959124,2010
Public Sector 'Other',England Total,1319.1887771316399,2011
Public Sector 'Other',England Total,1405.1255208990542,2012
Public Sector 'Other',England Total,1237.796068716886,2013
Public Sector 'Other',England Total,1453.0844923074667,2014
Public Sector 'Other',England Total,791.1371396161986,2015
Public Sector 'Other',England Total,752.2164072963544,2016
Public Sector 'Other',England Total,729.1243697180442,2017
Public Sector 'Other',England Total,1171.2797699139628,2018
Public Sector 'Other',England Total,1023.1810724957919,2019
Public Sector 'Other',England Total,1183.0016304375354,2020
Public Sector 'Other',England Total,1311.6635607598273,2021
Public Sector 'Other',England Total,957.1883294416143,2022
Public Sector 'Other',England Total,1010.8078086991399,2023
Public Sector 'Other',Fylde,4.38142414329884,2005
Public Sector 'Other',Fylde,3.4443291217523457,2006
Public Sector 'Other',Fylde,2.8452992862184376,2007
Public Sector 'Other',Fylde,2.6137451022764027,2008
Public Sector 'Other',Fylde,2.716395021132432,2009
Public Sector 'Other',Fylde,2.146244770516902,2010
Public Sector 'Other',Fylde,2.0655416306274628,2011
Public Sector 'Other',Fylde,2.0271406917975066,2012
Public Sector 'Other',Fylde,1.862183600434964,2013
Public Sector 'Other',Fylde,2.236892106980812,2014
Public Sector 'Other',Fylde,1.1848369799215142,2015
Public Sector 'Other',Fylde,1.128047911798734,2016
Public Sector 'Other',Fylde,1.0362282764227946,2017
Public Sector 'Other',Fylde,1.9149701064481357,2018
Public Sector 'Other',Fylde,1.145722898971404,2019
Public Sector 'Other',Fylde,1.293644566083853,2020
Public Sector 'Other',Fylde,1.4273337909042159,2021
Public Sector 'Other',Fylde,0.9995079233938828,2022
Public Sector 'Other',Fylde,1.0652475593944248,2023
Public Sector 'Other',Hyndburn,3.473782143901026,2005
Public Sector 'Other',Hyndburn,2.716012154475082,2006
Public Sector 'Other',Hyndburn,2.654203765393888,2007
Public Sector 'Other',Hyndburn,1.9061047233026454,2008
Public Sector 'Other',Hyndburn,1.9563726841183116,2009
Public Sector 'Other',Hyndburn,1.550091764749344,2010
Public Sector 'Other',Hyndburn,1.5558014073017383,2011
Public Sector 'Other',Hyndburn,1.6950518076560093,2012
Public Sector 'Other',Hyndburn,1.455502448316298,2013
Public Sector 'Other',Hyndburn,1.7587629334879702,2014
Public Sector 'Other',Hyndburn,1.042992192034306,2015
Public Sector 'Other',Hyndburn,0.8924330650233999,2016
Public Sector 'Other',Hyndburn,0.8719550260820673,2017
Public Sector 'Other',Hyndburn,1.2897491210704337,2018
Public Sector 'Other',Hyndburn,0.994755379665609,2019
Public Sector 'Other',Hyndburn,1.166471591170589,2020
Public Sector 'Other',Hyndburn,1.315685871318589,2021
Public Sector 'Other',Hyndburn,0.9477981011844441,2022
Public Sector 'Other',Hyndburn,1.007485253518722,2023
Public Sector 'Other',Lancashire Total,61.70212501012483,2005
Public Sector 'Other',Lancashire Total,48.41774537078157,2006
Public Sector 'Other',Lancashire Total,43.79527908191476,2007
Public Sector 'Other',Lancashire Total,37.48600825277205,2008
Public Sector 'Other',Lancashire Total,38.807725749096846,2009
Public Sector 'Other',Lancashire Total,30.12607201688029,2010
Public Sector 'Other',Lancashire Total,29.756665913333343,2011
Public Sector 'Other',Lancashire Total,29.59568917778561,2012
Public Sector 'Other',Lancashire Total,25.879406001461554,2013
Public Sector 'Other',Lancashire Total,31.05877761537627,2014
Public Sector 'Other',Lancashire Total,17.109655139764296,2015
Public Sector 'Other',Lancashire Total,16.176380864059105,2016
Public Sector 'Other',Lancashire Total,15.919626574548946,2017
Public Sector 'Other',Lancashire Total,27.195124531518847,2018
Public Sector 'Other',Lancashire Total,22.097508430908007,2019
Public Sector 'Other',Lancashire Total,25.734013724397904,2020
Public Sector 'Other',Lancashire Total,29.2902724536408,2021
Public Sector 'Other',Lancashire Total,20.81068221836165,2022
Public Sector 'Other',Lancashire Total,21.942273133216734,2023
Public Sector 'Other',Lancaster,11.595450330263917,2005
Public Sector 'Other',Lancaster,9.079443316160358,2006
Public Sector 'Other',Lancaster,9.063738291970076,2007
Public Sector 'Other',Lancaster,6.344644850977454,2008
Public Sector 'Other',Lancaster,6.576411652369615,2009
Public Sector 'Other',Lancaster,4.947399420177814,2010
Public Sector 'Other',Lancaster,5.254770962323978,2011
Public Sector 'Other',Lancaster,5.753657073968158,2012
Public Sector 'Other',Lancaster,4.980414412433963,2013
Public Sector 'Other',Lancaster,6.1223208321597715,2014
Public Sector 'Other',Lancaster,3.229457514195148,2015
Public Sector 'Other',Lancaster,3.030507854265168,2016
Public Sector 'Other',Lancaster,3.1269440876440866,2017
Public Sector 'Other',Lancaster,5.0810639180558,2018
Public Sector 'Other',Lancaster,4.1113011732164875,2019
Public Sector 'Other',Lancaster,4.4702285879476715,2020
Public Sector 'Other',Lancaster,5.10926238545174,2021
Public Sector 'Other',Lancaster,3.3195397260750363,2022
Public Sector 'Other',Lancaster,3.4918952718053182,2023
Public Sector 'Other',North West Total,387.4448131574712,2005
Public Sector 'Other',North West Total,304.14323919581545,2006
Public Sector 'Other',North West Total,277.1462488603625,2007
Public Sector 'Other',North West Total,224.6228084099574,2008
Public Sector 'Other',North West Total,229.89782436018882,2009
Public Sector 'Other',North West Total,182.14955828909552,2010
Public Sector 'Other',North West Total,178.25175634767436,2011
Public Sector 'Other',North West Total,187.565856920408,2012
Public Sector 'Other',North West Total,162.82699886777468,2013
Public Sector 'Other',North West Total,195.3512941730286,2014
Public Sector 'Other',North West Total,105.36527898014691,2015
Public Sector 'Other',North West Total,99.57104971816435,2016
Public Sector 'Other',North West Total,96.83302865534712,2017
Public Sector 'Other',North West Total,159.0235750917628,2018
Public Sector 'Other',North West Total,136.8203413626037,2019
Public Sector 'Other',North West Total,159.32236107565012,2020
Public Sector 'Other',North West Total,178.53069010464586,2021
Public Sector 'Other',North West Total,129.27504076448702,2022
Public Sector 'Other',North West Total,137.0876523820711,2023
Public Sector 'Other',Pendle,4.108452422063652,2005
Public Sector 'Other',Pendle,3.2191886841639863,2006
Public Sector 'Other',Pendle,3.0992406642073727,2007
Public Sector 'Other',Pendle,2.288944231807672,2008
Public Sector 'Other',Pendle,2.353130095363524,2009
Public Sector 'Other',Pendle,1.8752570306554845,2010
Public Sector 'Other',Pendle,1.8811961701518702,2011
Public Sector 'Other',Pendle,2.0346365303303533,2012
Public Sector 'Other',Pendle,1.7412590013064302,2013
Public Sector 'Other',Pendle,2.0886732774400314,2014
Public Sector 'Other',Pendle,1.1229028964181098,2015
Public Sector 'Other',Pendle,1.0560940118556086,2016
Public Sector 'Other',Pendle,1.0682980049166921,2017
Public Sector 'Other',Pendle,1.7287020971402631,2018
Public Sector 'Other',Pendle,1.4989443249229997,2019
Public Sector 'Other',Pendle,1.7056658640137607,2020
Public Sector 'Other',Pendle,1.8890303686023064,2021
Public Sector 'Other',Pendle,1.3208050465050134,2022
Public Sector 'Other',Pendle,1.4328257799614164,2023
Public Sector 'Other',Preston,12.967657699052857,2005
Public Sector 'Other',Preston,10.258048670285858,2006
Public Sector 'Other',Preston,7.393046595227767,2007
Public Sector 'Other',Preston,10.31511792525733,2008
Public Sector 'Other',Preston,10.52059400334795,2009
Public Sector 'Other',Preston,8.131211020626578,2010
Public Sector 'Other',Preston,7.727818975966603,2011
Public Sector 'Other',Preston,5.828375968503506,2012
Public Sector 'Other',Preston,5.181810567119227,2013
Public Sector 'Other',Preston,6.163908169144484,2014
Public Sector 'Other',Preston,3.87953105126525,2015
Public Sector 'Other',Preston,3.7428939702081085,2016
Public Sector 'Other',Preston,3.464210127377765,2017
Public Sector 'Other',Preston,6.840350786942792,2018
Public Sector 'Other',Preston,5.5670731164662355,2019
Public Sector 'Other',Preston,7.014235348128429,2020
Public Sector 'Other',Preston,8.42414800173765,2021
Public Sector 'Other',Preston,6.04171834380311,2022
Public Sector 'Other',Preston,6.24924825633644,2023
Public Sector 'Other',Ribble Valley,2.6539073900308674,2005
Public Sector 'Other',Ribble Valley,2.0660503883149604,2006
Public Sector 'Other',Ribble Valley,2.0852319326497932,2007
Public Sector 'Other',Ribble Valley,1.4108681597970376,2008
Public Sector 'Other',Ribble Valley,1.516661105810254,2009
Public Sector 'Other',Ribble Valley,1.107254819620123,2010
Public Sector 'Other',Ribble Valley,1.114374915754236,2011
Public Sector 'Other',Ribble Valley,1.262905656967939,2012
Public Sector 'Other',Ribble Valley,1.1175691682206024,2013
Public Sector 'Other',Ribble Valley,1.3207012436513836,2014
Public Sector 'Other',Ribble Valley,0.6917679603710265,2015
Public Sector 'Other',Ribble Valley,0.6453574397064582,2016
Public Sector 'Other',Ribble Valley,0.6756786262273781,2017
Public Sector 'Other',Ribble Valley,1.1126649636100323,2018
Public Sector 'Other',Ribble Valley,0.9044609484756351,2019
Public Sector 'Other',Ribble Valley,1.0877526452456576,2020
Public Sector 'Other',Ribble Valley,1.18751723625456,2021
Public Sector 'Other',Ribble Valley,0.8283285173056225,2022
Public Sector 'Other',Ribble Valley,0.838346990330415,2023
Public Sector 'Other',Rossendale,2.6167642309890358,2005
Public Sector 'Other',Rossendale,2.0470116580984774,2006
Public Sector 'Other',Rossendale,2.064243334406432,2007
Public Sector 'Other',Rossendale,1.420799047285844,2008
Public Sector 'Other',Rossendale,1.4737847653325336,2009
Public Sector 'Other',Rossendale,1.1781950213561718,2010
Public Sector 'Other',Rossendale,1.1797898041528498,2011
Public Sector 'Other',Rossendale,1.2967520696417218,2012
Public Sector 'Other',Rossendale,1.1213887279487522,2013
Public Sector 'Other',Rossendale,1.3489113021387678,2014
Public Sector 'Other',Rossendale,0.7203795914149538,2015
Public Sector 'Other',Rossendale,0.6730962942087324,2016
Public Sector 'Other',Rossendale,0.7045697416478137,2017
Public Sector 'Other',Rossendale,1.0637970808992445,2018
Public Sector 'Other',Rossendale,0.9044704370230779,2019
Public Sector 'Other',Rossendale,1.0195649764361847,2020
Public Sector 'Other',Rossendale,1.100156079171054,2021
Public Sector 'Other',Rossendale,0.7981184149253479,2022
Public Sector 'Other',Rossendale,0.8628023487307865,2023
Public Sector 'Other',South Ribble,3.968867050811618,2005
Public Sector 'Other',South Ribble,3.115111081977468,2006
Public Sector 'Other',South Ribble,2.833142130349929,2007
Public Sector 'Other',South Ribble,2.2756011275609427,2008
Public Sector 'Other',South Ribble,2.4205916439514126,2009
Public Sector 'Other',South Ribble,1.9027596815914711,2010
Public Sector 'Other',South Ribble,1.7774479856399747,2011
Public Sector 'Other',South Ribble,1.978774797684464,2012
Public Sector 'Other',South Ribble,1.7242381769348187,2013
Public Sector 'Other',South Ribble,1.9739728006225068,2014
Public Sector 'Other',South Ribble,1.0462748755433557,2015
Public Sector 'Other',South Ribble,0.9893924493512976,2016
Public Sector 'Other',South Ribble,0.9646123180852143,2017
Public Sector 'Other',South Ribble,1.6503254887332397,2018
Public Sector 'Other',South Ribble,1.4379294568884058,2019
Public Sector 'Other',South Ribble,1.573178077680439,2020
Public Sector 'Other',South Ribble,1.640017074724536,2021
Public Sector 'Other',South Ribble,1.190313749187142,2022
Public Sector 'Other',South Ribble,1.281182567276068,2023
Public Sector 'Other',West Lancashire,4.211745006915299,2005
Public Sector 'Other',West Lancashire,3.2909050659809944,2006
Public Sector 'Other',West Lancashire,3.1716699942179467,2007
Public Sector 'Other',West Lancashire,2.319430455158075,2008
Public Sector 'Other',West Lancashire,2.3671855234168704,2009
Public Sector 'Other',West Lancashire,1.8713173779352894,2010
Public Sector 'Other',West Lancashire,1.8594435375028218,2011
Public Sector 'Other',West Lancashire,2.016911641794264,2012
Public Sector 'Other',West Lancashire,1.7328114154635408,2013
Public Sector 'Other',West Lancashire,2.119148337849405,2014
Public Sector 'Other',West Lancashire,1.0961577886679208,2015
Public Sector 'Other',West Lancashire,1.0243461466039834,2016
Public Sector 'Other',West Lancashire,1.0396692028748062,2017
Public Sector 'Other',West Lancashire,1.660262251460257,2018
Public Sector 'Other',West Lancashire,1.2693799584878807,2019
Public Sector 'Other',West Lancashire,1.5039444964516577,2020
Public Sector 'Other',West Lancashire,1.712226017921943,2021
Public Sector 'Other',West Lancashire,1.349845659831119,2022
Public Sector 'Other',West Lancashire,1.4545990558494355,2023
Public Sector 'Other',Wyre,3.838947700745567,2005
Public Sector 'Other',Wyre,3.0025361041344714,2006
Public Sector 'Other',Wyre,2.9109404553712612,2007
Public Sector 'Other',Wyre,2.1160803137262176,2008
Public Sector 'Other',Wyre,2.362596126758162,2009
Public Sector 'Other',Wyre,1.8227474346894192,2010
Public Sector 'Other',Wyre,1.8132832017076241,2011
Public Sector 'Other',Wyre,1.9444286547054905,2012
Public Sector 'Other',Wyre,1.6801896083232957,2013
Public Sector 'Other',Wyre,2.025973009009582,2014
Public Sector 'Other',Wyre,1.001971550797956,2015
Public Sector 'Other',Wyre,1.0124889874504956,2016
Public Sector 'Other',Wyre,1.0339534534016812,2017
Public Sector 'Other',Wyre,1.7060837152428001,2018
Public Sector 'Other',Wyre,1.3532504246122254,2019
Public Sector 'Other',Wyre,1.540044028225322,2020
Public Sector 'Other',Wyre,1.774898836144055,2021
Public Sector 'Other',Wyre,1.289929916819797,2022
Public Sector 'Other',Wyre,1.3796979395319944,2023
Public Sector Total,Blackburn with Darwen,104.9354470601341,2005
Public Sector Total,Blackburn with Darwen,98.58833807459824,2006
Public Sector Total,Blackburn with Darwen,92.31368844619215,2007
Public Sector Total,Blackburn with Darwen,87.79770491539345,2008
Public Sector Total,Blackburn with Darwen,75.18220241012504,2009
Public Sector Total,Blackburn with Darwen,83.0867665645314,2010
Public Sector Total,Blackburn with Darwen,68.34054166551722,2011
Public Sector Total,Blackburn with Darwen,63.64953232210561,2012
Public Sector Total,Blackburn with Darwen,61.81452053169312,2013
Public Sector Total,Blackburn with Darwen,51.95916687094008,2014
Public Sector Total,Blackburn with Darwen,47.54924575809828,2015
Public Sector Total,Blackburn with Darwen,41.23011476639557,2016
Public Sector Total,Blackburn with Darwen,39.56455056181284,2017
Public Sector Total,Blackburn with Darwen,37.83860220925606,2018
Public Sector Total,Blackburn with Darwen,33.54383824310222,2019
Public Sector Total,Blackburn with Darwen,31.32428267366646,2020
Public Sector Total,Blackburn with Darwen,34.524939185126414,2021
Public Sector Total,Blackburn with Darwen,33.07311236473336,2022
Public Sector Total,Blackburn with Darwen,27.757750467868952,2023
Public Sector Total,Blackpool,69.50312137546621,2005
Public Sector Total,Blackpool,67.23284185458917,2006
Public Sector Total,Blackpool,61.864810322419785,2007
Public Sector Total,Blackpool,61.79111772470563,2008
Public Sector Total,Blackpool,54.21546789571949,2009
Public Sector Total,Blackpool,56.847308183240784,2010
Public Sector Total,Blackpool,49.25769587462132,2011
Public Sector Total,Blackpool,56.36503094865758,2012
Public Sector Total,Blackpool,52.39529124330418,2013
Public Sector Total,Blackpool,45.69843277030044,2014
Public Sector Total,Blackpool,41.0730898323249,2015
Public Sector Total,Blackpool,34.89498840862457,2016
Public Sector Total,Blackpool,34.0418459396217,2017
Public Sector Total,Blackpool,33.33715048187864,2018
Public Sector Total,Blackpool,33.68407968532777,2019
Public Sector Total,Blackpool,31.330112338141223,2020
Public Sector Total,Blackpool,38.66633443089814,2021
Public Sector Total,Blackpool,38.10207611538871,2022
Public Sector Total,Blackpool,31.60623375627307,2023
Public Sector Total,Burnley,47.38778247279532,2005
Public Sector Total,Burnley,42.516625484397004,2006
Public Sector Total,Burnley,40.33957554205472,2007
Public Sector Total,Burnley,37.57052402388387,2008
Public Sector Total,Burnley,30.297505235845975,2009
Public Sector Total,Burnley,33.04573534033283,2010
Public Sector Total,Burnley,28.101826241162822,2011
Public Sector Total,Burnley,29.618259333043422,2012
Public Sector Total,Burnley,29.919212359017106,2013
Public Sector Total,Burnley,26.154687824903355,2014
Public Sector Total,Burnley,24.973971623887373,2015
Public Sector Total,Burnley,21.18964506835262,2016
Public Sector Total,Burnley,21.65261598197113,2017
Public Sector Total,Burnley,20.451248780347047,2018
Public Sector Total,Burnley,18.608293380439527,2019
Public Sector Total,Burnley,16.95962162084758,2020
Public Sector Total,Burnley,19.01198401533785,2021
Public Sector Total,Burnley,19.192780227392817,2022
Public Sector Total,Burnley,13.526122216284007,2023
Public Sector Total,Chorley,32.47535273254623,2005
Public Sector Total,Chorley,32.462783816572006,2006
Public Sector Total,Chorley,30.9126026185448,2007
Public Sector Total,Chorley,29.53270975040983,2008
Public Sector Total,Chorley,26.45787515523314,2009
Public Sector Total,Chorley,27.26334544473842,2010
Public Sector Total,Chorley,24.091336778544633,2011
Public Sector Total,Chorley,27.749121762792775,2012
Public Sector Total,Chorley,27.416954346163358,2013
Public Sector Total,Chorley,29.43303765290989,2014
Public Sector Total,Chorley,25.8527224588605,2015
Public Sector Total,Chorley,24.13070791497988,2016
Public Sector Total,Chorley,26.09281851988842,2017
Public Sector Total,Chorley,26.024806868426534,2018
Public Sector Total,Chorley,23.541744722359137,2019
Public Sector Total,Chorley,21.16421059034436,2020
Public Sector Total,Chorley,24.411612251603643,2021
Public Sector Total,Chorley,22.042363066573444,2022
Public Sector Total,Chorley,17.34321291531159,2023
Public Sector Total,England Total,22578.846720705897,2005
Public Sector Total,England Total,21736.76832818137,2006
Public Sector Total,England Total,20493.169809421543,2007
Public Sector Total,England Total,20088.89139956213,2008
Public Sector Total,England Total,17855.385927192925,2009
Public Sector Total,England Total,18779.180367588982,2010
Public Sector Total,England Total,16760.34277475834,2011
Public Sector Total,England Total,18287.6121952468,2012
Public Sector Total,England Total,17612.135892260634,2013
Public Sector Total,England Total,15514.571341052295,2014
Public Sector Total,England Total,13822.934608031439,2015
Public Sector Total,England Total,11799.269609749557,2016
Public Sector Total,England Total,12543.778864208052,2017
Public Sector Total,England Total,11080.73587387524,2018
Public Sector Total,England Total,10174.888544429812,2019
Public Sector Total,England Total,9674.353969426385,2020
Public Sector Total,England Total,10631.511351130192,2021
Public Sector Total,England Total,9614.099442710076,2022
Public Sector Total,England Total,8559.400661715288,2023
Public Sector Total,Fylde,52.660142496351,2005
Public Sector Total,Fylde,52.8859484995857,2006
Public Sector Total,Fylde,44.83655796159358,2007
Public Sector Total,Fylde,50.773808679822615,2008
Public Sector Total,Fylde,49.53728642362404,2009
Public Sector Total,Fylde,55.61219658561332,2010
Public Sector Total,Fylde,46.5148953860528,2011
Public Sector Total,Fylde,29.194135688939518,2012
Public Sector Total,Fylde,27.120518947009156,2013
Public Sector Total,Fylde,23.386421588792274,2014
Public Sector Total,Fylde,20.425809029984705,2015
Public Sector Total,Fylde,17.018150496780965,2016
Public Sector Total,Fylde,19.4273044547716,2017
Public Sector Total,Fylde,16.444697711860535,2018
Public Sector Total,Fylde,11.724042238012975,2019
Public Sector Total,Fylde,12.158914253774753,2020
Public Sector Total,Fylde,12.633505752618992,2021
Public Sector Total,Fylde,14.68600813370267,2022
Public Sector Total,Fylde,7.108453452626547,2023
Public Sector Total,Hyndburn,20.38737231441126,2005
Public Sector Total,Hyndburn,19.288689766867005,2006
Public Sector Total,Hyndburn,18.016539763541633,2007
Public Sector Total,Hyndburn,17.63873859313457,2008
Public Sector Total,Hyndburn,14.523518549458684,2009
Public Sector Total,Hyndburn,15.267311127861472,2010
Public Sector Total,Hyndburn,13.261654088707532,2011
Public Sector Total,Hyndburn,14.574510381128002,2012
Public Sector Total,Hyndburn,13.133540186141005,2013
Public Sector Total,Hyndburn,12.28314600354929,2014
Public Sector Total,Hyndburn,11.31108394851214,2015
Public Sector Total,Hyndburn,9.380415412731924,2016
Public Sector Total,Hyndburn,10.112023092999808,2017
Public Sector Total,Hyndburn,9.917858818778095,2018
Public Sector Total,Hyndburn,8.404358552711548,2019
Public Sector Total,Hyndburn,8.010890507021939,2020
Public Sector Total,Hyndburn,8.958859133432636,2021
Public Sector Total,Hyndburn,6.488503618919424,2022
Public Sector Total,Hyndburn,5.929027226947733,2023
Public Sector Total,Lancashire Total,486.8792541165258,2005
Public Sector Total,Lancashire Total,454.23570074568676,2006
Public Sector Total,Lancashire Total,423.1793664060779,2007
Public Sector Total,Lancashire Total,422.36629599779906,2008
Public Sector Total,Lancashire Total,371.2963330329156,2009
Public Sector Total,Lancashire Total,402.28023615804636,2010
Public Sector Total,Lancashire Total,352.76011638336354,2011
Public Sector Total,Lancashire Total,370.4713084141329,2012
Public Sector Total,Lancashire Total,355.3486012682124,2013
Public Sector Total,Lancashire Total,317.34938852949966,2014
Public Sector Total,Lancashire Total,284.57337021524074,2015
Public Sector Total,Lancashire Total,245.60648197918286,2016
Public Sector Total,Lancashire Total,244.47473619261604,2017
Public Sector Total,Lancashire Total,238.2733175771164,2018
Public Sector Total,Lancashire Total,216.08768037391195,2019
Public Sector Total,Lancashire Total,211.943022843178,2020
Public Sector Total,Lancashire Total,237.54034863262132,2021
Public Sector Total,Lancashire Total,211.70645574343956,2022
Public Sector Total,Lancashire Total,166.3765716354125,2023
Public Sector Total,Lancaster,81.28129446782141,2005
Public Sector Total,Lancaster,74.78287039802265,2006
Public Sector Total,Lancaster,71.25737792654209,2007
Public Sector Total,Lancaster,72.09281480129694,2008
Public Sector Total,Lancaster,63.762934554659694,2009
Public Sector Total,Lancaster,66.60999104634685,2010
Public Sector Total,Lancaster,58.78119109289412,2011
Public Sector Total,Lancaster,67.15480957265761,2012
Public Sector Total,Lancaster,64.84255735790882,2013
Public Sector Total,Lancaster,57.37834215346126,2014
Public Sector Total,Lancaster,48.08879609668399,2015
Public Sector Total,Lancaster,42.06438831143973,2016
Public Sector Total,Lancaster,36.07122914084314,2017
Public Sector Total,Lancaster,36.834898191160185,2018
Public Sector Total,Lancaster,41.971266200498576,2019
Public Sector Total,Lancaster,43.35068336861786,2020
Public Sector Total,Lancaster,46.63881674321673,2021
Public Sector Total,Lancaster,40.669174353085914,2022
Public Sector Total,Lancaster,30.020595272750008,2023
Public Sector Total,North West Total,3104.6865183349523,2005
Public Sector Total,North West Total,2987.8471022857298,2006
Public Sector Total,North West Total,2818.333256179043,2007
Public Sector Total,North West Total,2738.9001767471227,2008
Public Sector Total,North West Total,2404.81659080559,2009
Public Sector Total,North West Total,2559.0575172208864,2010
Public Sector Total,North West Total,2239.834426164755,2011
Public Sector Total,North West Total,2489.4734044732004,2012
Public Sector Total,North West Total,2373.6632939398887,2013
Public Sector Total,North West Total,2129.301287708574,2014
Public Sector Total,North West Total,1905.649593614187,2015
Public Sector Total,North West Total,1642.474509421389,2016
Public Sector Total,North West Total,1699.88077487331,2017
Public Sector Total,North West Total,1574.5830544162227,2018
Public Sector Total,North West Total,1467.6323408877365,2019
Public Sector Total,North West Total,1391.689392229116,2020
Public Sector Total,North West Total,1518.9766608171108,2021
Public Sector Total,North West Total,1368.3892487532748,2022
Public Sector Total,North West Total,1188.0593075918882,2023
Public Sector Total,Pendle,20.870247223936683,2005
Public Sector Total,Pendle,20.244997794880117,2006
Public Sector Total,Pendle,19.030029475375088,2007
Public Sector Total,Pendle,17.507931899156862,2008
Public Sector Total,Pendle,15.659500996163741,2009
Public Sector Total,Pendle,16.884491635221284,2010
Public Sector Total,Pendle,14.280863085332147,2011
Public Sector Total,Pendle,17.16589160484266,2012
Public Sector Total,Pendle,16.291200634811197,2013
Public Sector Total,Pendle,14.126641079328577,2014
Public Sector Total,Pendle,11.905491321967835,2015
Public Sector Total,Pendle,10.174354259063643,2016
Public Sector Total,Pendle,10.621143773481295,2017
Public Sector Total,Pendle,10.17614664147683,2018
Public Sector Total,Pendle,9.876583900326851,2019
Public Sector Total,Pendle,9.228317770509037,2020
Public Sector Total,Pendle,10.377283919358696,2021
Public Sector Total,Pendle,9.387537202780726,2022
Public Sector Total,Pendle,8.897617442464766,2023
Public Sector Total,Preston,110.62615793746087,2005
Public Sector Total,Preston,93.78534581911174,2006
Public Sector Total,Preston,88.3617118417712,2007
Public Sector Total,Preston,92.40387272415065,2008
Public Sector Total,Preston,79.21935809800858,2009
Public Sector Total,Preston,89.84903509427534,2010
Public Sector Total,Preston,79.02536716498061,2011
Public Sector Total,Preston,86.21163825956742,2012
Public Sector Total,Preston,80.26622956205046,2013
Public Sector Total,Preston,69.20182295984256,2014
Public Sector Total,Preston,64.27201104871517,2015
Public Sector Total,Preston,54.81948713568171,2016
Public Sector Total,Preston,52.581747508953455,2017
Public Sector Total,Preston,53.383944189886904,2018
Public Sector Total,Preston,46.29436987963487,2019
Public Sector Total,Preston,45.97945142351736,2020
Public Sector Total,Preston,56.38768034534729,2021
Public Sector Total,Preston,45.93795216097248,2022
Public Sector Total,Preston,38.86617361261101,2023
Public Sector Total,Ribble Valley,17.287812349626538,2005
Public Sector Total,Ribble Valley,16.1782592822612,2006
Public Sector Total,Ribble Valley,14.818285511445826,2007
Public Sector Total,Ribble Valley,13.827891894725749,2008
Public Sector Total,Ribble Valley,12.095287427212842,2009
Public Sector Total,Ribble Valley,14.312084567816736,2010
Public Sector Total,Ribble Valley,13.300086036993735,2011
Public Sector Total,Ribble Valley,12.45988140828343,2012
Public Sector Total,Ribble Valley,13.059732672541802,2013
Public Sector Total,Ribble Valley,11.76183803231602,2014
Public Sector Total,Ribble Valley,9.906614413498877,2015
Public Sector Total,Ribble Valley,8.504631856119005,2016
Public Sector Total,Ribble Valley,8.339269112953486,2017
Public Sector Total,Ribble Valley,8.404395378570246,2018
Public Sector Total,Ribble Valley,6.978735387395408,2019
Public Sector Total,Ribble Valley,6.4637909959657005,2020
Public Sector Total,Ribble Valley,6.8418925838664215,2021
Public Sector Total,Ribble Valley,5.860036046955773,2022
Public Sector Total,Ribble Valley,5.512947532567955,2023
Public Sector Total,Rossendale,23.67314278394108,2005
Public Sector Total,Rossendale,23.36120729357878,2006
Public Sector Total,Rossendale,21.28789111057684,2007
Public Sector Total,Rossendale,20.333075040447124,2008
Public Sector Total,Rossendale,17.93023879596972,2009
Public Sector Total,Rossendale,14.384266695652872,2010
Public Sector Total,Rossendale,16.101082020323645,2011
Public Sector Total,Rossendale,17.907607748548763,2012
Public Sector Total,Rossendale,16.58254864734324,2013
Public Sector Total,Rossendale,14.364224634343012,2014
Public Sector Total,Rossendale,12.167750058034525,2015
Public Sector Total,Rossendale,9.48347201164251,2016
Public Sector Total,Rossendale,9.988302548617996,2017
Public Sector Total,Rossendale,9.303279053101933,2018
Public Sector Total,Rossendale,7.257509576942772,2019
Public Sector Total,Rossendale,6.724253140130916,2020
Public Sector Total,Rossendale,7.357290365836592,2021
Public Sector Total,Rossendale,5.769535952164389,2022
Public Sector Total,Rossendale,4.830141340001866,2023
Public Sector Total,South Ribble,22.184162299318967,2005
Public Sector Total,South Ribble,22.137670052609593,2006
Public Sector Total,South Ribble,20.254387955698892,2007
Public Sector Total,South Ribble,19.802313242053163,2008
Public Sector Total,South Ribble,15.520729607115097,2009
Public Sector Total,South Ribble,17.630695183550674,2010
Public Sector Total,South Ribble,15.349126543910463,2011
Public Sector Total,South Ribble,18.428719430597596,2012
Public Sector Total,South Ribble,17.88814634886591,2013
Public Sector Total,South Ribble,16.10496704600659,2014
Public Sector Total,South Ribble,14.310017648216531,2015
Public Sector Total,South Ribble,11.895638495462237,2016
Public Sector Total,South Ribble,12.452031610437325,2017
Public Sector Total,South Ribble,11.23710838242066,2018
Public Sector Total,South Ribble,9.328251314305835,2019
Public Sector Total,South Ribble,8.517852934371657,2020
Public Sector Total,South Ribble,9.575100798968469,2021
Public Sector Total,South Ribble,7.716491494056167,2022
Public Sector Total,South Ribble,7.235986195788996,2023
Public Sector Total,West Lancashire,41.453965464906524,2005
Public Sector Total,West Lancashire,38.61964795883358,2006
Public Sector Total,West Lancashire,35.98216820935231,2007
Public Sector Total,West Lancashire,34.52953272634206,2008
Public Sector Total,West Lancashire,31.180810617682287,2009
Public Sector Total,West Lancashire,35.1837717970678,2010
Public Sector Total,West Lancashire,30.83474372213311,2011
Public Sector Total,West Lancashire,33.78454794532957,2012
Public Sector Total,West Lancashire,33.313449449841755,2013
Public Sector Total,West Lancashire,29.09132061417952,2014
Public Sector Total,West Lancashire,28.363803011529445,2015
Public Sector Total,West Lancashire,25.75329441029828,2016
Public Sector Total,West Lancashire,25.760442262288805,2017
Public Sector Total,West Lancashire,25.445225935579003,2018
Public Sector Total,West Lancashire,22.853781897887558,2019
Public Sector Total,West Lancashire,23.269588482585924,2020
Public Sector Total,West Lancashire,23.66318742721429,2021
Public Sector Total,West Lancashire,23.68253243666182,2022
Public Sector Total,West Lancashire,18.13696665742316,2023
Public Sector Total,Wyre,16.591821573409838,2005
Public Sector Total,Wyre,17.97165457896736,2006
Public Sector Total,Wyre,18.082238489580998,2007
Public Sector Total,Wyre,16.35308262237565,2008
Public Sector Total,Wyre,15.111287571941784,2009
Public Sector Total,Wyre,16.23731163956871,2010
Public Sector Total,Wyre,13.117944222327942,2011
Public Sector Total,Wyre,16.222185278402154,2012
Public Sector Total,Wyre,15.514510756518666,2013
Public Sector Total,Wyre,14.062938939867347,2014
Public Sector Total,Wyre,12.99529955534961,2015
Public Sector Total,Wyre,11.192296606630325,2016
Public Sector Total,Wyre,11.375808185409571,2017
Public Sector Total,Wyre,10.64970762550843,2018
Public Sector Total,Wyre,9.248743323396877,2019
Public Sector Total,Wyre,10.115447755490925,2020
Public Sector Total,Wyre,11.683135295819707,2021
Public Sector Total,Wyre,10.27354105017394,2022
Public Sector Total,Wyre,8.969327770634871,2023
Road Transport (A roads),Blackburn with Darwen,68.74427649054353,2005
Road Transport (A roads),Blackburn with Darwen,67.67753199265385,2006
Road Transport (A roads),Blackburn with Darwen,68.83541535608116,2007
Road Transport (A roads),Blackburn with Darwen,64.6813603110935,2008
Road Transport (A roads),Blackburn with Darwen,63.730440119231844,2009
Road Transport (A roads),Blackburn with Darwen,64.06724575601116,2010
Road Transport (A roads),Blackburn with Darwen,63.19855411674394,2011
Road Transport (A roads),Blackburn with Darwen,61.90130546337983,2012
Road Transport (A roads),Blackburn with Darwen,60.31603765819483,2013
Road Transport (A roads),Blackburn with Darwen,60.753240695344125,2014
Road Transport (A roads),Blackburn with Darwen,58.51099559632361,2015
Road Transport (A roads),Blackburn with Darwen,57.70587675759979,2016
Road Transport (A roads),Blackburn with Darwen,55.84920474239344,2017
Road Transport (A roads),Blackburn with Darwen,51.684476751484596,2018
Road Transport (A roads),Blackburn with Darwen,48.564204324996275,2019
Road Transport (A roads),Blackburn with Darwen,40.236828615516,2020
Road Transport (A roads),Blackburn with Darwen,44.32995325635187,2021
Road Transport (A roads),Blackburn with Darwen,44.57205921180225,2022
Road Transport (A roads),Blackburn with Darwen,44.60341083781471,2023
Road Transport (A roads),Blackpool,66.92617952160326,2005
Road Transport (A roads),Blackpool,60.94044964595059,2006
Road Transport (A roads),Blackpool,59.4284955675988,2007
Road Transport (A roads),Blackpool,61.0205992985061,2008
Road Transport (A roads),Blackpool,60.611745057159304,2009
Road Transport (A roads),Blackpool,60.44874695720168,2010
Road Transport (A roads),Blackpool,59.708085382095575,2011
Road Transport (A roads),Blackpool,57.0665137386538,2012
Road Transport (A roads),Blackpool,54.8627692390317,2013
Road Transport (A roads),Blackpool,54.956790335092,2014
Road Transport (A roads),Blackpool,54.01456327638509,2015
Road Transport (A roads),Blackpool,53.95812331592729,2016
Road Transport (A roads),Blackpool,50.32567160687557,2017
Road Transport (A roads),Blackpool,46.172218469420855,2018
Road Transport (A roads),Blackpool,44.42022442724072,2019
Road Transport (A roads),Blackpool,36.718024405511926,2020
Road Transport (A roads),Blackpool,40.28626208870972,2021
Road Transport (A roads),Blackpool,40.35703123715467,2022
Road Transport (A roads),Blackpool,41.6291294565608,2023
Road Transport (A roads),Burnley,64.60791510418554,2005
Road Transport (A roads),Burnley,62.820234265693855,2006
Road Transport (A roads),Burnley,61.938145382429774,2007
Road Transport (A roads),Burnley,60.892011594223185,2008
Road Transport (A roads),Burnley,60.20297493525461,2009
Road Transport (A roads),Burnley,59.913372975749134,2010
Road Transport (A roads),Burnley,59.45573878328463,2011
Road Transport (A roads),Burnley,56.873816347992914,2012
Road Transport (A roads),Burnley,53.453704422364304,2013
Road Transport (A roads),Burnley,53.96205201744504,2014
Road Transport (A roads),Burnley,53.87726581831858,2015
Road Transport (A roads),Burnley,54.9350986308356,2016
Road Transport (A roads),Burnley,54.137186417968756,2017
Road Transport (A roads),Burnley,52.10681477445538,2018
Road Transport (A roads),Burnley,50.64916077584044,2019
Road Transport (A roads),Burnley,40.86511714593069,2020
Road Transport (A roads),Burnley,44.825024545968546,2021
Road Transport (A roads),Burnley,46.046001259388184,2022
Road Transport (A roads),Burnley,46.00512400433007,2023
Road Transport (A roads),Chorley,64.00682541396986,2005
Road Transport (A roads),Chorley,62.829205707291976,2006
Road Transport (A roads),Chorley,60.78956780515214,2007
Road Transport (A roads),Chorley,53.9727683361286,2008
Road Transport (A roads),Chorley,53.13937018833679,2009
Road Transport (A roads),Chorley,53.240796454950896,2010
Road Transport (A roads),Chorley,53.04549560507552,2011
Road Transport (A roads),Chorley,51.853389917918406,2012
Road Transport (A roads),Chorley,50.36567117423504,2013
Road Transport (A roads),Chorley,51.224333295616795,2014
Road Transport (A roads),Chorley,50.88094367036379,2015
Road Transport (A roads),Chorley,51.272218788372925,2016
Road Transport (A roads),Chorley,49.48543091212217,2017
Road Transport (A roads),Chorley,47.30601479912531,2018
Road Transport (A roads),Chorley,45.607511851764336,2019
Road Transport (A roads),Chorley,37.48073043660711,2020
Road Transport (A roads),Chorley,40.76459613151735,2021
Road Transport (A roads),Chorley,41.27248279722235,2022
Road Transport (A roads),Chorley,40.494818749685095,2023
Road Transport (A roads),England Total,45773.17825062027,2005
Road Transport (A roads),England Total,45270.252691293244,2006
Road Transport (A roads),England Total,44939.83028711093,2007
Road Transport (A roads),England Total,42946.83114113103,2008
Road Transport (A roads),England Total,42020.161465587036,2009
Road Transport (A roads),England Total,41628.39806959612,2010
Road Transport (A roads),England Total,41348.489508951876,2011
Road Transport (A roads),England Total,40575.148759158365,2012
Road Transport (A roads),England Total,39907.0689350237,2013
Road Transport (A roads),England Total,40472.28165777442,2014
Road Transport (A roads),England Total,40841.09517465459,2015
Road Transport (A roads),England Total,42003.18891124095,2016
Road Transport (A roads),England Total,42115.12697078282,2017
Road Transport (A roads),England Total,41416.946274275346,2018
Road Transport (A roads),England Total,39972.493906755626,2019
Road Transport (A roads),England Total,33385.93688207214,2020
Road Transport (A roads),England Total,35512.71280871769,2021
Road Transport (A roads),England Total,35807.332852844505,2022
Road Transport (A roads),England Total,35478.30005224874,2023
Road Transport (A roads),Fylde,67.95009582725805,2005
Road Transport (A roads),Fylde,70.16575281175658,2006
Road Transport (A roads),Fylde,68.50881934011412,2007
Road Transport (A roads),Fylde,65.03617522669994,2008
Road Transport (A roads),Fylde,63.66038092997703,2009
Road Transport (A roads),Fylde,63.35368278235453,2010
Road Transport (A roads),Fylde,62.69807829753264,2011
Road Transport (A roads),Fylde,61.55511794914256,2012
Road Transport (A roads),Fylde,60.65427128859392,2013
Road Transport (A roads),Fylde,61.28366472880988,2014
Road Transport (A roads),Fylde,62.20205873263965,2015
Road Transport (A roads),Fylde,62.83397353474287,2016
Road Transport (A roads),Fylde,58.082255066595,2017
Road Transport (A roads),Fylde,57.99048234454825,2018
Road Transport (A roads),Fylde,56.35228316636084,2019
Road Transport (A roads),Fylde,45.787061412863245,2020
Road Transport (A roads),Fylde,48.52195615746315,2021
Road Transport (A roads),Fylde,51.19694133455282,2022
Road Transport (A roads),Fylde,50.42003405646817,2023
Road Transport (A roads),Hyndburn,50.828417967157705,2005
Road Transport (A roads),Hyndburn,48.69035765309314,2006
Road Transport (A roads),Hyndburn,48.06750569037014,2007
Road Transport (A roads),Hyndburn,46.83543747236328,2008
Road Transport (A roads),Hyndburn,45.45213013776268,2009
Road Transport (A roads),Hyndburn,46.27359335257325,2010
Road Transport (A roads),Hyndburn,46.29182220962935,2011
Road Transport (A roads),Hyndburn,44.21923255667855,2012
Road Transport (A roads),Hyndburn,42.902456178132475,2013
Road Transport (A roads),Hyndburn,43.27745242712698,2014
Road Transport (A roads),Hyndburn,43.55459899009335,2015
Road Transport (A roads),Hyndburn,43.13505565462811,2016
Road Transport (A roads),Hyndburn,42.131657566241735,2017
Road Transport (A roads),Hyndburn,40.82273990741856,2018
Road Transport (A roads),Hyndburn,40.10748843949054,2019
Road Transport (A roads),Hyndburn,31.692527736199555,2020
Road Transport (A roads),Hyndburn,34.57534024740779,2021
Road Transport (A roads),Hyndburn,34.357983273474844,2022
Road Transport (A roads),Hyndburn,33.81924534841003,2023
Road Transport (A roads),Lancashire Total,823.5448561235173,2005
Road Transport (A roads),Lancashire Total,813.7870014534109,2006
Road Transport (A roads),Lancashire Total,810.3624884020572,2007
Road Transport (A roads),Lancashire Total,767.1311404980136,2008
Road Transport (A roads),Lancashire Total,752.6007765258726,2009
Road Transport (A roads),Lancashire Total,743.7903768511643,2010
Road Transport (A roads),Lancashire Total,735.9540599451643,2011
Road Transport (A roads),Lancashire Total,715.7973396582785,2012
Road Transport (A roads),Lancashire Total,697.9876743060348,2013
Road Transport (A roads),Lancashire Total,710.3989129103458,2014
Road Transport (A roads),Lancashire Total,711.7267594831542,2015
Road Transport (A roads),Lancashire Total,721.6430363585008,2016
Road Transport (A roads),Lancashire Total,700.0369722576462,2017
Road Transport (A roads),Lancashire Total,681.220882983646,2018
Road Transport (A roads),Lancashire Total,653.0627914983522,2019
Road Transport (A roads),Lancashire Total,530.4404085932152,2020
Road Transport (A roads),Lancashire Total,569.2609894853566,2021
Road Transport (A roads),Lancashire Total,588.9524590036257,2022
Road Transport (A roads),Lancashire Total,585.7802687319745,2023
Road Transport (A roads),Lancaster,91.69639514823714,2005
Road Transport (A roads),Lancaster,89.73082144101834,2006
Road Transport (A roads),Lancaster,89.40996108085814,2007
Road Transport (A roads),Lancaster,86.54628766114229,2008
Road Transport (A roads),Lancaster,85.62470608061844,2009
Road Transport (A roads),Lancaster,84.19180599784451,2010
Road Transport (A roads),Lancaster,83.47904777356386,2011
Road Transport (A roads),Lancaster,81.81530397903143,2012
Road Transport (A roads),Lancaster,80.57173642934833,2013
Road Transport (A roads),Lancaster,81.97584834457413,2014
Road Transport (A roads),Lancaster,82.377115722734,2015
Road Transport (A roads),Lancaster,81.64331127986603,2016
Road Transport (A roads),Lancaster,79.85452705446279,2017
Road Transport (A roads),Lancaster,85.74511366484211,2018
Road Transport (A roads),Lancaster,80.18809373249964,2019
Road Transport (A roads),Lancaster,65.32763256374689,2020
Road Transport (A roads),Lancaster,69.18158043374541,2021
Road Transport (A roads),Lancaster,69.78953370304191,2022
Road Transport (A roads),Lancaster,69.58620307969414,2023
Road Transport (A roads),North West Total,5012.668003629968,2005
Road Transport (A roads),North West Total,4912.004472934596,2006
Road Transport (A roads),North West Total,4851.989551669091,2007
Road Transport (A roads),North West Total,4672.611487419145,2008
Road Transport (A roads),North West Total,4591.632914064636,2009
Road Transport (A roads),North West Total,4520.015903803473,2010
Road Transport (A roads),North West Total,4482.749753611323,2011
Road Transport (A roads),North West Total,4357.544636368262,2012
Road Transport (A roads),North West Total,4262.6726020333745,2013
Road Transport (A roads),North West Total,4297.214725629672,2014
Road Transport (A roads),North West Total,4294.119071556984,2015
Road Transport (A roads),North West Total,4350.360254959847,2016
Road Transport (A roads),North West Total,4283.113328752098,2017
Road Transport (A roads),North West Total,4183.449227769065,2018
Road Transport (A roads),North West Total,4055.7157202168405,2019
Road Transport (A roads),North West Total,3342.3753219180257,2020
Road Transport (A roads),North West Total,3604.3103919054047,2021
Road Transport (A roads),North West Total,3646.0606270156018,2022
Road Transport (A roads),North West Total,3629.8080191241706,2023
Road Transport (A roads),Pendle,51.825652003830996,2005
Road Transport (A roads),Pendle,49.018566416854966,2006
Road Transport (A roads),Pendle,51.33217690454429,2007
Road Transport (A roads),Pendle,48.00412809135584,2008
Road Transport (A roads),Pendle,47.51010338870701,2009
Road Transport (A roads),Pendle,46.53530592161683,2010
Road Transport (A roads),Pendle,43.84858762245016,2011
Road Transport (A roads),Pendle,41.79414640800954,2012
Road Transport (A roads),Pendle,41.181676178037264,2013
Road Transport (A roads),Pendle,41.26859212996691,2014
Road Transport (A roads),Pendle,41.53179805263713,2015
Road Transport (A roads),Pendle,42.86993904644566,2016
Road Transport (A roads),Pendle,42.25805531250483,2017
Road Transport (A roads),Pendle,39.87062514879416,2018
Road Transport (A roads),Pendle,38.579973636055755,2019
Road Transport (A roads),Pendle,31.281489541185284,2020
Road Transport (A roads),Pendle,33.16062328310602,2021
Road Transport (A roads),Pendle,35.52624444313037,2022
Road Transport (A roads),Pendle,35.45391088190168,2023
Road Transport (A roads),Preston,73.152715231877,2005
Road Transport (A roads),Preston,71.58471583751667,2006
Road Transport (A roads),Preston,70.37195001843139,2007
Road Transport (A roads),Preston,66.09042617546302,2008
Road Transport (A roads),Preston,64.88635104188052,2009
Road Transport (A roads),Preston,61.266705687285324,2010
Road Transport (A roads),Preston,59.19807771004087,2011
Road Transport (A roads),Preston,57.3466605488788,2012
Road Transport (A roads),Preston,55.58287775444718,2013
Road Transport (A roads),Preston,56.146936364522965,2014
Road Transport (A roads),Preston,55.99663671147557,2015
Road Transport (A roads),Preston,56.256144230538176,2016
Road Transport (A roads),Preston,55.62259518084827,2017
Road Transport (A roads),Preston,50.419216478355516,2018
Road Transport (A roads),Preston,48.84232684424718,2019
Road Transport (A roads),Preston,40.11438836080267,2020
Road Transport (A roads),Preston,42.972896719520485,2021
Road Transport (A roads),Preston,46.20964246009508,2022
Road Transport (A roads),Preston,45.66147972832151,2023
Road Transport (A roads),Ribble Valley,60.315037545000514,2005
Road Transport (A roads),Ribble Valley,60.57301072177479,2006
Road Transport (A roads),Ribble Valley,61.480731073037354,2007
Road Transport (A roads),Ribble Valley,57.5167647158815,2008
Road Transport (A roads),Ribble Valley,55.35264440552294,2009
Road Transport (A roads),Ribble Valley,55.01466549476248,2010
Road Transport (A roads),Ribble Valley,55.711655558564246,2011
Road Transport (A roads),Ribble Valley,53.97065625299683,2012
Road Transport (A roads),Ribble Valley,51.666819474381704,2013
Road Transport (A roads),Ribble Valley,52.872618803191024,2014
Road Transport (A roads),Ribble Valley,53.51346158285558,2015
Road Transport (A roads),Ribble Valley,55.87976680519953,2016
Road Transport (A roads),Ribble Valley,55.72862027431288,2017
Road Transport (A roads),Ribble Valley,54.73765297717228,2018
Road Transport (A roads),Ribble Valley,52.3775202620817,2019
Road Transport (A roads),Ribble Valley,43.08032411277589,2020
Road Transport (A roads),Ribble Valley,47.680910536202106,2021
Road Transport (A roads),Ribble Valley,48.096215998443896,2022
Road Transport (A roads),Ribble Valley,46.365419778551015,2023
Road Transport (A roads),Rossendale,78.18005368491364,2005
Road Transport (A roads),Rossendale,78.24754499459429,2006
Road Transport (A roads),Rossendale,77.05432522754617,2007
Road Transport (A roads),Rossendale,71.68400222818994,2008
Road Transport (A roads),Rossendale,72.48697369276233,2009
Road Transport (A roads),Rossendale,72.54789527285895,2010
Road Transport (A roads),Rossendale,72.27175094085408,2011
Road Transport (A roads),Rossendale,71.0916271678026,2012
Road Transport (A roads),Rossendale,70.10719531044685,2013
Road Transport (A roads),Rossendale,73.58066251619164,2014
Road Transport (A roads),Rossendale,72.8403892176425,2015
Road Transport (A roads),Rossendale,75.39269534981862,2016
Road Transport (A roads),Rossendale,69.37498302198166,2017
Road Transport (A roads),Rossendale,68.24792523094106,2018
Road Transport (A roads),Rossendale,64.26242252943786,2019
Road Transport (A roads),Rossendale,54.07916619201609,2020
Road Transport (A roads),Rossendale,58.93491434622793,2021
Road Transport (A roads),Rossendale,58.204105531208945,2022
Road Transport (A roads),Rossendale,60.18009290229453,2023
Road Transport (A roads),South Ribble,64.0610740736053,2005
Road Transport (A roads),South Ribble,64.16859442898756,2006
Road Transport (A roads),South Ribble,63.56690398284869,2007
Road Transport (A roads),South Ribble,61.76465530095035,2008
Road Transport (A roads),South Ribble,60.62437869918493,2009
Road Transport (A roads),South Ribble,59.01233082284245,2010
Road Transport (A roads),South Ribble,57.914971656358645,2011
Road Transport (A roads),South Ribble,55.93399469596074,2012
Road Transport (A roads),South Ribble,55.19847337162626,2013
Road Transport (A roads),South Ribble,55.75622102964012,2014
Road Transport (A roads),South Ribble,54.85945789498142,2015
Road Transport (A roads),South Ribble,56.02306903255125,2016
Road Transport (A roads),South Ribble,56.7137413852718,2017
Road Transport (A roads),South Ribble,54.23133144947094,2018
Road Transport (A roads),South Ribble,51.55758086283368,2019
Road Transport (A roads),South Ribble,39.38227095412955,2020
Road Transport (A roads),South Ribble,41.079121123921205,2021
Road Transport (A roads),South Ribble,49.66610028407284,2022
Road Transport (A roads),South Ribble,50.278829273258246,2023
Road Transport (A roads),West Lancashire,92.51977526813903,2005
Road Transport (A roads),West Lancashire,92.33139231142223,2006
Road Transport (A roads),West Lancashire,93.2307076281052,2007
Road Transport (A roads),West Lancashire,88.43772041862393,2008
Road Transport (A roads),West Lancashire,84.7182707679545,2009
Road Transport (A roads),West Lancashire,84.54379287316502,2010
Road Transport (A roads),West Lancashire,84.08110747088044,2011
Road Transport (A roads),West Lancashire,82.68900173966315,2012
Road Transport (A roads),West Lancashire,80.5458257520319,2013
Road Transport (A roads),West Lancashire,82.09982787986905,2014
Road Transport (A roads),West Lancashire,83.33496793718093,2015
Road Transport (A roads),West Lancashire,83.17205127320658,2016
Road Transport (A roads),West Lancashire,81.550963044481,2017
Road Transport (A roads),West Lancashire,77.34095709303892,2018
Road Transport (A roads),West Lancashire,74.00678858721237,2019
Road Transport (A roads),West Lancashire,59.652127626733055,2020
Road Transport (A roads),West Lancashire,62.69651139392427,2021
Road Transport (A roads),West Lancashire,63.95411965612794,2022
Road Transport (A roads),West Lancashire,62.58242849586321,2023
Road Transport (A roads),Wyre,64.40089885534246,2005
Road Transport (A roads),Wyre,63.626804863406406,2006
Road Transport (A roads),Wyre,64.6116942686199,2007
Road Transport (A roads),Wyre,60.35076327699165,2008
Road Transport (A roads),Wyre,58.94249225791076,2009
Road Transport (A roads),Wyre,57.89642921516083,2010
Road Transport (A roads),Wyre,57.95772631692995,2011
Road Transport (A roads),Wyre,56.654392094202855,2012
Road Transport (A roads),Wyre,55.75696697238961,2013
Road Transport (A roads),Wyre,56.950703373391335,2014
Road Transport (A roads),Wyre,56.75806515223158,2015
Road Transport (A roads),Wyre,58.22971273229552,2016
Road Transport (A roads),Wyre,55.096957020855214,2017
Road Transport (A roads),Wyre,52.40200911548352,2018
Road Transport (A roads),Wyre,50.531640810527904,2019
Road Transport (A roads),Wyre,41.697572510225214,2020
Road Transport (A roads),Wyre,44.86751456635242,2021
Road Transport (A roads),Wyre,44.633088262866416,2022
Road Transport (A roads),Wyre,44.93268243319672,2023
Road Transport (Minor roads),Blackburn with Darwen,85.02125977306895,2005
Road Transport (Minor roads),Blackburn with Darwen,79.19562306828338,2006
Road Transport (Minor roads),Blackburn with Darwen,79.39936303517796,2007
Road Transport (Minor roads),Blackburn with Darwen,76.24633873590446,2008
Road Transport (Minor roads),Blackburn with Darwen,73.00192873183764,2009
Road Transport (Minor roads),Blackburn with Darwen,71.97002273326935,2010
Road Transport (Minor roads),Blackburn with Darwen,70.27029549682425,2011
Road Transport (Minor roads),Blackburn with Darwen,71.09204771846873,2012
Road Transport (Minor roads),Blackburn with Darwen,70.68517512068316,2013
Road Transport (Minor roads),Blackburn with Darwen,71.94186579716505,2014
Road Transport (Minor roads),Blackburn with Darwen,72.40096572396973,2015
Road Transport (Minor roads),Blackburn with Darwen,74.6285045375217,2016
Road Transport (Minor roads),Blackburn with Darwen,75.2701264991288,2017
Road Transport (Minor roads),Blackburn with Darwen,77.48290634931678,2018
Road Transport (Minor roads),Blackburn with Darwen,78.68181444669382,2019
Road Transport (Minor roads),Blackburn with Darwen,67.39174637082061,2020
Road Transport (Minor roads),Blackburn with Darwen,60.75580679687223,2021
Road Transport (Minor roads),Blackburn with Darwen,56.52620609963813,2022
Road Transport (Minor roads),Blackburn with Darwen,56.07345774202336,2023
Road Transport (Minor roads),Blackpool,105.02310932606213,2005
Road Transport (Minor roads),Blackpool,100.77676747858123,2006
Road Transport (Minor roads),Blackpool,102.1222481397686,2007
Road Transport (Minor roads),Blackpool,95.72646239848316,2008
Road Transport (Minor roads),Blackpool,91.7599397746745,2009
Road Transport (Minor roads),Blackpool,89.48919261199168,2010
Road Transport (Minor roads),Blackpool,88.51623070554935,2011
Road Transport (Minor roads),Blackpool,89.87354093412075,2012
Road Transport (Minor roads),Blackpool,90.04947777044133,2013
Road Transport (Minor roads),Blackpool,90.64480048765586,2014
Road Transport (Minor roads),Blackpool,91.60510431673089,2015
Road Transport (Minor roads),Blackpool,94.4268780065252,2016
Road Transport (Minor roads),Blackpool,93.92675485648189,2017
Road Transport (Minor roads),Blackpool,95.72739010560926,2018
Road Transport (Minor roads),Blackpool,96.8130944263282,2019
Road Transport (Minor roads),Blackpool,83.88004475795265,2020
Road Transport (Minor roads),Blackpool,74.19709297783695,2021
Road Transport (Minor roads),Blackpool,71.03878252662751,2022
Road Transport (Minor roads),Blackpool,70.51923442968864,2023
Road Transport (Minor roads),Burnley,67.69328887175271,2005
Road Transport (Minor roads),Burnley,66.14572111076765,2006
Road Transport (Minor roads),Burnley,66.19405701725265,2007
Road Transport (Minor roads),Burnley,64.06729055732399,2008
Road Transport (Minor roads),Burnley,61.49149369632431,2009
Road Transport (Minor roads),Burnley,60.24663189119607,2010
Road Transport (Minor roads),Burnley,58.92470492425201,2011
Road Transport (Minor roads),Burnley,59.56660432783506,2012
Road Transport (Minor roads),Burnley,60.293244859795514,2013
Road Transport (Minor roads),Burnley,61.44726525492592,2014
Road Transport (Minor roads),Burnley,62.04127009481921,2015
Road Transport (Minor roads),Burnley,64.40096345808078,2016
Road Transport (Minor roads),Burnley,64.84565040773435,2017
Road Transport (Minor roads),Burnley,67.06827673535861,2018
Road Transport (Minor roads),Burnley,68.06380974341312,2019
Road Transport (Minor roads),Burnley,57.439840416215866,2020
Road Transport (Minor roads),Burnley,49.594973858222126,2021
Road Transport (Minor roads),Burnley,48.06484924875254,2022
Road Transport (Minor roads),Burnley,46.91190327067559,2023
Road Transport (Minor roads),Chorley,85.97566606037893,2005
Road Transport (Minor roads),Chorley,84.2701360814944,2006
Road Transport (Minor roads),Chorley,84.59117903065224,2007
Road Transport (Minor roads),Chorley,81.9454402257965,2008
Road Transport (Minor roads),Chorley,78.62150432862273,2009
Road Transport (Minor roads),Chorley,77.1942313798782,2010
Road Transport (Minor roads),Chorley,74.411212449854,2011
Road Transport (Minor roads),Chorley,74.29853847478891,2012
Road Transport (Minor roads),Chorley,74.20981898853583,2013
Road Transport (Minor roads),Chorley,75.78631196434995,2014
Road Transport (Minor roads),Chorley,76.22401461709025,2015
Road Transport (Minor roads),Chorley,79.09789372747325,2016
Road Transport (Minor roads),Chorley,78.03757186076318,2017
Road Transport (Minor roads),Chorley,81.10104161227872,2018
Road Transport (Minor roads),Chorley,82.2184144944048,2019
Road Transport (Minor roads),Chorley,71.28563203981179,2020
Road Transport (Minor roads),Chorley,69.33931920280489,2021
Road Transport (Minor roads),Chorley,67.67306508223407,2022
Road Transport (Minor roads),Chorley,65.94712614229104,2023
Road Transport (Minor roads),England Total,43780.58798723208,2005
Road Transport (Minor roads),England Total,42858.87144634293,2006
Road Transport (Minor roads),England Total,43523.722149526766,2007
Road Transport (Minor roads),England Total,42048.91838736985,2008
Road Transport (Minor roads),England Total,40322.06871274479,2009
Road Transport (Minor roads),England Total,39822.12094030964,2010
Road Transport (Minor roads),England Total,38394.55489861741,2011
Road Transport (Minor roads),England Total,38336.53183915162,2012
Road Transport (Minor roads),England Total,37851.84137141233,2013
Road Transport (Minor roads),England Total,38485.04158903465,2014
Road Transport (Minor roads),England Total,38555.390853309,2015
Road Transport (Minor roads),England Total,39912.57168998821,2016
Road Transport (Minor roads),England Total,40238.891933244544,2017
Road Transport (Minor roads),England Total,40059.581491311605,2018
Road Transport (Minor roads),England Total,39254.25963329546,2019
Road Transport (Minor roads),England Total,33109.54110490736,2020
Road Transport (Minor roads),England Total,34818.17643101011,2021
Road Transport (Minor roads),England Total,34032.38204745375,2022
Road Transport (Minor roads),England Total,33381.72652159836,2023
Road Transport (Minor roads),Fylde,77.94100954493737,2005
Road Transport (Minor roads),Fylde,76.34921477816181,2006
Road Transport (Minor roads),Fylde,76.60079419088285,2007
Road Transport (Minor roads),Fylde,74.18049773825778,2008
Road Transport (Minor roads),Fylde,71.17563987450819,2009
Road Transport (Minor roads),Fylde,69.85931778338403,2010
Road Transport (Minor roads),Fylde,67.4494135536934,2011
Road Transport (Minor roads),Fylde,67.45232601300997,2012
Road Transport (Minor roads),Fylde,67.46964577095812,2013
Road Transport (Minor roads),Fylde,68.83696623825385,2014
Road Transport (Minor roads),Fylde,69.22495773174096,2015
Road Transport (Minor roads),Fylde,71.72950704960492,2016
Road Transport (Minor roads),Fylde,70.91213830307717,2017
Road Transport (Minor roads),Fylde,73.5506077532656,2018
Road Transport (Minor roads),Fylde,74.57210541352082,2019
Road Transport (Minor roads),Fylde,64.73265610836879,2020
Road Transport (Minor roads),Fylde,62.42404326064784,2021
Road Transport (Minor roads),Fylde,60.96569278373299,2022
Road Transport (Minor roads),Fylde,59.89294489701255,2023
Road Transport (Minor roads),Hyndburn,69.25849994073687,2005
Road Transport (Minor roads),Hyndburn,67.6848437462038,2006
Road Transport (Minor roads),Hyndburn,67.75794680506903,2007
Road Transport (Minor roads),Hyndburn,65.55575068466132,2008
Road Transport (Minor roads),Hyndburn,62.914479723366874,2009
Road Transport (Minor roads),Hyndburn,61.65736912759874,2010
Road Transport (Minor roads),Hyndburn,60.074874004352594,2011
Road Transport (Minor roads),Hyndburn,60.56635774668298,2012
Road Transport (Minor roads),Hyndburn,61.12812172966085,2013
Road Transport (Minor roads),Hyndburn,62.22401540002268,2014
Road Transport (Minor roads),Hyndburn,62.67926528613696,2015
Road Transport (Minor roads),Hyndburn,64.77530826371526,2016
Road Transport (Minor roads),Hyndburn,64.82897182193297,2017
Road Transport (Minor roads),Hyndburn,66.82567036325345,2018
Road Transport (Minor roads),Hyndburn,67.90978703913854,2019
Road Transport (Minor roads),Hyndburn,58.43860528578938,2020
Road Transport (Minor roads),Hyndburn,52.72044821971218,2021
Road Transport (Minor roads),Hyndburn,51.40107182038972,2022
Road Transport (Minor roads),Hyndburn,50.179138971982056,2023
Road Transport (Minor roads),Lancashire Total,1046.478379966196,2005
Road Transport (Minor roads),Lancashire Total,1025.3171953075291,2006
Road Transport (Minor roads),Lancashire Total,1028.8278565370204,2007
Road Transport (Minor roads),Lancashire Total,996.54161732067,2008
Road Transport (Minor roads),Lancashire Total,956.1952164050774,2009
Road Transport (Minor roads),Lancashire Total,938.5828603998405,2010
Road Transport (Minor roads),Lancashire Total,906.4242011868253,2011
Road Transport (Minor roads),Lancashire Total,906.4290697036399,2012
Road Transport (Minor roads),Lancashire Total,906.3182320806538,2013
Road Transport (Minor roads),Lancashire Total,925.1977020104387,2014
Road Transport (Minor roads),Lancashire Total,930.8831695163226,2015
Road Transport (Minor roads),Lancashire Total,966.4598053443085,2016
Road Transport (Minor roads),Lancashire Total,956.2254375300245,2017
Road Transport (Minor roads),Lancashire Total,994.014286025731,2018
Road Transport (Minor roads),Lancashire Total,1006.2677023782973,2019
Road Transport (Minor roads),Lancashire Total,867.9732749065347,2020
Road Transport (Minor roads),Lancashire Total,831.9111274168588,2021
Road Transport (Minor roads),Lancashire Total,811.1873960053706,2022
Road Transport (Minor roads),Lancashire Total,800.9194281996488,2023
Road Transport (Minor roads),Lancaster,120.82134113894965,2005
Road Transport (Minor roads),Lancaster,118.62596396095738,2006
Road Transport (Minor roads),Lancaster,119.24521001563416,2007
Road Transport (Minor roads),Lancaster,115.63995624384535,2008
Road Transport (Minor roads),Lancaster,110.9455544801813,2009
Road Transport (Minor roads),Lancaster,109.03201959124965,2010
Road Transport (Minor roads),Lancaster,104.7293589429439,2011
Road Transport (Minor roads),Lancaster,104.15688637818549,2012
Road Transport (Minor roads),Lancaster,103.45158978063122,2013
Road Transport (Minor roads),Lancaster,105.93556161505805,2014
Road Transport (Minor roads),Lancaster,106.61598489611632,2015
Road Transport (Minor roads),Lancaster,111.42675341413953,2016
Road Transport (Minor roads),Lancaster,109.54999665052304,2017
Road Transport (Minor roads),Lancaster,114.95881125914468,2018
Road Transport (Minor roads),Lancaster,115.84805566088016,2019
Road Transport (Minor roads),Lancaster,98.96898065147003,2020
Road Transport (Minor roads),Lancaster,97.54177478565397,2021
Road Transport (Minor roads),Lancaster,94.83544252497906,2022
Road Transport (Minor roads),Lancaster,94.06943048729806,2023
Road Transport (Minor roads),North West Total,5467.683350643808,2005
Road Transport (Minor roads),North West Total,5291.073524379017,2006
Road Transport (Minor roads),North West Total,5325.712131234296,2007
Road Transport (Minor roads),North West Total,5133.58783182457,2008
Road Transport (Minor roads),North West Total,4930.197192211909,2009
Road Transport (Minor roads),North West Total,4921.056008582797,2010
Road Transport (Minor roads),North West Total,4798.924561485235,2011
Road Transport (Minor roads),North West Total,4836.274845799992,2012
Road Transport (Minor roads),North West Total,4757.409709820313,2013
Road Transport (Minor roads),North West Total,4837.594343891479,2014
Road Transport (Minor roads),North West Total,4871.705035112556,2015
Road Transport (Minor roads),North West Total,5037.224004807128,2016
Road Transport (Minor roads),North West Total,5025.545917262069,2017
Road Transport (Minor roads),North West Total,5173.069584425142,2018
Road Transport (Minor roads),North West Total,5237.920613619028,2019
Road Transport (Minor roads),North West Total,4517.228654403963,2020
Road Transport (Minor roads),North West Total,4161.364930304689,2021
Road Transport (Minor roads),North West Total,4026.648691721275,2022
Road Transport (Minor roads),North West Total,3986.900583685749,2023
Road Transport (Minor roads),Pendle,80.83786062768598,2005
Road Transport (Minor roads),Pendle,79.10969133274335,2006
Road Transport (Minor roads),Pendle,79.29496114381041,2007
Road Transport (Minor roads),Pendle,76.7662955774269,2008
Road Transport (Minor roads),Pendle,73.66766523008016,2009
Road Transport (Minor roads),Pendle,72.25739602801998,2010
Road Transport (Minor roads),Pendle,70.07195866448414,2011
Road Transport (Minor roads),Pendle,70.33547378509262,2012
Road Transport (Minor roads),Pendle,70.59183907184443,2013
Road Transport (Minor roads),Pendle,71.95836784981284,2014
Road Transport (Minor roads),Pendle,72.43266683699646,2015
Road Transport (Minor roads),Pendle,75.07729171360614,2016
Road Transport (Minor roads),Pendle,74.69943239082075,2017
Road Transport (Minor roads),Pendle,77.41699503664901,2018
Road Transport (Minor roads),Pendle,78.39094084938462,2019
Road Transport (Minor roads),Pendle,67.41814061510082,2020
Road Transport (Minor roads),Pendle,62.8001945737784,2021
Road Transport (Minor roads),Pendle,61.222417374335045,2022
Road Transport (Minor roads),Pendle,59.78509939228218,2023
Road Transport (Minor roads),Preston,110.54144368558823,2005
Road Transport (Minor roads),Preston,108.07565388236092,2006
Road Transport (Minor roads),Preston,108.2482130254511,2007
Road Transport (Minor roads),Preston,104.72430303283373,2008
Road Transport (Minor roads),Preston,100.50094734693803,2009
Road Transport (Minor roads),Preston,98.52867287447232,2010
Road Transport (Minor roads),Preston,95.68126379247849,2011
Road Transport (Minor roads),Preston,96.20535762604818,2012
Road Transport (Minor roads),Preston,96.74382222037177,2013
Road Transport (Minor roads),Preston,98.43311006413664,2014
Road Transport (Minor roads),Preston,98.99022817989557,2015
Road Transport (Minor roads),Preston,102.15716854573942,2016
Road Transport (Minor roads),Preston,101.74699532836102,2017
Road Transport (Minor roads),Preston,104.90244839483238,2018
Road Transport (Minor roads),Preston,106.43789369921694,2019
Road Transport (Minor roads),Preston,92.4824523266974,2020
Road Transport (Minor roads),Preston,86.13619064698158,2021
Road Transport (Minor roads),Preston,84.23729991673979,2022
Road Transport (Minor roads),Preston,85.21361210960139,2023
Road Transport (Minor roads),Ribble Valley,73.44256745383841,2005
Road Transport (Minor roads),Ribble Valley,72.48592934266253,2006
Road Transport (Minor roads),Ribble Valley,73.2003612400039,2007
Road Transport (Minor roads),Ribble Valley,71.166254920019,2008
Road Transport (Minor roads),Ribble Valley,68.23955787641982,2009
Road Transport (Minor roads),Ribble Valley,67.27087547185246,2010
Road Transport (Minor roads),Ribble Valley,63.56571889210671,2011
Road Transport (Minor roads),Ribble Valley,62.24153287346458,2012
Road Transport (Minor roads),Ribble Valley,60.88631485967344,2013
Road Transport (Minor roads),Ribble Valley,62.835506475924134,2014
Road Transport (Minor roads),Ribble Valley,63.207160613881,2015
Road Transport (Minor roads),Ribble Valley,66.7092827064592,2016
Road Transport (Minor roads),Ribble Valley,64.0995526775202,2017
Road Transport (Minor roads),Ribble Valley,68.30158189015773,2018
Road Transport (Minor roads),Ribble Valley,68.82960608323758,2019
Road Transport (Minor roads),Ribble Valley,59.04054266008324,2020
Road Transport (Minor roads),Ribble Valley,64.31751663375101,2021
Road Transport (Minor roads),Ribble Valley,62.43301165625254,2022
Road Transport (Minor roads),Ribble Valley,62.89999172565447,2023
Road Transport (Minor roads),Rossendale,70.83669158162688,2005
Road Transport (Minor roads),Rossendale,69.25856631541728,2006
Road Transport (Minor roads),Rossendale,69.37001877207898,2007
Road Transport (Minor roads),Rossendale,67.1149741108246,2008
Road Transport (Minor roads),Rossendale,64.40974183680486,2009
Road Transport (Minor roads),Rossendale,63.145979107452554,2010
Road Transport (Minor roads),Rossendale,61.330549307761096,2011
Road Transport (Minor roads),Rossendale,61.66902609280077,2012
Road Transport (Minor roads),Rossendale,61.99638458431852,2013
Road Transport (Minor roads),Rossendale,63.082537249027645,2014
Road Transport (Minor roads),Rossendale,63.44489925906324,2015
Road Transport (Minor roads),Rossendale,65.51797885011969,2016
Road Transport (Minor roads),Rossendale,65.28018443978878,2017
Road Transport (Minor roads),Rossendale,67.36436059090937,2018
Road Transport (Minor roads),Rossendale,68.27931687118397,2019
Road Transport (Minor roads),Rossendale,59.18720049027047,2020
Road Transport (Minor roads),Rossendale,54.99819899803185,2021
Road Transport (Minor roads),Rossendale,53.76129717471061,2022
Road Transport (Minor roads),Rossendale,52.96369975595576,2023
Road Transport (Minor roads),South Ribble,100.20470451651904,2005
Road Transport (Minor roads),South Ribble,97.86876205552005,2006
Road Transport (Minor roads),South Ribble,97.94186126068765,2007
Road Transport (Minor roads),South Ribble,94.6926656815857,2008
Road Transport (Minor roads),South Ribble,90.88435582834191,2009
Road Transport (Minor roads),South Ribble,89.0494739311621,2010
Road Transport (Minor roads),South Ribble,86.6724200120441,2011
Road Transport (Minor roads),South Ribble,87.34284907733792,2012
Road Transport (Minor roads),South Ribble,87.96427598110039,2013
Road Transport (Minor roads),South Ribble,89.32646825028576,2014
Road Transport (Minor roads),South Ribble,89.7672769701877,2015
Road Transport (Minor roads),South Ribble,92.37153961141688,2016
Road Transport (Minor roads),South Ribble,92.24677644780249,2017
Road Transport (Minor roads),South Ribble,94.80064486290706,2018
Road Transport (Minor roads),South Ribble,96.1035459380882,2019
Road Transport (Minor roads),South Ribble,83.8283421528735,2020
Road Transport (Minor roads),South Ribble,77.3663133188499,2021
Road Transport (Minor roads),South Ribble,75.81653124769628,2022
Road Transport (Minor roads),South Ribble,74.51813526843847,2023
Road Transport (Minor roads),West Lancashire,92.9872763636503,2005
Road Transport (Minor roads),West Lancashire,91.33881732782622,2006
Road Transport (Minor roads),West Lancashire,91.85807689446345,2007
Road Transport (Minor roads),West Lancashire,89.08650630762442,2008
Road Transport (Minor roads),West Lancashire,85.45792820021299,2009
Road Transport (Minor roads),West Lancashire,84.0119643393639,2010
Road Transport (Minor roads),West Lancashire,80.49009674923569,2011
Road Transport (Minor roads),West Lancashire,79.8917924099755,2012
Road Transport (Minor roads),West Lancashire,79.29126989338694,2013
Road Transport (Minor roads),West Lancashire,81.23445217587815,2014
Road Transport (Minor roads),West Lancashire,81.71130483159041,2015
Road Transport (Minor roads),West Lancashire,85.25097196254636,2016
Road Transport (Minor roads),West Lancashire,83.45414153132084,2017
Road Transport (Minor roads),West Lancashire,87.4159800388805,2018
Road Transport (Minor roads),West Lancashire,88.4289474154396,2019
Road Transport (Minor roads),West Lancashire,76.3484102408354,2020
Road Transport (Minor roads),West Lancashire,76.8729508870155,2021
Road Transport (Minor roads),West Lancashire,74.8789836731836,2022
Road Transport (Minor roads),West Lancashire,73.48237621486751,2023
Road Transport (Minor roads),Wyre,95.93803018053174,2005
Road Transport (Minor roads),Wyre,94.10389537341375,2006
Road Transport (Minor roads),Wyre,94.52517714103388,2007
Road Transport (Minor roads),Wyre,91.60168224047064,2008
Road Transport (Minor roads),Wyre,87.88634798327628,2009
Road Transport (Minor roads),Wyre,86.32892887421046,2010
Road Transport (Minor roads),Wyre,83.02262989361908,2011
Road Transport (Minor roads),Wyre,82.70232489841783,2012
Road Transport (Minor roads),Wyre,82.29190434037679,2013
Road Transport (Minor roads),Wyre,84.09713947276317,2014
Road Transport (Minor roads),Wyre,84.54414019880447,2015
Road Transport (Minor roads),Wyre,87.94514604140699,2016
Road Transport (Minor roads),Wyre,86.5240256703796,2017
Road Transport (Minor roads),Wyre,90.30786748809379,2018
Road Transport (Minor roads),Wyre,91.18527917038898,2019
Road Transport (Minor roads),Wyre,78.80247191901807,2020
Road Transport (Minor roads),Wyre,77.79920303140955,2021
Road Transport (Minor roads),Wyre,75.89773350236436,2022
Road Transport (Minor roads),Wyre,75.0559699635898,2023
Road Transport (Motorways),Blackburn with Darwen,42.72072892385336,2005
Road Transport (Motorways),Blackburn with Darwen,42.956295356984526,2006
Road Transport (Motorways),Blackburn with Darwen,43.63208423493004,2007
Road Transport (Motorways),Blackburn with Darwen,41.830916717032615,2008
Road Transport (Motorways),Blackburn with Darwen,39.139100003316805,2009
Road Transport (Motorways),Blackburn with Darwen,39.16306256191504,2010
Road Transport (Motorways),Blackburn with Darwen,37.815408281577334,2011
Road Transport (Motorways),Blackburn with Darwen,36.98104159195697,2012
Road Transport (Motorways),Blackburn with Darwen,38.8395918391362,2013
Road Transport (Motorways),Blackburn with Darwen,39.65834918741105,2014
Road Transport (Motorways),Blackburn with Darwen,40.576409881301146,2015
Road Transport (Motorways),Blackburn with Darwen,42.13152516818678,2016
Road Transport (Motorways),Blackburn with Darwen,37.566063173612605,2017
Road Transport (Motorways),Blackburn with Darwen,41.056792470182785,2018
Road Transport (Motorways),Blackburn with Darwen,40.93944269255229,2019
Road Transport (Motorways),Blackburn with Darwen,30.683452053148063,2020
Road Transport (Motorways),Blackburn with Darwen,34.61609875653011,2021
Road Transport (Motorways),Blackburn with Darwen,34.97228677323104,2022
Road Transport (Motorways),Blackburn with Darwen,35.06968715892299,2023
Road Transport (Motorways),Blackpool,0.45551918172032957,2005
Road Transport (Motorways),Blackpool,0.43481225881811686,2006
Road Transport (Motorways),Blackpool,0.4154227952179495,2007
Road Transport (Motorways),Blackpool,0.4502839422562489,2008
Road Transport (Motorways),Blackpool,0.4500236389688521,2009
Road Transport (Motorways),Blackpool,0.4537198700786356,2010
Road Transport (Motorways),Blackpool,0.4582936917427062,2011
Road Transport (Motorways),Blackpool,0.4526253290185023,2012
Road Transport (Motorways),Blackpool,0.4497067420388102,2013
Road Transport (Motorways),Blackpool,0.4639939706276664,2014
Road Transport (Motorways),Blackpool,0.46605326834535216,2015
Road Transport (Motorways),Blackpool,0.484997612270403,2016
Road Transport (Motorways),Blackpool,0.4851531267592589,2017
Road Transport (Motorways),Blackpool,0.4037819276330345,2018
Road Transport (Motorways),Blackpool,0.39152946041940645,2019
Road Transport (Motorways),Blackpool,0.3197580882666801,2020
Road Transport (Motorways),Blackpool,0.33599890288544926,2021
Road Transport (Motorways),Blackpool,0.3354378359734102,2022
Road Transport (Motorways),Blackpool,0.3310775538442724,2023
Road Transport (Motorways),Burnley,32.84036252663741,2005
Road Transport (Motorways),Burnley,34.48713501805306,2006
Road Transport (Motorways),Burnley,34.653925895143225,2007
Road Transport (Motorways),Burnley,33.249297918979366,2008
Road Transport (Motorways),Burnley,31.13897777624053,2009
Road Transport (Motorways),Burnley,30.995341378346733,2010
Road Transport (Motorways),Burnley,31.743283872126298,2011
Road Transport (Motorways),Burnley,31.254021030289792,2012
Road Transport (Motorways),Burnley,30.668012652312573,2013
Road Transport (Motorways),Burnley,31.094016998520228,2014
Road Transport (Motorways),Burnley,29.071447800545823,2015
Road Transport (Motorways),Burnley,29.851518460992512,2016
Road Transport (Motorways),Burnley,29.005983340094566,2017
Road Transport (Motorways),Burnley,29.40825268203015,2018
Road Transport (Motorways),Burnley,30.792246554155295,2019
Road Transport (Motorways),Burnley,23.79775974233744,2020
Road Transport (Motorways),Burnley,28.00161574575359,2021
Road Transport (Motorways),Burnley,28.051130773884285,2022
Road Transport (Motorways),Burnley,28.285785053800492,2023
Road Transport (Motorways),Chorley,219.0007359558056,2005
Road Transport (Motorways),Chorley,238.23743477516507,2006
Road Transport (Motorways),Chorley,216.04110574838646,2007
Road Transport (Motorways),Chorley,230.9103008933104,2008
Road Transport (Motorways),Chorley,227.58080548503366,2009
Road Transport (Motorways),Chorley,223.3344331456673,2010
Road Transport (Motorways),Chorley,222.3943105697914,2011
Road Transport (Motorways),Chorley,204.26064738354904,2012
Road Transport (Motorways),Chorley,208.06813455759013,2013
Road Transport (Motorways),Chorley,202.6621163076206,2014
Road Transport (Motorways),Chorley,214.11839977379444,2015
Road Transport (Motorways),Chorley,221.50676378814944,2016
Road Transport (Motorways),Chorley,220.37775401495273,2017
Road Transport (Motorways),Chorley,210.21626449818189,2018
Road Transport (Motorways),Chorley,221.4156509982639,2019
Road Transport (Motorways),Chorley,181.3774855858132,2020
Road Transport (Motorways),Chorley,199.33227672872133,2021
Road Transport (Motorways),Chorley,194.83295493240365,2022
Road Transport (Motorways),Chorley,192.97360351633841,2023
Road Transport (Motorways),England Total,22967.773468244915,2005
Road Transport (Motorways),England Total,23097.785867321945,2006
Road Transport (Motorways),England Total,23246.972985181903,2007
Road Transport (Motorways),England Total,22234.411715106617,2008
Road Transport (Motorways),England Total,21595.36912403217,2009
Road Transport (Motorways),England Total,21713.333763417722,2010
Road Transport (Motorways),England Total,21611.02391545946,2011
Road Transport (Motorways),England Total,21447.707208663312,2012
Road Transport (Motorways),England Total,21528.852592652915,2013
Road Transport (Motorways),England Total,22054.760198263873,2014
Road Transport (Motorways),England Total,22565.782962111833,2015
Road Transport (Motorways),England Total,23193.26219879484,2016
Road Transport (Motorways),England Total,23447.97760764723,2017
Road Transport (Motorways),England Total,23302.536964293457,2018
Road Transport (Motorways),England Total,22713.03392906685,2019
Road Transport (Motorways),England Total,19470.22061763063,2020
Road Transport (Motorways),England Total,21030.59294826583,2021
Road Transport (Motorways),England Total,21205.963314721685,2022
Road Transport (Motorways),England Total,20858.127175749094,2023
Road Transport (Motorways),Fylde,52.24572833521958,2005
Road Transport (Motorways),Fylde,49.64682086414653,2006
Road Transport (Motorways),Fylde,51.29400610112313,2007
Road Transport (Motorways),Fylde,48.37653668808419,2008
Road Transport (Motorways),Fylde,46.941955678084575,2009
Road Transport (Motorways),Fylde,47.60281548742873,2010
Road Transport (Motorways),Fylde,48.056273569896454,2011
Road Transport (Motorways),Fylde,45.6182351468049,2012
Road Transport (Motorways),Fylde,46.05571250785217,2013
Road Transport (Motorways),Fylde,45.478137731001546,2014
Road Transport (Motorways),Fylde,45.9554018053206,2015
Road Transport (Motorways),Fylde,44.81274829413953,2016
Road Transport (Motorways),Fylde,46.55340588100709,2017
Road Transport (Motorways),Fylde,46.43247955262364,2018
Road Transport (Motorways),Fylde,45.129144029064214,2019
Road Transport (Motorways),Fylde,38.68451560605594,2020
Road Transport (Motorways),Fylde,42.934053576602224,2021
Road Transport (Motorways),Fylde,40.52013234568151,2022
Road Transport (Motorways),Fylde,39.501619869118755,2023
Road Transport (Motorways),Hyndburn,50.314358783555136,2005
Road Transport (Motorways),Hyndburn,52.61892919915816,2006
Road Transport (Motorways),Hyndburn,49.91550769978906,2007
Road Transport (Motorways),Hyndburn,46.03937616168902,2008
Road Transport (Motorways),Hyndburn,45.06742024515528,2009
Road Transport (Motorways),Hyndburn,45.825623292044604,2010
Road Transport (Motorways),Hyndburn,46.62010112884241,2011
Road Transport (Motorways),Hyndburn,45.347632196569435,2012
Road Transport (Motorways),Hyndburn,47.69157205824848,2013
Road Transport (Motorways),Hyndburn,48.37937474926046,2014
Road Transport (Motorways),Hyndburn,49.296481191044876,2015
Road Transport (Motorways),Hyndburn,51.22915919608274,2016
Road Transport (Motorways),Hyndburn,48.551606331343905,2017
Road Transport (Motorways),Hyndburn,48.13243034358449,2018
Road Transport (Motorways),Hyndburn,50.280575964657764,2019
Road Transport (Motorways),Hyndburn,38.30539897873884,2020
Road Transport (Motorways),Hyndburn,43.036267941321164,2021
Road Transport (Motorways),Hyndburn,43.537345295554864,2022
Road Transport (Motorways),Hyndburn,43.758521435238244,2023
Road Transport (Motorways),Lancashire Total,940.0825150679786,2005
Road Transport (Motorways),Lancashire Total,964.5625117288722,2006
Road Transport (Motorways),Lancashire Total,932.2347245749447,2007
Road Transport (Motorways),Lancashire Total,932.8577162751924,2008
Road Transport (Motorways),Lancashire Total,921.3081989178304,2009
Road Transport (Motorways),Lancashire Total,938.4471557992035,2010
Road Transport (Motorways),Lancashire Total,937.2763120277552,2011
Road Transport (Motorways),Lancashire Total,883.374625710841,2012
Road Transport (Motorways),Lancashire Total,895.8953218248503,2013
Road Transport (Motorways),Lancashire Total,890.1418610651078,2014
Road Transport (Motorways),Lancashire Total,910.5489138280205,2015
Road Transport (Motorways),Lancashire Total,920.3735456348637,2016
Road Transport (Motorways),Lancashire Total,925.8895288640479,2017
Road Transport (Motorways),Lancashire Total,891.8952662642785,2018
Road Transport (Motorways),Lancashire Total,899.2063798579143,2019
Road Transport (Motorways),Lancashire Total,747.3376693083162,2020
Road Transport (Motorways),Lancashire Total,843.8622663288252,2021
Road Transport (Motorways),Lancashire Total,826.4001452351714,2022
Road Transport (Motorways),Lancashire Total,799.0193387342438,2023
Road Transport (Motorways),Lancaster,164.9959665943505,2005
Road Transport (Motorways),Lancaster,162.74983446089308,2006
Road Transport (Motorways),Lancaster,163.2254458939953,2007
Road Transport (Motorways),Lancaster,160.03628804367506,2008
Road Transport (Motorways),Lancaster,158.06294594744918,2009
Road Transport (Motorways),Lancaster,160.0123085659392,2010
Road Transport (Motorways),Lancaster,159.37044330134597,2011
Road Transport (Motorways),Lancaster,155.4947219715558,2012
Road Transport (Motorways),Lancaster,154.78754288088138,2013
Road Transport (Motorways),Lancaster,155.10095223914476,2014
Road Transport (Motorways),Lancaster,154.55756682481567,2015
Road Transport (Motorways),Lancaster,151.2805691067594,2016
Road Transport (Motorways),Lancaster,158.90729795629312,2017
Road Transport (Motorways),Lancaster,152.5834352965437,2018
Road Transport (Motorways),Lancaster,148.26710286132848,2019
Road Transport (Motorways),Lancaster,120.77139151690237,2020
Road Transport (Motorways),Lancaster,148.63940743681877,2021
Road Transport (Motorways),Lancaster,141.54503013023907,2022
Road Transport (Motorways),Lancaster,133.27436578600035,2023
Road Transport (Motorways),North West Total,4494.997208731183,2005
Road Transport (Motorways),North West Total,4545.517128764223,2006
Road Transport (Motorways),North West Total,4559.140830835977,2007
Road Transport (Motorways),North West Total,4420.713955696177,2008
Road Transport (Motorways),North West Total,4368.365712949245,2009
Road Transport (Motorways),North West Total,4376.9565270430985,2010
Road Transport (Motorways),North West Total,4326.275888063176,2011
Road Transport (Motorways),North West Total,4210.297221955008,2012
Road Transport (Motorways),North West Total,4228.734023158108,2013
Road Transport (Motorways),North West Total,4318.519357444941,2014
Road Transport (Motorways),North West Total,4370.873100462226,2015
Road Transport (Motorways),North West Total,4461.7101695612955,2016
Road Transport (Motorways),North West Total,4454.588721107989,2017
Road Transport (Motorways),North West Total,4372.325455104482,2018
Road Transport (Motorways),North West Total,4291.073053482107,2019
Road Transport (Motorways),North West Total,3736.4189333090144,2020
Road Transport (Motorways),North West Total,4041.6092047928055,2021
Road Transport (Motorways),North West Total,4032.9311040091266,2022
Road Transport (Motorways),North West Total,3943.7330802321835,2023
Road Transport (Motorways),Pendle,26.29970515912254,2005
Road Transport (Motorways),Pendle,26.070831060167627,2006
Road Transport (Motorways),Pendle,25.844767484702757,2007
Road Transport (Motorways),Pendle,25.157507856931453,2008
Road Transport (Motorways),Pendle,24.820517928189116,2009
Road Transport (Motorways),Pendle,24.793655449564966,2010
Road Transport (Motorways),Pendle,25.257338928712347,2011
Road Transport (Motorways),Pendle,24.922637900247995,2012
Road Transport (Motorways),Pendle,24.710316711532606,2013
Road Transport (Motorways),Pendle,24.79771587016553,2014
Road Transport (Motorways),Pendle,24.612665622597934,2015
Road Transport (Motorways),Pendle,24.997505958138984,2016
Road Transport (Motorways),Pendle,24.499951803442592,2017
Road Transport (Motorways),Pendle,24.143480438778223,2018
Road Transport (Motorways),Pendle,24.918145178787146,2019
Road Transport (Motorways),Pendle,22.36852794566242,2020
Road Transport (Motorways),Pendle,25.26279578587199,2021
Road Transport (Motorways),Pendle,24.38243298647502,2022
Road Transport (Motorways),Pendle,22.136112437464497,2023
Road Transport (Motorways),Preston,148.275558067296,2005
Road Transport (Motorways),Preston,147.90684161348864,2006
Road Transport (Motorways),Preston,148.46059718667837,2007
Road Transport (Motorways),Preston,140.1980003456182,2008
Road Transport (Motorways),Preston,146.9613629502262,2009
Road Transport (Motorways),Preston,150.67739136506367,2010
Road Transport (Motorways),Preston,154.37161684618601,2011
Road Transport (Motorways),Preston,144.29212249814586,2012
Road Transport (Motorways),Preston,147.38426825249817,2013
Road Transport (Motorways),Preston,144.75343501388562,2014
Road Transport (Motorways),Preston,149.05839793278602,2015
Road Transport (Motorways),Preston,149.57091635368985,2016
Road Transport (Motorways),Preston,151.25070398464362,2017
Road Transport (Motorways),Preston,145.02721105751377,2018
Road Transport (Motorways),Preston,145.11334878005098,2019
Road Transport (Motorways),Preston,121.87402969065712,2020
Road Transport (Motorways),Preston,134.36212743576726,2021
Road Transport (Motorways),Preston,131.90925585068385,2022
Road Transport (Motorways),Preston,128.21689999825048,2023
Road Transport (Motorways),Ribble Valley,0,2005
Road Transport (Motorways),Ribble Valley,0,2006
Road Transport (Motorways),Ribble Valley,0,2007
Road Transport (Motorways),Ribble Valley,0,2008
Road Transport (Motorways),Ribble Valley,0,2009
Road Transport (Motorways),Ribble Valley,0,2010
Road Transport (Motorways),Ribble Valley,0,2011
Road Transport (Motorways),Ribble Valley,0,2012
Road Transport (Motorways),Ribble Valley,0,2013
Road Transport (Motorways),Ribble Valley,0,2014
Road Transport (Motorways),Ribble Valley,0,2015
Road Transport (Motorways),Ribble Valley,0,2016
Road Transport (Motorways),Ribble Valley,0,2017
Road Transport (Motorways),Ribble Valley,0,2018
Road Transport (Motorways),Ribble Valley,0,2019
Road Transport (Motorways),Ribble Valley,0,2020
Road Transport (Motorways),Ribble Valley,0,2021
Road Transport (Motorways),Ribble Valley,0,2022
Road Transport (Motorways),Ribble Valley,0,2023
Road Transport (Motorways),Rossendale,3.0097091037644135,2005
Road Transport (Motorways),Rossendale,3.0748425114346785,2006
Road Transport (Motorways),Rossendale,3.1097448917243176,2007
Road Transport (Motorways),Rossendale,2.743335048905396,2008
Road Transport (Motorways),Rossendale,2.8542223700891576,2009
Road Transport (Motorways),Rossendale,2.836847637767697,2010
Road Transport (Motorways),Rossendale,2.680292629165209,2011
Road Transport (Motorways),Rossendale,2.8145047050837397,2012
Road Transport (Motorways),Rossendale,2.8471635160901685,2013
Road Transport (Motorways),Rossendale,2.7952788580611503,2014
Road Transport (Motorways),Rossendale,2.8331360750256644,2015
Road Transport (Motorways),Rossendale,2.955796899393933,2016
Road Transport (Motorways),Rossendale,2.9540820693758487,2017
Road Transport (Motorways),Rossendale,2.989697617738007,2018
Road Transport (Motorways),Rossendale,2.7349760892599013,2019
Road Transport (Motorways),Rossendale,2.5959967794853167,2020
Road Transport (Motorways),Rossendale,2.730276321591154,2021
Road Transport (Motorways),Rossendale,2.626745332307625,2022
Road Transport (Motorways),Rossendale,2.6411134049510228,2023
Road Transport (Motorways),South Ribble,102.19714594590198,2005
Road Transport (Motorways),South Ribble,104.09236689555264,2006
Road Transport (Motorways),South Ribble,99.76921270026521,2007
Road Transport (Motorways),South Ribble,105.48250722023613,2008
Road Transport (Motorways),South Ribble,102.56797540383144,2009
Road Transport (Motorways),South Ribble,104.53808411253762,2010
Road Transport (Motorways),South Ribble,101.42303506593709,2011
Road Transport (Motorways),South Ribble,96.76424017430719,2012
Road Transport (Motorways),South Ribble,98.81857203099938,2013
Road Transport (Motorways),South Ribble,98.01561520779768,2014
Road Transport (Motorways),South Ribble,100.64509869060683,2015
Road Transport (Motorways),South Ribble,104.35562666931851,2016
Road Transport (Motorways),South Ribble,103.66795847958599,2017
Road Transport (Motorways),South Ribble,98.79347251688716,2018
Road Transport (Motorways),South Ribble,98.3372334349303,2019
Road Transport (Motorways),South Ribble,84.2865246357234,2020
Road Transport (Motorways),South Ribble,93.5974356666122,2021
Road Transport (Motorways),South Ribble,92.87223391675742,2022
Road Transport (Motorways),South Ribble,88.96256856939998,2023
Road Transport (Motorways),West Lancashire,60.27260347413057,2005
Road Transport (Motorways),West Lancashire,63.334281639883,2006
Road Transport (Motorways),West Lancashire,60.607815414336926,2007
Road Transport (Motorways),West Lancashire,62.081121819011415,2008
Road Transport (Motorways),West Lancashire,59.546085918457976,2009
Road Transport (Motorways),West Lancashire,58.57464726958165,2010
Road Transport (Motorways),West Lancashire,55.50088716220033,2011
Road Transport (Motorways),West Lancashire,52.5970710018225,2012
Road Transport (Motorways),West Lancashire,53.914421049613736,2013
Road Transport (Motorways),West Lancashire,53.94934808213272,2014
Road Transport (Motorways),West Lancashire,56.385874871145994,2015
Road Transport (Motorways),West Lancashire,57.79844001445047,2016
Road Transport (Motorways),West Lancashire,57.98402622529289,2017
Road Transport (Motorways),West Lancashire,54.766434173449454,2018
Road Transport (Motorways),West Lancashire,54.927367442709645,2019
Road Transport (Motorways),West Lancashire,49.026611347773,2020
Road Transport (Motorways),West Lancashire,52.56899673270718,2021
Road Transport (Motorways),West Lancashire,51.8519671656369,2022
Road Transport (Motorways),West Lancashire,50.86826230882323,2023
Road Transport (Motorways),Wyre,80.63064112219479,2005
Road Transport (Motorways),Wyre,82.3431936909298,2006
Road Transport (Motorways),Wyre,79.31259555879997,2007
Road Transport (Motorways),Wyre,78.58344427875177,2008
Road Transport (Motorways),Wyre,75.76592921507333,2009
Road Transport (Motorways),Wyre,89.25600809526135,2010
Road Transport (Motorways),Wyre,89.85872895355169,2011
Road Transport (Motorways),Wyre,80.00879170246453,2012
Road Transport (Motorways),Wyre,80.94960560723146,2013
Road Transport (Motorways),Wyre,83.11587000751749,2014
Road Transport (Motorways),Wyre,84.01444324033659,2015
Road Transport (Motorways),Wyre,82.01450089374842,2016
Road Transport (Motorways),Wyre,82.13675877801558,2017
Road Transport (Motorways),Wyre,79.40210808694789,2018
Road Transport (Motorways),Wyre,77.29058852470651,2019
Road Transport (Motorways),Wyre,64.24942747916708,2020
Road Transport (Motorways),Wyre,73.39701295705807,2021
Road Transport (Motorways),Wyre,74.27091650554712,2022
Road Transport (Motorways),Wyre,68.40048635485837,2023
Transport 'Other',Blackburn with Darwen,2.653354619307379,2005
Transport 'Other',Blackburn with Darwen,2.7150355679538323,2006
Transport 'Other',Blackburn with Darwen,2.7821801403415196,2007
Transport 'Other',Blackburn with Darwen,2.858301380841658,2008
Transport 'Other',Blackburn with Darwen,2.852815714833599,2009
Transport 'Other',Blackburn with Darwen,2.935821689454798,2010
Transport 'Other',Blackburn with Darwen,2.9467228283804405,2011
Transport 'Other',Blackburn with Darwen,2.8885488477964105,2012
Transport 'Other',Blackburn with Darwen,3.0150858556876403,2013
Transport 'Other',Blackburn with Darwen,3.0990535984369916,2014
Transport 'Other',Blackburn with Darwen,3.1615819969019654,2015
Transport 'Other',Blackburn with Darwen,3.146986232329699,2016
Transport 'Other',Blackburn with Darwen,3.2511968414455934,2017
Transport 'Other',Blackburn with Darwen,3.3514708357884424,2018
Transport 'Other',Blackburn with Darwen,3.604798429013025,2019
Transport 'Other',Blackburn with Darwen,3.1043119260995646,2020
Transport 'Other',Blackburn with Darwen,3.3455748996993004,2021
Transport 'Other',Blackburn with Darwen,3.5054626942399385,2022
Transport 'Other',Blackburn with Darwen,3.757000499247658,2023
Transport 'Other',Blackpool,2.3643295896977348,2005
Transport 'Other',Blackpool,2.258224452291162,2006
Transport 'Other',Blackpool,2.192552791405567,2007
Transport 'Other',Blackpool,2.1948729545159846,2008
Transport 'Other',Blackpool,2.15333967330471,2009
Transport 'Other',Blackpool,2.217526077550006,2010
Transport 'Other',Blackpool,2.2231340122341248,2011
Transport 'Other',Blackpool,2.1826543202952804,2012
Transport 'Other',Blackpool,2.130499578163701,2013
Transport 'Other',Blackpool,1.959924423340934,2014
Transport 'Other',Blackpool,2.0339898286363356,2015
Transport 'Other',Blackpool,2.079815365995376,2016
Transport 'Other',Blackpool,2.097560019640082,2017
Transport 'Other',Blackpool,2.315213457881315,2018
Transport 'Other',Blackpool,2.4565078370424698,2019
Transport 'Other',Blackpool,1.6591978265516862,2020
Transport 'Other',Blackpool,1.6022858097166415,2021
Transport 'Other',Blackpool,2.061392363276808,2022
Transport 'Other',Blackpool,2.2144484402595572,2023
Transport 'Other',Burnley,2.8362883948113593,2005
Transport 'Other',Burnley,2.941779695761478,2006
Transport 'Other',Burnley,3.0032626972026097,2007
Transport 'Other',Burnley,3.1137573741791496,2008
Transport 'Other',Burnley,3.1448487142471135,2009
Transport 'Other',Burnley,3.2288129451860565,2010
Transport 'Other',Burnley,3.266462751762297,2011
Transport 'Other',Burnley,3.1936817176190964,2012
Transport 'Other',Burnley,3.311738450698451,2013
Transport 'Other',Burnley,3.4068848397527876,2014
Transport 'Other',Burnley,3.4817010281493315,2015
Transport 'Other',Burnley,3.492401703834846,2016
Transport 'Other',Burnley,3.6628857945415714,2017
Transport 'Other',Burnley,3.7575521574833997,2018
Transport 'Other',Burnley,4.0470746497022345,2019
Transport 'Other',Burnley,3.408638667562427,2020
Transport 'Other',Burnley,3.716663244297639,2021
Transport 'Other',Burnley,3.9537568552445648,2022
Transport 'Other',Burnley,4.208699724525376,2023
Transport 'Other',Chorley,4.989670698997979,2005
Transport 'Other',Chorley,5.256748876207435,2006
Transport 'Other',Chorley,5.230503116932888,2007
Transport 'Other',Chorley,5.488854777636872,2008
Transport 'Other',Chorley,5.552856796081757,2009
Transport 'Other',Chorley,5.669251768019349,2010
Transport 'Other',Chorley,5.68977876505432,2011
Transport 'Other',Chorley,5.523316730819297,2012
Transport 'Other',Chorley,5.786524533253176,2013
Transport 'Other',Chorley,5.883643299990037,2014
Transport 'Other',Chorley,6.1165392833556345,2015
Transport 'Other',Chorley,6.151673554786992,2016
Transport 'Other',Chorley,6.396541877205479,2017
Transport 'Other',Chorley,6.502712789317069,2018
Transport 'Other',Chorley,7.136966875934352,2019
Transport 'Other',Chorley,6.197874746667674,2020
Transport 'Other',Chorley,6.9692044112753875,2021
Transport 'Other',Chorley,7.299266004691501,2022
Transport 'Other',Chorley,7.758143319796336,2023
Transport 'Other',England Total,2632.9544892521353,2005
Transport 'Other',England Total,2746.040557162271,2006
Transport 'Other',England Total,2705.617241960593,2007
Transport 'Other',England Total,2714.304538503628,2008
Transport 'Other',England Total,2755.7239330422804,2009
Transport 'Other',England Total,2686.2527308781846,2010
Transport 'Other',England Total,2681.424675938935,2011
Transport 'Other',England Total,2553.5533023747157,2012
Transport 'Other',England Total,2475.0532019631946,2013
Transport 'Other',England Total,2581.9571800298418,2014
Transport 'Other',England Total,2661.9377145073668,2015
Transport 'Other',England Total,2594.4337980620057,2016
Transport 'Other',England Total,2625.952597194395,2017
Transport 'Other',England Total,2690.2143453355143,2018
Transport 'Other',England Total,2874.362796361869,2019
Transport 'Other',England Total,2157.857932894013,2020
Transport 'Other',England Total,2326.8400992243323,2021
Transport 'Other',England Total,2618.373838584837,2022
Transport 'Other',England Total,2783.4909689439132,2023
Transport 'Other',Fylde,8.832769999771692,2005
Transport 'Other',Fylde,8.436638081905453,2006
Transport 'Other',Fylde,8.16301893061565,2007
Transport 'Other',Fylde,8.036995558828114,2008
Transport 'Other',Fylde,8.170449922590223,2009
Transport 'Other',Fylde,8.504693958160168,2010
Transport 'Other',Fylde,8.566405039930281,2011
Transport 'Other',Fylde,8.425552601214925,2012
Transport 'Other',Fylde,8.127316107960151,2013
Transport 'Other',Fylde,7.198123510867922,2014
Transport 'Other',Fylde,7.603287766177838,2015
Transport 'Other',Fylde,8.033232144353295,2016
Transport 'Other',Fylde,8.27131429917728,2017
Transport 'Other',Fylde,9.438313085340758,2018
Transport 'Other',Fylde,9.850066704010967,2019
Transport 'Other',Fylde,5.088101920076791,2020
Transport 'Other',Fylde,5.706565699006242,2021
Transport 'Other',Fylde,8.44766599143788,2022
Transport 'Other',Fylde,8.638934411352993,2023
Transport 'Other',Hyndburn,3.088964617888009,2005
Transport 'Other',Hyndburn,3.2025489698871374,2006
Transport 'Other',Hyndburn,3.258473400984564,2007
Transport 'Other',Hyndburn,3.356316706257022,2008
Transport 'Other',Hyndburn,3.409930129880812,2009
Transport 'Other',Hyndburn,3.516925360413806,2010
Transport 'Other',Hyndburn,3.559254534230445,2011
Transport 'Other',Hyndburn,3.482022909055076,2012
Transport 'Other',Hyndburn,3.6540739800070585,2013
Transport 'Other',Hyndburn,3.760056859839816,2014
Transport 'Other',Hyndburn,3.8648516743095485,2015
Transport 'Other',Hyndburn,3.8760865819866175,2016
Transport 'Other',Hyndburn,4.052168451768638,2017
Transport 'Other',Hyndburn,4.155688505161609,2018
Transport 'Other',Hyndburn,4.4909479297926564,2019
Transport 'Other',Hyndburn,3.7593402033780334,2020
Transport 'Other',Hyndburn,4.140115824780876,2021
Transport 'Other',Hyndburn,4.404867894086761,2022
Transport 'Other',Hyndburn,4.67049388773557,2023
Transport 'Other',Lancashire Total,61.18490979093055,2005
Transport 'Other',Lancashire Total,63.55072039948338,2006
Transport 'Other',Lancashire Total,62.11457591432782,2007
Transport 'Other',Lancashire Total,62.532113480761296,2008
Transport 'Other',Lancashire Total,64.62201772762442,2009
Transport 'Other',Lancashire Total,66.11192225039669,2010
Transport 'Other',Lancashire Total,67.782148868745,2011
Transport 'Other',Lancashire Total,64.722173532395,2012
Transport 'Other',Lancashire Total,64.39803720844534,2013
Transport 'Other',Lancashire Total,66.13148121309975,2014
Transport 'Other',Lancashire Total,68.34869941538444,2015
Transport 'Other',Lancashire Total,67.27164536950507,2016
Transport 'Other',Lancashire Total,68.97797843068129,2017
Transport 'Other',Lancashire Total,71.50410991788534,2018
Transport 'Other',Lancashire Total,76.39646253923974,2019
Transport 'Other',Lancashire Total,61.95736736469887,2020
Transport 'Other',Lancashire Total,69.39857796672267,2021
Transport 'Other',Lancashire Total,74.74622471894293,2022
Transport 'Other',Lancashire Total,79.26389525536011,2023
Transport 'Other',Lancaster,17.74816151635491,2005
Transport 'Other',Lancaster,18.82768805976476,2006
Transport 'Other',Lancaster,17.10166427530582,2007
Transport 'Other',Lancaster,16.336922400667724,2008
Transport 'Other',Lancaster,17.85747762772371,2009
Transport 'Other',Lancaster,17.93966136065963,2010
Transport 'Other',Lancaster,19.405818031337947,2011
Transport 'Other',Lancaster,17.482957362319038,2012
Transport 'Other',Lancaster,15.791575161795972,2013
Transport 'Other',Lancaster,17.428916841947714,2014
Transport 'Other',Lancaster,18.030631417739418,2015
Transport 'Other',Lancaster,16.368213436763288,2016
Transport 'Other',Lancaster,15.982738310169255,2017
Transport 'Other',Lancaster,16.368438097415304,2018
Transport 'Other',Lancaster,17.19621915671688,2019
Transport 'Other',Lancaster,14.414236184226265,2020
Transport 'Other',Lancaster,16.795144482010446,2021
Transport 'Other',Lancaster,16.6446251218829,2022
Transport 'Other',Lancaster,17.89181853199139,2023
Transport 'Other',North West Total,381.8063731871076,2005
Transport 'Other',North West Total,393.08313286491205,2006
Transport 'Other',North West Total,382.6915288658939,2007
Transport 'Other',North West Total,383.78490082455806,2008
Transport 'Other',North West Total,396.14704106614835,2009
Transport 'Other',North West Total,389.052051167935,2010
Transport 'Other',North West Total,395.6411509182492,2011
Transport 'Other',North West Total,375.6497741086998,2012
Transport 'Other',North West Total,362.2631842232547,2013
Transport 'Other',North West Total,374.57047953319284,2014
Transport 'Other',North West Total,387.19127720056963,2015
Transport 'Other',North West Total,379.6490899796201,2016
Transport 'Other',North West Total,386.4878897013726,2017
Transport 'Other',North West Total,394.74104915197836,2018
Transport 'Other',North West Total,427.62261212254674,2019
Transport 'Other',North West Total,324.0658554042747,2020
Transport 'Other',North West Total,350.0141292663355,2021
Transport 'Other',North West Total,385.0989386006502,2022
Transport 'Other',North West Total,405.5531887060822,2023
Transport 'Other',Pendle,3.7092125372525735,2005
Transport 'Other',Pendle,3.829684378732906,2006
Transport 'Other',Pendle,3.954209489861125,2007
Transport 'Other',Pendle,4.092644803307788,2008
Transport 'Other',Pendle,4.185096946703566,2009
Transport 'Other',Pendle,4.297320642313616,2010
Transport 'Other',Pendle,4.323787083114657,2011
Transport 'Other',Pendle,4.230504448092372,2012
Transport 'Other',Pendle,4.42808433143608,2013
Transport 'Other',Pendle,4.559534946692625,2014
Transport 'Other',Pendle,4.68653297951334,2015
Transport 'Other',Pendle,4.714932862844975,2016
Transport 'Other',Pendle,4.968255017273286,2017
Transport 'Other',Pendle,5.082058249321102,2018
Transport 'Other',Pendle,5.441784976233816,2019
Transport 'Other',Pendle,4.531232517738671,2020
Transport 'Other',Pendle,5.005619998420297,2021
Transport 'Other',Pendle,5.371367288737219,2022
Transport 'Other',Pendle,5.648300572569943,2023
Transport 'Other',Preston,3.6499874301788893,2005
Transport 'Other',Preston,3.7872203745494075,2006
Transport 'Other',Preston,3.8373002237074263,2007
Transport 'Other',Preston,3.9101686413411008,2008
Transport 'Other',Preston,3.9653211292276973,2009
Transport 'Other',Preston,4.065152613095373,2010
Transport 'Other',Preston,4.094552080356993,2011
Transport 'Other',Preston,3.9607827494575316,2012
Transport 'Other',Preston,4.131858292763397,2013
Transport 'Other',Preston,4.200445036114544,2014
Transport 'Other',Preston,4.334443590535849,2015
Transport 'Other',Preston,4.304889277490364,2016
Transport 'Other',Preston,4.4861874284948655,2017
Transport 'Other',Preston,4.556716634955949,2018
Transport 'Other',Preston,4.971516039906535,2019
Transport 'Other',Preston,4.4779073781274725,2020
Transport 'Other',Preston,4.848452622818697,2021
Transport 'Other',Preston,5.065654870509055,2022
Transport 'Other',Preston,5.434724165601419,2023
Transport 'Other',Ribble Valley,0.9419741847678319,2005
Transport 'Other',Ribble Valley,0.9689032065397231,2006
Transport 'Other',Ribble Valley,0.9614878989412591,2007
Transport 'Other',Ribble Valley,0.9745881715658163,2008
Transport 'Other',Ribble Valley,0.9135989361037832,2009
Transport 'Other',Ribble Valley,0.9274785157029211,2010
Transport 'Other',Ribble Valley,0.899965049713421,2011
Transport 'Other',Ribble Valley,0.8593288227004997,2012
Transport 'Other',Ribble Valley,0.8662966750095455,2013
Transport 'Other',Ribble Valley,0.8792661893722934,2014
Transport 'Other',Ribble Valley,0.8931693373675174,2015
Transport 'Other',Ribble Valley,0.8954971363401428,2016
Transport 'Other',Ribble Valley,0.8782586213973438,2017
Transport 'Other',Ribble Valley,0.9332965207068472,2018
Transport 'Other',Ribble Valley,1.0456809835035232,2019
Transport 'Other',Ribble Valley,1.0803464966857332,2020
Transport 'Other',Ribble Valley,1.19757081757635,2021
Transport 'Other',Ribble Valley,1.1927838622523497,2022
Transport 'Other',Ribble Valley,1.337949189161651,2023
Transport 'Other',Rossendale,1.080093046196319,2005
Transport 'Other',Rossendale,1.4241991332150783,2006
Transport 'Other',Rossendale,1.4061449727369406,2007
Transport 'Other',Rossendale,1.4107449767926898,2008
Transport 'Other',Rossendale,1.3690011312440682,2009
Transport 'Other',Rossendale,1.3804312735489446,2010
Transport 'Other',Rossendale,1.2955825304969764,2011
Transport 'Other',Rossendale,1.2937365252266018,2012
Transport 'Other',Rossendale,1.2705507664572708,2013
Transport 'Other',Rossendale,1.2939723735729833,2014
Transport 'Other',Rossendale,1.3008384049324546,2015
Transport 'Other',Rossendale,1.3279991270736782,2016
Transport 'Other',Rossendale,1.2946101858612986,2017
Transport 'Other',Rossendale,1.3371512669389043,2018
Transport 'Other',Rossendale,1.4374552405555856,2019
Transport 'Other',Rossendale,1.4488420802271855,2020
Transport 'Other',Rossendale,1.439177797158114,2021
Transport 'Other',Rossendale,1.44132538634088,2022
Transport 'Other',Rossendale,1.6073693824722695,2023
Transport 'Other',South Ribble,1.756092460685183,2005
Transport 'Other',South Ribble,1.817118978574537,2006
Transport 'Other',South Ribble,1.7616383916910832,2007
Transport 'Other',South Ribble,1.8652517732784648,2008
Transport 'Other',South Ribble,1.7685724374900385,2009
Transport 'Other',South Ribble,1.7987459458121178,2010
Transport 'Other',South Ribble,1.7646715228204173,2011
Transport 'Other',South Ribble,1.711327883932064,2012
Transport 'Other',South Ribble,1.778768402549997,2013
Transport 'Other',South Ribble,1.785114833116121,2014
Transport 'Other',South Ribble,1.818950256810877,2015
Transport 'Other',South Ribble,1.7992336277770702,2016
Transport 'Other',South Ribble,1.8254695223640751,2017
Transport 'Other',South Ribble,1.858237702945313,2018
Transport 'Other',South Ribble,2.0636693083056166,2019
Transport 'Other',South Ribble,2.1197931141484423,2020
Transport 'Other',South Ribble,2.1677844639918877,2021
Transport 'Other',South Ribble,2.237365632549319,2022
Transport 'Other',South Ribble,2.4645094381291406,2023
Transport 'Other',West Lancashire,5.3066998329337505,2005
Transport 'Other',West Lancashire,5.524489909879838,2006
Transport 'Other',West Lancashire,5.664403769365001,2007
Transport 'Other',West Lancashire,5.880155201690104,2008
Transport 'Other',West Lancashire,5.979749172221737,2009
Transport 'Other',West Lancashire,6.144459881931717,2010
Transport 'Other',West Lancashire,6.170235465208801,2011
Transport 'Other',West Lancashire,6.036031420827395,2012
Transport 'Other',West Lancashire,6.314219002894459,2013
Transport 'Other',West Lancashire,6.500748261734568,2014
Transport 'Other',West Lancashire,6.705484138063381,2015
Transport 'Other',West Lancashire,6.732247449039367,2016
Transport 'Other',West Lancashire,7.072660027373786,2017
Transport 'Other',West Lancashire,7.209120262306682,2018
Transport 'Other',West Lancashire,7.72060665030685,2019
Transport 'Other',West Lancashire,6.466504457016874,2020
Transport 'Other',West Lancashire,7.259586406445973,2021
Transport 'Other',West Lancashire,7.753533753267526,2022
Transport 'Other',West Lancashire,8.178981252417831,2023
Transport 'Other',Wyre,7.244995071092052,2005
Transport 'Other',Wyre,7.5337007344656355,2006
Transport 'Other',Wyre,7.772468746983459,2007
Transport 'Other',Wyre,8.06571309521645,2008
Transport 'Other',Wyre,8.305114784109922,2009
Transport 'Other',Wyre,8.63898798555299,2010
Transport 'Other',Wyre,8.745636014718437,2011
Transport 'Other',Wyre,8.52293036113112,2012
Transport 'Other',Wyre,8.937031503619785,2013
Transport 'Other',Wyre,9.234774220098332,2014
Transport 'Other',Wyre,9.512269538429248,2015
Transport 'Other',Wyre,9.575238467214438,2016
Transport 'Other',Wyre,10.08688889505441,2017
Transport 'Other',Wyre,10.304824645992415,2018
Transport 'Other',Wyre,10.994474024270708,2019
Transport 'Other',Wyre,8.9645495988433,2020
Transport 'Other',Wyre,10.152692198940759,2021
Transport 'Other',Wyre,10.934012057942958,2022
Transport 'Other',Wyre,11.4239713796062,2023
Transport Total,Blackburn with Darwen,200.6109493075005,2005
Transport Total,Blackburn with Darwen,193.99736753633738,2006
Transport Total,Blackburn with Darwen,196.27512848166253,2007
Transport Total,Blackburn with Darwen,187.23180638255886,2008
Transport Total,Blackburn with Darwen,180.36822681506743,2009
Transport Total,Blackburn with Darwen,179.7809278302179,2010
Transport Total,Blackburn with Darwen,175.8320547616422,2011
Transport Total,Blackburn with Darwen,174.48091784233574,2012
Transport Total,Blackburn with Darwen,174.5028774177802,2013
Transport Total,Blackburn with Darwen,177.14506816243136,2014
Transport Total,Blackburn with Darwen,176.29701538994846,2015
Transport Total,Blackburn with Darwen,179.24012462379667,2016
Transport Total,Blackburn with Darwen,173.54472204195372,2017
Transport Total,Blackburn with Darwen,175.09912044208974,2018
Transport Total,Blackburn with Darwen,173.36434410457142,2019
Transport Total,Blackburn with Darwen,142.6351764551175,2020
Transport Total,Blackburn with Darwen,144.36689713969432,2021
Transport Total,Blackburn with Darwen,140.8532030274008,2022
Transport Total,Blackburn with Darwen,140.85521847894344,2023
Transport Total,Blackpool,175.0137077435121,2005
Transport Total,Blackpool,164.65366407698673,2006
Transport Total,Blackpool,164.43259100505105,2007
Transport Total,Blackpool,159.66824116337065,2008
Transport Total,Blackpool,155.25899763196813,2009
Transport Total,Blackpool,152.8927985430559,2010
Transport Total,Blackpool,151.18530998746178,2011
Transport Total,Blackpool,149.8544298814329,2012
Transport Total,Blackpool,147.77592372023105,2013
Transport Total,Blackpool,148.31752217075024,2014
Transport Total,Blackpool,148.40892218474877,2015
Transport Total,Blackpool,151.2386225836003,2016
Transport Total,Blackpool,147.12137082848668,2017
Transport Total,Blackpool,144.89038817945013,2018
Transport Total,Blackpool,144.3578486091789,2019
Transport Total,Blackpool,122.78508096822608,2020
Transport Total,Blackpool,116.6489377464638,2021
Transport Total,Blackpool,114.01384228127112,2022
Transport Total,Blackpool,114.9309299922202,2023
Transport Total,Burnley,169.09650104099484,2005
Transport Total,Burnley,167.50215687516632,2006
Transport Total,Burnley,167.0431290845766,2007
Transport Total,Burnley,162.57568312850225,2008
Transport Total,Burnley,157.25997361490528,2009
Transport Total,Burnley,155.66473079247578,2010
Transport Total,Burnley,154.64441323088013,2011
Transport Total,Burnley,152.1484794759599,2012
Transport Total,Burnley,149.01058286660773,2013
Transport Total,Burnley,151.23101082907436,2014
Transport Total,Burnley,149.7671788397789,2015
Transport Total,Burnley,153.96596766248604,2016
Transport Total,Burnley,152.92433570081775,2017
Transport Total,Burnley,153.54799128124338,2018
Transport Total,Burnley,154.79061973813376,2019
Transport Total,Burnley,126.45838429041807,2020
Transport Total,Burnley,127.16784590352668,2021
Transport Total,Burnley,127.11482415982634,2022
Transport Total,Burnley,126.47465672058674,2023
Transport Total,Chorley,376.54821678155037,2005
Transport Total,Chorley,393.1323700373596,2006
Transport Total,Chorley,369.326169972826,2007
Transport Total,Chorley,374.929824319514,2008
Transport Total,Chorley,367.5254796668111,2009
Transport Total,Chorley,362.0863989477986,2010
Transport Total,Chorley,358.07345949544896,2011
Transport Total,Chorley,338.53351580369196,2012
Transport Total,Chorley,341.05181022855635,2013
Transport Total,Chorley,338.24368778129184,2014
Transport Total,Chorley,349.9022216555874,2015
Transport Total,Chorley,360.5296667716194,2016
Transport Total,Chorley,356.7592945625739,2017
Transport Total,Chorley,347.44922839219697,2018
Transport Total,Chorley,358.8257869811827,2019
Transport Total,Chorley,298.29472642144873,2020
Transport Total,Chorley,318.49569609764825,2021
Transport Total,Chorley,313.08724517470716,2022
Transport Total,Chorley,309.2715856440444,2023
Transport Total,England Total,116951.31308701278,2005
Transport Total,England Total,115757.91935411144,2006
Transport Total,England Total,116237.72680016157,2007
Transport Total,England Total,111737.94274416042,2008
Transport Total,England Total,108510.99077508991,2009
Transport Total,England Total,107682.08205912582,2010
Transport Total,England Total,105796.87391500901,2011
Transport Total,England Total,104708.15349180195,2012
Transport Total,England Total,103559.89881944646,2013
Transport Total,England Total,105438.73216622991,2014
Transport Total,England Total,106400.9449843544,2015
Transport Total,England Total,109449.61585691317,2016
Transport Total,England Total,110149.23092925038,2017
Transport Total,England Total,109094.65513405346,2018
Transport Total,England Total,106511.19707624365,2019
Transport Total,England Total,89453.99080729487,2020
Transport Total,England Total,95118.42500600604,2021
Transport Total,England Total,95042.35533357327,2022
Transport Total,England Total,93951.83297347906,2023
Transport Total,Fylde,208.33259928288916,2005
Transport Total,Fylde,205.95403973073616,2006
Transport Total,Fylde,206.09765126281258,2007
Transport Total,Fylde,197.1725624866101,2008
Transport Total,Fylde,191.53446983205998,2009
Transport Total,Fylde,190.9043494023792,2010
Transport Total,Fylde,188.33113934301366,2011
Transport Total,Fylde,184.61005405272024,2012
Transport Total,Fylde,183.89145031136204,2013
Transport Total,Fylde,184.4290094702593,2014
Transport Total,Fylde,186.6012829329224,2015
Transport Total,Fylde,189.02218624899027,2016
Transport Total,Fylde,185.41736000657457,2017
Transport Total,Fylde,188.9294614364455,2018
Transport Total,Fylde,187.4481311787569,2019
Transport Total,Fylde,155.45580109874197,2020
Transport Total,Fylde,160.85741393498364,2021
Transport Total,Fylde,162.3669750907631,2022
Transport Total,Fylde,159.77803933815747,2023
Transport Total,Hyndburn,174.41768276466647,2005
Transport Total,Hyndburn,173.11523064062976,2006
Transport Total,Hyndburn,170.04232389209824,2007
Transport Total,Hyndburn,162.83103142617614,2008
Transport Total,Hyndburn,157.91285608675793,2009
Transport Total,Hyndburn,158.34114513974814,2010
Transport Total,Hyndburn,157.59320094221957,2011
Transport Total,Hyndburn,154.66615106206666,2012
Transport Total,Hyndburn,156.44692513826914,2013
Transport Total,Hyndburn,158.74264833347678,2014
Transport Total,Hyndburn,160.47781040661164,2015
Transport Total,Hyndburn,164.09144079331946,2016
Transport Total,Hyndburn,160.62939319381806,2017
Transport Total,Hyndburn,160.94695335914832,2018
Transport Total,Hyndburn,163.82368517225365,2019
Transport Total,Hyndburn,132.98505452068144,2020
Transport Total,Hyndburn,135.33098005968282,2021
Transport Total,Hyndburn,134.53513198744665,2022
Transport Total,Hyndburn,133.31584348796866,2023
Transport Total,Lancashire Total,2893.320694551666,2005
Transport Total,Lancashire Total,2888.9590693895866,2006
Transport Total,Lancashire Total,2856.815270627726,2007
Transport Total,Lancashire Total,2781.934911957708,2008
Transport Total,Lancashire Total,2717.850764776037,2009
Transport Total,Lancashire Total,2710.163160808557,2010
Transport Total,Lancashire Total,2669.7920882604826,2011
Transport Total,Lancashire Total,2593.132199147122,2012
Transport Total,Lancashire Total,2587.6687871444424,2013
Transport Total,Lancashire Total,2615.539021083949,2014
Transport Total,Lancashire Total,2644.2426882718983,2015
Transport Total,Lancashire Total,2698.039358829032,2016
Transport Total,Lancashire Total,2673.103537278496,2017
Transport Total,Lancashire Total,2659.39752483821,2018
Transport Total,Lancashire Total,2656.6519781615493,2019
Transport Total,Lancashire Total,2224.8500207572642,2020
Transport Total,Lancashire Total,2332.852523480565,2021
Transport Total,Lancashire Total,2319.036338262425,2022
Transport Total,Lancashire Total,2283.6071501459546,2023
Transport Total,Lancaster,400.80108408822235,2005
Transport Total,Lancaster,395.3933316404547,2006
Transport Total,Lancaster,394.7107268391567,2007
Transport Total,Lancaster,384.148387051415,2008
Transport Total,Lancaster,378.1135290185764,2009
Transport Total,Lancaster,376.8367634043301,2010
Transport Total,Lancaster,372.3915863093596,2011
Transport Total,Lancaster,364.5028281628015,2012
Transport Total,Lancaster,360.2042531401119,2013
Transport Total,Lancaster,366.1819341052632,2014
Transport Total,Lancaster,367.044723409788,2015
Transport Total,Lancaster,366.04560446532565,2016
Transport Total,Lancaster,369.5361105027221,2017
Transport Total,Lancaster,374.60015241302887,2018
Transport Total,Lancaster,366.7172435202612,2019
Transport Total,Lancaster,303.6581304314185,2020
Transport Total,Lancaster,336.6228846035682,2021
Transport Total,Lancaster,327.1043549180964,2022
Transport Total,Lancaster,319.2945102924141,2023
Transport Total,North West Total,15507.500603098357,2005
Transport Total,North West Total,15290.048347814623,2006
Transport Total,North West Total,15277.081388934088,2007
Transport Total,North West Total,14765.220184746971,2008
Transport Total,North West Total,14442.37445897914,2009
Transport Total,North West Total,14363.950570213348,2010
Transport Total,North West Total,14154.22832974414,2011
Transport Total,North West Total,13933.732125940145,2012
Transport Total,North West Total,13766.60836533149,2013
Transport Total,North West Total,13987.421720152603,2014
Transport Total,North West Total,14076.746785912252,2015
Transport Total,North West Total,14378.604310203682,2016
Transport Total,North West Total,14297.191939560566,2017
Transport Total,North West Total,14262.847554026708,2018
Transport Total,North West Total,14158.344130072834,2019
Transport Total,North West Total,12035.734423149646,2020
Transport Total,North West Total,12281.397938953161,2021
Transport Total,North West Total,12210.22890047336,2022
Transport Total,North West Total,12091.168145726697,2023
Transport Total,Pendle,162.82687133932794,2005
Transport Total,Pendle,158.1822367778008,2006
Transport Total,Pendle,160.603069396963,2007
Transport Total,Pendle,154.19926862937982,2008
Transport Total,Pendle,150.3673781718461,2009
Transport Total,Pendle,148.06713432736356,2010
Transport Total,Pendle,143.68301469237434,2011
Transport Total,Pendle,141.46346354056962,2012
Transport Total,Pendle,141.09619068529298,2013
Transport Total,Pendle,142.77408191357176,2014
Transport Total,Pendle,143.45210123792958,2015
Transport Total,Pendle,147.8480283596977,2016
Transport Total,Pendle,146.61246796477536,2017
Transport Total,Pendle,146.69062515066736,2018
Transport Total,Pendle,147.51101747546608,2019
Transport Total,Pendle,125.73464734744839,2020
Transport Total,Pendle,126.37722309579512,2021
Transport Total,Pendle,126.64661075754124,2022
Transport Total,Pendle,123.17806368832385,2023
Transport Total,Preston,337.9956632573387,2005
Transport Total,Preston,333.70140340895887,2006
Transport Total,Preston,333.40127062132933,2007
Transport Total,Preston,317.3608449084947,2008
Transport Total,Preston,318.7777436369692,2009
Transport Total,Preston,317.01530877463745,2010
Transport Total,Preston,315.72610568660815,2011
Transport Total,Preston,304.2361218493553,2012
Transport Total,Preston,306.2963925015883,2013
Transport Total,Preston,306.0509582242153,2014
Transport Total,Preston,310.79471569309555,2015
Transport Total,Preston,314.6556690697137,2016
Transport Total,Preston,315.43860557112276,2017
Transport Total,Preston,307.1083458853192,2018
Transport Total,Preston,307.67195569885246,2019
Transport Total,Preston,260.77175062673393,2020
Transport Total,Preston,270.27700597103575,2021
Transport Total,Preston,269.30711587023274,2022
Transport Total,Preston,266.50361312649875,2023
Transport Total,Ribble Valley,135.8860550432497,2005
Transport Total,Ribble Valley,135.1855589916889,2006
Transport Total,Ribble Valley,136.86309192452964,2007
Transport Total,Ribble Valley,130.82691568237118,2008
Transport Total,Ribble Valley,125.66592334503528,2009
Transport Total,Ribble Valley,124.38287329031043,2010
Transport Total,Ribble Valley,121.27614660178216,2011
Transport Total,Ribble Valley,118.21892109704751,2012
Transport Total,Ribble Valley,114.5825857042138,2013
Transport Total,Ribble Valley,117.77552266961446,2014
Transport Total,Ribble Valley,118.71684720390192,2015
Transport Total,Ribble Valley,124.54261968969423,2016
Transport Total,Ribble Valley,121.74302609751449,2017
Transport Total,Ribble Valley,124.94695389557303,2018
Transport Total,Ribble Valley,123.30576721172373,2019
Transport Total,Ribble Valley,104.07812048607587,2020
Transport Total,Ribble Valley,114.12262924755377,2021
Transport Total,Ribble Valley,112.60591347686376,2022
Transport Total,Ribble Valley,111.50859979380898,2023
Transport Total,Rossendale,153.10654741650123,2005
Transport Total,Rossendale,152.00515295466133,2006
Transport Total,Rossendale,150.94023386408642,2007
Transport Total,Rossendale,142.95305636471264,2008
Transport Total,Rossendale,141.1199390309004,2009
Transport Total,Rossendale,139.91115329162812,2010
Transport Total,Rossendale,137.57817540827736,2011
Transport Total,Rossendale,136.8688944909137,2012
Transport Total,Rossendale,136.22129417731279,2013
Transport Total,Rossendale,140.7524509968534,2014
Transport Total,Rossendale,140.41926295666386,2015
Transport Total,Rossendale,145.1944702264059,2016
Transport Total,Rossendale,138.9038597170076,2017
Transport Total,Rossendale,139.93913470652734,2018
Transport Total,Rossendale,136.7141707304373,2019
Transport Total,Rossendale,117.31120554199906,2020
Transport Total,Rossendale,118.10256746300904,2021
Transport Total,Rossendale,116.03347342456806,2022
Transport Total,Rossendale,117.39227544567358,2023
Transport Total,South Ribble,270.76043859695443,2005
Transport Total,South Ribble,270.4535946273686,2006
Transport Total,South Ribble,265.68930999446997,2007
Transport Total,South Ribble,266.3987343090448,2008
Transport Total,South Ribble,258.4606630276222,2009
Transport Total,South Ribble,257.02946505773446,2010
Transport Total,South Ribble,250.2962963364938,2011
Transport Total,South Ribble,244.3339663761057,2012
Transport Total,South Ribble,246.36650169558771,2013
Transport Total,South Ribble,247.5558889974499,2014
Transport Total,South Ribble,249.64506783419907,2015
Transport Total,South Ribble,257.04641284292074,2016
Transport Total,South Ribble,256.9129274794884,2017
Transport Total,South Ribble,252.00498692073162,2018
Transport Total,South Ribble,250.50174489461423,2019
Transport Total,South Ribble,211.55680839229927,2020
Transport Total,South Ribble,216.2895074816711,2021
Transport Total,South Ribble,222.59221905738676,2022
Transport Total,South Ribble,218.31548215209182,2023
Transport Total,West Lancashire,252.5310226159987,2005
Transport Total,West Lancashire,253.96085674946846,2006
Transport Total,West Lancashire,252.99241054185217,2007
Transport Total,West Lancashire,247.122082359078,2008
Transport Total,West Lancashire,237.37963991051404,2009
Transport Total,West Lancashire,234.9498153094925,2010
Transport Total,West Lancashire,227.888092924467,2011
Transport Total,West Lancashire,222.8628537019816,2012
Transport Total,West Lancashire,221.74610978811953,2013
Transport Total,West Lancashire,225.5140089620146,2014
Transport Total,West Lancashire,229.8411385024142,2015
Transport Total,West Lancashire,234.64885874429393,2016
Transport Total,West Lancashire,231.74051251890407,2017
Transport Total,West Lancashire,228.325754420851,2018
Transport Total,West Lancashire,226.71220613899132,2019
Transport Total,West Lancashire,192.73101830135363,2020
Transport Total,West Lancashire,200.74625576274553,2021
Transport Total,West Lancashire,199.74861662674053,2022
Transport Total,West Lancashire,196.51002559813307,2023
Transport Total,Wyre,251.01801232397193,2005
Transport Total,Wyre,250.3731369552929,2006
Transport Total,Wyre,249.1058832330251,2007
Transport Total,Wyre,241.4165212924094,2008
Transport Total,Wyre,233.7331694340391,2009
Transport Total,Wyre,244.9740230706584,2010
Transport Total,Wyre,242.3104572895579,2011
Transport Total,Wyre,230.6869495339077,2012
Transport Total,Wyre,230.75469090742007,2013
Transport Total,Wyre,236.28781880086413,2014
Transport Total,Wyre,237.58033759900545,2015
Transport Total,Wyre,240.44843395456456,2016
Transport Total,Wyre,236.485643963177,2017
Transport Total,Wyre,234.90793697647698,2018
Transport Total,Wyre,232.6296494208761,2019
Transport Total,Wyre,195.81437329864522,2020
Transport Total,Wyre,208.46251385934477,2021
Transport Total,Wyre,207.8938577182525,2022
Transport Total,Wyre,202.06445485825324,2023
Waste 'Other',Blackburn with Darwen,7.895985500737342,2005
Waste 'Other',Blackburn with Darwen,9.270076888164677,2006
Waste 'Other',Blackburn with Darwen,9.651084485539204,2007
Waste 'Other',Blackburn with Darwen,9.369485075425013,2008
Waste 'Other',Blackburn with Darwen,9.240597646914958,2009
Waste 'Other',Blackburn with Darwen,8.97506753985081,2010
Waste 'Other',Blackburn with Darwen,9.285178277982835,2011
Waste 'Other',Blackburn with Darwen,8.830701792927258,2012
Waste 'Other',Blackburn with Darwen,8.80210876523044,2013
Waste 'Other',Blackburn with Darwen,9.253394867742111,2014
Waste 'Other',Blackburn with Darwen,8.919927153934372,2015
Waste 'Other',Blackburn with Darwen,8.387622153326047,2016
Waste 'Other',Blackburn with Darwen,9.041140036468354,2017
Waste 'Other',Blackburn with Darwen,9.09320457028383,2018
Waste 'Other',Blackburn with Darwen,8.823690934427013,2019
Waste 'Other',Blackburn with Darwen,8.377014665638699,2020
Waste 'Other',Blackburn with Darwen,8.968865757012301,2021
Waste 'Other',Blackburn with Darwen,9.326173553215813,2022
Waste 'Other',Blackburn with Darwen,9.442945032084774,2023
Waste 'Other',Blackpool,5.383988772803501,2005
Waste 'Other',Blackpool,5.896056953106592,2006
Waste 'Other',Blackpool,6.022665183982625,2007
Waste 'Other',Blackpool,5.748966312939305,2008
Waste 'Other',Blackpool,5.730851224183633,2009
Waste 'Other',Blackpool,5.616824418452533,2010
Waste 'Other',Blackpool,5.574787712342095,2011
Waste 'Other',Blackpool,5.308985516758675,2012
Waste 'Other',Blackpool,5.223259487802665,2013
Waste 'Other',Blackpool,5.349257491118618,2014
Waste 'Other',Blackpool,5.245983017604666,2015
Waste 'Other',Blackpool,4.9997277358065535,2016
Waste 'Other',Blackpool,5.199888428032486,2017
Waste 'Other',Blackpool,5.203539602328016,2018
Waste 'Other',Blackpool,5.105398641604477,2019
Waste 'Other',Blackpool,4.9418214944302346,2020
Waste 'Other',Blackpool,5.118485585451041,2021
Waste 'Other',Blackpool,5.25140054480919,2022
Waste 'Other',Blackpool,5.291395740343951,2023
Waste 'Other',Burnley,4.660595563126755,2005
Waste 'Other',Burnley,5.419942853487717,2006
Waste 'Other',Burnley,5.610801105057906,2007
Waste 'Other',Burnley,5.3564117156196795,2008
Waste 'Other',Burnley,5.341740238701006,2009
Waste 'Other',Burnley,5.171896003821424,2010
Waste 'Other',Burnley,5.332023761992698,2011
Waste 'Other',Burnley,5.073335484394247,2012
Waste 'Other',Burnley,5.051029349513746,2013
Waste 'Other',Burnley,5.320344563054055,2014
Waste 'Other',Burnley,5.134436392225471,2015
Waste 'Other',Burnley,4.836166417620295,2016
Waste 'Other',Burnley,5.213209028853269,2017
Waste 'Other',Burnley,5.261056975703935,2018
Waste 'Other',Burnley,5.115348742739837,2019
Waste 'Other',Burnley,4.882308800206446,2020
Waste 'Other',Burnley,5.226045752090626,2021
Waste 'Other',Burnley,5.43615273548229,2022
Waste 'Other',Burnley,5.496793162014706,2023
Waste 'Other',Chorley,4.039862072768345,2005
Waste 'Other',Chorley,4.45181912410566,2006
Waste 'Other',Chorley,4.576140848521132,2007
Waste 'Other',Chorley,4.444984644459977,2008
Waste 'Other',Chorley,4.470621746384268,2009
Waste 'Other',Chorley,4.363049704829304,2010
Waste 'Other',Chorley,4.3777249951931845,2011
Waste 'Other',Chorley,4.197744026717216,2012
Waste 'Other',Chorley,4.159172620650872,2013
Waste 'Other',Chorley,4.289669440225179,2014
Waste 'Other',Chorley,4.2503605221568215,2015
Waste 'Other',Chorley,4.083655425756529,2016
Waste 'Other',Chorley,4.264649746697973,2017
Waste 'Other',Chorley,4.293384963912133,2018
Waste 'Other',Chorley,4.231196250223767,2019
Waste 'Other',Chorley,4.128011854547241,2020
Waste 'Other',Chorley,4.291978770266768,2021
Waste 'Other',Chorley,4.40025949162828,2022
Waste 'Other',Chorley,4.4282048603376465,2023
Waste 'Other',England Total,3077.9214002077942,2005
Waste 'Other',England Total,3324.1744472960113,2006
Waste 'Other',England Total,3535.3780909313346,2007
Waste 'Other',England Total,3347.490859205348,2008
Waste 'Other',England Total,3370.865123889615,2009
Waste 'Other',England Total,3523.05562969958,2010
Waste 'Other',England Total,3625.4975686898197,2011
Waste 'Other',England Total,3622.7642785678768,2012
Waste 'Other',England Total,3622.877235211404,2013
Waste 'Other',England Total,3880.3979685226,2014
Waste 'Other',England Total,3856.6431011386917,2015
Waste 'Other',England Total,3848.3327172628797,2016
Waste 'Other',England Total,4100.741364610667,2017
Waste 'Other',England Total,4073.1975387341486,2018
Waste 'Other',England Total,3952.6455227014753,2019
Waste 'Other',England Total,3902.9236833400937,2020
Waste 'Other',England Total,4131.054706254777,2021
Waste 'Other',England Total,4157.459847911346,2022
Waste 'Other',England Total,4290.493938039708,2023
Waste 'Other',Fylde,9.363997295045337,2005
Waste 'Other',Fylde,10.998232943083181,2006
Waste 'Other',Fylde,11.750590232050905,2007
Waste 'Other',Fylde,10.045803390028603,2008
Waste 'Other',Fylde,11.319280540623135,2009
Waste 'Other',Fylde,12.18134693276253,2010
Waste 'Other',Fylde,13.518973402521697,2011
Waste 'Other',Fylde,13.322858895551493,2012
Waste 'Other',Fylde,13.862122215476283,2013
Waste 'Other',Fylde,15.271457837306407,2014
Waste 'Other',Fylde,14.93920269742313,2015
Waste 'Other',Fylde,14.934547558144917,2016
Waste 'Other',Fylde,16.415917418806078,2017
Waste 'Other',Fylde,16.325764164157672,2018
Waste 'Other',Fylde,15.693070353434937,2019
Waste 'Other',Fylde,15.307065435412973,2020
Waste 'Other',Fylde,16.501372507016924,2021
Waste 'Other',Fylde,16.38031407293284,2022
Waste 'Other',Fylde,17.160865747407108,2023
Waste 'Other',Hyndburn,4.135656427561528,2005
Waste 'Other',Hyndburn,4.782645637766746,2006
Waste 'Other',Hyndburn,4.953131538037111,2007
Waste 'Other',Hyndburn,4.913725492775011,2008
Waste 'Other',Hyndburn,4.90368454275127,2009
Waste 'Other',Hyndburn,4.5703929661248,2010
Waste 'Other',Hyndburn,4.682756550827094,2011
Waste 'Other',Hyndburn,4.4410531887186995,2012
Waste 'Other',Hyndburn,4.411065589212898,2013
Waste 'Other',Hyndburn,4.6254840742218,2014
Waste 'Other',Hyndburn,4.464700403833009,2015
Waste 'Other',Hyndburn,4.208663947529377,2016
Waste 'Other',Hyndburn,4.507288976146909,2017
Waste 'Other',Hyndburn,4.535035591434138,2018
Waste 'Other',Hyndburn,4.398459828287794,2019
Waste 'Other',Hyndburn,4.189576037444043,2020
Waste 'Other',Hyndburn,4.464496896330519,2021
Waste 'Other',Hyndburn,4.644589657049123,2022
Waste 'Other',Hyndburn,4.703982118931587,2023
Waste 'Other',Lancashire Total,101.76993561983323,2005
Waste 'Other',Lancashire Total,110.3769406361177,2006
Waste 'Other',Lancashire Total,113.92383225169284,2007
Waste 'Other',Lancashire Total,104.64815242156791,2008
Waste 'Other',Lancashire Total,113.16661218316025,2009
Waste 'Other',Lancashire Total,119.68925634675482,2010
Waste 'Other',Lancashire Total,131.42027977658663,2011
Waste 'Other',Lancashire Total,130.5042501481158,2012
Waste 'Other',Lancashire Total,134.66514890838087,2013
Waste 'Other',Lancashire Total,147.85354778183228,2014
Waste 'Other',Lancashire Total,146.55912457936117,2015
Waste 'Other',Lancashire Total,148.66449221084156,2016
Waste 'Other',Lancashire Total,161.53792227488447,2017
Waste 'Other',Lancashire Total,160.2135031486035,2018
Waste 'Other',Lancashire Total,154.69167705104036,2019
Waste 'Other',Lancashire Total,153.0544416572139,2020
Waste 'Other',Lancashire Total,163.0216069823187,2021
Waste 'Other',Lancashire Total,160.16594170782992,2022
Waste 'Other',Lancashire Total,168.36202223560042,2023
Waste 'Other',Lancaster,14.537391689153504,2005
Waste 'Other',Lancaster,11.91740272424393,2006
Waste 'Other',Lancaster,9.145395766477805,2007
Waste 'Other',Lancaster,6.417237528150134,2008
Waste 'Other',Lancaster,7.371710267265865,2009
Waste 'Other',Lancaster,7.2331927359369175,2010
Waste 'Other',Lancaster,7.2455660713770875,2011
Waste 'Other',Lancaster,6.93543739109813,2012
Waste 'Other',Lancaster,5.670593826348546,2013
Waste 'Other',Lancaster,5.84927434421444,2014
Waste 'Other',Lancaster,5.719314887649774,2015
Waste 'Other',Lancaster,5.450665554915128,2016
Waste 'Other',Lancaster,5.71041277453082,2017
Waste 'Other',Lancaster,5.73092643275248,2018
Waste 'Other',Lancaster,5.614357213481064,2019
Waste 'Other',Lancaster,5.454421343115655,2020
Waste 'Other',Lancaster,5.731293318804601,2021
Waste 'Other',Lancaster,5.929836569404675,2022
Waste 'Other',Lancaster,5.977179254992146,2023
Waste 'Other',North West Total,600.5898932187185,2005
Waste 'Other',North West Total,594.5172787211729,2006
Waste 'Other',North West Total,659.6038543827598,2007
Waste 'Other',North West Total,606.1728506441842,2008
Waste 'Other',North West Total,627.1235667690996,2009
Waste 'Other',North West Total,659.1964439352759,2010
Waste 'Other',North West Total,687.4703449717267,2011
Waste 'Other',North West Total,678.2997169121707,2012
Waste 'Other',North West Total,678.2033363341758,2013
Waste 'Other',North West Total,732.9808410403102,2014
Waste 'Other',North West Total,724.0100793990683,2015
Waste 'Other',North West Total,731.0020384541285,2016
Waste 'Other',North West Total,772.3052831167398,2017
Waste 'Other',North West Total,756.4240349057162,2018
Waste 'Other',North West Total,733.9951882722748,2019
Waste 'Other',North West Total,731.3775010527245,2020
Waste 'Other',North West Total,785.0668952792402,2021
Waste 'Other',North West Total,801.7294594747586,2022
Waste 'Other',North West Total,829.4245376693732,2023
Waste 'Other',Pendle,5.668086088864419,2005
Waste 'Other',Pendle,6.76963478943577,2006
Waste 'Other',Pendle,7.062461923978139,2007
Waste 'Other',Pendle,6.62000758477765,2008
Waste 'Other',Pendle,6.6976232060189655,2009
Waste 'Other',Pendle,6.497165489878618,2010
Waste 'Other',Pendle,6.786544902855193,2011
Waste 'Other',Pendle,6.444501701392213,2012
Waste 'Other',Pendle,6.455136594794103,2013
Waste 'Other',Pendle,6.821990427952319,2014
Waste 'Other',Pendle,6.539250274928767,2015
Waste 'Other',Pendle,6.129239384344286,2016
Waste 'Other',Pendle,6.667252256288281,2017
Waste 'Other',Pendle,6.721119372769293,2018
Waste 'Other',Pendle,6.503533406114156,2019
Waste 'Other',Pendle,6.130343923386598,2020
Waste 'Other',Pendle,6.625923723227885,2021
Waste 'Other',Pendle,6.909533283790781,2022
Waste 'Other',Pendle,6.996727663855934,2023
Waste 'Other',Preston,7.961040139316371,2005
Waste 'Other',Preston,8.774551386539104,2006
Waste 'Other',Preston,9.238645739599308,2007
Waste 'Other',Preston,8.959412754463756,2008
Waste 'Other',Preston,9.337282516656266,2009
Waste 'Other',Preston,9.75880995672043,2010
Waste 'Other',Preston,10.53301831502425,2011
Waste 'Other',Preston,10.402996103433425,2012
Waste 'Other',Preston,10.724065602351159,2013
Waste 'Other',Preston,11.60772841812441,2014
Waste 'Other',Preston,11.53773618035319,2015
Waste 'Other',Preston,11.658535665767747,2016
Waste 'Other',Preston,12.55603878193902,2017
Waste 'Other',Preston,12.458014530938382,2018
Waste 'Other',Preston,12.107187571547126,2019
Waste 'Other',Preston,12.040448860575573,2020
Waste 'Other',Preston,12.737099040819093,2021
Waste 'Other',Preston,12.540746529695157,2022
Waste 'Other',Preston,13.21229083808916,2023
Waste 'Other',Ribble Valley,4.431815712956729,2005
Waste 'Other',Ribble Valley,5.38804096227482,2006
Waste 'Other',Ribble Valley,5.655690207735818,2007
Waste 'Other',Ribble Valley,4.854524943332181,2008
Waste 'Other',Ribble Valley,5.122918034584747,2009
Waste 'Other',Ribble Valley,5.195971786566605,2010
Waste 'Other',Ribble Valley,5.483115130988979,2011
Waste 'Other',Ribble Valley,5.227030681542994,2012
Waste 'Other',Ribble Valley,5.259206148770406,2013
Waste 'Other',Ribble Valley,5.617751490374514,2014
Waste 'Other',Ribble Valley,5.379488082291308,2015
Waste 'Other',Ribble Valley,5.049896228939829,2016
Waste 'Other',Ribble Valley,5.533012321849089,2017
Waste 'Other',Ribble Valley,5.570887725155617,2018
Waste 'Other',Ribble Valley,5.368251662560546,2019
Waste 'Other',Ribble Valley,5.064747744481149,2020
Waste 'Other',Ribble Valley,5.519009930438101,2021
Waste 'Other',Ribble Valley,5.7964614316859695,2022
Waste 'Other',Ribble Valley,5.892349315586549,2023
Waste 'Other',Rossendale,26.84041656635326,2005
Waste 'Other',Rossendale,29.09090386515232,2006
Waste 'Other',Rossendale,31.991223300232143,2007
Waste 'Other',Rossendale,30.259875844730622,2008
Waste 'Other',Rossendale,34.93744009555565,2009
Waste 'Other',Rossendale,40.35442471722834,2010
Waste 'Other',Rossendale,47.31559595049569,2011
Waste 'Other',Rossendale,48.621430972408476,2012
Waste 'Other',Rossendale,52.36914327763634,2013
Waste 'Other',Rossendale,59.29262999486116,2014
Waste 'Other',Rossendale,59.50506879069971,2015
Waste 'Other',Rossendale,63.05121746524944,2016
Waste 'Other',Rossendale,69.19000481659901,2017
Waste 'Other',Rossendale,68.03398682117916,2018
Waste 'Other',Rossendale,65.37088261585264,2019
Waste 'Other',Rossendale,65.93837394529098,2020
Waste 'Other',Rossendale,70.15387080255422,2021
Waste 'Other',Rossendale,66.27466660377219,2022
Waste 'Other',Rossendale,71.4345065524139,2023
Waste 'Other',South Ribble,9.162696728854032,2005
Waste 'Other',South Ribble,10.377749327225079,2006
Waste 'Other',South Ribble,11.049636254144994,2007
Waste 'Other',South Ribble,10.400015430714236,2008
Waste 'Other',South Ribble,11.150722968408097,2009
Waste 'Other',South Ribble,11.906740471092295,2010
Waste 'Other',South Ribble,13.200520705405776,2011
Waste 'Other',South Ribble,13.255912275525896,2012
Waste 'Other',South Ribble,13.94315249925327,2013
Waste 'Other',South Ribble,15.512290097772901,2014
Waste 'Other',South Ribble,15.548328717859253,2015
Waste 'Other',South Ribble,15.964913947234262,2016
Waste 'Other',South Ribble,17.30986565465501,2017
Waste 'Other',South Ribble,17.13338138857556,2018
Waste 'Other',South Ribble,16.528122215626265,2019
Waste 'Other',South Ribble,16.444723974839825,2020
Waste 'Other',South Ribble,17.49205308912967,2021
Waste 'Other',South Ribble,17.23728564297366,2022
Waste 'Other',South Ribble,18.09155823947102,2023
Waste 'Other',West Lancashire,5.7015368562403825,2005
Waste 'Other',West Lancashire,6.597803443827936,2006
Waste 'Other',West Lancashire,6.851628382502513,2007
Waste 'Other',West Lancashire,6.532945493048559,2008
Waste 'Other',West Lancashire,6.4921342583850965,2009
Waste 'Other',West Lancashire,6.365113558233878,2010
Waste 'Other',West Lancashire,6.525147308997862,2011
Waste 'Other',West Lancashire,6.2100862901026765,2012
Waste 'Other',West Lancashire,6.186251535228699,2013
Waste 'Other',West Lancashire,6.4858083489682565,2014
Waste 'Other',West Lancashire,6.289784453671382,2015
Waste 'Other',West Lancashire,5.941546899463927,2016
Waste 'Other',West Lancashire,6.367597035974569,2017
Waste 'Other',West Lancashire,6.397325367161064,2018
Waste 'Other',West Lancashire,6.213755781935447,2019
Waste 'Other',West Lancashire,5.931321052256882,2020
Waste 'Other',West Lancashire,6.324034341239587,2021
Waste 'Other',West Lancashire,6.593024147068356,2022
Waste 'Other',West Lancashire,6.67165387593584,2023
Waste 'Other',Wyre,5.266840479592577,2005
Waste 'Other',Wyre,5.8082135789754465,2006
Waste 'Other',Wyre,6.038486953355071,2007
Waste 'Other',Wyre,5.843207599467499,2008
Waste 'Other',Wyre,6.021453767825893,2009
Waste 'Other',Wyre,6.091152023559682,2010
Waste 'Other',Wyre,6.419292680907093,2011
Waste 'Other',Wyre,6.371863137230319,2012
Waste 'Other',Wyre,6.574209649144522,2013
Waste 'Other',Wyre,7.159118744756839,2014
Waste 'Other',Wyre,7.2514531762693455,2015
Waste 'Other',Wyre,7.355443715875836,2016
Waste 'Other',Wyre,7.802673462544451,2017
Waste 'Other',Wyre,7.752619814864055,2018
Waste 'Other',Wyre,7.547511409236771,2019
Waste 'Other',Wyre,7.543098685656535,2020
Waste 'Other',Wyre,7.954428810400671,2021
Waste 'Other',Wyre,8.0230715423466,2022
Waste 'Other',Wyre,8.295910606564796,2023
Waste Total,Blackburn with Darwen,11.394114918423517,2005
Waste Total,Blackburn with Darwen,12.628463569105236,2006
Waste Total,Blackburn with Darwen,11.328705085596141,2007
Waste Total,Blackburn with Darwen,13.044625673160533,2008
Waste Total,Blackburn with Darwen,19.772408589561334,2009
Waste Total,Blackburn with Darwen,37.98628111990499,2010
Waste Total,Blackburn with Darwen,36.40658979989543,2011
Waste Total,Blackburn with Darwen,27.878087227057314,2012
Waste Total,Blackburn with Darwen,31.932368068536817,2013
Waste Total,Blackburn with Darwen,25.775651472668606,2014
Waste Total,Blackburn with Darwen,12.299938644305282,2015
Waste Total,Blackburn with Darwen,11.896845166070946,2016
Waste Total,Blackburn with Darwen,12.373466009829311,2017
Waste Total,Blackburn with Darwen,12.604176450733599,2018
Waste Total,Blackburn with Darwen,15.989582467134458,2019
Waste Total,Blackburn with Darwen,15.582455577787726,2020
Waste Total,Blackburn with Darwen,13.471197799555902,2021
Waste Total,Blackburn with Darwen,10.800564457873806,2022
Waste Total,Blackburn with Darwen,12.406152004679342,2023
Waste Total,Blackpool,6.374496133291942,2005
Waste Total,Blackpool,6.846854521597176,2006
Waste Total,Blackpool,8.414360945985214,2007
Waste Total,Blackpool,6.977388363838317,2008
Waste Total,Blackpool,14.30093832043281,2009
Waste Total,Blackpool,14.229121814713405,2010
Waste Total,Blackpool,15.639466694734583,2011
Waste Total,Blackpool,10.134355417962496,2012
Waste Total,Blackpool,10.918743449333885,2013
Waste Total,Blackpool,8.950982021042993,2014
Waste Total,Blackpool,7.124432909714177,2015
Waste Total,Blackpool,7.128577984915774,2016
Waste Total,Blackpool,6.254741246427151,2017
Waste Total,Blackpool,5.709419859675112,2018
Waste Total,Blackpool,5.40923698966727,2019
Waste Total,Blackpool,5.245799327599387,2020
Waste Total,Blackpool,6.202417758366199,2021
Waste Total,Blackpool,5.871578280149558,2022
Waste Total,Blackpool,7.697685061013505,2023
Waste Total,Burnley,83.44044118295949,2005
Waste Total,Burnley,81.05703101314953,2006
Waste Total,Burnley,75.02682758454057,2007
Waste Total,Burnley,64.75454515186536,2008
Waste Total,Burnley,60.43968037066145,2009
Waste Total,Burnley,56.406190518339834,2010
Waste Total,Burnley,60.999372378162334,2011
Waste Total,Burnley,49.57238909349545,2012
Waste Total,Burnley,44.09282630448029,2013
Waste Total,Burnley,38.19908038217736,2014
Waste Total,Burnley,31.28954642362863,2015
Waste Total,Burnley,40.6713783990802,2016
Waste Total,Burnley,49.30655131445036,2017
Waste Total,Burnley,47.52699231902381,2018
Waste Total,Burnley,37.70589574739962,2019
Waste Total,Burnley,35.64827475026775,2020
Waste Total,Burnley,33.79821035384277,2021
Waste Total,Burnley,42.53957082513479,2022
Waste Total,Burnley,44.22233402795307,2023
Waste Total,Chorley,97.34590268827243,2005
Waste Total,Chorley,94.03560866353118,2006
Waste Total,Chorley,87.60075067995703,2007
Waste Total,Chorley,76.13248088445802,2008
Waste Total,Chorley,70.77187770030731,2009
Waste Total,Chorley,76.46773351698948,2010
Waste Total,Chorley,85.62284639580189,2011
Waste Total,Chorley,78.93295587874891,2012
Waste Total,Chorley,86.28655818435206,2013
Waste Total,Chorley,83.64507163172776,2014
Waste Total,Chorley,44.98506332471946,2015
Waste Total,Chorley,48.19067359459383,2016
Waste Total,Chorley,55.69313055071922,2017
Waste Total,Chorley,56.10874187854831,2018
Waste Total,Chorley,43.68318500330604,2019
Waste Total,Chorley,42.11731651818109,2020
Waste Total,Chorley,37.87751966847148,2021
Waste Total,Chorley,42.0015801848802,2022
Waste Total,Chorley,45.82475460072794,2023
Waste Total,England Total,31742.815273384946,2005
Waste Total,England Total,30845.48102117529,2006
Waste Total,England Total,29939.29994158269,2007
Waste Total,England Total,28040.350512934936,2008
Waste Total,England Total,29444.773425364187,2009
Waste Total,England Total,26784.752979285564,2010
Waste Total,England Total,25394.093790656814,2011
Waste Total,England Total,24386.96071187745,2012
Waste Total,England Total,22105.629118031557,2013
Waste Total,England Total,20311.711506469084,2014
Waste Total,England Total,19439.788531329417,2015
Waste Total,England Total,18619.599764141778,2016
Waste Total,England Total,18897.344996938147,2017
Waste Total,England Total,18895.263854731074,2018
Waste Total,England Total,18519.983216798908,2019
Waste Total,England Total,17287.519759849958,2020
Waste Total,England Total,16256.32924235888,2021
Waste Total,England Total,16256.527262186275,2022
Waste Total,England Total,16311.884132972884,2023
Waste Total,Fylde,76.61891606622123,2005
Waste Total,Fylde,75.5701560316711,2006
Waste Total,Fylde,71.6590649963931,2007
Waste Total,Fylde,61.21520585440155,2008
Waste Total,Fylde,61.19149289268178,2009
Waste Total,Fylde,58.137550678462915,2010
Waste Total,Fylde,62.925289195143634,2011
Waste Total,Fylde,52.903810928767726,2012
Waste Total,Fylde,48.731501478105834,2013
Waste Total,Fylde,43.574023701900465,2014
Waste Total,Fylde,36.82068232731109,2015
Waste Total,Fylde,45.08465367392814,2016
Waste Total,Fylde,51.494033077709275,2017
Waste Total,Fylde,51.72771505520747,2018
Waste Total,Fylde,42.82570746818922,2019
Waste Total,Fylde,41.35510988434106,2020
Waste Total,Fylde,39.646380278235526,2021
Waste Total,Fylde,42.52289649818725,2022
Waste Total,Fylde,45.72718410664405,2023
Waste Total,Hyndburn,77.38314033416272,2005
Waste Total,Hyndburn,75.10807365863656,2006
Waste Total,Hyndburn,69.75261357747627,2007
Waste Total,Hyndburn,60.12743564095976,2008
Waste Total,Hyndburn,55.67220002163533,2009
Waste Total,Hyndburn,51.4940003384976,2010
Waste Total,Hyndburn,56.2345868691313,2011
Waste Total,Hyndburn,46.401599304498276,2012
Waste Total,Hyndburn,39.80509192333032,2013
Waste Total,Hyndburn,34.24739696937379,2014
Waste Total,Hyndburn,27.505948132416307,2015
Waste Total,Hyndburn,35.85342956961053,2016
Waste Total,Hyndburn,40.91420230753492,2017
Waste Total,Hyndburn,41.15897857498879,2018
Waste Total,Hyndburn,32.08657915892198,2019
Waste Total,Hyndburn,30.818646164023463,2020
Waste Total,Hyndburn,27.718403266053524,2021
Waste Total,Hyndburn,30.891635057203786,2022
Waste Total,Hyndburn,33.257469667602365,2023
Waste Total,Lancashire Total,1143.6530125236152,2005
Waste Total,Lancashire Total,1110.6962567173457,2006
Waste Total,Lancashire Total,1038.2128310220962,2007
Waste Total,Lancashire Total,895.9285817148447,2008
Waste Total,Lancashire Total,896.4218687409008,2009
Waste Total,Lancashire Total,887.3406433604373,2010
Waste Total,Lancashire Total,908.1739474964374,2011
Waste Total,Lancashire Total,753.8558193597415,2012
Waste Total,Lancashire Total,698.5378325184743,2013
Waste Total,Lancashire Total,625.4735442844499,2014
Waste Total,Lancashire Total,500.77666636424385,2015
Waste Total,Lancashire Total,631.1145337646805,2016
Waste Total,Lancashire Total,745.0395142096465,2017
Waste Total,Lancashire Total,770.0041336514282,2018
Waste Total,Lancashire Total,623.9205798712935,2019
Waste Total,Lancashire Total,587.643455686423,2020
Waste Total,Lancashire Total,545.5378309339529,2021
Waste Total,Lancashire Total,587.311521626124,2022
Waste Total,Lancashire Total,631.0525408235358,2023
Waste Total,Lancaster,137.39282313588598,2005
Waste Total,Lancaster,129.8717730164885,2006
Waste Total,Lancaster,117.52639383460287,2007
Waste Total,Lancaster,98.79287075281344,2008
Waste Total,Lancaster,101.76225173196575,2009
Waste Total,Lancaster,90.5369736554922,2010
Waste Total,Lancaster,105.42242277215209,2011
Waste Total,Lancaster,78.64963241317814,2012
Waste Total,Lancaster,67.54088521207242,2013
Waste Total,Lancaster,56.65628412373221,2014
Waste Total,Lancaster,46.32458696695489,2015
Waste Total,Lancaster,61.65764050819347,2016
Waste Total,Lancaster,71.16230704431209,2017
Waste Total,Lancaster,71.34210117533277,2018
Waste Total,Lancaster,54.02980585716787,2019
Waste Total,Lancaster,51.60211750746715,2020
Waste Total,Lancaster,48.64706502346155,2021
Waste Total,Lancaster,53.16649988120998,2022
Waste Total,Lancaster,55.95859584883466,2023
Waste Total,North West Total,4909.400120316926,2005
Waste Total,North West Total,4731.405335576373,2006
Waste Total,North West Total,4515.299309382975,2007
Waste Total,North West Total,4818.785388762675,2008
Waste Total,North West Total,4763.706708676231,2009
Waste Total,North West Total,4477.989816043,2010
Waste Total,North West Total,4557.399755757695,2011
Waste Total,North West Total,4081.5301860164436,2012
Waste Total,North West Total,3653.6068193202864,2013
Waste Total,North West Total,3037.396604062775,2014
Waste Total,North West Total,2671.1474410221526,2015
Waste Total,North West Total,2848.8574580553345,2016
Waste Total,North West Total,2713.645558007856,2017
Waste Total,North West Total,2898.2056399820235,2018
Waste Total,North West Total,2737.16241141352,2019
Waste Total,North West Total,2821.132312739759,2020
Waste Total,North West Total,2429.4016871439167,2021
Waste Total,North West Total,2276.416609265908,2022
Waste Total,North West Total,2761.8809942976095,2023
Waste Total,Pendle,85.47441709913487,2005
Waste Total,Pendle,83.39225826348122,2006
Waste Total,Pendle,77.72192437792022,2007
Waste Total,Pendle,67.1587908672649,2008
Waste Total,Pendle,62.63642986603224,2009
Waste Total,Pendle,58.345597163261054,2010
Waste Total,Pendle,63.882838756351326,2011
Waste Total,Pendle,51.90247992426265,2012
Waste Total,Pendle,46.365601996066225,2013
Waste Total,Pendle,40.42446112597488,2014
Waste Total,Pendle,32.48624248581686,2015
Waste Total,Pendle,41.909116202291806,2016
Waste Total,Pendle,48.31935748510432,2017
Waste Total,Pendle,48.652342947819086,2018
Waste Total,Pendle,38.58534503363323,2019
Waste Total,Pendle,36.861194635718846,2020
Waste Total,Pendle,33.59704146761643,2021
Waste Total,Pendle,39.11765554327456,2022
Waste Total,Pendle,43.78294018498587,2023
Waste Total,Preston,131.80701771190232,2005
Waste Total,Preston,127.67995047393715,2006
Waste Total,Preston,119.39768565220092,2007
Waste Total,Preston,103.12458071106597,2008
Waste Total,Preston,99.52951214825006,2009
Waste Total,Preston,147.98476178498515,2010
Waste Total,Preston,101.44136116449883,2011
Waste Total,Preston,84.32376981394282,2012
Waste Total,Preston,78.5054167625006,2013
Waste Total,Preston,64.45614692792708,2014
Waste Total,Preston,53.099524244074466,2015
Waste Total,Preston,76.70421902367949,2016
Waste Total,Preston,108.44249214435763,2017
Waste Total,Preston,137.156825814596,2018
Waste Total,Preston,113.89933022417954,2019
Waste Total,Preston,93.41430452051372,2020
Waste Total,Preston,80.98750582574014,2021
Waste Total,Preston,79.29099533064596,2022
Waste Total,Preston,85.11260744702368,2023
Waste Total,Ribble Valley,55.363771413480855,2005
Waste Total,Ribble Valley,54.28817184094593,2006
Waste Total,Ribble Valley,50.99058620296594,2007
Waste Total,Ribble Valley,43.73184391260813,2008
Waste Total,Ribble Valley,40.84230508205147,2009
Waste Total,Ribble Valley,38.41352883238624,2010
Waste Total,Ribble Valley,42.142519039101494,2011
Waste Total,Ribble Valley,34.35057528176768,2012
Waste Total,Ribble Valley,30.598762642414506,2013
Waste Total,Ribble Valley,26.810835878302097,2014
Waste Total,Ribble Valley,21.97779076480949,2015
Waste Total,Ribble Valley,27.732215262691014,2016
Waste Total,Ribble Valley,31.967440050353922,2017
Waste Total,Ribble Valley,32.11783154051774,2018
Waste Total,Ribble Valley,25.54429919717731,2019
Waste Total,Ribble Valley,24.68927025997117,2020
Waste Total,Ribble Valley,22.93510689142318,2021
Waste Total,Ribble Valley,25.631974575314825,2022
Waste Total,Ribble Valley,27.881255613870064,2023
Waste Total,Rossendale,86.34282709481282,2005
Waste Total,Rossendale,86.21958897211326,2006
Waste Total,Rossendale,84.99278115462121,2007
Waste Total,Rossendale,75.87430675617875,2008
Waste Total,Rossendale,77.26836214310578,2009
Waste Total,Rossendale,79.80721276271134,2010
Waste Total,Rossendale,90.78693227260432,2011
Waste Total,Rossendale,83.19814172214095,2012
Waste Total,Rossendale,83.23806487729013,2013
Waste Total,Rossendale,84.50618971912,2014
Waste Total,Rossendale,79.73131628119924,2015
Waste Total,Rossendale,90.4603894154913,2016
Waste Total,Rossendale,101.07705048439985,2017
Waste Total,Rossendale,99.58904284640225,2018
Waste Total,Rossendale,89.3133909345703,2019
Waste Total,Rossendale,88.89566313860932,2020
Waste Total,Rossendale,90.34050898741827,2021
Waste Total,Rossendale,89.91721311624921,2022
Waste Total,Rossendale,95.83640754613602,2023
Waste Total,South Ribble,104.90010456922572,2005
Waste Total,South Ribble,102.29591167222141,2006
Waste Total,South Ribble,96.27472203270487,2007
Waste Total,South Ribble,83.74305235392751,2008
Waste Total,South Ribble,79.22858683268427,2009
Waste Total,South Ribble,75.29709848838687,2010
Waste Total,South Ribble,82.99645666902072,2011
Waste Total,South Ribble,68.69080756063663,2012
Waste Total,South Ribble,63.02462407738358,2013
Waste Total,South Ribble,56.39663290312329,2014
Waste Total,South Ribble,47.648983214951826,2015
Waste Total,South Ribble,61.85246675959664,2016
Waste Total,South Ribble,70.91727033830082,2017
Waste Total,South Ribble,69.02522512257437,2018
Waste Total,South Ribble,55.32793014110425,2019
Waste Total,South Ribble,54.220706693898215,2020
Waste Total,South Ribble,50.08462236827864,2021
Waste Total,South Ribble,52.900312334192066,2022
Waste Total,South Ribble,56.63129033213545,2023
Waste Total,West Lancashire,104.85094253446907,2005
Waste Total,West Lancashire,101.79184935339443,2006
Waste Total,West Lancashire,94.93430982341572,2007
Waste Total,West Lancashire,81.80495257961371,2008
Waste Total,West Lancashire,77.73888340604069,2009
Waste Total,West Lancashire,72.67732535934755,2010
Waste Total,West Lancashire,77.40931435566118,2011
Waste Total,West Lancashire,64.31500684402818,2012
Waste Total,West Lancashire,56.63056514558415,2013
Waste Total,West Lancashire,48.87276087804697,2014
Waste Total,West Lancashire,39.575304050253074,2015
Waste Total,West Lancashire,50.798010573460495,2016
Waste Total,West Lancashire,58.5554997014038,2017
Waste Total,West Lancashire,58.015353586877,2018
Waste Total,West Lancashire,45.30193318763857,2019
Waste Total,West Lancashire,43.73974670269951,2020
Waste Total,West Lancashire,39.57999979379368,2021
Waste Total,West Lancashire,44.38766492213757,2022
Waste Total,West Lancashire,47.662002600348224,2023
Waste Total,Wyre,102.73270869308777,2005
Waste Total,Wyre,99.38588375777555,2006
Waste Total,Wyre,92.33517110529743,2007
Waste Total,Wyre,79.46851624968751,2008
Waste Total,Wyre,109.34028654548467,2009
Waste Total,Wyre,81.77267026157703,2010
Waste Total,Wyre,78.31000762880817,2011
Waste Total,Wyre,60.614650594274046,2012
Waste Total,Wyre,53.717933914894125,2013
Waste Total,Wyre,47.684660043044005,2014
Waste Total,Wyre,39.331678148108466,2015
Waste Total,Wyre,50.200340782063506,2016
Waste Total,Wyre,57.190179711000184,2017
Waste Total,Wyre,57.582982789540615,2018
Waste Total,Wyre,45.61717791800551,2019
Waste Total,Wyre,44.281104910731585,2020
Waste Total,Wyre,40.32546700961764,2021
Waste Total,Wyre,44.94352335769372,2022
Waste Total,Wyre,49.15569884727437,2023
