Region name,Transaction,Year,Sum of Value
Blackburn with Darwen,Balance of primary incomes,1997,1220
Blackburn with Darwen,Balance of primary incomes,1998,1237
Blackburn with Darwen,Balance of primary incomes,1999,1303
Blackburn with Darwen,Balance of primary incomes,2000,1375
Blackburn with Darwen,Balance of primary incomes,2001,1393
Blackburn with Darwen,Balance of primary incomes,2002,1400
Blackburn with Darwen,Balance of primary incomes,2003,1441
Blackburn with Darwen,Balance of primary incomes,2004,1506
Blackburn with Darwen,Balance of primary incomes,2005,1618
Blackburn with Darwen,Balance of primary incomes,2006,1683
Blackburn with Darwen,Balance of primary incomes,2007,1749
Blackburn with Darwen,Balance of primary incomes,2008,1691
Blackburn with Darwen,Balance of primary incomes,2009,1658
Blackburn with Darwen,Balance of primary incomes,2010,1819
Blackburn with Darwen,Balance of primary incomes,2011,1748
Blackburn with Darwen,Balance of primary incomes,2012,1712
Blackburn with Darwen,Balance of primary incomes,2013,1738
Blackburn with Darwen,Balance of primary incomes,2014,1781
Blackburn with Darwen,Balance of primary incomes,2015,1839
Blackburn with Darwen,Balance of primary incomes,2016,1859
Blackburn with Darwen,Balance of primary incomes,2017,1988
Blackburn with Darwen,Balance of primary incomes,2018,2102
Blackburn with Darwen,Balance of primary incomes,2019,2269
Blackburn with Darwen,Balance of primary incomes,2020,2315
Blackburn with Darwen,Balance of primary incomes,2021,2476
Blackburn with Darwen,Balance of primary incomes,2022,2716
Blackburn with Darwen,Balance of secondary income,1997,-66
Blackburn with Darwen,Balance of secondary income,1998,-76
Blackburn with Darwen,Balance of secondary income,1999,-86
Blackburn with Darwen,Balance of secondary income,2000,-157
Blackburn with Darwen,Balance of secondary income,2001,-132
Blackburn with Darwen,Balance of secondary income,2002,-135
Blackburn with Darwen,Balance of secondary income,2003,-112
Blackburn with Darwen,Balance of secondary income,2004,-126
Blackburn with Darwen,Balance of secondary income,2005,-161
Blackburn with Darwen,Balance of secondary income,2006,-167
Blackburn with Darwen,Balance of secondary income,2007,-197
Blackburn with Darwen,Balance of secondary income,2008,-133
Blackburn with Darwen,Balance of secondary income,2009,-48
Blackburn with Darwen,Balance of secondary income,2010,-147
Blackburn with Darwen,Balance of secondary income,2011,-76
Blackburn with Darwen,Balance of secondary income,2012,-11
Blackburn with Darwen,Balance of secondary income,2013,-22
Blackburn with Darwen,Balance of secondary income,2014,-4
Blackburn with Darwen,Balance of secondary income,2015,-14
Blackburn with Darwen,Balance of secondary income,2016,-5
Blackburn with Darwen,Balance of secondary income,2017,-47
Blackburn with Darwen,Balance of secondary income,2018,-67
Blackburn with Darwen,Balance of secondary income,2019,-124
Blackburn with Darwen,Balance of secondary income,2020,-67
Blackburn with Darwen,Balance of secondary income,2021,-139
Blackburn with Darwen,Balance of secondary income,2022,-241
Blackburn with Darwen,Compensation of employees,1997,821
Blackburn with Darwen,Compensation of employees,1998,825
Blackburn with Darwen,Compensation of employees,1999,860
Blackburn with Darwen,Compensation of employees,2000,893
Blackburn with Darwen,Compensation of employees,2001,928
Blackburn with Darwen,Compensation of employees,2002,930
Blackburn with Darwen,Compensation of employees,2003,967
Blackburn with Darwen,Compensation of employees,2004,1014
Blackburn with Darwen,Compensation of employees,2005,1083
Blackburn with Darwen,Compensation of employees,2006,1139
Blackburn with Darwen,Compensation of employees,2007,1178
Blackburn with Darwen,Compensation of employees,2008,1160
Blackburn with Darwen,Compensation of employees,2009,1129
Blackburn with Darwen,Compensation of employees,2010,1221
Blackburn with Darwen,Compensation of employees,2011,1192
Blackburn with Darwen,Compensation of employees,2012,1179
Blackburn with Darwen,Compensation of employees,2013,1173
Blackburn with Darwen,Compensation of employees,2014,1207
Blackburn with Darwen,Compensation of employees,2015,1239
Blackburn with Darwen,Compensation of employees,2016,1269
Blackburn with Darwen,Compensation of employees,2017,1377
Blackburn with Darwen,Compensation of employees,2018,1472
Blackburn with Darwen,Compensation of employees,2019,1613
Blackburn with Darwen,Compensation of employees,2020,1705
Blackburn with Darwen,Compensation of employees,2021,1804
Blackburn with Darwen,Compensation of employees,2022,1940
Blackburn with Darwen,"Current taxes on income, wealth etc",1997,149
Blackburn with Darwen,"Current taxes on income, wealth etc",1998,161
Blackburn with Darwen,"Current taxes on income, wealth etc",1999,161
Blackburn with Darwen,"Current taxes on income, wealth etc",2000,166
Blackburn with Darwen,"Current taxes on income, wealth etc",2001,173
Blackburn with Darwen,"Current taxes on income, wealth etc",2002,173
Blackburn with Darwen,"Current taxes on income, wealth etc",2003,184
Blackburn with Darwen,"Current taxes on income, wealth etc",2004,192
Blackburn with Darwen,"Current taxes on income, wealth etc",2005,203
Blackburn with Darwen,"Current taxes on income, wealth etc",2006,214
Blackburn with Darwen,"Current taxes on income, wealth etc",2007,220
Blackburn with Darwen,"Current taxes on income, wealth etc",2008,225
Blackburn with Darwen,"Current taxes on income, wealth etc",2009,211
Blackburn with Darwen,"Current taxes on income, wealth etc",2010,218
Blackburn with Darwen,"Current taxes on income, wealth etc",2011,215
Blackburn with Darwen,"Current taxes on income, wealth etc",2012,203
Blackburn with Darwen,"Current taxes on income, wealth etc",2013,200
Blackburn with Darwen,"Current taxes on income, wealth etc",2014,203
Blackburn with Darwen,"Current taxes on income, wealth etc",2015,205
Blackburn with Darwen,"Current taxes on income, wealth etc",2016,206
Blackburn with Darwen,"Current taxes on income, wealth etc",2017,235
Blackburn with Darwen,"Current taxes on income, wealth etc",2018,254
Blackburn with Darwen,"Current taxes on income, wealth etc",2019,272
Blackburn with Darwen,"Current taxes on income, wealth etc",2020,284
Blackburn with Darwen,"Current taxes on income, wealth etc",2021,321
Blackburn with Darwen,"Current taxes on income, wealth etc",2022,357
Blackburn with Darwen,Gross Disposable Income,1997,1154
Blackburn with Darwen,Gross Disposable Income,1998,1161
Blackburn with Darwen,Gross Disposable Income,1999,1216
Blackburn with Darwen,Gross Disposable Income,2000,1218
Blackburn with Darwen,Gross Disposable Income,2001,1261
Blackburn with Darwen,Gross Disposable Income,2002,1264
Blackburn with Darwen,Gross Disposable Income,2003,1330
Blackburn with Darwen,Gross Disposable Income,2004,1380
Blackburn with Darwen,Gross Disposable Income,2005,1457
Blackburn with Darwen,Gross Disposable Income,2006,1515
Blackburn with Darwen,Gross Disposable Income,2007,1551
Blackburn with Darwen,Gross Disposable Income,2008,1558
Blackburn with Darwen,Gross Disposable Income,2009,1610
Blackburn with Darwen,Gross Disposable Income,2010,1673
Blackburn with Darwen,Gross Disposable Income,2011,1672
Blackburn with Darwen,Gross Disposable Income,2012,1701
Blackburn with Darwen,Gross Disposable Income,2013,1716
Blackburn with Darwen,Gross Disposable Income,2014,1777
Blackburn with Darwen,Gross Disposable Income,2015,1825
Blackburn with Darwen,Gross Disposable Income,2016,1854
Blackburn with Darwen,Gross Disposable Income,2017,1942
Blackburn with Darwen,Gross Disposable Income,2018,2036
Blackburn with Darwen,Gross Disposable Income,2019,2145
Blackburn with Darwen,Gross Disposable Income,2020,2248
Blackburn with Darwen,Gross Disposable Income,2021,2337
Blackburn with Darwen,Gross Disposable Income,2022,2475
Blackburn with Darwen,Imputed social contributions/Social benefits received,1997,365
Blackburn with Darwen,Imputed social contributions/Social benefits received,1998,372
Blackburn with Darwen,Imputed social contributions/Social benefits received,1999,392
Blackburn with Darwen,Imputed social contributions/Social benefits received,2000,379
Blackburn with Darwen,Imputed social contributions/Social benefits received,2001,392
Blackburn with Darwen,Imputed social contributions/Social benefits received,2002,403
Blackburn with Darwen,Imputed social contributions/Social benefits received,2003,448
Blackburn with Darwen,Imputed social contributions/Social benefits received,2004,479
Blackburn with Darwen,Imputed social contributions/Social benefits received,2005,512
Blackburn with Darwen,Imputed social contributions/Social benefits received,2006,535
Blackburn with Darwen,Imputed social contributions/Social benefits received,2007,547
Blackburn with Darwen,Imputed social contributions/Social benefits received,2008,581
Blackburn with Darwen,Imputed social contributions/Social benefits received,2009,640
Blackburn with Darwen,Imputed social contributions/Social benefits received,2010,664
Blackburn with Darwen,Imputed social contributions/Social benefits received,2011,671
Blackburn with Darwen,Imputed social contributions/Social benefits received,2012,688
Blackburn with Darwen,Imputed social contributions/Social benefits received,2013,690
Blackburn with Darwen,Imputed social contributions/Social benefits received,2014,688
Blackburn with Darwen,Imputed social contributions/Social benefits received,2015,696
Blackburn with Darwen,Imputed social contributions/Social benefits received,2016,715
Blackburn with Darwen,Imputed social contributions/Social benefits received,2017,714
Blackburn with Darwen,Imputed social contributions/Social benefits received,2018,738
Blackburn with Darwen,Imputed social contributions/Social benefits received,2019,730
Blackburn with Darwen,Imputed social contributions/Social benefits received,2020,785
Blackburn with Darwen,Imputed social contributions/Social benefits received,2021,812
Blackburn with Darwen,Imputed social contributions/Social benefits received,2022,837
Blackburn with Darwen,Mixed income,1997,85
Blackburn with Darwen,Mixed income,1998,88
Blackburn with Darwen,Mixed income,1999,96
Blackburn with Darwen,Mixed income,2000,96
Blackburn with Darwen,Mixed income,2001,100
Blackburn with Darwen,Mixed income,2002,109
Blackburn with Darwen,Mixed income,2003,110
Blackburn with Darwen,Mixed income,2004,112
Blackburn with Darwen,Mixed income,2005,120
Blackburn with Darwen,Mixed income,2006,127
Blackburn with Darwen,Mixed income,2007,123
Blackburn with Darwen,Mixed income,2008,123
Blackburn with Darwen,Mixed income,2009,123
Blackburn with Darwen,Mixed income,2010,130
Blackburn with Darwen,Mixed income,2011,132
Blackburn with Darwen,Mixed income,2012,129
Blackburn with Darwen,Mixed income,2013,134
Blackburn with Darwen,Mixed income,2014,142
Blackburn with Darwen,Mixed income,2015,148
Blackburn with Darwen,Mixed income,2016,151
Blackburn with Darwen,Mixed income,2017,167
Blackburn with Darwen,Mixed income,2018,171
Blackburn with Darwen,Mixed income,2019,188
Blackburn with Darwen,Mixed income,2020,195
Blackburn with Darwen,Mixed income,2021,195
Blackburn with Darwen,Mixed income,2022,197
Blackburn with Darwen,Operating surplus,1997,133
Blackburn with Darwen,Operating surplus,1998,139
Blackburn with Darwen,Operating surplus,1999,159
Blackburn with Darwen,Operating surplus,2000,156
Blackburn with Darwen,Operating surplus,2001,146
Blackburn with Darwen,Operating surplus,2002,136
Blackburn with Darwen,Operating surplus,2003,137
Blackburn with Darwen,Operating surplus,2004,148
Blackburn with Darwen,Operating surplus,2005,154
Blackburn with Darwen,Operating surplus,2006,170
Blackburn with Darwen,Operating surplus,2007,178
Blackburn with Darwen,Operating surplus,2008,191
Blackburn with Darwen,Operating surplus,2009,173
Blackburn with Darwen,Operating surplus,2010,155
Blackburn with Darwen,Operating surplus,2011,157
Blackburn with Darwen,Operating surplus,2012,165
Blackburn with Darwen,Operating surplus,2013,165
Blackburn with Darwen,Operating surplus,2014,175
Blackburn with Darwen,Operating surplus,2015,175
Blackburn with Darwen,Operating surplus,2016,182
Blackburn with Darwen,Operating surplus,2017,186
Blackburn with Darwen,Operating surplus,2018,206
Blackburn with Darwen,Operating surplus,2019,209
Blackburn with Darwen,Operating surplus,2020,204
Blackburn with Darwen,Operating surplus,2021,209
Blackburn with Darwen,Operating surplus,2022,227
Blackburn with Darwen,"Other current transfers, paid",1997,29
Blackburn with Darwen,"Other current transfers, paid",1998,28
Blackburn with Darwen,"Other current transfers, paid",1999,29
Blackburn with Darwen,"Other current transfers, paid",2000,28
Blackburn with Darwen,"Other current transfers, paid",2001,40
Blackburn with Darwen,"Other current transfers, paid",2002,41
Blackburn with Darwen,"Other current transfers, paid",2003,46
Blackburn with Darwen,"Other current transfers, paid",2004,51
Blackburn with Darwen,"Other current transfers, paid",2005,56
Blackburn with Darwen,"Other current transfers, paid",2006,44
Blackburn with Darwen,"Other current transfers, paid",2007,59
Blackburn with Darwen,"Other current transfers, paid",2008,59
Blackburn with Darwen,"Other current transfers, paid",2009,58
Blackburn with Darwen,"Other current transfers, paid",2010,59
Blackburn with Darwen,"Other current transfers, paid",2011,67
Blackburn with Darwen,"Other current transfers, paid",2012,70
Blackburn with Darwen,"Other current transfers, paid",2013,71
Blackburn with Darwen,"Other current transfers, paid",2014,76
Blackburn with Darwen,"Other current transfers, paid",2015,72
Blackburn with Darwen,"Other current transfers, paid",2016,74
Blackburn with Darwen,"Other current transfers, paid",2017,76
Blackburn with Darwen,"Other current transfers, paid",2018,78
Blackburn with Darwen,"Other current transfers, paid",2019,79
Blackburn with Darwen,"Other current transfers, paid",2020,81
Blackburn with Darwen,"Other current transfers, paid",2021,79
Blackburn with Darwen,"Other current transfers, paid",2022,82
Blackburn with Darwen,"Other current transfers, received",1997,22
Blackburn with Darwen,"Other current transfers, received",1998,20
Blackburn with Darwen,"Other current transfers, received",1999,22
Blackburn with Darwen,"Other current transfers, received",2000,20
Blackburn with Darwen,"Other current transfers, received",2001,32
Blackburn with Darwen,"Other current transfers, received",2002,30
Blackburn with Darwen,"Other current transfers, received",2003,33
Blackburn with Darwen,"Other current transfers, received",2004,35
Blackburn with Darwen,"Other current transfers, received",2005,39
Blackburn with Darwen,"Other current transfers, received",2006,27
Blackburn with Darwen,"Other current transfers, received",2007,43
Blackburn with Darwen,"Other current transfers, received",2008,40
Blackburn with Darwen,"Other current transfers, received",2009,34
Blackburn with Darwen,"Other current transfers, received",2010,30
Blackburn with Darwen,"Other current transfers, received",2011,42
Blackburn with Darwen,"Other current transfers, received",2012,53
Blackburn with Darwen,"Other current transfers, received",2013,48
Blackburn with Darwen,"Other current transfers, received",2014,55
Blackburn with Darwen,"Other current transfers, received",2015,51
Blackburn with Darwen,"Other current transfers, received",2016,50
Blackburn with Darwen,"Other current transfers, received",2017,52
Blackburn with Darwen,"Other current transfers, received",2018,56
Blackburn with Darwen,"Other current transfers, received",2019,55
Blackburn with Darwen,"Other current transfers, received",2020,55
Blackburn with Darwen,"Other current transfers, received",2021,44
Blackburn with Darwen,"Other current transfers, received",2022,64
Blackburn with Darwen,Primary resources total,1997,1266
Blackburn with Darwen,Primary resources total,1998,1288
Blackburn with Darwen,Primary resources total,1999,1355
Blackburn with Darwen,Primary resources total,2000,1434
Blackburn with Darwen,Primary resources total,2001,1445
Blackburn with Darwen,Primary resources total,2002,1444
Blackburn with Darwen,Primary resources total,2003,1487
Blackburn with Darwen,Primary resources total,2004,1569
Blackburn with Darwen,Primary resources total,2005,1689
Blackburn with Darwen,Primary resources total,2006,1758
Blackburn with Darwen,Primary resources total,2007,1849
Blackburn with Darwen,Primary resources total,2008,1819
Blackburn with Darwen,Primary resources total,2009,1704
Blackburn with Darwen,Primary resources total,2010,1848
Blackburn with Darwen,Primary resources total,2011,1781
Blackburn with Darwen,Primary resources total,2012,1743
Blackburn with Darwen,Primary resources total,2013,1765
Blackburn with Darwen,Primary resources total,2014,1812
Blackburn with Darwen,Primary resources total,2015,1873
Blackburn with Darwen,Primary resources total,2016,1896
Blackburn with Darwen,Primary resources total,2017,2018
Blackburn with Darwen,Primary resources total,2018,2142
Blackburn with Darwen,Primary resources total,2019,2303
Blackburn with Darwen,Primary resources total,2020,2337
Blackburn with Darwen,Primary resources total,2021,2502
Blackburn with Darwen,Primary resources total,2022,2766
Blackburn with Darwen,Primary uses total,1997,46
Blackburn with Darwen,Primary uses total,1998,51
Blackburn with Darwen,Primary uses total,1999,52
Blackburn with Darwen,Primary uses total,2000,59
Blackburn with Darwen,Primary uses total,2001,52
Blackburn with Darwen,Primary uses total,2002,45
Blackburn with Darwen,Primary uses total,2003,46
Blackburn with Darwen,Primary uses total,2004,63
Blackburn with Darwen,Primary uses total,2005,71
Blackburn with Darwen,Primary uses total,2006,76
Blackburn with Darwen,Primary uses total,2007,101
Blackburn with Darwen,Primary uses total,2008,129
Blackburn with Darwen,Primary uses total,2009,47
Blackburn with Darwen,Primary uses total,2010,29
Blackburn with Darwen,Primary uses total,2011,33
Blackburn with Darwen,Primary uses total,2012,31
Blackburn with Darwen,Primary uses total,2013,26
Blackburn with Darwen,Primary uses total,2014,31
Blackburn with Darwen,Primary uses total,2015,34
Blackburn with Darwen,Primary uses total,2016,37
Blackburn with Darwen,Primary uses total,2017,29
Blackburn with Darwen,Primary uses total,2018,39
Blackburn with Darwen,Primary uses total,2019,34
Blackburn with Darwen,Primary uses total,2020,23
Blackburn with Darwen,Primary uses total,2021,26
Blackburn with Darwen,Primary uses total,2022,50
Blackburn with Darwen,"Property income, paid",1997,46
Blackburn with Darwen,"Property income, paid",1998,51
Blackburn with Darwen,"Property income, paid",1999,52
Blackburn with Darwen,"Property income, paid",2000,59
Blackburn with Darwen,"Property income, paid",2001,52
Blackburn with Darwen,"Property income, paid",2002,45
Blackburn with Darwen,"Property income, paid",2003,46
Blackburn with Darwen,"Property income, paid",2004,63
Blackburn with Darwen,"Property income, paid",2005,71
Blackburn with Darwen,"Property income, paid",2006,76
Blackburn with Darwen,"Property income, paid",2007,101
Blackburn with Darwen,"Property income, paid",2008,129
Blackburn with Darwen,"Property income, paid",2009,47
Blackburn with Darwen,"Property income, paid",2010,29
Blackburn with Darwen,"Property income, paid",2011,33
Blackburn with Darwen,"Property income, paid",2012,31
Blackburn with Darwen,"Property income, paid",2013,26
Blackburn with Darwen,"Property income, paid",2014,31
Blackburn with Darwen,"Property income, paid",2015,34
Blackburn with Darwen,"Property income, paid",2016,37
Blackburn with Darwen,"Property income, paid",2017,29
Blackburn with Darwen,"Property income, paid",2018,39
Blackburn with Darwen,"Property income, paid",2019,34
Blackburn with Darwen,"Property income, paid",2020,23
Blackburn with Darwen,"Property income, paid",2021,26
Blackburn with Darwen,"Property income, paid",2022,50
Blackburn with Darwen,"Property income, received",1997,227
Blackburn with Darwen,"Property income, received",1998,237
Blackburn with Darwen,"Property income, received",1999,240
Blackburn with Darwen,"Property income, received",2000,289
Blackburn with Darwen,"Property income, received",2001,271
Blackburn with Darwen,"Property income, received",2002,270
Blackburn with Darwen,"Property income, received",2003,273
Blackburn with Darwen,"Property income, received",2004,296
Blackburn with Darwen,"Property income, received",2005,331
Blackburn with Darwen,"Property income, received",2006,323
Blackburn with Darwen,"Property income, received",2007,371
Blackburn with Darwen,"Property income, received",2008,346
Blackburn with Darwen,"Property income, received",2009,279
Blackburn with Darwen,"Property income, received",2010,343
Blackburn with Darwen,"Property income, received",2011,301
Blackburn with Darwen,"Property income, received",2012,270
Blackburn with Darwen,"Property income, received",2013,291
Blackburn with Darwen,"Property income, received",2014,289
Blackburn with Darwen,"Property income, received",2015,311
Blackburn with Darwen,"Property income, received",2016,294
Blackburn with Darwen,"Property income, received",2017,288
Blackburn with Darwen,"Property income, received",2018,292
Blackburn with Darwen,"Property income, received",2019,293
Blackburn with Darwen,"Property income, received",2020,234
Blackburn with Darwen,"Property income, received",2021,293
Blackburn with Darwen,"Property income, received",2022,401
Blackburn with Darwen,Secondary resources total,1997,387
Blackburn with Darwen,Secondary resources total,1998,392
Blackburn with Darwen,Secondary resources total,1999,413
Blackburn with Darwen,Secondary resources total,2000,399
Blackburn with Darwen,Secondary resources total,2001,424
Blackburn with Darwen,Secondary resources total,2002,433
Blackburn with Darwen,Secondary resources total,2003,481
Blackburn with Darwen,Secondary resources total,2004,514
Blackburn with Darwen,Secondary resources total,2005,551
Blackburn with Darwen,Secondary resources total,2006,561
Blackburn with Darwen,Secondary resources total,2007,590
Blackburn with Darwen,Secondary resources total,2008,621
Blackburn with Darwen,Secondary resources total,2009,673
Blackburn with Darwen,Secondary resources total,2010,694
Blackburn with Darwen,Secondary resources total,2011,713
Blackburn with Darwen,Secondary resources total,2012,741
Blackburn with Darwen,Secondary resources total,2013,738
Blackburn with Darwen,Secondary resources total,2014,743
Blackburn with Darwen,Secondary resources total,2015,747
Blackburn with Darwen,Secondary resources total,2016,765
Blackburn with Darwen,Secondary resources total,2017,766
Blackburn with Darwen,Secondary resources total,2018,794
Blackburn with Darwen,Secondary resources total,2019,785
Blackburn with Darwen,Secondary resources total,2020,840
Blackburn with Darwen,Secondary resources total,2021,856
Blackburn with Darwen,Secondary resources total,2022,901
Blackburn with Darwen,Secondary uses total,1997,454
Blackburn with Darwen,Secondary uses total,1998,467
Blackburn with Darwen,Secondary uses total,1999,500
Blackburn with Darwen,Secondary uses total,2000,556
Blackburn with Darwen,Secondary uses total,2001,556
Blackburn with Darwen,Secondary uses total,2002,568
Blackburn with Darwen,Secondary uses total,2003,592
Blackburn with Darwen,Secondary uses total,2004,639
Blackburn with Darwen,Secondary uses total,2005,712
Blackburn with Darwen,Secondary uses total,2006,729
Blackburn with Darwen,Secondary uses total,2007,787
Blackburn with Darwen,Secondary uses total,2008,754
Blackburn with Darwen,Secondary uses total,2009,721
Blackburn with Darwen,Secondary uses total,2010,840
Blackburn with Darwen,Secondary uses total,2011,790
Blackburn with Darwen,Secondary uses total,2012,753
Blackburn with Darwen,Secondary uses total,2013,760
Blackburn with Darwen,Secondary uses total,2014,748
Blackburn with Darwen,Secondary uses total,2015,761
Blackburn with Darwen,Secondary uses total,2016,770
Blackburn with Darwen,Secondary uses total,2017,813
Blackburn with Darwen,Secondary uses total,2018,861
Blackburn with Darwen,Secondary uses total,2019,910
Blackburn with Darwen,Secondary uses total,2020,907
Blackburn with Darwen,Secondary uses total,2021,995
Blackburn with Darwen,Secondary uses total,2022,1142
Blackburn with Darwen,Social contributions/Social benefits paid,1997,275
Blackburn with Darwen,Social contributions/Social benefits paid,1998,278
Blackburn with Darwen,Social contributions/Social benefits paid,1999,310
Blackburn with Darwen,Social contributions/Social benefits paid,2000,362
Blackburn with Darwen,Social contributions/Social benefits paid,2001,343
Blackburn with Darwen,Social contributions/Social benefits paid,2002,354
Blackburn with Darwen,Social contributions/Social benefits paid,2003,361
Blackburn with Darwen,Social contributions/Social benefits paid,2004,396
Blackburn with Darwen,Social contributions/Social benefits paid,2005,453
Blackburn with Darwen,Social contributions/Social benefits paid,2006,470
Blackburn with Darwen,Social contributions/Social benefits paid,2007,508
Blackburn with Darwen,Social contributions/Social benefits paid,2008,469
Blackburn with Darwen,Social contributions/Social benefits paid,2009,452
Blackburn with Darwen,Social contributions/Social benefits paid,2010,564
Blackburn with Darwen,Social contributions/Social benefits paid,2011,508
Blackburn with Darwen,Social contributions/Social benefits paid,2012,480
Blackburn with Darwen,Social contributions/Social benefits paid,2013,489
Blackburn with Darwen,Social contributions/Social benefits paid,2014,469
Blackburn with Darwen,Social contributions/Social benefits paid,2015,485
Blackburn with Darwen,Social contributions/Social benefits paid,2016,489
Blackburn with Darwen,Social contributions/Social benefits paid,2017,502
Blackburn with Darwen,Social contributions/Social benefits paid,2018,529
Blackburn with Darwen,Social contributions/Social benefits paid,2019,558
Blackburn with Darwen,Social contributions/Social benefits paid,2020,542
Blackburn with Darwen,Social contributions/Social benefits paid,2021,595
Blackburn with Darwen,Social contributions/Social benefits paid,2022,703
Blackpool,Balance of primary incomes,1997,1472
Blackpool,Balance of primary incomes,1998,1494
Blackpool,Balance of primary incomes,1999,1462
Blackpool,Balance of primary incomes,2000,1598
Blackpool,Balance of primary incomes,2001,1637
Blackpool,Balance of primary incomes,2002,1650
Blackpool,Balance of primary incomes,2003,1586
Blackpool,Balance of primary incomes,2004,1593
Blackpool,Balance of primary incomes,2005,1624
Blackpool,Balance of primary incomes,2006,1662
Blackpool,Balance of primary incomes,2007,1776
Blackpool,Balance of primary incomes,2008,1801
Blackpool,Balance of primary incomes,2009,1801
Blackpool,Balance of primary incomes,2010,1860
Blackpool,Balance of primary incomes,2011,1895
Blackpool,Balance of primary incomes,2012,1819
Blackpool,Balance of primary incomes,2013,1843
Blackpool,Balance of primary incomes,2014,1868
Blackpool,Balance of primary incomes,2015,1966
Blackpool,Balance of primary incomes,2016,2022
Blackpool,Balance of primary incomes,2017,2127
Blackpool,Balance of primary incomes,2018,2171
Blackpool,Balance of primary incomes,2019,2250
Blackpool,Balance of primary incomes,2020,2197
Blackpool,Balance of primary incomes,2021,2320
Blackpool,Balance of primary incomes,2022,2501
Blackpool,Balance of secondary income,1997,-94
Blackpool,Balance of secondary income,1998,-112
Blackpool,Balance of secondary income,1999,-65
Blackpool,Balance of secondary income,2000,-102
Blackpool,Balance of secondary income,2001,-126
Blackpool,Balance of secondary income,2002,-122
Blackpool,Balance of secondary income,2003,-71
Blackpool,Balance of secondary income,2004,-42
Blackpool,Balance of secondary income,2005,-45
Blackpool,Balance of secondary income,2006,-46
Blackpool,Balance of secondary income,2007,-83
Blackpool,Balance of secondary income,2008,-77
Blackpool,Balance of secondary income,2009,2
Blackpool,Balance of secondary income,2010,-21
Blackpool,Balance of secondary income,2011,1
Blackpool,Balance of secondary income,2012,87
Blackpool,Balance of secondary income,2013,106
Blackpool,Balance of secondary income,2014,124
Blackpool,Balance of secondary income,2015,94
Blackpool,Balance of secondary income,2016,93
Blackpool,Balance of secondary income,2017,57
Blackpool,Balance of secondary income,2018,49
Blackpool,Balance of secondary income,2019,54
Blackpool,Balance of secondary income,2020,118
Blackpool,Balance of secondary income,2021,34
Blackpool,Balance of secondary income,2022,-34
Blackpool,Compensation of employees,1997,830
Blackpool,Compensation of employees,1998,863
Blackpool,Compensation of employees,1999,898
Blackpool,Compensation of employees,2000,932
Blackpool,Compensation of employees,2001,986
Blackpool,Compensation of employees,2002,996
Blackpool,Compensation of employees,2003,970
Blackpool,Compensation of employees,2004,999
Blackpool,Compensation of employees,2005,1024
Blackpool,Compensation of employees,2006,1069
Blackpool,Compensation of employees,2007,1153
Blackpool,Compensation of employees,2008,1188
Blackpool,Compensation of employees,2009,1169
Blackpool,Compensation of employees,2010,1184
Blackpool,Compensation of employees,2011,1267
Blackpool,Compensation of employees,2012,1216
Blackpool,Compensation of employees,2013,1204
Blackpool,Compensation of employees,2014,1236
Blackpool,Compensation of employees,2015,1293
Blackpool,Compensation of employees,2016,1357
Blackpool,Compensation of employees,2017,1427
Blackpool,Compensation of employees,2018,1491
Blackpool,Compensation of employees,2019,1550
Blackpool,Compensation of employees,2020,1552
Blackpool,Compensation of employees,2021,1633
Blackpool,Compensation of employees,2022,1730
Blackpool,"Current taxes on income, wealth etc",1997,156
Blackpool,"Current taxes on income, wealth etc",1998,174
Blackpool,"Current taxes on income, wealth etc",1999,183
Blackpool,"Current taxes on income, wealth etc",2000,185
Blackpool,"Current taxes on income, wealth etc",2001,189
Blackpool,"Current taxes on income, wealth etc",2002,183
Blackpool,"Current taxes on income, wealth etc",2003,185
Blackpool,"Current taxes on income, wealth etc",2004,198
Blackpool,"Current taxes on income, wealth etc",2005,206
Blackpool,"Current taxes on income, wealth etc",2006,213
Blackpool,"Current taxes on income, wealth etc",2007,234
Blackpool,"Current taxes on income, wealth etc",2008,243
Blackpool,"Current taxes on income, wealth etc",2009,226
Blackpool,"Current taxes on income, wealth etc",2010,224
Blackpool,"Current taxes on income, wealth etc",2011,249
Blackpool,"Current taxes on income, wealth etc",2012,214
Blackpool,"Current taxes on income, wealth etc",2013,195
Blackpool,"Current taxes on income, wealth etc",2014,204
Blackpool,"Current taxes on income, wealth etc",2015,203
Blackpool,"Current taxes on income, wealth etc",2016,211
Blackpool,"Current taxes on income, wealth etc",2017,232
Blackpool,"Current taxes on income, wealth etc",2018,245
Blackpool,"Current taxes on income, wealth etc",2019,250
Blackpool,"Current taxes on income, wealth etc",2020,247
Blackpool,"Current taxes on income, wealth etc",2021,278
Blackpool,"Current taxes on income, wealth etc",2022,310
Blackpool,Gross Disposable Income,1997,1378
Blackpool,Gross Disposable Income,1998,1382
Blackpool,Gross Disposable Income,1999,1397
Blackpool,Gross Disposable Income,2000,1496
Blackpool,Gross Disposable Income,2001,1511
Blackpool,Gross Disposable Income,2002,1528
Blackpool,Gross Disposable Income,2003,1515
Blackpool,Gross Disposable Income,2004,1551
Blackpool,Gross Disposable Income,2005,1579
Blackpool,Gross Disposable Income,2006,1617
Blackpool,Gross Disposable Income,2007,1693
Blackpool,Gross Disposable Income,2008,1724
Blackpool,Gross Disposable Income,2009,1803
Blackpool,Gross Disposable Income,2010,1840
Blackpool,Gross Disposable Income,2011,1897
Blackpool,Gross Disposable Income,2012,1906
Blackpool,Gross Disposable Income,2013,1950
Blackpool,Gross Disposable Income,2014,1992
Blackpool,Gross Disposable Income,2015,2060
Blackpool,Gross Disposable Income,2016,2115
Blackpool,Gross Disposable Income,2017,2183
Blackpool,Gross Disposable Income,2018,2220
Blackpool,Gross Disposable Income,2019,2304
Blackpool,Gross Disposable Income,2020,2315
Blackpool,Gross Disposable Income,2021,2354
Blackpool,Gross Disposable Income,2022,2467
Blackpool,Imputed social contributions/Social benefits received,1997,408
Blackpool,Imputed social contributions/Social benefits received,1998,408
Blackpool,Imputed social contributions/Social benefits received,1999,418
Blackpool,Imputed social contributions/Social benefits received,2000,459
Blackpool,Imputed social contributions/Social benefits received,2001,491
Blackpool,Imputed social contributions/Social benefits received,2002,494
Blackpool,Imputed social contributions/Social benefits received,2003,520
Blackpool,Imputed social contributions/Social benefits received,2004,545
Blackpool,Imputed social contributions/Social benefits received,2005,565
Blackpool,Imputed social contributions/Social benefits received,2006,579
Blackpool,Imputed social contributions/Social benefits received,2007,618
Blackpool,Imputed social contributions/Social benefits received,2008,669
Blackpool,Imputed social contributions/Social benefits received,2009,739
Blackpool,Imputed social contributions/Social benefits received,2010,771
Blackpool,Imputed social contributions/Social benefits received,2011,777
Blackpool,Imputed social contributions/Social benefits received,2012,803
Blackpool,Imputed social contributions/Social benefits received,2013,814
Blackpool,Imputed social contributions/Social benefits received,2014,805
Blackpool,Imputed social contributions/Social benefits received,2015,820
Blackpool,Imputed social contributions/Social benefits received,2016,815
Blackpool,Imputed social contributions/Social benefits received,2017,818
Blackpool,Imputed social contributions/Social benefits received,2018,836
Blackpool,Imputed social contributions/Social benefits received,2019,865
Blackpool,Imputed social contributions/Social benefits received,2020,915
Blackpool,Imputed social contributions/Social benefits received,2021,915
Blackpool,Imputed social contributions/Social benefits received,2022,938
Blackpool,Mixed income,1997,149
Blackpool,Mixed income,1998,143
Blackpool,Mixed income,1999,136
Blackpool,Mixed income,2000,148
Blackpool,Mixed income,2001,148
Blackpool,Mixed income,2002,151
Blackpool,Mixed income,2003,146
Blackpool,Mixed income,2004,147
Blackpool,Mixed income,2005,151
Blackpool,Mixed income,2006,155
Blackpool,Mixed income,2007,153
Blackpool,Mixed income,2008,152
Blackpool,Mixed income,2009,158
Blackpool,Mixed income,2010,167
Blackpool,Mixed income,2011,171
Blackpool,Mixed income,2012,170
Blackpool,Mixed income,2013,176
Blackpool,Mixed income,2014,183
Blackpool,Mixed income,2015,191
Blackpool,Mixed income,2016,198
Blackpool,Mixed income,2017,219
Blackpool,Mixed income,2018,223
Blackpool,Mixed income,2019,238
Blackpool,Mixed income,2020,236
Blackpool,Mixed income,2021,238
Blackpool,Mixed income,2022,239
Blackpool,Operating surplus,1997,224
Blackpool,Operating surplus,1998,231
Blackpool,Operating surplus,1999,235
Blackpool,Operating surplus,2000,239
Blackpool,Operating surplus,2001,230
Blackpool,Operating surplus,2002,235
Blackpool,Operating surplus,2003,244
Blackpool,Operating surplus,2004,251
Blackpool,Operating surplus,2005,265
Blackpool,Operating surplus,2006,279
Blackpool,Operating surplus,2007,272
Blackpool,Operating surplus,2008,278
Blackpool,Operating surplus,2009,234
Blackpool,Operating surplus,2010,220
Blackpool,Operating surplus,2011,209
Blackpool,Operating surplus,2012,204
Blackpool,Operating surplus,2013,205
Blackpool,Operating surplus,2014,219
Blackpool,Operating surplus,2015,226
Blackpool,Operating surplus,2016,238
Blackpool,Operating surplus,2017,245
Blackpool,Operating surplus,2018,245
Blackpool,Operating surplus,2019,254
Blackpool,Operating surplus,2020,243
Blackpool,Operating surplus,2021,249
Blackpool,Operating surplus,2022,281
Blackpool,"Other current transfers, paid",1997,34
Blackpool,"Other current transfers, paid",1998,32
Blackpool,"Other current transfers, paid",1999,33
Blackpool,"Other current transfers, paid",2000,32
Blackpool,"Other current transfers, paid",2001,46
Blackpool,"Other current transfers, paid",2002,47
Blackpool,"Other current transfers, paid",2003,52
Blackpool,"Other current transfers, paid",2004,57
Blackpool,"Other current transfers, paid",2005,62
Blackpool,"Other current transfers, paid",2006,48
Blackpool,"Other current transfers, paid",2007,64
Blackpool,"Other current transfers, paid",2008,64
Blackpool,"Other current transfers, paid",2009,61
Blackpool,"Other current transfers, paid",2010,62
Blackpool,"Other current transfers, paid",2011,70
Blackpool,"Other current transfers, paid",2012,74
Blackpool,"Other current transfers, paid",2013,74
Blackpool,"Other current transfers, paid",2014,78
Blackpool,"Other current transfers, paid",2015,74
Blackpool,"Other current transfers, paid",2016,76
Blackpool,"Other current transfers, paid",2017,76
Blackpool,"Other current transfers, paid",2018,78
Blackpool,"Other current transfers, paid",2019,78
Blackpool,"Other current transfers, paid",2020,79
Blackpool,"Other current transfers, paid",2021,77
Blackpool,"Other current transfers, paid",2022,79
Blackpool,"Other current transfers, received",1997,25
Blackpool,"Other current transfers, received",1998,23
Blackpool,"Other current transfers, received",1999,24
Blackpool,"Other current transfers, received",2000,22
Blackpool,"Other current transfers, received",2001,36
Blackpool,"Other current transfers, received",2002,33
Blackpool,"Other current transfers, received",2003,36
Blackpool,"Other current transfers, received",2004,38
Blackpool,"Other current transfers, received",2005,43
Blackpool,"Other current transfers, received",2006,28
Blackpool,"Other current transfers, received",2007,45
Blackpool,"Other current transfers, received",2008,42
Blackpool,"Other current transfers, received",2009,35
Blackpool,"Other current transfers, received",2010,31
Blackpool,"Other current transfers, received",2011,44
Blackpool,"Other current transfers, received",2012,54
Blackpool,"Other current transfers, received",2013,49
Blackpool,"Other current transfers, received",2014,55
Blackpool,"Other current transfers, received",2015,51
Blackpool,"Other current transfers, received",2016,50
Blackpool,"Other current transfers, received",2017,51
Blackpool,"Other current transfers, received",2018,54
Blackpool,"Other current transfers, received",2019,52
Blackpool,"Other current transfers, received",2020,52
Blackpool,"Other current transfers, received",2021,41
Blackpool,"Other current transfers, received",2022,59
Blackpool,Primary resources total,1997,1550
Blackpool,Primary resources total,1998,1579
Blackpool,Primary resources total,1999,1540
Blackpool,Primary resources total,2000,1689
Blackpool,Primary resources total,2001,1718
Blackpool,Primary resources total,2002,1727
Blackpool,Primary resources total,2003,1668
Blackpool,Primary resources total,2004,1700
Blackpool,Primary resources total,2005,1745
Blackpool,Primary resources total,2006,1787
Blackpool,Primary resources total,2007,1930
Blackpool,Primary resources total,2008,1989
Blackpool,Primary resources total,2009,1864
Blackpool,Primary resources total,2010,1901
Blackpool,Primary resources total,2011,1940
Blackpool,Primary resources total,2012,1857
Blackpool,Primary resources total,2013,1876
Blackpool,Primary resources total,2014,1907
Blackpool,Primary resources total,2015,2011
Blackpool,Primary resources total,2016,2070
Blackpool,Primary resources total,2017,2165
Blackpool,Primary resources total,2018,2217
Blackpool,Primary resources total,2019,2292
Blackpool,Primary resources total,2020,2224
Blackpool,Primary resources total,2021,2350
Blackpool,Primary resources total,2022,2563
Blackpool,Primary uses total,1997,77
Blackpool,Primary uses total,1998,85
Blackpool,Primary uses total,1999,77
Blackpool,Primary uses total,2000,91
Blackpool,Primary uses total,2001,82
Blackpool,Primary uses total,2002,77
Blackpool,Primary uses total,2003,82
Blackpool,Primary uses total,2004,107
Blackpool,Primary uses total,2005,121
Blackpool,Primary uses total,2006,125
Blackpool,Primary uses total,2007,155
Blackpool,Primary uses total,2008,188
Blackpool,Primary uses total,2009,63
Blackpool,Primary uses total,2010,41
Blackpool,Primary uses total,2011,44
Blackpool,Primary uses total,2012,39
Blackpool,Primary uses total,2013,32
Blackpool,Primary uses total,2014,39
Blackpool,Primary uses total,2015,44
Blackpool,Primary uses total,2016,48
Blackpool,Primary uses total,2017,39
Blackpool,Primary uses total,2018,47
Blackpool,Primary uses total,2019,41
Blackpool,Primary uses total,2020,27
Blackpool,Primary uses total,2021,31
Blackpool,Primary uses total,2022,62
Blackpool,"Property income, paid",1997,77
Blackpool,"Property income, paid",1998,85
Blackpool,"Property income, paid",1999,77
Blackpool,"Property income, paid",2000,91
Blackpool,"Property income, paid",2001,82
Blackpool,"Property income, paid",2002,77
Blackpool,"Property income, paid",2003,82
Blackpool,"Property income, paid",2004,107
Blackpool,"Property income, paid",2005,121
Blackpool,"Property income, paid",2006,125
Blackpool,"Property income, paid",2007,155
Blackpool,"Property income, paid",2008,188
Blackpool,"Property income, paid",2009,63
Blackpool,"Property income, paid",2010,41
Blackpool,"Property income, paid",2011,44
Blackpool,"Property income, paid",2012,39
Blackpool,"Property income, paid",2013,32
Blackpool,"Property income, paid",2014,39
Blackpool,"Property income, paid",2015,44
Blackpool,"Property income, paid",2016,48
Blackpool,"Property income, paid",2017,39
Blackpool,"Property income, paid",2018,47
Blackpool,"Property income, paid",2019,41
Blackpool,"Property income, paid",2020,27
Blackpool,"Property income, paid",2021,31
Blackpool,"Property income, paid",2022,62
Blackpool,"Property income, received",1997,347
Blackpool,"Property income, received",1998,342
Blackpool,"Property income, received",1999,271
Blackpool,"Property income, received",2000,370
Blackpool,"Property income, received",2001,354
Blackpool,"Property income, received",2002,346
Blackpool,"Property income, received",2003,308
Blackpool,"Property income, received",2004,303
Blackpool,"Property income, received",2005,305
Blackpool,"Property income, received",2006,284
Blackpool,"Property income, received",2007,353
Blackpool,"Property income, received",2008,371
Blackpool,"Property income, received",2009,304
Blackpool,"Property income, received",2010,330
Blackpool,"Property income, received",2011,292
Blackpool,"Property income, received",2012,267
Blackpool,"Property income, received",2013,291
Blackpool,"Property income, received",2014,269
Blackpool,"Property income, received",2015,300
Blackpool,"Property income, received",2016,277
Blackpool,"Property income, received",2017,274
Blackpool,"Property income, received",2018,258
Blackpool,"Property income, received",2019,250
Blackpool,"Property income, received",2020,193
Blackpool,"Property income, received",2021,230
Blackpool,"Property income, received",2022,313
Blackpool,Secondary resources total,1997,433
Blackpool,Secondary resources total,1998,431
Blackpool,Secondary resources total,1999,442
Blackpool,Secondary resources total,2000,481
Blackpool,Secondary resources total,2001,527
Blackpool,Secondary resources total,2002,528
Blackpool,Secondary resources total,2003,556
Blackpool,Secondary resources total,2004,584
Blackpool,Secondary resources total,2005,608
Blackpool,Secondary resources total,2006,608
Blackpool,Secondary resources total,2007,664
Blackpool,Secondary resources total,2008,711
Blackpool,Secondary resources total,2009,774
Blackpool,Secondary resources total,2010,802
Blackpool,Secondary resources total,2011,821
Blackpool,Secondary resources total,2012,857
Blackpool,Secondary resources total,2013,863
Blackpool,Secondary resources total,2014,861
Blackpool,Secondary resources total,2015,871
Blackpool,Secondary resources total,2016,865
Blackpool,Secondary resources total,2017,869
Blackpool,Secondary resources total,2018,890
Blackpool,Secondary resources total,2019,918
Blackpool,Secondary resources total,2020,967
Blackpool,Secondary resources total,2021,956
Blackpool,Secondary resources total,2022,997
Blackpool,Secondary uses total,1997,528
Blackpool,Secondary uses total,1998,543
Blackpool,Secondary uses total,1999,507
Blackpool,Secondary uses total,2000,583
Blackpool,Secondary uses total,2001,653
Blackpool,Secondary uses total,2002,649
Blackpool,Secondary uses total,2003,627
Blackpool,Secondary uses total,2004,625
Blackpool,Secondary uses total,2005,653
Blackpool,Secondary uses total,2006,653
Blackpool,Secondary uses total,2007,747
Blackpool,Secondary uses total,2008,789
Blackpool,Secondary uses total,2009,772
Blackpool,Secondary uses total,2010,822
Blackpool,Secondary uses total,2011,819
Blackpool,Secondary uses total,2012,769
Blackpool,Secondary uses total,2013,757
Blackpool,Secondary uses total,2014,737
Blackpool,Secondary uses total,2015,777
Blackpool,Secondary uses total,2016,772
Blackpool,Secondary uses total,2017,812
Blackpool,Secondary uses total,2018,841
Blackpool,Secondary uses total,2019,864
Blackpool,Secondary uses total,2020,849
Blackpool,Secondary uses total,2021,922
Blackpool,Secondary uses total,2022,1031
Blackpool,Social contributions/Social benefits paid,1997,338
Blackpool,Social contributions/Social benefits paid,1998,337
Blackpool,Social contributions/Social benefits paid,1999,291
Blackpool,Social contributions/Social benefits paid,2000,366
Blackpool,Social contributions/Social benefits paid,2001,417
Blackpool,Social contributions/Social benefits paid,2002,420
Blackpool,Social contributions/Social benefits paid,2003,390
Blackpool,Social contributions/Social benefits paid,2004,371
Blackpool,Social contributions/Social benefits paid,2005,384
Blackpool,Social contributions/Social benefits paid,2006,392
Blackpool,Social contributions/Social benefits paid,2007,449
Blackpool,Social contributions/Social benefits paid,2008,482
Blackpool,Social contributions/Social benefits paid,2009,485
Blackpool,Social contributions/Social benefits paid,2010,537
Blackpool,Social contributions/Social benefits paid,2011,500
Blackpool,Social contributions/Social benefits paid,2012,481
Blackpool,Social contributions/Social benefits paid,2013,488
Blackpool,Social contributions/Social benefits paid,2014,454
Blackpool,Social contributions/Social benefits paid,2015,501
Blackpool,Social contributions/Social benefits paid,2016,485
Blackpool,Social contributions/Social benefits paid,2017,503
Blackpool,Social contributions/Social benefits paid,2018,518
Blackpool,Social contributions/Social benefits paid,2019,536
Blackpool,Social contributions/Social benefits paid,2020,522
Blackpool,Social contributions/Social benefits paid,2021,567
Blackpool,Social contributions/Social benefits paid,2022,642
Burnley,Balance of primary incomes,1997,726
Burnley,Balance of primary incomes,1998,754
Burnley,Balance of primary incomes,1999,787
Burnley,Balance of primary incomes,2000,833
Burnley,Balance of primary incomes,2001,867
Burnley,Balance of primary incomes,2002,883
Burnley,Balance of primary incomes,2003,916
Burnley,Balance of primary incomes,2004,967
Burnley,Balance of primary incomes,2005,1015
Burnley,Balance of primary incomes,2006,1060
Burnley,Balance of primary incomes,2007,1133
Burnley,Balance of primary incomes,2008,1153
Burnley,Balance of primary incomes,2009,1137
Burnley,Balance of primary incomes,2010,1175
Burnley,Balance of primary incomes,2011,1171
Burnley,Balance of primary incomes,2012,1159
Burnley,Balance of primary incomes,2013,1147
Burnley,Balance of primary incomes,2014,1176
Burnley,Balance of primary incomes,2015,1239
Burnley,Balance of primary incomes,2016,1285
Burnley,Balance of primary incomes,2017,1320
Burnley,Balance of primary incomes,2018,1370
Burnley,Balance of primary incomes,2019,1415
Burnley,Balance of primary incomes,2020,1399
Burnley,Balance of primary incomes,2021,1485
Burnley,Balance of primary incomes,2022,1601
Burnley,Balance of secondary income,1997,-75
Burnley,Balance of secondary income,1998,-94
Burnley,Balance of secondary income,1999,-98
Burnley,Balance of secondary income,2000,-120
Burnley,Balance of secondary income,2001,-115
Burnley,Balance of secondary income,2002,-130
Burnley,Balance of secondary income,2003,-132
Burnley,Balance of secondary income,2004,-151
Burnley,Balance of secondary income,2005,-157
Burnley,Balance of secondary income,2006,-160
Burnley,Balance of secondary income,2007,-185
Burnley,Balance of secondary income,2008,-163
Burnley,Balance of secondary income,2009,-92
Burnley,Balance of secondary income,2010,-132
Burnley,Balance of secondary income,2011,-105
Burnley,Balance of secondary income,2012,-65
Burnley,Balance of secondary income,2013,-23
Burnley,Balance of secondary income,2014,-27
Burnley,Balance of secondary income,2015,-54
Burnley,Balance of secondary income,2016,-58
Burnley,Balance of secondary income,2017,-63
Burnley,Balance of secondary income,2018,-56
Burnley,Balance of secondary income,2019,-43
Burnley,Balance of secondary income,2020,8
Burnley,Balance of secondary income,2021,-46
Burnley,Balance of secondary income,2022,-96
Burnley,Compensation of employees,1997,496
Burnley,Compensation of employees,1998,514
Burnley,Compensation of employees,1999,545
Burnley,Compensation of employees,2000,581
Burnley,Compensation of employees,2001,625
Burnley,Compensation of employees,2002,649
Burnley,Compensation of employees,2003,678
Burnley,Compensation of employees,2004,726
Burnley,Compensation of employees,2005,757
Burnley,Compensation of employees,2006,791
Burnley,Compensation of employees,2007,852
Burnley,Compensation of employees,2008,876
Burnley,Compensation of employees,2009,858
Burnley,Compensation of employees,2010,878
Burnley,Compensation of employees,2011,881
Burnley,Compensation of employees,2012,874
Burnley,Compensation of employees,2013,862
Burnley,Compensation of employees,2014,878
Burnley,Compensation of employees,2015,913
Burnley,Compensation of employees,2016,966
Burnley,Compensation of employees,2017,995
Burnley,Compensation of employees,2018,1034
Burnley,Compensation of employees,2019,1067
Burnley,Compensation of employees,2020,1079
Burnley,Compensation of employees,2021,1127
Burnley,Compensation of employees,2022,1199
Burnley,"Current taxes on income, wealth etc",1997,88
Burnley,"Current taxes on income, wealth etc",1998,102
Burnley,"Current taxes on income, wealth etc",1999,109
Burnley,"Current taxes on income, wealth etc",2000,115
Burnley,"Current taxes on income, wealth etc",2001,124
Burnley,"Current taxes on income, wealth etc",2002,130
Burnley,"Current taxes on income, wealth etc",2003,135
Burnley,"Current taxes on income, wealth etc",2004,144
Burnley,"Current taxes on income, wealth etc",2005,151
Burnley,"Current taxes on income, wealth etc",2006,156
Burnley,"Current taxes on income, wealth etc",2007,170
Burnley,"Current taxes on income, wealth etc",2008,181
Burnley,"Current taxes on income, wealth etc",2009,170
Burnley,"Current taxes on income, wealth etc",2010,165
Burnley,"Current taxes on income, wealth etc",2011,165
Burnley,"Current taxes on income, wealth etc",2012,158
Burnley,"Current taxes on income, wealth etc",2013,156
Burnley,"Current taxes on income, wealth etc",2014,156
Burnley,"Current taxes on income, wealth etc",2015,160
Burnley,"Current taxes on income, wealth etc",2016,166
Burnley,"Current taxes on income, wealth etc",2017,173
Burnley,"Current taxes on income, wealth etc",2018,180
Burnley,"Current taxes on income, wealth etc",2019,181
Burnley,"Current taxes on income, wealth etc",2020,179
Burnley,"Current taxes on income, wealth etc",2021,200
Burnley,"Current taxes on income, wealth etc",2022,220
Burnley,Gross Disposable Income,1997,651
Burnley,Gross Disposable Income,1998,660
Burnley,Gross Disposable Income,1999,689
Burnley,Gross Disposable Income,2000,714
Burnley,Gross Disposable Income,2001,752
Burnley,Gross Disposable Income,2002,753
Burnley,Gross Disposable Income,2003,784
Burnley,Gross Disposable Income,2004,816
Burnley,Gross Disposable Income,2005,858
Burnley,Gross Disposable Income,2006,901
Burnley,Gross Disposable Income,2007,948
Burnley,Gross Disposable Income,2008,991
Burnley,Gross Disposable Income,2009,1045
Burnley,Gross Disposable Income,2010,1043
Burnley,Gross Disposable Income,2011,1066
Burnley,Gross Disposable Income,2012,1094
Burnley,Gross Disposable Income,2013,1124
Burnley,Gross Disposable Income,2014,1149
Burnley,Gross Disposable Income,2015,1185
Burnley,Gross Disposable Income,2016,1227
Burnley,Gross Disposable Income,2017,1256
Burnley,Gross Disposable Income,2018,1314
Burnley,Gross Disposable Income,2019,1372
Burnley,Gross Disposable Income,2020,1407
Burnley,Gross Disposable Income,2021,1438
Burnley,Gross Disposable Income,2022,1505
Burnley,Imputed social contributions/Social benefits received,1997,209
Burnley,Imputed social contributions/Social benefits received,1998,209
Burnley,Imputed social contributions/Social benefits received,1999,215
Burnley,Imputed social contributions/Social benefits received,2000,226
Burnley,Imputed social contributions/Social benefits received,2001,244
Burnley,Imputed social contributions/Social benefits received,2002,251
Burnley,Imputed social contributions/Social benefits received,2003,270
Burnley,Imputed social contributions/Social benefits received,2004,283
Burnley,Imputed social contributions/Social benefits received,2005,294
Burnley,Imputed social contributions/Social benefits received,2006,306
Burnley,Imputed social contributions/Social benefits received,2007,323
Burnley,Imputed social contributions/Social benefits received,2008,357
Burnley,Imputed social contributions/Social benefits received,2009,398
Burnley,Imputed social contributions/Social benefits received,2010,412
Burnley,Imputed social contributions/Social benefits received,2011,419
Burnley,Imputed social contributions/Social benefits received,2012,435
Burnley,Imputed social contributions/Social benefits received,2013,453
Burnley,Imputed social contributions/Social benefits received,2014,445
Burnley,Imputed social contributions/Social benefits received,2015,446
Burnley,Imputed social contributions/Social benefits received,2016,464
Burnley,Imputed social contributions/Social benefits received,2017,462
Burnley,Imputed social contributions/Social benefits received,2018,478
Burnley,Imputed social contributions/Social benefits received,2019,497
Burnley,Imputed social contributions/Social benefits received,2020,549
Burnley,Imputed social contributions/Social benefits received,2021,548
Burnley,Imputed social contributions/Social benefits received,2022,565
Burnley,Mixed income,1997,50
Burnley,Mixed income,1998,52
Burnley,Mixed income,1999,55
Burnley,Mixed income,2000,56
Burnley,Mixed income,2001,58
Burnley,Mixed income,2002,61
Burnley,Mixed income,2003,62
Burnley,Mixed income,2004,64
Burnley,Mixed income,2005,68
Burnley,Mixed income,2006,69
Burnley,Mixed income,2007,66
Burnley,Mixed income,2008,67
Burnley,Mixed income,2009,71
Burnley,Mixed income,2010,74
Burnley,Mixed income,2011,75
Burnley,Mixed income,2012,77
Burnley,Mixed income,2013,79
Burnley,Mixed income,2014,84
Burnley,Mixed income,2015,88
Burnley,Mixed income,2016,91
Burnley,Mixed income,2017,99
Burnley,Mixed income,2018,101
Burnley,Mixed income,2019,109
Burnley,Mixed income,2020,113
Burnley,Mixed income,2021,115
Burnley,Mixed income,2022,116
Burnley,Operating surplus,1997,101
Burnley,Operating surplus,1998,110
Burnley,Operating surplus,1999,111
Burnley,Operating surplus,2000,102
Burnley,Operating surplus,2001,91
Burnley,Operating surplus,2002,63
Burnley,Operating surplus,2003,66
Burnley,Operating surplus,2004,58
Burnley,Operating surplus,2005,71
Burnley,Operating surplus,2006,93
Burnley,Operating surplus,2007,101
Burnley,Operating surplus,2008,108
Burnley,Operating surplus,2009,95
Burnley,Operating surplus,2010,85
Burnley,Operating surplus,2011,90
Burnley,Operating surplus,2012,94
Burnley,Operating surplus,2013,86
Burnley,Operating surplus,2014,102
Burnley,Operating surplus,2015,94
Burnley,Operating surplus,2016,105
Burnley,Operating surplus,2017,109
Burnley,Operating surplus,2018,110
Burnley,Operating surplus,2019,113
Burnley,Operating surplus,2020,114
Burnley,Operating surplus,2021,127
Burnley,Operating surplus,2022,141
Burnley,"Other current transfers, paid",1997,21
Burnley,"Other current transfers, paid",1998,20
Burnley,"Other current transfers, paid",1999,21
Burnley,"Other current transfers, paid",2000,19
Burnley,"Other current transfers, paid",2001,29
Burnley,"Other current transfers, paid",2002,29
Burnley,"Other current transfers, paid",2003,32
Burnley,"Other current transfers, paid",2004,35
Burnley,"Other current transfers, paid",2005,39
Burnley,"Other current transfers, paid",2006,30
Burnley,"Other current transfers, paid",2007,40
Burnley,"Other current transfers, paid",2008,40
Burnley,"Other current transfers, paid",2009,38
Burnley,"Other current transfers, paid",2010,38
Burnley,"Other current transfers, paid",2011,44
Burnley,"Other current transfers, paid",2012,47
Burnley,"Other current transfers, paid",2013,47
Burnley,"Other current transfers, paid",2014,50
Burnley,"Other current transfers, paid",2015,48
Burnley,"Other current transfers, paid",2016,49
Burnley,"Other current transfers, paid",2017,49
Burnley,"Other current transfers, paid",2018,51
Burnley,"Other current transfers, paid",2019,51
Burnley,"Other current transfers, paid",2020,53
Burnley,"Other current transfers, paid",2021,52
Burnley,"Other current transfers, paid",2022,54
Burnley,"Other current transfers, received",1997,16
Burnley,"Other current transfers, received",1998,14
Burnley,"Other current transfers, received",1999,15
Burnley,"Other current transfers, received",2000,14
Burnley,"Other current transfers, received",2001,23
Burnley,"Other current transfers, received",2002,21
Burnley,"Other current transfers, received",2003,23
Burnley,"Other current transfers, received",2004,24
Burnley,"Other current transfers, received",2005,27
Burnley,"Other current transfers, received",2006,18
Burnley,"Other current transfers, received",2007,29
Burnley,"Other current transfers, received",2008,28
Burnley,"Other current transfers, received",2009,23
Burnley,"Other current transfers, received",2010,21
Burnley,"Other current transfers, received",2011,29
Burnley,"Other current transfers, received",2012,35
Burnley,"Other current transfers, received",2013,32
Burnley,"Other current transfers, received",2014,37
Burnley,"Other current transfers, received",2015,34
Burnley,"Other current transfers, received",2016,34
Burnley,"Other current transfers, received",2017,34
Burnley,"Other current transfers, received",2018,37
Burnley,"Other current transfers, received",2019,36
Burnley,"Other current transfers, received",2020,36
Burnley,"Other current transfers, received",2021,29
Burnley,"Other current transfers, received",2022,41
Burnley,Primary resources total,1997,761
Burnley,Primary resources total,1998,794
Burnley,Primary resources total,1999,824
Burnley,Primary resources total,2000,872
Burnley,Primary resources total,2001,899
Burnley,Primary resources total,2002,903
Burnley,Primary resources total,2003,938
Burnley,Primary resources total,2004,992
Burnley,Primary resources total,2005,1047
Burnley,Primary resources total,2006,1102
Burnley,Primary resources total,2007,1191
Burnley,Primary resources total,2008,1226
Burnley,Primary resources total,2009,1163
Burnley,Primary resources total,2010,1191
Burnley,Primary resources total,2011,1190
Burnley,Primary resources total,2012,1177
Burnley,Primary resources total,2013,1160
Burnley,Primary resources total,2014,1194
Burnley,Primary resources total,2015,1257
Burnley,Primary resources total,2016,1307
Burnley,Primary resources total,2017,1337
Burnley,Primary resources total,2018,1391
Burnley,Primary resources total,2019,1433
Burnley,Primary resources total,2020,1411
Burnley,Primary resources total,2021,1500
Burnley,Primary resources total,2022,1632
Burnley,Primary uses total,1997,35
Burnley,Primary uses total,1998,40
Burnley,Primary uses total,1999,37
Burnley,Primary uses total,2000,39
Burnley,Primary uses total,2001,32
Burnley,Primary uses total,2002,21
Burnley,Primary uses total,2003,22
Burnley,Primary uses total,2004,25
Burnley,Primary uses total,2005,32
Burnley,Primary uses total,2006,42
Burnley,Primary uses total,2007,58
Burnley,Primary uses total,2008,73
Burnley,Primary uses total,2009,26
Burnley,Primary uses total,2010,16
Burnley,Primary uses total,2011,19
Burnley,Primary uses total,2012,18
Burnley,Primary uses total,2013,14
Burnley,Primary uses total,2014,18
Burnley,Primary uses total,2015,18
Burnley,Primary uses total,2016,21
Burnley,Primary uses total,2017,17
Burnley,Primary uses total,2018,21
Burnley,Primary uses total,2019,18
Burnley,Primary uses total,2020,13
Burnley,Primary uses total,2021,16
Burnley,Primary uses total,2022,31
Burnley,"Property income, paid",1997,35
Burnley,"Property income, paid",1998,40
Burnley,"Property income, paid",1999,37
Burnley,"Property income, paid",2000,39
Burnley,"Property income, paid",2001,32
Burnley,"Property income, paid",2002,21
Burnley,"Property income, paid",2003,22
Burnley,"Property income, paid",2004,25
Burnley,"Property income, paid",2005,32
Burnley,"Property income, paid",2006,42
Burnley,"Property income, paid",2007,58
Burnley,"Property income, paid",2008,73
Burnley,"Property income, paid",2009,26
Burnley,"Property income, paid",2010,16
Burnley,"Property income, paid",2011,19
Burnley,"Property income, paid",2012,18
Burnley,"Property income, paid",2013,14
Burnley,"Property income, paid",2014,18
Burnley,"Property income, paid",2015,18
Burnley,"Property income, paid",2016,21
Burnley,"Property income, paid",2017,17
Burnley,"Property income, paid",2018,21
Burnley,"Property income, paid",2019,18
Burnley,"Property income, paid",2020,13
Burnley,"Property income, paid",2021,16
Burnley,"Property income, paid",2022,31
Burnley,"Property income, received",1997,114
Burnley,"Property income, received",1998,118
Burnley,"Property income, received",1999,113
Burnley,"Property income, received",2000,133
Burnley,"Property income, received",2001,125
Burnley,"Property income, received",2002,130
Burnley,"Property income, received",2003,132
Burnley,"Property income, received",2004,143
Burnley,"Property income, received",2005,151
Burnley,"Property income, received",2006,149
Burnley,"Property income, received",2007,172
Burnley,"Property income, received",2008,175
Burnley,"Property income, received",2009,139
Burnley,"Property income, received",2010,154
Burnley,"Property income, received",2011,145
Burnley,"Property income, received",2012,132
Burnley,"Property income, received",2013,133
Burnley,"Property income, received",2014,131
Burnley,"Property income, received",2015,162
Burnley,"Property income, received",2016,144
Burnley,"Property income, received",2017,133
Burnley,"Property income, received",2018,146
Burnley,"Property income, received",2019,144
Burnley,"Property income, received",2020,105
Burnley,"Property income, received",2021,131
Burnley,"Property income, received",2022,175
Burnley,Secondary resources total,1997,225
Burnley,Secondary resources total,1998,223
Burnley,Secondary resources total,1999,230
Burnley,Secondary resources total,2000,239
Burnley,Secondary resources total,2001,267
Burnley,Secondary resources total,2002,272
Burnley,Secondary resources total,2003,293
Burnley,Secondary resources total,2004,308
Burnley,Secondary resources total,2005,321
Burnley,Secondary resources total,2006,324
Burnley,Secondary resources total,2007,352
Burnley,Secondary resources total,2008,384
Burnley,Secondary resources total,2009,421
Burnley,Secondary resources total,2010,433
Burnley,Secondary resources total,2011,448
Burnley,Secondary resources total,2012,471
Burnley,Secondary resources total,2013,486
Burnley,Secondary resources total,2014,482
Burnley,Secondary resources total,2015,480
Burnley,Secondary resources total,2016,498
Burnley,Secondary resources total,2017,496
Burnley,Secondary resources total,2018,514
Burnley,Secondary resources total,2019,532
Burnley,Secondary resources total,2020,585
Burnley,Secondary resources total,2021,577
Burnley,Secondary resources total,2022,606
Burnley,Secondary uses total,1997,300
Burnley,Secondary uses total,1998,317
Burnley,Secondary uses total,1999,328
Burnley,Secondary uses total,2000,359
Burnley,Secondary uses total,2001,381
Burnley,Secondary uses total,2002,402
Burnley,Secondary uses total,2003,425
Burnley,Secondary uses total,2004,459
Burnley,Secondary uses total,2005,478
Burnley,Secondary uses total,2006,483
Burnley,Secondary uses total,2007,537
Burnley,Secondary uses total,2008,547
Burnley,Secondary uses total,2009,513
Burnley,Secondary uses total,2010,565
Burnley,Secondary uses total,2011,553
Burnley,Secondary uses total,2012,536
Burnley,Secondary uses total,2013,509
Burnley,Secondary uses total,2014,509
Burnley,Secondary uses total,2015,534
Burnley,Secondary uses total,2016,556
Burnley,Secondary uses total,2017,560
Burnley,Secondary uses total,2018,570
Burnley,Secondary uses total,2019,576
Burnley,Secondary uses total,2020,577
Burnley,Secondary uses total,2021,623
Burnley,Secondary uses total,2022,701
Burnley,Social contributions/Social benefits paid,1997,191
Burnley,Social contributions/Social benefits paid,1998,195
Burnley,Social contributions/Social benefits paid,1999,199
Burnley,Social contributions/Social benefits paid,2000,225
Burnley,Social contributions/Social benefits paid,2001,228
Burnley,Social contributions/Social benefits paid,2002,243
Burnley,Social contributions/Social benefits paid,2003,257
Burnley,Social contributions/Social benefits paid,2004,280
Burnley,Social contributions/Social benefits paid,2005,288
Burnley,Social contributions/Social benefits paid,2006,298
Burnley,Social contributions/Social benefits paid,2007,327
Burnley,Social contributions/Social benefits paid,2008,326
Burnley,Social contributions/Social benefits paid,2009,305
Burnley,Social contributions/Social benefits paid,2010,362
Burnley,Social contributions/Social benefits paid,2011,344
Burnley,Social contributions/Social benefits paid,2012,331
Burnley,Social contributions/Social benefits paid,2013,306
Burnley,Social contributions/Social benefits paid,2014,302
Burnley,Social contributions/Social benefits paid,2015,327
Burnley,Social contributions/Social benefits paid,2016,341
Burnley,Social contributions/Social benefits paid,2017,337
Burnley,Social contributions/Social benefits paid,2018,339
Burnley,Social contributions/Social benefits paid,2019,343
Burnley,Social contributions/Social benefits paid,2020,345
Burnley,Social contributions/Social benefits paid,2021,371
Burnley,Social contributions/Social benefits paid,2022,428
Chorley,Balance of primary incomes,1997,1178
Chorley,Balance of primary incomes,1998,1216
Chorley,Balance of primary incomes,1999,1265
Chorley,Balance of primary incomes,2000,1356
Chorley,Balance of primary incomes,2001,1410
Chorley,Balance of primary incomes,2002,1470
Chorley,Balance of primary incomes,2003,1530
Chorley,Balance of primary incomes,2004,1618
Chorley,Balance of primary incomes,2005,1686
Chorley,Balance of primary incomes,2006,1741
Chorley,Balance of primary incomes,2007,1838
Chorley,Balance of primary incomes,2008,1874
Chorley,Balance of primary incomes,2009,1851
Chorley,Balance of primary incomes,2010,1915
Chorley,Balance of primary incomes,2011,1915
Chorley,Balance of primary incomes,2012,1911
Chorley,Balance of primary incomes,2013,1973
Chorley,Balance of primary incomes,2014,2037
Chorley,Balance of primary incomes,2015,2163
Chorley,Balance of primary incomes,2016,2181
Chorley,Balance of primary incomes,2017,2299
Chorley,Balance of primary incomes,2018,2414
Chorley,Balance of primary incomes,2019,2520
Chorley,Balance of primary incomes,2020,2500
Chorley,Balance of primary incomes,2021,2686
Chorley,Balance of primary incomes,2022,2887
Chorley,Balance of secondary income,1997,-179
Chorley,Balance of secondary income,1998,-203
Chorley,Balance of secondary income,1999,-212
Chorley,Balance of secondary income,2000,-237
Chorley,Balance of secondary income,2001,-236
Chorley,Balance of secondary income,2002,-260
Chorley,Balance of secondary income,2003,-273
Chorley,Balance of secondary income,2004,-308
Chorley,Balance of secondary income,2005,-318
Chorley,Balance of secondary income,2006,-321
Chorley,Balance of secondary income,2007,-355
Chorley,Balance of secondary income,2008,-341
Chorley,Balance of secondary income,2009,-253
Chorley,Balance of secondary income,2010,-305
Chorley,Balance of secondary income,2011,-257
Chorley,Balance of secondary income,2012,-192
Chorley,Balance of secondary income,2013,-205
Chorley,Balance of secondary income,2014,-195
Chorley,Balance of secondary income,2015,-179
Chorley,Balance of secondary income,2016,-197
Chorley,Balance of secondary income,2017,-244
Chorley,Balance of secondary income,2018,-310
Chorley,Balance of secondary income,2019,-295
Chorley,Balance of secondary income,2020,-225
Chorley,Balance of secondary income,2021,-320
Chorley,Balance of secondary income,2022,-367
Chorley,Compensation of employees,1997,749
Chorley,Compensation of employees,1998,769
Chorley,Compensation of employees,1999,811
Chorley,Compensation of employees,2000,858
Chorley,Compensation of employees,2001,919
Chorley,Compensation of employees,2002,956
Chorley,Compensation of employees,2003,1003
Chorley,Compensation of employees,2004,1072
Chorley,Compensation of employees,2005,1115
Chorley,Compensation of employees,2006,1164
Chorley,Compensation of employees,2007,1249
Chorley,Compensation of employees,2008,1285
Chorley,Compensation of employees,2009,1262
Chorley,Compensation of employees,2010,1293
Chorley,Compensation of employees,2011,1300
Chorley,Compensation of employees,2012,1295
Chorley,Compensation of employees,2013,1339
Chorley,Compensation of employees,2014,1384
Chorley,Compensation of employees,2015,1435
Chorley,Compensation of employees,2016,1491
Chorley,Compensation of employees,2017,1589
Chorley,Compensation of employees,2018,1674
Chorley,Compensation of employees,2019,1760
Chorley,Compensation of employees,2020,1812
Chorley,Compensation of employees,2021,1906
Chorley,Compensation of employees,2022,2006
Chorley,"Current taxes on income, wealth etc",1997,144
Chorley,"Current taxes on income, wealth etc",1998,166
Chorley,"Current taxes on income, wealth etc",1999,175
Chorley,"Current taxes on income, wealth etc",2000,185
Chorley,"Current taxes on income, wealth etc",2001,199
Chorley,"Current taxes on income, wealth etc",2002,209
Chorley,"Current taxes on income, wealth etc",2003,217
Chorley,"Current taxes on income, wealth etc",2004,232
Chorley,"Current taxes on income, wealth etc",2005,244
Chorley,"Current taxes on income, wealth etc",2006,253
Chorley,"Current taxes on income, wealth etc",2007,273
Chorley,"Current taxes on income, wealth etc",2008,291
Chorley,"Current taxes on income, wealth etc",2009,277
Chorley,"Current taxes on income, wealth etc",2010,269
Chorley,"Current taxes on income, wealth etc",2011,271
Chorley,"Current taxes on income, wealth etc",2012,263
Chorley,"Current taxes on income, wealth etc",2013,263
Chorley,"Current taxes on income, wealth etc",2014,271
Chorley,"Current taxes on income, wealth etc",2015,287
Chorley,"Current taxes on income, wealth etc",2016,297
Chorley,"Current taxes on income, wealth etc",2017,326
Chorley,"Current taxes on income, wealth etc",2018,347
Chorley,"Current taxes on income, wealth etc",2019,364
Chorley,"Current taxes on income, wealth etc",2020,372
Chorley,"Current taxes on income, wealth etc",2021,415
Chorley,"Current taxes on income, wealth etc",2022,451
Chorley,Gross Disposable Income,1997,999
Chorley,Gross Disposable Income,1998,1013
Chorley,Gross Disposable Income,1999,1053
Chorley,Gross Disposable Income,2000,1119
Chorley,Gross Disposable Income,2001,1174
Chorley,Gross Disposable Income,2002,1209
Chorley,Gross Disposable Income,2003,1257
Chorley,Gross Disposable Income,2004,1310
Chorley,Gross Disposable Income,2005,1368
Chorley,Gross Disposable Income,2006,1420
Chorley,Gross Disposable Income,2007,1483
Chorley,Gross Disposable Income,2008,1533
Chorley,Gross Disposable Income,2009,1598
Chorley,Gross Disposable Income,2010,1610
Chorley,Gross Disposable Income,2011,1658
Chorley,Gross Disposable Income,2012,1719
Chorley,Gross Disposable Income,2013,1767
Chorley,Gross Disposable Income,2014,1842
Chorley,Gross Disposable Income,2015,1984
Chorley,Gross Disposable Income,2016,1983
Chorley,Gross Disposable Income,2017,2056
Chorley,Gross Disposable Income,2018,2104
Chorley,Gross Disposable Income,2019,2225
Chorley,Gross Disposable Income,2020,2275
Chorley,Gross Disposable Income,2021,2366
Chorley,Gross Disposable Income,2022,2520
Chorley,Imputed social contributions/Social benefits received,1997,238
Chorley,Imputed social contributions/Social benefits received,1998,240
Chorley,Imputed social contributions/Social benefits received,1999,247
Chorley,Imputed social contributions/Social benefits received,2000,266
Chorley,Imputed social contributions/Social benefits received,2001,287
Chorley,Imputed social contributions/Social benefits received,2002,296
Chorley,Imputed social contributions/Social benefits received,2003,316
Chorley,Imputed social contributions/Social benefits received,2004,331
Chorley,Imputed social contributions/Social benefits received,2005,347
Chorley,Imputed social contributions/Social benefits received,2006,367
Chorley,Imputed social contributions/Social benefits received,2007,393
Chorley,Imputed social contributions/Social benefits received,2008,428
Chorley,Imputed social contributions/Social benefits received,2009,476
Chorley,Imputed social contributions/Social benefits received,2010,501
Chorley,Imputed social contributions/Social benefits received,2011,524
Chorley,Imputed social contributions/Social benefits received,2012,556
Chorley,Imputed social contributions/Social benefits received,2013,577
Chorley,Imputed social contributions/Social benefits received,2014,585
Chorley,Imputed social contributions/Social benefits received,2015,621
Chorley,Imputed social contributions/Social benefits received,2016,619
Chorley,Imputed social contributions/Social benefits received,2017,626
Chorley,Imputed social contributions/Social benefits received,2018,601
Chorley,Imputed social contributions/Social benefits received,2019,635
Chorley,Imputed social contributions/Social benefits received,2020,701
Chorley,Imputed social contributions/Social benefits received,2021,718
Chorley,Imputed social contributions/Social benefits received,2022,753
Chorley,Mixed income,1997,93
Chorley,Mixed income,1998,97
Chorley,Mixed income,1999,103
Chorley,Mixed income,2000,104
Chorley,Mixed income,2001,107
Chorley,Mixed income,2002,113
Chorley,Mixed income,2003,114
Chorley,Mixed income,2004,117
Chorley,Mixed income,2005,124
Chorley,Mixed income,2006,125
Chorley,Mixed income,2007,118
Chorley,Mixed income,2008,117
Chorley,Mixed income,2009,122
Chorley,Mixed income,2010,129
Chorley,Mixed income,2011,130
Chorley,Mixed income,2012,135
Chorley,Mixed income,2013,138
Chorley,Mixed income,2014,144
Chorley,Mixed income,2015,152
Chorley,Mixed income,2016,151
Chorley,Mixed income,2017,164
Chorley,Mixed income,2018,169
Chorley,Mixed income,2019,178
Chorley,Mixed income,2020,186
Chorley,Mixed income,2021,191
Chorley,Mixed income,2022,195
Chorley,Operating surplus,1997,155
Chorley,Operating surplus,1998,167
Chorley,Operating surplus,1999,174
Chorley,Operating surplus,2000,183
Chorley,Operating surplus,2001,183
Chorley,Operating surplus,2002,196
Chorley,Operating surplus,2003,203
Chorley,Operating surplus,2004,206
Chorley,Operating surplus,2005,200
Chorley,Operating surplus,2006,207
Chorley,Operating surplus,2007,200
Chorley,Operating surplus,2008,221
Chorley,Operating surplus,2009,212
Chorley,Operating surplus,2010,206
Chorley,Operating surplus,2011,209
Chorley,Operating surplus,2012,220
Chorley,Operating surplus,2013,212
Chorley,Operating surplus,2014,227
Chorley,Operating surplus,2015,241
Chorley,Operating surplus,2016,251
Chorley,Operating surplus,2017,254
Chorley,Operating surplus,2018,254
Chorley,Operating surplus,2019,265
Chorley,Operating surplus,2020,260
Chorley,Operating surplus,2021,256
Chorley,Operating surplus,2022,286
Chorley,"Other current transfers, paid",1997,25
Chorley,"Other current transfers, paid",1998,24
Chorley,"Other current transfers, paid",1999,25
Chorley,"Other current transfers, paid",2000,24
Chorley,"Other current transfers, paid",2001,36
Chorley,"Other current transfers, paid",2002,37
Chorley,"Other current transfers, paid",2003,42
Chorley,"Other current transfers, paid",2004,45
Chorley,"Other current transfers, paid",2005,51
Chorley,"Other current transfers, paid",2006,38
Chorley,"Other current transfers, paid",2007,52
Chorley,"Other current transfers, paid",2008,53
Chorley,"Other current transfers, paid",2009,50
Chorley,"Other current transfers, paid",2010,51
Chorley,"Other current transfers, paid",2011,60
Chorley,"Other current transfers, paid",2012,63
Chorley,"Other current transfers, paid",2013,64
Chorley,"Other current transfers, paid",2014,69
Chorley,"Other current transfers, paid",2015,65
Chorley,"Other current transfers, paid",2016,67
Chorley,"Other current transfers, paid",2017,68
Chorley,"Other current transfers, paid",2018,70
Chorley,"Other current transfers, paid",2019,71
Chorley,"Other current transfers, paid",2020,72
Chorley,"Other current transfers, paid",2021,70
Chorley,"Other current transfers, paid",2022,72
Chorley,"Other current transfers, received",1997,19
Chorley,"Other current transfers, received",1998,17
Chorley,"Other current transfers, received",1999,19
Chorley,"Other current transfers, received",2000,17
Chorley,"Other current transfers, received",2001,29
Chorley,"Other current transfers, received",2002,27
Chorley,"Other current transfers, received",2003,30
Chorley,"Other current transfers, received",2004,32
Chorley,"Other current transfers, received",2005,36
Chorley,"Other current transfers, received",2006,23
Chorley,"Other current transfers, received",2007,38
Chorley,"Other current transfers, received",2008,37
Chorley,"Other current transfers, received",2009,31
Chorley,"Other current transfers, received",2010,28
Chorley,"Other current transfers, received",2011,39
Chorley,"Other current transfers, received",2012,48
Chorley,"Other current transfers, received",2013,44
Chorley,"Other current transfers, received",2014,50
Chorley,"Other current transfers, received",2015,46
Chorley,"Other current transfers, received",2016,46
Chorley,"Other current transfers, received",2017,47
Chorley,"Other current transfers, received",2018,50
Chorley,"Other current transfers, received",2019,49
Chorley,"Other current transfers, received",2020,50
Chorley,"Other current transfers, received",2021,40
Chorley,"Other current transfers, received",2022,55
Chorley,Primary resources total,1997,1231
Chorley,Primary resources total,1998,1278
Chorley,Primary resources total,1999,1322
Chorley,Primary resources total,2000,1425
Chorley,Primary resources total,2001,1475
Chorley,Primary resources total,2002,1534
Chorley,Primary resources total,2003,1598
Chorley,Primary resources total,2004,1707
Chorley,Primary resources total,2005,1778
Chorley,Primary resources total,2006,1833
Chorley,Primary resources total,2007,1952
Chorley,Primary resources total,2008,2023
Chorley,Primary resources total,2009,1908
Chorley,Primary resources total,2010,1953
Chorley,Primary resources total,2011,1959
Chorley,Primary resources total,2012,1953
Chorley,Primary resources total,2013,2006
Chorley,Primary resources total,2014,2077
Chorley,Primary resources total,2015,2211
Chorley,Primary resources total,2016,2232
Chorley,Primary resources total,2017,2339
Chorley,Primary resources total,2018,2463
Chorley,Primary resources total,2019,2563
Chorley,Primary resources total,2020,2529
Chorley,Primary resources total,2021,2718
Chorley,Primary resources total,2022,2950
Chorley,Primary uses total,1997,54
Chorley,Primary uses total,1998,61
Chorley,Primary uses total,1999,58
Chorley,Primary uses total,2000,69
Chorley,Primary uses total,2001,65
Chorley,Primary uses total,2002,64
Chorley,Primary uses total,2003,68
Chorley,Primary uses total,2004,88
Chorley,Primary uses total,2005,92
Chorley,Primary uses total,2006,92
Chorley,Primary uses total,2007,113
Chorley,Primary uses total,2008,149
Chorley,Primary uses total,2009,57
Chorley,Primary uses total,2010,39
Chorley,Primary uses total,2011,44
Chorley,Primary uses total,2012,42
Chorley,Primary uses total,2013,34
Chorley,Primary uses total,2014,40
Chorley,Primary uses total,2015,48
Chorley,Primary uses total,2016,51
Chorley,Primary uses total,2017,40
Chorley,Primary uses total,2018,48
Chorley,Primary uses total,2019,43
Chorley,Primary uses total,2020,29
Chorley,Primary uses total,2021,31
Chorley,Primary uses total,2022,63
Chorley,"Property income, paid",1997,54
Chorley,"Property income, paid",1998,61
Chorley,"Property income, paid",1999,58
Chorley,"Property income, paid",2000,69
Chorley,"Property income, paid",2001,65
Chorley,"Property income, paid",2002,64
Chorley,"Property income, paid",2003,68
Chorley,"Property income, paid",2004,88
Chorley,"Property income, paid",2005,92
Chorley,"Property income, paid",2006,92
Chorley,"Property income, paid",2007,113
Chorley,"Property income, paid",2008,149
Chorley,"Property income, paid",2009,57
Chorley,"Property income, paid",2010,39
Chorley,"Property income, paid",2011,44
Chorley,"Property income, paid",2012,42
Chorley,"Property income, paid",2013,34
Chorley,"Property income, paid",2014,40
Chorley,"Property income, paid",2015,48
Chorley,"Property income, paid",2016,51
Chorley,"Property income, paid",2017,40
Chorley,"Property income, paid",2018,48
Chorley,"Property income, paid",2019,43
Chorley,"Property income, paid",2020,29
Chorley,"Property income, paid",2021,31
Chorley,"Property income, paid",2022,63
Chorley,"Property income, received",1997,234
Chorley,"Property income, received",1998,245
Chorley,"Property income, received",1999,234
Chorley,"Property income, received",2000,281
Chorley,"Property income, received",2001,266
Chorley,"Property income, received",2002,270
Chorley,"Property income, received",2003,278
Chorley,"Property income, received",2004,311
Chorley,"Property income, received",2005,339
Chorley,"Property income, received",2006,338
Chorley,"Property income, received",2007,385
Chorley,"Property income, received",2008,400
Chorley,"Property income, received",2009,312
Chorley,"Property income, received",2010,325
Chorley,"Property income, received",2011,320
Chorley,"Property income, received",2012,303
Chorley,"Property income, received",2013,317
Chorley,"Property income, received",2014,322
Chorley,"Property income, received",2015,382
Chorley,"Property income, received",2016,339
Chorley,"Property income, received",2017,333
Chorley,"Property income, received",2018,365
Chorley,"Property income, received",2019,360
Chorley,"Property income, received",2020,271
Chorley,"Property income, received",2021,364
Chorley,"Property income, received",2022,463
Chorley,Secondary resources total,1997,257
Chorley,Secondary resources total,1998,257
Chorley,Secondary resources total,1999,265
Chorley,Secondary resources total,2000,283
Chorley,Secondary resources total,2001,316
Chorley,Secondary resources total,2002,324
Chorley,Secondary resources total,2003,346
Chorley,Secondary resources total,2004,363
Chorley,Secondary resources total,2005,383
Chorley,Secondary resources total,2006,390
Chorley,Secondary resources total,2007,431
Chorley,Secondary resources total,2008,464
Chorley,Secondary resources total,2009,507
Chorley,Secondary resources total,2010,528
Chorley,Secondary resources total,2011,563
Chorley,Secondary resources total,2012,604
Chorley,Secondary resources total,2013,621
Chorley,Secondary resources total,2014,635
Chorley,Secondary resources total,2015,667
Chorley,Secondary resources total,2016,665
Chorley,Secondary resources total,2017,673
Chorley,Secondary resources total,2018,652
Chorley,Secondary resources total,2019,684
Chorley,Secondary resources total,2020,751
Chorley,Secondary resources total,2021,759
Chorley,Secondary resources total,2022,808
Chorley,Secondary uses total,1997,436
Chorley,Secondary uses total,1998,460
Chorley,Secondary uses total,1999,477
Chorley,Secondary uses total,2000,519
Chorley,Secondary uses total,2001,552
Chorley,Secondary uses total,2002,584
Chorley,Secondary uses total,2003,619
Chorley,Secondary uses total,2004,671
Chorley,Secondary uses total,2005,701
Chorley,Secondary uses total,2006,711
Chorley,Secondary uses total,2007,786
Chorley,Secondary uses total,2008,806
Chorley,Secondary uses total,2009,760
Chorley,Secondary uses total,2010,834
Chorley,Secondary uses total,2011,821
Chorley,Secondary uses total,2012,797
Chorley,Secondary uses total,2013,827
Chorley,Secondary uses total,2014,830
Chorley,Secondary uses total,2015,846
Chorley,Secondary uses total,2016,862
Chorley,Secondary uses total,2017,917
Chorley,Secondary uses total,2018,962
Chorley,Secondary uses total,2019,980
Chorley,Secondary uses total,2020,976
Chorley,Secondary uses total,2021,1079
Chorley,Secondary uses total,2022,1175
Chorley,Social contributions/Social benefits paid,1997,266
Chorley,Social contributions/Social benefits paid,1998,271
Chorley,Social contributions/Social benefits paid,1999,277
Chorley,Social contributions/Social benefits paid,2000,311
Chorley,Social contributions/Social benefits paid,2001,316
Chorley,Social contributions/Social benefits paid,2002,339
Chorley,Social contributions/Social benefits paid,2003,360
Chorley,Social contributions/Social benefits paid,2004,393
Chorley,Social contributions/Social benefits paid,2005,406
Chorley,Social contributions/Social benefits paid,2006,420
Chorley,Social contributions/Social benefits paid,2007,461
Chorley,Social contributions/Social benefits paid,2008,462
Chorley,Social contributions/Social benefits paid,2009,433
Chorley,Social contributions/Social benefits paid,2010,513
Chorley,Social contributions/Social benefits paid,2011,490
Chorley,Social contributions/Social benefits paid,2012,471
Chorley,Social contributions/Social benefits paid,2013,500
Chorley,Social contributions/Social benefits paid,2014,490
Chorley,Social contributions/Social benefits paid,2015,494
Chorley,Social contributions/Social benefits paid,2016,498
Chorley,Social contributions/Social benefits paid,2017,523
Chorley,Social contributions/Social benefits paid,2018,545
Chorley,Social contributions/Social benefits paid,2019,545
Chorley,Social contributions/Social benefits paid,2020,532
Chorley,Social contributions/Social benefits paid,2021,593
Chorley,Social contributions/Social benefits paid,2022,653
Fylde,Balance of primary incomes,1997,946
Fylde,Balance of primary incomes,1998,970
Fylde,Balance of primary incomes,1999,1006
Fylde,Balance of primary incomes,2000,1082
Fylde,Balance of primary incomes,2001,1114
Fylde,Balance of primary incomes,2002,1159
Fylde,Balance of primary incomes,2003,1210
Fylde,Balance of primary incomes,2004,1276
Fylde,Balance of primary incomes,2005,1321
Fylde,Balance of primary incomes,2006,1370
Fylde,Balance of primary incomes,2007,1441
Fylde,Balance of primary incomes,2008,1457
Fylde,Balance of primary incomes,2009,1439
Fylde,Balance of primary incomes,2010,1492
Fylde,Balance of primary incomes,2011,1468
Fylde,Balance of primary incomes,2012,1459
Fylde,Balance of primary incomes,2013,1490
Fylde,Balance of primary incomes,2014,1517
Fylde,Balance of primary incomes,2015,1614
Fylde,Balance of primary incomes,2016,1643
Fylde,Balance of primary incomes,2017,1699
Fylde,Balance of primary incomes,2018,1757
Fylde,Balance of primary incomes,2019,1830
Fylde,Balance of primary incomes,2020,1781
Fylde,Balance of primary incomes,2021,1896
Fylde,Balance of primary incomes,2022,2085
Fylde,Balance of secondary income,1997,-74
Fylde,Balance of secondary income,1998,-92
Fylde,Balance of secondary income,1999,-94
Fylde,Balance of secondary income,2000,-101
Fylde,Balance of secondary income,2001,-97
Fylde,Balance of secondary income,2002,-117
Fylde,Balance of secondary income,2003,-124
Fylde,Balance of secondary income,2004,-147
Fylde,Balance of secondary income,2005,-151
Fylde,Balance of secondary income,2006,-149
Fylde,Balance of secondary income,2007,-169
Fylde,Balance of secondary income,2008,-155
Fylde,Balance of secondary income,2009,-87
Fylde,Balance of secondary income,2010,-113
Fylde,Balance of secondary income,2011,-86
Fylde,Balance of secondary income,2012,-46
Fylde,Balance of secondary income,2013,-37
Fylde,Balance of secondary income,2014,-17
Fylde,Balance of secondary income,2015,-22
Fylde,Balance of secondary income,2016,-26
Fylde,Balance of secondary income,2017,-38
Fylde,Balance of secondary income,2018,-15
Fylde,Balance of secondary income,2019,-13
Fylde,Balance of secondary income,2020,-1
Fylde,Balance of secondary income,2021,-27
Fylde,Balance of secondary income,2022,-72
Fylde,Compensation of employees,1997,538
Fylde,Compensation of employees,1998,552
Fylde,Compensation of employees,1999,579
Fylde,Compensation of employees,2000,607
Fylde,Compensation of employees,2001,647
Fylde,Compensation of employees,2002,672
Fylde,Compensation of employees,2003,706
Fylde,Compensation of employees,2004,754
Fylde,Compensation of employees,2005,783
Fylde,Compensation of employees,2006,816
Fylde,Compensation of employees,2007,872
Fylde,Compensation of employees,2008,896
Fylde,Compensation of employees,2009,879
Fylde,Compensation of employees,2010,900
Fylde,Compensation of employees,2011,905
Fylde,Compensation of employees,2012,905
Fylde,Compensation of employees,2013,911
Fylde,Compensation of employees,2014,918
Fylde,Compensation of employees,2015,962
Fylde,Compensation of employees,2016,1014
Fylde,Compensation of employees,2017,1044
Fylde,Compensation of employees,2018,1087
Fylde,Compensation of employees,2019,1141
Fylde,Compensation of employees,2020,1141
Fylde,Compensation of employees,2021,1204
Fylde,Compensation of employees,2022,1284
Fylde,"Current taxes on income, wealth etc",1997,126
Fylde,"Current taxes on income, wealth etc",1998,144
Fylde,"Current taxes on income, wealth etc",1999,150
Fylde,"Current taxes on income, wealth etc",2000,156
Fylde,"Current taxes on income, wealth etc",2001,167
Fylde,"Current taxes on income, wealth etc",2002,174
Fylde,"Current taxes on income, wealth etc",2003,180
Fylde,"Current taxes on income, wealth etc",2004,192
Fylde,"Current taxes on income, wealth etc",2005,201
Fylde,"Current taxes on income, wealth etc",2006,208
Fylde,"Current taxes on income, wealth etc",2007,222
Fylde,"Current taxes on income, wealth etc",2008,237
Fylde,"Current taxes on income, wealth etc",2009,226
Fylde,"Current taxes on income, wealth etc",2010,221
Fylde,"Current taxes on income, wealth etc",2011,222
Fylde,"Current taxes on income, wealth etc",2012,215
Fylde,"Current taxes on income, wealth etc",2013,216
Fylde,"Current taxes on income, wealth etc",2014,216
Fylde,"Current taxes on income, wealth etc",2015,228
Fylde,"Current taxes on income, wealth etc",2016,238
Fylde,"Current taxes on income, wealth etc",2017,248
Fylde,"Current taxes on income, wealth etc",2018,257
Fylde,"Current taxes on income, wealth etc",2019,259
Fylde,"Current taxes on income, wealth etc",2020,259
Fylde,"Current taxes on income, wealth etc",2021,297
Fylde,"Current taxes on income, wealth etc",2022,325
Fylde,Gross Disposable Income,1997,872
Fylde,Gross Disposable Income,1998,878
Fylde,Gross Disposable Income,1999,911
Fylde,Gross Disposable Income,2000,981
Fylde,Gross Disposable Income,2001,1017
Fylde,Gross Disposable Income,2002,1042
Fylde,Gross Disposable Income,2003,1086
Fylde,Gross Disposable Income,2004,1129
Fylde,Gross Disposable Income,2005,1170
Fylde,Gross Disposable Income,2006,1221
Fylde,Gross Disposable Income,2007,1272
Fylde,Gross Disposable Income,2008,1302
Fylde,Gross Disposable Income,2009,1352
Fylde,Gross Disposable Income,2010,1379
Fylde,Gross Disposable Income,2011,1382
Fylde,Gross Disposable Income,2012,1412
Fylde,Gross Disposable Income,2013,1453
Fylde,Gross Disposable Income,2014,1500
Fylde,Gross Disposable Income,2015,1592
Fylde,Gross Disposable Income,2016,1618
Fylde,Gross Disposable Income,2017,1661
Fylde,Gross Disposable Income,2018,1742
Fylde,Gross Disposable Income,2019,1817
Fylde,Gross Disposable Income,2020,1780
Fylde,Gross Disposable Income,2021,1869
Fylde,Gross Disposable Income,2022,2013
Fylde,Imputed social contributions/Social benefits received,1997,229
Fylde,Imputed social contributions/Social benefits received,1998,232
Fylde,Imputed social contributions/Social benefits received,1999,240
Fylde,Imputed social contributions/Social benefits received,2000,261
Fylde,Imputed social contributions/Social benefits received,2001,280
Fylde,Imputed social contributions/Social benefits received,2002,283
Fylde,Imputed social contributions/Social benefits received,2003,298
Fylde,Imputed social contributions/Social benefits received,2004,310
Fylde,Imputed social contributions/Social benefits received,2005,325
Fylde,Imputed social contributions/Social benefits received,2006,344
Fylde,Imputed social contributions/Social benefits received,2007,366
Fylde,Imputed social contributions/Social benefits received,2008,396
Fylde,Imputed social contributions/Social benefits received,2009,437
Fylde,Imputed social contributions/Social benefits received,2010,460
Fylde,Imputed social contributions/Social benefits received,2011,471
Fylde,Imputed social contributions/Social benefits received,2012,495
Fylde,Imputed social contributions/Social benefits received,2013,509
Fylde,Imputed social contributions/Social benefits received,2014,515
Fylde,Imputed social contributions/Social benefits received,2015,540
Fylde,Imputed social contributions/Social benefits received,2016,556
Fylde,Imputed social contributions/Social benefits received,2017,562
Fylde,Imputed social contributions/Social benefits received,2018,603
Fylde,Imputed social contributions/Social benefits received,2019,636
Fylde,Imputed social contributions/Social benefits received,2020,622
Fylde,Imputed social contributions/Social benefits received,2021,655
Fylde,Imputed social contributions/Social benefits received,2022,689
Fylde,Mixed income,1997,68
Fylde,Mixed income,1998,71
Fylde,Mixed income,1999,75
Fylde,Mixed income,2000,76
Fylde,Mixed income,2001,79
Fylde,Mixed income,2002,83
Fylde,Mixed income,2003,84
Fylde,Mixed income,2004,88
Fylde,Mixed income,2005,91
Fylde,Mixed income,2006,96
Fylde,Mixed income,2007,93
Fylde,Mixed income,2008,93
Fylde,Mixed income,2009,97
Fylde,Mixed income,2010,101
Fylde,Mixed income,2011,102
Fylde,Mixed income,2012,102
Fylde,Mixed income,2013,104
Fylde,Mixed income,2014,111
Fylde,Mixed income,2015,116
Fylde,Mixed income,2016,117
Fylde,Mixed income,2017,128
Fylde,Mixed income,2018,130
Fylde,Mixed income,2019,141
Fylde,Mixed income,2020,143
Fylde,Mixed income,2021,148
Fylde,Mixed income,2022,153
Fylde,Operating surplus,1997,163
Fylde,Operating surplus,1998,164
Fylde,Operating surplus,1999,177
Fylde,Operating surplus,2000,195
Fylde,Operating surplus,2001,195
Fylde,Operating surplus,2002,202
Fylde,Operating surplus,2003,217
Fylde,Operating surplus,2004,223
Fylde,Operating surplus,2005,209
Fylde,Operating surplus,2006,227
Fylde,Operating surplus,2007,222
Fylde,Operating surplus,2008,229
Fylde,Operating surplus,2009,211
Fylde,Operating surplus,2010,205
Fylde,Operating surplus,2011,188
Fylde,Operating surplus,2012,199
Fylde,Operating surplus,2013,199
Fylde,Operating surplus,2014,211
Fylde,Operating surplus,2015,226
Fylde,Operating surplus,2016,240
Fylde,Operating surplus,2017,242
Fylde,Operating surplus,2018,246
Fylde,Operating surplus,2019,249
Fylde,Operating surplus,2020,249
Fylde,Operating surplus,2021,246
Fylde,Operating surplus,2022,273
Fylde,"Other current transfers, paid",1997,18
Fylde,"Other current transfers, paid",1998,17
Fylde,"Other current transfers, paid",1999,18
Fylde,"Other current transfers, paid",2000,17
Fylde,"Other current transfers, paid",2001,26
Fylde,"Other current transfers, paid",2002,26
Fylde,"Other current transfers, paid",2003,30
Fylde,"Other current transfers, paid",2004,32
Fylde,"Other current transfers, paid",2005,36
Fylde,"Other current transfers, paid",2006,26
Fylde,"Other current transfers, paid",2007,36
Fylde,"Other current transfers, paid",2008,36
Fylde,"Other current transfers, paid",2009,35
Fylde,"Other current transfers, paid",2010,35
Fylde,"Other current transfers, paid",2011,41
Fylde,"Other current transfers, paid",2012,42
Fylde,"Other current transfers, paid",2013,42
Fylde,"Other current transfers, paid",2014,46
Fylde,"Other current transfers, paid",2015,43
Fylde,"Other current transfers, paid",2016,44
Fylde,"Other current transfers, paid",2017,45
Fylde,"Other current transfers, paid",2018,46
Fylde,"Other current transfers, paid",2019,47
Fylde,"Other current transfers, paid",2020,48
Fylde,"Other current transfers, paid",2021,47
Fylde,"Other current transfers, paid",2022,48
Fylde,"Other current transfers, received",1997,14
Fylde,"Other current transfers, received",1998,13
Fylde,"Other current transfers, received",1999,14
Fylde,"Other current transfers, received",2000,12
Fylde,"Other current transfers, received",2001,22
Fylde,"Other current transfers, received",2002,20
Fylde,"Other current transfers, received",2003,22
Fylde,"Other current transfers, received",2004,23
Fylde,"Other current transfers, received",2005,26
Fylde,"Other current transfers, received",2006,17
Fylde,"Other current transfers, received",2007,28
Fylde,"Other current transfers, received",2008,26
Fylde,"Other current transfers, received",2009,22
Fylde,"Other current transfers, received",2010,20
Fylde,"Other current transfers, received",2011,28
Fylde,"Other current transfers, received",2012,34
Fylde,"Other current transfers, received",2013,31
Fylde,"Other current transfers, received",2014,35
Fylde,"Other current transfers, received",2015,32
Fylde,"Other current transfers, received",2016,32
Fylde,"Other current transfers, received",2017,33
Fylde,"Other current transfers, received",2018,35
Fylde,"Other current transfers, received",2019,34
Fylde,"Other current transfers, received",2020,35
Fylde,"Other current transfers, received",2021,28
Fylde,"Other current transfers, received",2022,39
Fylde,Primary resources total,1997,1002
Fylde,Primary resources total,1998,1030
Fylde,Primary resources total,1999,1064
Fylde,Primary resources total,2000,1156
Fylde,Primary resources total,2001,1184
Fylde,Primary resources total,2002,1225
Fylde,Primary resources total,2003,1282
Fylde,Primary resources total,2004,1371
Fylde,Primary resources total,2005,1417
Fylde,Primary resources total,2006,1472
Fylde,Primary resources total,2007,1567
Fylde,Primary resources total,2008,1611
Fylde,Primary resources total,2009,1496
Fylde,Primary resources total,2010,1530
Fylde,Primary resources total,2011,1508
Fylde,Primary resources total,2012,1496
Fylde,Primary resources total,2013,1522
Fylde,Primary resources total,2014,1554
Fylde,Primary resources total,2015,1659
Fylde,Primary resources total,2016,1692
Fylde,Primary resources total,2017,1737
Fylde,Primary resources total,2018,1804
Fylde,Primary resources total,2019,1870
Fylde,Primary resources total,2020,1808
Fylde,Primary resources total,2021,1926
Fylde,Primary resources total,2022,2145
Fylde,Primary uses total,1997,56
Fylde,Primary uses total,1998,60
Fylde,Primary uses total,1999,58
Fylde,Primary uses total,2000,74
Fylde,Primary uses total,2001,69
Fylde,Primary uses total,2002,66
Fylde,Primary uses total,2003,73
Fylde,Primary uses total,2004,95
Fylde,Primary uses total,2005,96
Fylde,Primary uses total,2006,101
Fylde,Primary uses total,2007,126
Fylde,Primary uses total,2008,155
Fylde,Primary uses total,2009,57
Fylde,Primary uses total,2010,38
Fylde,Primary uses total,2011,40
Fylde,Primary uses total,2012,38
Fylde,Primary uses total,2013,32
Fylde,Primary uses total,2014,37
Fylde,Primary uses total,2015,45
Fylde,Primary uses total,2016,49
Fylde,Primary uses total,2017,38
Fylde,Primary uses total,2018,47
Fylde,Primary uses total,2019,41
Fylde,Primary uses total,2020,28
Fylde,Primary uses total,2021,30
Fylde,Primary uses total,2022,60
Fylde,"Property income, paid",1997,56
Fylde,"Property income, paid",1998,60
Fylde,"Property income, paid",1999,58
Fylde,"Property income, paid",2000,74
Fylde,"Property income, paid",2001,69
Fylde,"Property income, paid",2002,66
Fylde,"Property income, paid",2003,73
Fylde,"Property income, paid",2004,95
Fylde,"Property income, paid",2005,96
Fylde,"Property income, paid",2006,101
Fylde,"Property income, paid",2007,126
Fylde,"Property income, paid",2008,155
Fylde,"Property income, paid",2009,57
Fylde,"Property income, paid",2010,38
Fylde,"Property income, paid",2011,40
Fylde,"Property income, paid",2012,38
Fylde,"Property income, paid",2013,32
Fylde,"Property income, paid",2014,37
Fylde,"Property income, paid",2015,45
Fylde,"Property income, paid",2016,49
Fylde,"Property income, paid",2017,38
Fylde,"Property income, paid",2018,47
Fylde,"Property income, paid",2019,41
Fylde,"Property income, paid",2020,28
Fylde,"Property income, paid",2021,30
Fylde,"Property income, paid",2022,60
Fylde,"Property income, received",1997,233
Fylde,"Property income, received",1998,244
Fylde,"Property income, received",1999,233
Fylde,"Property income, received",2000,278
Fylde,"Property income, received",2001,263
Fylde,"Property income, received",2002,268
Fylde,"Property income, received",2003,276
Fylde,"Property income, received",2004,307
Fylde,"Property income, received",2005,334
Fylde,"Property income, received",2006,333
Fylde,"Property income, received",2007,380
Fylde,"Property income, received",2008,394
Fylde,"Property income, received",2009,309
Fylde,"Property income, received",2010,324
Fylde,"Property income, received",2011,312
Fylde,"Property income, received",2012,291
Fylde,"Property income, received",2013,307
Fylde,"Property income, received",2014,315
Fylde,"Property income, received",2015,355
Fylde,"Property income, received",2016,321
Fylde,"Property income, received",2017,324
Fylde,"Property income, received",2018,340
Fylde,"Property income, received",2019,340
Fylde,"Property income, received",2020,275
Fylde,"Property income, received",2021,327
Fylde,"Property income, received",2022,435
Fylde,Secondary resources total,1997,243
Fylde,Secondary resources total,1998,245
Fylde,Secondary resources total,1999,254
Fylde,Secondary resources total,2000,273
Fylde,Secondary resources total,2001,301
Fylde,Secondary resources total,2002,303
Fylde,Secondary resources total,2003,320
Fylde,Secondary resources total,2004,334
Fylde,Secondary resources total,2005,352
Fylde,Secondary resources total,2006,361
Fylde,Secondary resources total,2007,393
Fylde,Secondary resources total,2008,422
Fylde,Secondary resources total,2009,459
Fylde,Secondary resources total,2010,479
Fylde,Secondary resources total,2011,499
Fylde,Secondary resources total,2012,528
Fylde,Secondary resources total,2013,540
Fylde,Secondary resources total,2014,550
Fylde,Secondary resources total,2015,573
Fylde,Secondary resources total,2016,588
Fylde,Secondary resources total,2017,595
Fylde,Secondary resources total,2018,638
Fylde,Secondary resources total,2019,670
Fylde,Secondary resources total,2020,657
Fylde,Secondary resources total,2021,684
Fylde,Secondary resources total,2022,728
Fylde,Secondary uses total,1997,317
Fylde,Secondary uses total,1998,338
Fylde,Secondary uses total,1999,349
Fylde,Secondary uses total,2000,375
Fylde,Secondary uses total,2001,398
Fylde,Secondary uses total,2002,420
Fylde,Secondary uses total,2003,445
Fylde,Secondary uses total,2004,481
Fylde,Secondary uses total,2005,503
Fylde,Secondary uses total,2006,510
Fylde,Secondary uses total,2007,562
Fylde,Secondary uses total,2008,576
Fylde,Secondary uses total,2009,546
Fylde,Secondary uses total,2010,593
Fylde,Secondary uses total,2011,585
Fylde,Secondary uses total,2012,575
Fylde,Secondary uses total,2013,577
Fylde,Secondary uses total,2014,567
Fylde,Secondary uses total,2015,595
Fylde,Secondary uses total,2016,613
Fylde,Secondary uses total,2017,634
Fylde,Secondary uses total,2018,653
Fylde,Secondary uses total,2019,683
Fylde,Secondary uses total,2020,658
Fylde,Secondary uses total,2021,710
Fylde,Secondary uses total,2022,800
Fylde,Social contributions/Social benefits paid,1997,173
Fylde,Social contributions/Social benefits paid,1998,176
Fylde,Social contributions/Social benefits paid,1999,181
Fylde,Social contributions/Social benefits paid,2000,202
Fylde,Social contributions/Social benefits paid,2001,206
Fylde,Social contributions/Social benefits paid,2002,220
Fylde,Social contributions/Social benefits paid,2003,235
Fylde,Social contributions/Social benefits paid,2004,257
Fylde,Social contributions/Social benefits paid,2005,266
Fylde,Social contributions/Social benefits paid,2006,276
Fylde,Social contributions/Social benefits paid,2007,303
Fylde,Social contributions/Social benefits paid,2008,303
Fylde,Social contributions/Social benefits paid,2009,285
Fylde,Social contributions/Social benefits paid,2010,337
Fylde,Social contributions/Social benefits paid,2011,322
Fylde,Social contributions/Social benefits paid,2012,317
Fylde,Social contributions/Social benefits paid,2013,319
Fylde,Social contributions/Social benefits paid,2014,306
Fylde,Social contributions/Social benefits paid,2015,324
Fylde,Social contributions/Social benefits paid,2016,331
Fylde,Social contributions/Social benefits paid,2017,341
Fylde,Social contributions/Social benefits paid,2018,350
Fylde,Social contributions/Social benefits paid,2019,378
Fylde,Social contributions/Social benefits paid,2020,351
Fylde,Social contributions/Social benefits paid,2021,367
Fylde,Social contributions/Social benefits paid,2022,427
Hyndburn,Balance of primary incomes,1997,662
Hyndburn,Balance of primary incomes,1998,684
Hyndburn,Balance of primary incomes,1999,720
Hyndburn,Balance of primary incomes,2000,764
Hyndburn,Balance of primary incomes,2001,798
Hyndburn,Balance of primary incomes,2002,825
Hyndburn,Balance of primary incomes,2003,845
Hyndburn,Balance of primary incomes,2004,902
Hyndburn,Balance of primary incomes,2005,947
Hyndburn,Balance of primary incomes,2006,980
Hyndburn,Balance of primary incomes,2007,1042
Hyndburn,Balance of primary incomes,2008,1058
Hyndburn,Balance of primary incomes,2009,1048
Hyndburn,Balance of primary incomes,2010,1084
Hyndburn,Balance of primary incomes,2011,1079
Hyndburn,Balance of primary incomes,2012,1069
Hyndburn,Balance of primary incomes,2013,1063
Hyndburn,Balance of primary incomes,2014,1078
Hyndburn,Balance of primary incomes,2015,1146
Hyndburn,Balance of primary incomes,2016,1189
Hyndburn,Balance of primary incomes,2017,1220
Hyndburn,Balance of primary incomes,2018,1250
Hyndburn,Balance of primary incomes,2019,1313
Hyndburn,Balance of primary incomes,2020,1280
Hyndburn,Balance of primary incomes,2021,1326
Hyndburn,Balance of primary incomes,2022,1425
Hyndburn,Balance of secondary income,1997,-68
Hyndburn,Balance of secondary income,1998,-83
Hyndburn,Balance of secondary income,1999,-87
Hyndburn,Balance of secondary income,2000,-107
Hyndburn,Balance of secondary income,2001,-106
Hyndburn,Balance of secondary income,2002,-117
Hyndburn,Balance of secondary income,2003,-117
Hyndburn,Balance of secondary income,2004,-134
Hyndburn,Balance of secondary income,2005,-140
Hyndburn,Balance of secondary income,2006,-144
Hyndburn,Balance of secondary income,2007,-169
Hyndburn,Balance of secondary income,2008,-151
Hyndburn,Balance of secondary income,2009,-86
Hyndburn,Balance of secondary income,2010,-122
Hyndburn,Balance of secondary income,2011,-96
Hyndburn,Balance of secondary income,2012,-60
Hyndburn,Balance of secondary income,2013,-24
Hyndburn,Balance of secondary income,2014,-28
Hyndburn,Balance of secondary income,2015,-54
Hyndburn,Balance of secondary income,2016,-57
Hyndburn,Balance of secondary income,2017,-58
Hyndburn,Balance of secondary income,2018,-61
Hyndburn,Balance of secondary income,2019,-59
Hyndburn,Balance of secondary income,2020,-19
Hyndburn,Balance of secondary income,2021,-68
Hyndburn,Balance of secondary income,2022,-112
Hyndburn,Compensation of employees,1997,448
Hyndburn,Compensation of employees,1998,465
Hyndburn,Compensation of employees,1999,492
Hyndburn,Compensation of employees,2000,525
Hyndburn,Compensation of employees,2001,565
Hyndburn,Compensation of employees,2002,586
Hyndburn,Compensation of employees,2003,613
Hyndburn,Compensation of employees,2004,656
Hyndburn,Compensation of employees,2005,684
Hyndburn,Compensation of employees,2006,715
Hyndburn,Compensation of employees,2007,770
Hyndburn,Compensation of employees,2008,792
Hyndburn,Compensation of employees,2009,775
Hyndburn,Compensation of employees,2010,794
Hyndburn,Compensation of employees,2011,796
Hyndburn,Compensation of employees,2012,790
Hyndburn,Compensation of employees,2013,779
Hyndburn,Compensation of employees,2014,794
Hyndburn,Compensation of employees,2015,825
Hyndburn,Compensation of employees,2016,874
Hyndburn,Compensation of employees,2017,900
Hyndburn,Compensation of employees,2018,929
Hyndburn,Compensation of employees,2019,961
Hyndburn,Compensation of employees,2020,978
Hyndburn,Compensation of employees,2021,1008
Hyndburn,Compensation of employees,2022,1072
Hyndburn,"Current taxes on income, wealth etc",1997,80
Hyndburn,"Current taxes on income, wealth etc",1998,92
Hyndburn,"Current taxes on income, wealth etc",1999,98
Hyndburn,"Current taxes on income, wealth etc",2000,103
Hyndburn,"Current taxes on income, wealth etc",2001,112
Hyndburn,"Current taxes on income, wealth etc",2002,117
Hyndburn,"Current taxes on income, wealth etc",2003,122
Hyndburn,"Current taxes on income, wealth etc",2004,130
Hyndburn,"Current taxes on income, wealth etc",2005,136
Hyndburn,"Current taxes on income, wealth etc",2006,141
Hyndburn,"Current taxes on income, wealth etc",2007,154
Hyndburn,"Current taxes on income, wealth etc",2008,164
Hyndburn,"Current taxes on income, wealth etc",2009,154
Hyndburn,"Current taxes on income, wealth etc",2010,150
Hyndburn,"Current taxes on income, wealth etc",2011,149
Hyndburn,"Current taxes on income, wealth etc",2012,143
Hyndburn,"Current taxes on income, wealth etc",2013,141
Hyndburn,"Current taxes on income, wealth etc",2014,143
Hyndburn,"Current taxes on income, wealth etc",2015,145
Hyndburn,"Current taxes on income, wealth etc",2016,150
Hyndburn,"Current taxes on income, wealth etc",2017,157
Hyndburn,"Current taxes on income, wealth etc",2018,161
Hyndburn,"Current taxes on income, wealth etc",2019,164
Hyndburn,"Current taxes on income, wealth etc",2020,165
Hyndburn,"Current taxes on income, wealth etc",2021,180
Hyndburn,"Current taxes on income, wealth etc",2022,197
Hyndburn,Gross Disposable Income,1997,594
Hyndburn,Gross Disposable Income,1998,601
Hyndburn,Gross Disposable Income,1999,633
Hyndburn,Gross Disposable Income,2000,657
Hyndburn,Gross Disposable Income,2001,692
Hyndburn,Gross Disposable Income,2002,708
Hyndburn,Gross Disposable Income,2003,728
Hyndburn,Gross Disposable Income,2004,768
Hyndburn,Gross Disposable Income,2005,807
Hyndburn,Gross Disposable Income,2006,836
Hyndburn,Gross Disposable Income,2007,873
Hyndburn,Gross Disposable Income,2008,907
Hyndburn,Gross Disposable Income,2009,962
Hyndburn,Gross Disposable Income,2010,963
Hyndburn,Gross Disposable Income,2011,983
Hyndburn,Gross Disposable Income,2012,1009
Hyndburn,Gross Disposable Income,2013,1039
Hyndburn,Gross Disposable Income,2014,1050
Hyndburn,Gross Disposable Income,2015,1093
Hyndburn,Gross Disposable Income,2016,1132
Hyndburn,Gross Disposable Income,2017,1161
Hyndburn,Gross Disposable Income,2018,1189
Hyndburn,Gross Disposable Income,2019,1255
Hyndburn,Gross Disposable Income,2020,1261
Hyndburn,Gross Disposable Income,2021,1258
Hyndburn,Gross Disposable Income,2022,1313
Hyndburn,Imputed social contributions/Social benefits received,1997,190
Hyndburn,Imputed social contributions/Social benefits received,1998,191
Hyndburn,Imputed social contributions/Social benefits received,1999,197
Hyndburn,Imputed social contributions/Social benefits received,2000,206
Hyndburn,Imputed social contributions/Social benefits received,2001,218
Hyndburn,Imputed social contributions/Social benefits received,2002,228
Hyndburn,Imputed social contributions/Social benefits received,2003,246
Hyndburn,Imputed social contributions/Social benefits received,2004,260
Hyndburn,Imputed social contributions/Social benefits received,2005,269
Hyndburn,Imputed social contributions/Social benefits received,2006,278
Hyndburn,Imputed social contributions/Social benefits received,2007,292
Hyndburn,Imputed social contributions/Social benefits received,2008,321
Hyndburn,Imputed social contributions/Social benefits received,2009,359
Hyndburn,Imputed social contributions/Social benefits received,2010,374
Hyndburn,Imputed social contributions/Social benefits received,2011,380
Hyndburn,Imputed social contributions/Social benefits received,2012,394
Hyndburn,Imputed social contributions/Social benefits received,2013,409
Hyndburn,Imputed social contributions/Social benefits received,2014,401
Hyndburn,Imputed social contributions/Social benefits received,2015,401
Hyndburn,Imputed social contributions/Social benefits received,2016,417
Hyndburn,Imputed social contributions/Social benefits received,2017,419
Hyndburn,Imputed social contributions/Social benefits received,2018,420
Hyndburn,Imputed social contributions/Social benefits received,2019,430
Hyndburn,Imputed social contributions/Social benefits received,2020,476
Hyndburn,Imputed social contributions/Social benefits received,2021,466
Hyndburn,Imputed social contributions/Social benefits received,2022,482
Hyndburn,Mixed income,1997,57
Hyndburn,Mixed income,1998,59
Hyndburn,Mixed income,1999,63
Hyndburn,Mixed income,2000,64
Hyndburn,Mixed income,2001,66
Hyndburn,Mixed income,2002,69
Hyndburn,Mixed income,2003,70
Hyndburn,Mixed income,2004,73
Hyndburn,Mixed income,2005,77
Hyndburn,Mixed income,2006,77
Hyndburn,Mixed income,2007,74
Hyndburn,Mixed income,2008,74
Hyndburn,Mixed income,2009,78
Hyndburn,Mixed income,2010,81
Hyndburn,Mixed income,2011,82
Hyndburn,Mixed income,2012,83
Hyndburn,Mixed income,2013,86
Hyndburn,Mixed income,2014,92
Hyndburn,Mixed income,2015,97
Hyndburn,Mixed income,2016,100
Hyndburn,Mixed income,2017,108
Hyndburn,Mixed income,2018,110
Hyndburn,Mixed income,2019,118
Hyndburn,Mixed income,2020,121
Hyndburn,Mixed income,2021,120
Hyndburn,Mixed income,2022,121
Hyndburn,Operating surplus,1997,86
Hyndburn,Operating surplus,1998,89
Hyndburn,Operating surplus,1999,96
Hyndburn,Operating surplus,2000,94
Hyndburn,Operating surplus,2001,89
Hyndburn,Operating surplus,2002,81
Hyndburn,Operating surplus,2003,68
Hyndburn,Operating surplus,2004,81
Hyndburn,Operating surplus,2005,96
Hyndburn,Operating surplus,2006,101
Hyndburn,Operating surplus,2007,107
Hyndburn,Operating surplus,2008,112
Hyndburn,Operating surplus,2009,98
Hyndburn,Operating surplus,2010,90
Hyndburn,Operating surplus,2011,93
Hyndburn,Operating surplus,2012,98
Hyndburn,Operating surplus,2013,95
Hyndburn,Operating surplus,2014,93
Hyndburn,Operating surplus,2015,100
Hyndburn,Operating surplus,2016,111
Hyndburn,Operating surplus,2017,111
Hyndburn,Operating surplus,2018,110
Hyndburn,Operating surplus,2019,120
Hyndburn,Operating surplus,2020,111
Hyndburn,Operating surplus,2021,117
Hyndburn,Operating surplus,2022,134
Hyndburn,"Other current transfers, paid",1997,18
Hyndburn,"Other current transfers, paid",1998,17
Hyndburn,"Other current transfers, paid",1999,18
Hyndburn,"Other current transfers, paid",2000,17
Hyndburn,"Other current transfers, paid",2001,26
Hyndburn,"Other current transfers, paid",2002,26
Hyndburn,"Other current transfers, paid",2003,30
Hyndburn,"Other current transfers, paid",2004,32
Hyndburn,"Other current transfers, paid",2005,36
Hyndburn,"Other current transfers, paid",2006,27
Hyndburn,"Other current transfers, paid",2007,37
Hyndburn,"Other current transfers, paid",2008,37
Hyndburn,"Other current transfers, paid",2009,35
Hyndburn,"Other current transfers, paid",2010,35
Hyndburn,"Other current transfers, paid",2011,41
Hyndburn,"Other current transfers, paid",2012,43
Hyndburn,"Other current transfers, paid",2013,43
Hyndburn,"Other current transfers, paid",2014,46
Hyndburn,"Other current transfers, paid",2015,43
Hyndburn,"Other current transfers, paid",2016,44
Hyndburn,"Other current transfers, paid",2017,44
Hyndburn,"Other current transfers, paid",2018,45
Hyndburn,"Other current transfers, paid",2019,45
Hyndburn,"Other current transfers, paid",2020,46
Hyndburn,"Other current transfers, paid",2021,45
Hyndburn,"Other current transfers, paid",2022,47
Hyndburn,"Other current transfers, received",1997,14
Hyndburn,"Other current transfers, received",1998,13
Hyndburn,"Other current transfers, received",1999,14
Hyndburn,"Other current transfers, received",2000,12
Hyndburn,"Other current transfers, received",2001,21
Hyndburn,"Other current transfers, received",2002,19
Hyndburn,"Other current transfers, received",2003,21
Hyndburn,"Other current transfers, received",2004,22
Hyndburn,"Other current transfers, received",2005,25
Hyndburn,"Other current transfers, received",2006,17
Hyndburn,"Other current transfers, received",2007,27
Hyndburn,"Other current transfers, received",2008,25
Hyndburn,"Other current transfers, received",2009,21
Hyndburn,"Other current transfers, received",2010,19
Hyndburn,"Other current transfers, received",2011,26
Hyndburn,"Other current transfers, received",2012,32
Hyndburn,"Other current transfers, received",2013,29
Hyndburn,"Other current transfers, received",2014,33
Hyndburn,"Other current transfers, received",2015,31
Hyndburn,"Other current transfers, received",2016,30
Hyndburn,"Other current transfers, received",2017,30
Hyndburn,"Other current transfers, received",2018,33
Hyndburn,"Other current transfers, received",2019,31
Hyndburn,"Other current transfers, received",2020,32
Hyndburn,"Other current transfers, received",2021,25
Hyndburn,"Other current transfers, received",2022,36
Hyndburn,Primary resources total,1997,692
Hyndburn,Primary resources total,1998,717
Hyndburn,Primary resources total,1999,751
Hyndburn,Primary resources total,2000,800
Hyndburn,Primary resources total,2001,830
Hyndburn,Primary resources total,2002,852
Hyndburn,Primary resources total,2003,868
Hyndburn,Primary resources total,2004,936
Hyndburn,Primary resources total,2005,991
Hyndburn,Primary resources total,2006,1026
Hyndburn,Primary resources total,2007,1103
Hyndburn,Primary resources total,2008,1133
Hyndburn,Primary resources total,2009,1075
Hyndburn,Primary resources total,2010,1101
Hyndburn,Primary resources total,2011,1099
Hyndburn,Primary resources total,2012,1088
Hyndburn,Primary resources total,2013,1078
Hyndburn,Primary resources total,2014,1095
Hyndburn,Primary resources total,2015,1166
Hyndburn,Primary resources total,2016,1212
Hyndburn,Primary resources total,2017,1237
Hyndburn,Primary resources total,2018,1271
Hyndburn,Primary resources total,2019,1333
Hyndburn,Primary resources total,2020,1292
Hyndburn,Primary resources total,2021,1340
Hyndburn,Primary resources total,2022,1454
Hyndburn,Primary uses total,1997,30
Hyndburn,Primary uses total,1998,33
Hyndburn,Primary uses total,1999,32
Hyndburn,Primary uses total,2000,36
Hyndburn,Primary uses total,2001,31
Hyndburn,Primary uses total,2002,27
Hyndburn,Primary uses total,2003,23
Hyndburn,Primary uses total,2004,35
Hyndburn,Primary uses total,2005,44
Hyndburn,Primary uses total,2006,45
Hyndburn,Primary uses total,2007,61
Hyndburn,Primary uses total,2008,76
Hyndburn,Primary uses total,2009,26
Hyndburn,Primary uses total,2010,17
Hyndburn,Primary uses total,2011,20
Hyndburn,Primary uses total,2012,18
Hyndburn,Primary uses total,2013,15
Hyndburn,Primary uses total,2014,17
Hyndburn,Primary uses total,2015,20
Hyndburn,Primary uses total,2016,23
Hyndburn,Primary uses total,2017,18
Hyndburn,Primary uses total,2018,21
Hyndburn,Primary uses total,2019,19
Hyndburn,Primary uses total,2020,12
Hyndburn,Primary uses total,2021,14
Hyndburn,Primary uses total,2022,29
Hyndburn,"Property income, paid",1997,30
Hyndburn,"Property income, paid",1998,33
Hyndburn,"Property income, paid",1999,32
Hyndburn,"Property income, paid",2000,36
Hyndburn,"Property income, paid",2001,31
Hyndburn,"Property income, paid",2002,27
Hyndburn,"Property income, paid",2003,23
Hyndburn,"Property income, paid",2004,35
Hyndburn,"Property income, paid",2005,44
Hyndburn,"Property income, paid",2006,45
Hyndburn,"Property income, paid",2007,61
Hyndburn,"Property income, paid",2008,76
Hyndburn,"Property income, paid",2009,26
Hyndburn,"Property income, paid",2010,17
Hyndburn,"Property income, paid",2011,20
Hyndburn,"Property income, paid",2012,18
Hyndburn,"Property income, paid",2013,15
Hyndburn,"Property income, paid",2014,17
Hyndburn,"Property income, paid",2015,20
Hyndburn,"Property income, paid",2016,23
Hyndburn,"Property income, paid",2017,18
Hyndburn,"Property income, paid",2018,21
Hyndburn,"Property income, paid",2019,19
Hyndburn,"Property income, paid",2020,12
Hyndburn,"Property income, paid",2021,14
Hyndburn,"Property income, paid",2022,29
Hyndburn,"Property income, received",1997,101
Hyndburn,"Property income, received",1998,104
Hyndburn,"Property income, received",1999,100
Hyndburn,"Property income, received",2000,117
Hyndburn,"Property income, received",2001,111
Hyndburn,"Property income, received",2002,115
Hyndburn,"Property income, received",2003,117
Hyndburn,"Property income, received",2004,127
Hyndburn,"Property income, received",2005,134
Hyndburn,"Property income, received",2006,132
Hyndburn,"Property income, received",2007,152
Hyndburn,"Property income, received",2008,155
Hyndburn,"Property income, received",2009,123
Hyndburn,"Property income, received",2010,136
Hyndburn,"Property income, received",2011,128
Hyndburn,"Property income, received",2012,116
Hyndburn,"Property income, received",2013,118
Hyndburn,"Property income, received",2014,116
Hyndburn,"Property income, received",2015,143
Hyndburn,"Property income, received",2016,127
Hyndburn,"Property income, received",2017,118
Hyndburn,"Property income, received",2018,121
Hyndburn,"Property income, received",2019,134
Hyndburn,"Property income, received",2020,83
Hyndburn,"Property income, received",2021,96
Hyndburn,"Property income, received",2022,128
Hyndburn,Secondary resources total,1997,204
Hyndburn,Secondary resources total,1998,204
Hyndburn,Secondary resources total,1999,210
Hyndburn,Secondary resources total,2000,218
Hyndburn,Secondary resources total,2001,239
Hyndburn,Secondary resources total,2002,247
Hyndburn,Secondary resources total,2003,268
Hyndburn,Secondary resources total,2004,282
Hyndburn,Secondary resources total,2005,294
Hyndburn,Secondary resources total,2006,295
Hyndburn,Secondary resources total,2007,318
Hyndburn,Secondary resources total,2008,346
Hyndburn,Secondary resources total,2009,380
Hyndburn,Secondary resources total,2010,393
Hyndburn,Secondary resources total,2011,406
Hyndburn,Secondary resources total,2012,427
Hyndburn,Secondary resources total,2013,438
Hyndburn,Secondary resources total,2014,434
Hyndburn,Secondary resources total,2015,431
Hyndburn,Secondary resources total,2016,447
Hyndburn,Secondary resources total,2017,449
Hyndburn,Secondary resources total,2018,453
Hyndburn,Secondary resources total,2019,462
Hyndburn,Secondary resources total,2020,507
Hyndburn,Secondary resources total,2021,491
Hyndburn,Secondary resources total,2022,517
Hyndburn,Secondary uses total,1997,272
Hyndburn,Secondary uses total,1998,287
Hyndburn,Secondary uses total,1999,297
Hyndburn,Secondary uses total,2000,325
Hyndburn,Secondary uses total,2001,345
Hyndburn,Secondary uses total,2002,364
Hyndburn,Secondary uses total,2003,385
Hyndburn,Secondary uses total,2004,416
Hyndburn,Secondary uses total,2005,434
Hyndburn,Secondary uses total,2006,439
Hyndburn,Secondary uses total,2007,488
Hyndburn,Secondary uses total,2008,497
Hyndburn,Secondary uses total,2009,466
Hyndburn,Secondary uses total,2010,514
Hyndburn,Secondary uses total,2011,502
Hyndburn,Secondary uses total,2012,487
Hyndburn,Secondary uses total,2013,462
Hyndburn,Secondary uses total,2014,463
Hyndburn,Secondary uses total,2015,485
Hyndburn,Secondary uses total,2016,504
Hyndburn,Secondary uses total,2017,507
Hyndburn,Secondary uses total,2018,513
Hyndburn,Secondary uses total,2019,520
Hyndburn,Secondary uses total,2020,526
Hyndburn,Secondary uses total,2021,560
Hyndburn,Secondary uses total,2022,629
Hyndburn,Social contributions/Social benefits paid,1997,174
Hyndburn,Social contributions/Social benefits paid,1998,177
Hyndburn,Social contributions/Social benefits paid,1999,181
Hyndburn,Social contributions/Social benefits paid,2000,204
Hyndburn,Social contributions/Social benefits paid,2001,207
Hyndburn,Social contributions/Social benefits paid,2002,221
Hyndburn,Social contributions/Social benefits paid,2003,234
Hyndburn,Social contributions/Social benefits paid,2004,254
Hyndburn,Social contributions/Social benefits paid,2005,262
Hyndburn,Social contributions/Social benefits paid,2006,270
Hyndburn,Social contributions/Social benefits paid,2007,297
Hyndburn,Social contributions/Social benefits paid,2008,296
Hyndburn,Social contributions/Social benefits paid,2009,277
Hyndburn,Social contributions/Social benefits paid,2010,329
Hyndburn,Social contributions/Social benefits paid,2011,313
Hyndburn,Social contributions/Social benefits paid,2012,301
Hyndburn,Social contributions/Social benefits paid,2013,278
Hyndburn,Social contributions/Social benefits paid,2014,274
Hyndburn,Social contributions/Social benefits paid,2015,297
Hyndburn,Social contributions/Social benefits paid,2016,310
Hyndburn,Social contributions/Social benefits paid,2017,306
Hyndburn,Social contributions/Social benefits paid,2018,307
Hyndburn,Social contributions/Social benefits paid,2019,311
Hyndburn,Social contributions/Social benefits paid,2020,315
Hyndburn,Social contributions/Social benefits paid,2021,335
Hyndburn,Social contributions/Social benefits paid,2022,386
Lancaster,Balance of primary incomes,1997,1298
Lancaster,Balance of primary incomes,1998,1350
Lancaster,Balance of primary incomes,1999,1410
Lancaster,Balance of primary incomes,2000,1511
Lancaster,Balance of primary incomes,2001,1576
Lancaster,Balance of primary incomes,2002,1648
Lancaster,Balance of primary incomes,2003,1721
Lancaster,Balance of primary incomes,2004,1830
Lancaster,Balance of primary incomes,2005,1903
Lancaster,Balance of primary incomes,2006,1965
Lancaster,Balance of primary incomes,2007,2075
Lancaster,Balance of primary incomes,2008,2097
Lancaster,Balance of primary incomes,2009,2087
Lancaster,Balance of primary incomes,2010,2168
Lancaster,Balance of primary incomes,2011,2144
Lancaster,Balance of primary incomes,2012,2117
Lancaster,Balance of primary incomes,2013,2196
Lancaster,Balance of primary incomes,2014,2228
Lancaster,Balance of primary incomes,2015,2287
Lancaster,Balance of primary incomes,2016,2361
Lancaster,Balance of primary incomes,2017,2468
Lancaster,Balance of primary incomes,2018,2523
Lancaster,Balance of primary incomes,2019,2561
Lancaster,Balance of primary incomes,2020,2602
Lancaster,Balance of primary incomes,2021,2712
Lancaster,Balance of primary incomes,2022,2894
Lancaster,Balance of secondary income,1997,-159
Lancaster,Balance of secondary income,1998,-188
Lancaster,Balance of secondary income,1999,-196
Lancaster,Balance of secondary income,2000,-229
Lancaster,Balance of secondary income,2001,-226
Lancaster,Balance of secondary income,2002,-256
Lancaster,Balance of secondary income,2003,-268
Lancaster,Balance of secondary income,2004,-312
Lancaster,Balance of secondary income,2005,-327
Lancaster,Balance of secondary income,2006,-332
Lancaster,Balance of secondary income,2007,-378
Lancaster,Balance of secondary income,2008,-362
Lancaster,Balance of secondary income,2009,-256
Lancaster,Balance of secondary income,2010,-324
Lancaster,Balance of secondary income,2011,-275
Lancaster,Balance of secondary income,2012,-188
Lancaster,Balance of secondary income,2013,-186
Lancaster,Balance of secondary income,2014,-160
Lancaster,Balance of secondary income,2015,-155
Lancaster,Balance of secondary income,2016,-192
Lancaster,Balance of secondary income,2017,-208
Lancaster,Balance of secondary income,2018,-181
Lancaster,Balance of secondary income,2019,-209
Lancaster,Balance of secondary income,2020,-155
Lancaster,Balance of secondary income,2021,-181
Lancaster,Balance of secondary income,2022,-229
Lancaster,Compensation of employees,1997,791
Lancaster,Compensation of employees,1998,825
Lancaster,Compensation of employees,1999,875
Lancaster,Compensation of employees,2000,935
Lancaster,Compensation of employees,2001,1010
Lancaster,Compensation of employees,2002,1058
Lancaster,Compensation of employees,2003,1116
Lancaster,Compensation of employees,2004,1205
Lancaster,Compensation of employees,2005,1258
Lancaster,Compensation of employees,2006,1311
Lancaster,Compensation of employees,2007,1407
Lancaster,Compensation of employees,2008,1445
Lancaster,Compensation of employees,2009,1418
Lancaster,Compensation of employees,2010,1454
Lancaster,Compensation of employees,2011,1459
Lancaster,Compensation of employees,2012,1448
Lancaster,Compensation of employees,2013,1475
Lancaster,Compensation of employees,2014,1484
Lancaster,Compensation of employees,2015,1499
Lancaster,Compensation of employees,2016,1563
Lancaster,Compensation of employees,2017,1642
Lancaster,Compensation of employees,2018,1695
Lancaster,Compensation of employees,2019,1776
Lancaster,Compensation of employees,2020,1851
Lancaster,Compensation of employees,2021,1912
Lancaster,Compensation of employees,2022,1999
Lancaster,"Current taxes on income, wealth etc",1997,170
Lancaster,"Current taxes on income, wealth etc",1998,195
Lancaster,"Current taxes on income, wealth etc",1999,206
Lancaster,"Current taxes on income, wealth etc",2000,218
Lancaster,"Current taxes on income, wealth etc",2001,235
Lancaster,"Current taxes on income, wealth etc",2002,246
Lancaster,"Current taxes on income, wealth etc",2003,257
Lancaster,"Current taxes on income, wealth etc",2004,275
Lancaster,"Current taxes on income, wealth etc",2005,289
Lancaster,"Current taxes on income, wealth etc",2006,298
Lancaster,"Current taxes on income, wealth etc",2007,322
Lancaster,"Current taxes on income, wealth etc",2008,343
Lancaster,"Current taxes on income, wealth etc",2009,326
Lancaster,"Current taxes on income, wealth etc",2010,317
Lancaster,"Current taxes on income, wealth etc",2011,317
Lancaster,"Current taxes on income, wealth etc",2012,307
Lancaster,"Current taxes on income, wealth etc",2013,297
Lancaster,"Current taxes on income, wealth etc",2014,287
Lancaster,"Current taxes on income, wealth etc",2015,290
Lancaster,"Current taxes on income, wealth etc",2016,300
Lancaster,"Current taxes on income, wealth etc",2017,320
Lancaster,"Current taxes on income, wealth etc",2018,339
Lancaster,"Current taxes on income, wealth etc",2019,343
Lancaster,"Current taxes on income, wealth etc",2020,347
Lancaster,"Current taxes on income, wealth etc",2021,387
Lancaster,"Current taxes on income, wealth etc",2022,421
Lancaster,Gross Disposable Income,1997,1139
Lancaster,Gross Disposable Income,1998,1162
Lancaster,Gross Disposable Income,1999,1215
Lancaster,Gross Disposable Income,2000,1282
Lancaster,Gross Disposable Income,2001,1350
Lancaster,Gross Disposable Income,2002,1392
Lancaster,Gross Disposable Income,2003,1453
Lancaster,Gross Disposable Income,2004,1518
Lancaster,Gross Disposable Income,2005,1577
Lancaster,Gross Disposable Income,2006,1633
Lancaster,Gross Disposable Income,2007,1697
Lancaster,Gross Disposable Income,2008,1735
Lancaster,Gross Disposable Income,2009,1831
Lancaster,Gross Disposable Income,2010,1845
Lancaster,Gross Disposable Income,2011,1869
Lancaster,Gross Disposable Income,2012,1929
Lancaster,Gross Disposable Income,2013,2010
Lancaster,Gross Disposable Income,2014,2068
Lancaster,Gross Disposable Income,2015,2132
Lancaster,Gross Disposable Income,2016,2169
Lancaster,Gross Disposable Income,2017,2261
Lancaster,Gross Disposable Income,2018,2342
Lancaster,Gross Disposable Income,2019,2352
Lancaster,Gross Disposable Income,2020,2447
Lancaster,Gross Disposable Income,2021,2532
Lancaster,Gross Disposable Income,2022,2665
Lancaster,Imputed social contributions/Social benefits received,1997,330
Lancaster,Imputed social contributions/Social benefits received,1998,334
Lancaster,Imputed social contributions/Social benefits received,1999,344
Lancaster,Imputed social contributions/Social benefits received,2000,366
Lancaster,Imputed social contributions/Social benefits received,2001,393
Lancaster,Imputed social contributions/Social benefits received,2002,405
Lancaster,Imputed social contributions/Social benefits received,2003,433
Lancaster,Imputed social contributions/Social benefits received,2004,451
Lancaster,Imputed social contributions/Social benefits received,2005,468
Lancaster,Imputed social contributions/Social benefits received,2006,487
Lancaster,Imputed social contributions/Social benefits received,2007,513
Lancaster,Imputed social contributions/Social benefits received,2008,550
Lancaster,Imputed social contributions/Social benefits received,2009,607
Lancaster,Imputed social contributions/Social benefits received,2010,633
Lancaster,Imputed social contributions/Social benefits received,2011,649
Lancaster,Imputed social contributions/Social benefits received,2012,678
Lancaster,Imputed social contributions/Social benefits received,2013,700
Lancaster,Imputed social contributions/Social benefits received,2014,715
Lancaster,Imputed social contributions/Social benefits received,2015,719
Lancaster,Imputed social contributions/Social benefits received,2016,717
Lancaster,Imputed social contributions/Social benefits received,2017,743
Lancaster,Imputed social contributions/Social benefits received,2018,787
Lancaster,Imputed social contributions/Social benefits received,2019,764
Lancaster,Imputed social contributions/Social benefits received,2020,850
Lancaster,Imputed social contributions/Social benefits received,2021,891
Lancaster,Imputed social contributions/Social benefits received,2022,926
Lancaster,Mixed income,1997,103
Lancaster,Mixed income,1998,107
Lancaster,Mixed income,1999,114
Lancaster,Mixed income,2000,115
Lancaster,Mixed income,2001,118
Lancaster,Mixed income,2002,125
Lancaster,Mixed income,2003,127
Lancaster,Mixed income,2004,131
Lancaster,Mixed income,2005,136
Lancaster,Mixed income,2006,142
Lancaster,Mixed income,2007,136
Lancaster,Mixed income,2008,134
Lancaster,Mixed income,2009,138
Lancaster,Mixed income,2010,143
Lancaster,Mixed income,2011,143
Lancaster,Mixed income,2012,156
Lancaster,Mixed income,2013,167
Lancaster,Mixed income,2014,175
Lancaster,Mixed income,2015,184
Lancaster,Mixed income,2016,187
Lancaster,Mixed income,2017,204
Lancaster,Mixed income,2018,207
Lancaster,Mixed income,2019,213
Lancaster,Mixed income,2020,221
Lancaster,Mixed income,2021,226
Lancaster,Mixed income,2022,228
Lancaster,Operating surplus,1997,198
Lancaster,Operating surplus,1998,211
Lancaster,Operating surplus,1999,221
Lancaster,Operating surplus,2000,225
Lancaster,Operating surplus,2001,223
Lancaster,Operating surplus,2002,227
Lancaster,Operating surplus,2003,245
Lancaster,Operating surplus,2004,263
Lancaster,Operating surplus,2005,262
Lancaster,Operating surplus,2006,266
Lancaster,Operating surplus,2007,271
Lancaster,Operating surplus,2008,278
Lancaster,Operating surplus,2009,258
Lancaster,Operating surplus,2010,246
Lancaster,Operating surplus,2011,240
Lancaster,Operating surplus,2012,254
Lancaster,Operating surplus,2013,251
Lancaster,Operating surplus,2014,266
Lancaster,Operating surplus,2015,279
Lancaster,Operating surplus,2016,301
Lancaster,Operating surplus,2017,291
Lancaster,Operating surplus,2018,304
Lancaster,Operating surplus,2019,310
Lancaster,Operating surplus,2020,311
Lancaster,Operating surplus,2021,319
Lancaster,Operating surplus,2022,361
Lancaster,"Other current transfers, paid",1997,33
Lancaster,"Other current transfers, paid",1998,31
Lancaster,"Other current transfers, paid",1999,34
Lancaster,"Other current transfers, paid",2000,32
Lancaster,"Other current transfers, paid",2001,47
Lancaster,"Other current transfers, paid",2002,48
Lancaster,"Other current transfers, paid",2003,54
Lancaster,"Other current transfers, paid",2004,59
Lancaster,"Other current transfers, paid",2005,66
Lancaster,"Other current transfers, paid",2006,50
Lancaster,"Other current transfers, paid",2007,67
Lancaster,"Other current transfers, paid",2008,67
Lancaster,"Other current transfers, paid",2009,65
Lancaster,"Other current transfers, paid",2010,66
Lancaster,"Other current transfers, paid",2011,76
Lancaster,"Other current transfers, paid",2012,81
Lancaster,"Other current transfers, paid",2013,81
Lancaster,"Other current transfers, paid",2014,86
Lancaster,"Other current transfers, paid",2015,80
Lancaster,"Other current transfers, paid",2016,83
Lancaster,"Other current transfers, paid",2017,84
Lancaster,"Other current transfers, paid",2018,85
Lancaster,"Other current transfers, paid",2019,86
Lancaster,"Other current transfers, paid",2020,88
Lancaster,"Other current transfers, paid",2021,86
Lancaster,"Other current transfers, paid",2022,90
Lancaster,"Other current transfers, received",1997,25
Lancaster,"Other current transfers, received",1998,22
Lancaster,"Other current transfers, received",1999,24
Lancaster,"Other current transfers, received",2000,22
Lancaster,"Other current transfers, received",2001,37
Lancaster,"Other current transfers, received",2002,35
Lancaster,"Other current transfers, received",2003,38
Lancaster,"Other current transfers, received",2004,40
Lancaster,"Other current transfers, received",2005,46
Lancaster,"Other current transfers, received",2006,29
Lancaster,"Other current transfers, received",2007,48
Lancaster,"Other current transfers, received",2008,45
Lancaster,"Other current transfers, received",2009,38
Lancaster,"Other current transfers, received",2010,34
Lancaster,"Other current transfers, received",2011,48
Lancaster,"Other current transfers, received",2012,59
Lancaster,"Other current transfers, received",2013,54
Lancaster,"Other current transfers, received",2014,61
Lancaster,"Other current transfers, received",2015,56
Lancaster,"Other current transfers, received",2016,55
Lancaster,"Other current transfers, received",2017,56
Lancaster,"Other current transfers, received",2018,59
Lancaster,"Other current transfers, received",2019,57
Lancaster,"Other current transfers, received",2020,58
Lancaster,"Other current transfers, received",2021,47
Lancaster,"Other current transfers, received",2022,65
Lancaster,Primary resources total,1997,1367
Lancaster,Primary resources total,1998,1428
Lancaster,Primary resources total,1999,1483
Lancaster,Primary resources total,2000,1597
Lancaster,Primary resources total,2001,1655
Lancaster,Primary resources total,2002,1723
Lancaster,Primary resources total,2003,1803
Lancaster,Primary resources total,2004,1943
Lancaster,Primary resources total,2005,2023
Lancaster,Primary resources total,2006,2084
Lancaster,Primary resources total,2007,2228
Lancaster,Primary resources total,2008,2285
Lancaster,Primary resources total,2009,2156
Lancaster,Primary resources total,2010,2214
Lancaster,Primary resources total,2011,2195
Lancaster,Primary resources total,2012,2166
Lancaster,Primary resources total,2013,2236
Lancaster,Primary resources total,2014,2275
Lancaster,Primary resources total,2015,2342
Lancaster,Primary resources total,2016,2422
Lancaster,Primary resources total,2017,2514
Lancaster,Primary resources total,2018,2581
Lancaster,Primary resources total,2019,2612
Lancaster,Primary resources total,2020,2637
Lancaster,Primary resources total,2021,2752
Lancaster,Primary resources total,2022,2974
Lancaster,Primary uses total,1997,69
Lancaster,Primary uses total,1998,77
Lancaster,Primary uses total,1999,73
Lancaster,Primary uses total,2000,86
Lancaster,Primary uses total,2001,79
Lancaster,Primary uses total,2002,75
Lancaster,Primary uses total,2003,82
Lancaster,Primary uses total,2004,113
Lancaster,Primary uses total,2005,120
Lancaster,Primary uses total,2006,119
Lancaster,Primary uses total,2007,154
Lancaster,Primary uses total,2008,188
Lancaster,Primary uses total,2009,70
Lancaster,Primary uses total,2010,46
Lancaster,Primary uses total,2011,51
Lancaster,Primary uses total,2012,48
Lancaster,Primary uses total,2013,40
Lancaster,Primary uses total,2014,47
Lancaster,Primary uses total,2015,55
Lancaster,Primary uses total,2016,61
Lancaster,Primary uses total,2017,46
Lancaster,Primary uses total,2018,58
Lancaster,Primary uses total,2019,50
Lancaster,Primary uses total,2020,35
Lancaster,Primary uses total,2021,39
Lancaster,Primary uses total,2022,79
Lancaster,"Property income, paid",1997,69
Lancaster,"Property income, paid",1998,77
Lancaster,"Property income, paid",1999,73
Lancaster,"Property income, paid",2000,86
Lancaster,"Property income, paid",2001,79
Lancaster,"Property income, paid",2002,75
Lancaster,"Property income, paid",2003,82
Lancaster,"Property income, paid",2004,113
Lancaster,"Property income, paid",2005,120
Lancaster,"Property income, paid",2006,119
Lancaster,"Property income, paid",2007,154
Lancaster,"Property income, paid",2008,188
Lancaster,"Property income, paid",2009,70
Lancaster,"Property income, paid",2010,46
Lancaster,"Property income, paid",2011,51
Lancaster,"Property income, paid",2012,48
Lancaster,"Property income, paid",2013,40
Lancaster,"Property income, paid",2014,47
Lancaster,"Property income, paid",2015,55
Lancaster,"Property income, paid",2016,61
Lancaster,"Property income, paid",2017,46
Lancaster,"Property income, paid",2018,58
Lancaster,"Property income, paid",2019,50
Lancaster,"Property income, paid",2020,35
Lancaster,"Property income, paid",2021,39
Lancaster,"Property income, paid",2022,79
Lancaster,"Property income, received",1997,275
Lancaster,"Property income, received",1998,286
Lancaster,"Property income, received",1999,273
Lancaster,"Property income, received",2000,321
Lancaster,"Property income, received",2001,303
Lancaster,"Property income, received",2002,313
Lancaster,"Property income, received",2003,315
Lancaster,"Property income, received",2004,345
Lancaster,"Property income, received",2005,368
Lancaster,"Property income, received",2006,365
Lancaster,"Property income, received",2007,415
Lancaster,"Property income, received",2008,428
Lancaster,"Property income, received",2009,342
Lancaster,"Property income, received",2010,371
Lancaster,"Property income, received",2011,353
Lancaster,"Property income, received",2012,307
Lancaster,"Property income, received",2013,343
Lancaster,"Property income, received",2014,351
Lancaster,"Property income, received",2015,380
Lancaster,"Property income, received",2016,370
Lancaster,"Property income, received",2017,377
Lancaster,"Property income, received",2018,375
Lancaster,"Property income, received",2019,313
Lancaster,"Property income, received",2020,255
Lancaster,"Property income, received",2021,294
Lancaster,"Property income, received",2022,385
Lancaster,Secondary resources total,1997,355
Lancaster,Secondary resources total,1998,357
Lancaster,Secondary resources total,1999,368
Lancaster,Secondary resources total,2000,387
Lancaster,Secondary resources total,2001,430
Lancaster,Secondary resources total,2002,439
Lancaster,Secondary resources total,2003,471
Lancaster,Secondary resources total,2004,492
Lancaster,Secondary resources total,2005,514
Lancaster,Secondary resources total,2006,517
Lancaster,Secondary resources total,2007,560
Lancaster,Secondary resources total,2008,595
Lancaster,Secondary resources total,2009,645
Lancaster,Secondary resources total,2010,668
Lancaster,Secondary resources total,2011,697
Lancaster,Secondary resources total,2012,737
Lancaster,Secondary resources total,2013,754
Lancaster,Secondary resources total,2014,776
Lancaster,Secondary resources total,2015,775
Lancaster,Secondary resources total,2016,772
Lancaster,Secondary resources total,2017,799
Lancaster,Secondary resources total,2018,846
Lancaster,Secondary resources total,2019,821
Lancaster,Secondary resources total,2020,908
Lancaster,Secondary resources total,2021,938
Lancaster,Secondary resources total,2022,992
Lancaster,Secondary uses total,1997,514
Lancaster,Secondary uses total,1998,545
Lancaster,Secondary uses total,1999,564
Lancaster,Secondary uses total,2000,616
Lancaster,Secondary uses total,2001,655
Lancaster,Secondary uses total,2002,695
Lancaster,Secondary uses total,2003,739
Lancaster,Secondary uses total,2004,803
Lancaster,Secondary uses total,2005,840
Lancaster,Secondary uses total,2006,849
Lancaster,Secondary uses total,2007,938
Lancaster,Secondary uses total,2008,957
Lancaster,Secondary uses total,2009,901
Lancaster,Secondary uses total,2010,992
Lancaster,Secondary uses total,2011,973
Lancaster,Secondary uses total,2012,925
Lancaster,Secondary uses total,2013,940
Lancaster,Secondary uses total,2014,936
Lancaster,Secondary uses total,2015,930
Lancaster,Secondary uses total,2016,964
Lancaster,Secondary uses total,2017,1006
Lancaster,Secondary uses total,2018,1026
Lancaster,Secondary uses total,2019,1031
Lancaster,Secondary uses total,2020,1063
Lancaster,Secondary uses total,2021,1118
Lancaster,Secondary uses total,2022,1221
Lancaster,Social contributions/Social benefits paid,1997,311
Lancaster,Social contributions/Social benefits paid,1998,318
Lancaster,Social contributions/Social benefits paid,1999,325
Lancaster,Social contributions/Social benefits paid,2000,367
Lancaster,Social contributions/Social benefits paid,2001,374
Lancaster,Social contributions/Social benefits paid,2002,401
Lancaster,Social contributions/Social benefits paid,2003,428
Lancaster,Social contributions/Social benefits paid,2004,469
Lancaster,Social contributions/Social benefits paid,2005,486
Lancaster,Social contributions/Social benefits paid,2006,501
Lancaster,Social contributions/Social benefits paid,2007,549
Lancaster,Social contributions/Social benefits paid,2008,546
Lancaster,Social contributions/Social benefits paid,2009,510
Lancaster,Social contributions/Social benefits paid,2010,609
Lancaster,Social contributions/Social benefits paid,2011,579
Lancaster,Social contributions/Social benefits paid,2012,537
Lancaster,Social contributions/Social benefits paid,2013,562
Lancaster,Social contributions/Social benefits paid,2014,563
Lancaster,Social contributions/Social benefits paid,2015,559
Lancaster,Social contributions/Social benefits paid,2016,581
Lancaster,Social contributions/Social benefits paid,2017,602
Lancaster,Social contributions/Social benefits paid,2018,602
Lancaster,Social contributions/Social benefits paid,2019,602
Lancaster,Social contributions/Social benefits paid,2020,628
Lancaster,Social contributions/Social benefits paid,2021,645
Lancaster,Social contributions/Social benefits paid,2022,711
Pendle,Balance of primary incomes,1997,847
Pendle,Balance of primary incomes,1998,873
Pendle,Balance of primary incomes,1999,904
Pendle,Balance of primary incomes,2000,974
Pendle,Balance of primary incomes,2001,1007
Pendle,Balance of primary incomes,2002,1034
Pendle,Balance of primary incomes,2003,1071
Pendle,Balance of primary incomes,2004,1131
Pendle,Balance of primary incomes,2005,1188
Pendle,Balance of primary incomes,2006,1232
Pendle,Balance of primary incomes,2007,1321
Pendle,Balance of primary incomes,2008,1342
Pendle,Balance of primary incomes,2009,1296
Pendle,Balance of primary incomes,2010,1350
Pendle,Balance of primary incomes,2011,1334
Pendle,Balance of primary incomes,2012,1311
Pendle,Balance of primary incomes,2013,1305
Pendle,Balance of primary incomes,2014,1329
Pendle,Balance of primary incomes,2015,1427
Pendle,Balance of primary incomes,2016,1456
Pendle,Balance of primary incomes,2017,1483
Pendle,Balance of primary incomes,2018,1475
Pendle,Balance of primary incomes,2019,1521
Pendle,Balance of primary incomes,2020,1508
Pendle,Balance of primary incomes,2021,1586
Pendle,Balance of primary incomes,2022,1730
Pendle,Balance of secondary income,1997,-91
Pendle,Balance of secondary income,1998,-107
Pendle,Balance of secondary income,1999,-110
Pendle,Balance of secondary income,2000,-131
Pendle,Balance of secondary income,2001,-128
Pendle,Balance of secondary income,2002,-141
Pendle,Balance of secondary income,2003,-143
Pendle,Balance of secondary income,2004,-163
Pendle,Balance of secondary income,2005,-169
Pendle,Balance of secondary income,2006,-172
Pendle,Balance of secondary income,2007,-198
Pendle,Balance of secondary income,2008,-173
Pendle,Balance of secondary income,2009,-101
Pendle,Balance of secondary income,2010,-141
Pendle,Balance of secondary income,2011,-114
Pendle,Balance of secondary income,2012,-76
Pendle,Balance of secondary income,2013,-33
Pendle,Balance of secondary income,2014,-40
Pendle,Balance of secondary income,2015,-67
Pendle,Balance of secondary income,2016,-68
Pendle,Balance of secondary income,2017,-71
Pendle,Balance of secondary income,2018,-68
Pendle,Balance of secondary income,2019,-55
Pendle,Balance of secondary income,2020,-35
Pendle,Balance of secondary income,2021,-60
Pendle,Balance of secondary income,2022,-104
Pendle,Compensation of employees,1997,492
Pendle,Compensation of employees,1998,511
Pendle,Compensation of employees,1999,541
Pendle,Compensation of employees,2000,577
Pendle,Compensation of employees,2001,620
Pendle,Compensation of employees,2002,644
Pendle,Compensation of employees,2003,674
Pendle,Compensation of employees,2004,721
Pendle,Compensation of employees,2005,752
Pendle,Compensation of employees,2006,786
Pendle,Compensation of employees,2007,846
Pendle,Compensation of employees,2008,870
Pendle,Compensation of employees,2009,852
Pendle,Compensation of employees,2010,872
Pendle,Compensation of employees,2011,875
Pendle,Compensation of employees,2012,868
Pendle,Compensation of employees,2013,856
Pendle,Compensation of employees,2014,872
Pendle,Compensation of employees,2015,906
Pendle,Compensation of employees,2016,960
Pendle,Compensation of employees,2017,988
Pendle,Compensation of employees,2018,1018
Pendle,Compensation of employees,2019,1044
Pendle,Compensation of employees,2020,1051
Pendle,Compensation of employees,2021,1093
Pendle,Compensation of employees,2022,1163
Pendle,"Current taxes on income, wealth etc",1997,92
Pendle,"Current taxes on income, wealth etc",1998,105
Pendle,"Current taxes on income, wealth etc",1999,111
Pendle,"Current taxes on income, wealth etc",2000,118
Pendle,"Current taxes on income, wealth etc",2001,128
Pendle,"Current taxes on income, wealth etc",2002,134
Pendle,"Current taxes on income, wealth etc",2003,140
Pendle,"Current taxes on income, wealth etc",2004,150
Pendle,"Current taxes on income, wealth etc",2005,158
Pendle,"Current taxes on income, wealth etc",2006,163
Pendle,"Current taxes on income, wealth etc",2007,177
Pendle,"Current taxes on income, wealth etc",2008,189
Pendle,"Current taxes on income, wealth etc",2009,178
Pendle,"Current taxes on income, wealth etc",2010,172
Pendle,"Current taxes on income, wealth etc",2011,172
Pendle,"Current taxes on income, wealth etc",2012,166
Pendle,"Current taxes on income, wealth etc",2013,163
Pendle,"Current taxes on income, wealth etc",2014,165
Pendle,"Current taxes on income, wealth etc",2015,169
Pendle,"Current taxes on income, wealth etc",2016,176
Pendle,"Current taxes on income, wealth etc",2017,183
Pendle,"Current taxes on income, wealth etc",2018,189
Pendle,"Current taxes on income, wealth etc",2019,190
Pendle,"Current taxes on income, wealth etc",2020,188
Pendle,"Current taxes on income, wealth etc",2021,208
Pendle,"Current taxes on income, wealth etc",2022,230
Pendle,Gross Disposable Income,1997,757
Pendle,Gross Disposable Income,1998,766
Pendle,Gross Disposable Income,1999,794
Pendle,Gross Disposable Income,2000,844
Pendle,Gross Disposable Income,2001,879
Pendle,Gross Disposable Income,2002,894
Pendle,Gross Disposable Income,2003,928
Pendle,Gross Disposable Income,2004,969
Pendle,Gross Disposable Income,2005,1019
Pendle,Gross Disposable Income,2006,1060
Pendle,Gross Disposable Income,2007,1123
Pendle,Gross Disposable Income,2008,1169
Pendle,Gross Disposable Income,2009,1196
Pendle,Gross Disposable Income,2010,1210
Pendle,Gross Disposable Income,2011,1219
Pendle,Gross Disposable Income,2012,1235
Pendle,Gross Disposable Income,2013,1272
Pendle,Gross Disposable Income,2014,1289
Pendle,Gross Disposable Income,2015,1360
Pendle,Gross Disposable Income,2016,1388
Pendle,Gross Disposable Income,2017,1412
Pendle,Gross Disposable Income,2018,1407
Pendle,Gross Disposable Income,2019,1466
Pendle,Gross Disposable Income,2020,1473
Pendle,Gross Disposable Income,2021,1525
Pendle,Gross Disposable Income,2022,1625
Pendle,Imputed social contributions/Social benefits received,1997,196
Pendle,Imputed social contributions/Social benefits received,1998,197
Pendle,Imputed social contributions/Social benefits received,1999,204
Pendle,Imputed social contributions/Social benefits received,2000,217
Pendle,Imputed social contributions/Social benefits received,2001,232
Pendle,Imputed social contributions/Social benefits received,2002,243
Pendle,Imputed social contributions/Social benefits received,2003,262
Pendle,Imputed social contributions/Social benefits received,2004,276
Pendle,Imputed social contributions/Social benefits received,2005,286
Pendle,Imputed social contributions/Social benefits received,2006,299
Pendle,Imputed social contributions/Social benefits received,2007,315
Pendle,Imputed social contributions/Social benefits received,2008,353
Pendle,Imputed social contributions/Social benefits received,2009,395
Pendle,Imputed social contributions/Social benefits received,2010,410
Pendle,Imputed social contributions/Social benefits received,2011,416
Pendle,Imputed social contributions/Social benefits received,2012,431
Pendle,Imputed social contributions/Social benefits received,2013,450
Pendle,Imputed social contributions/Social benefits received,2014,439
Pendle,Imputed social contributions/Social benefits received,2015,441
Pendle,Imputed social contributions/Social benefits received,2016,462
Pendle,Imputed social contributions/Social benefits received,2017,463
Pendle,Imputed social contributions/Social benefits received,2018,466
Pendle,Imputed social contributions/Social benefits received,2019,483
Pendle,Imputed social contributions/Social benefits received,2020,502
Pendle,Imputed social contributions/Social benefits received,2021,527
Pendle,Imputed social contributions/Social benefits received,2022,549
Pendle,Mixed income,1997,68
Pendle,Mixed income,1998,71
Pendle,Mixed income,1999,75
Pendle,Mixed income,2000,76
Pendle,Mixed income,2001,79
Pendle,Mixed income,2002,83
Pendle,Mixed income,2003,84
Pendle,Mixed income,2004,87
Pendle,Mixed income,2005,92
Pendle,Mixed income,2006,92
Pendle,Mixed income,2007,88
Pendle,Mixed income,2008,88
Pendle,Mixed income,2009,93
Pendle,Mixed income,2010,96
Pendle,Mixed income,2011,96
Pendle,Mixed income,2012,100
Pendle,Mixed income,2013,102
Pendle,Mixed income,2014,109
Pendle,Mixed income,2015,115
Pendle,Mixed income,2016,117
Pendle,Mixed income,2017,127
Pendle,Mixed income,2018,127
Pendle,Mixed income,2019,139
Pendle,Mixed income,2020,147
Pendle,Mixed income,2021,147
Pendle,Mixed income,2022,148
Pendle,Operating surplus,1997,97
Pendle,Operating surplus,1998,97
Pendle,Operating surplus,1999,99
Pendle,Operating surplus,2000,99
Pendle,Operating surplus,2001,98
Pendle,Operating surplus,2002,78
Pendle,Operating surplus,2003,83
Pendle,Operating surplus,2004,77
Pendle,Operating surplus,2005,91
Pendle,Operating surplus,2006,113
Pendle,Operating surplus,2007,120
Pendle,Operating surplus,2008,129
Pendle,Operating surplus,2009,110
Pendle,Operating surplus,2010,100
Pendle,Operating surplus,2011,101
Pendle,Operating surplus,2012,106
Pendle,Operating surplus,2013,102
Pendle,Operating surplus,2014,112
Pendle,Operating surplus,2015,110
Pendle,Operating surplus,2016,122
Pendle,Operating surplus,2017,127
Pendle,Operating surplus,2018,129
Pendle,Operating surplus,2019,134
Pendle,Operating surplus,2020,135
Pendle,Operating surplus,2021,145
Pendle,Operating surplus,2022,160
Pendle,"Other current transfers, paid",1997,20
Pendle,"Other current transfers, paid",1998,19
Pendle,"Other current transfers, paid",1999,20
Pendle,"Other current transfers, paid",2000,19
Pendle,"Other current transfers, paid",2001,29
Pendle,"Other current transfers, paid",2002,29
Pendle,"Other current transfers, paid",2003,32
Pendle,"Other current transfers, paid",2004,35
Pendle,"Other current transfers, paid",2005,39
Pendle,"Other current transfers, paid",2006,30
Pendle,"Other current transfers, paid",2007,40
Pendle,"Other current transfers, paid",2008,41
Pendle,"Other current transfers, paid",2009,39
Pendle,"Other current transfers, paid",2010,39
Pendle,"Other current transfers, paid",2011,45
Pendle,"Other current transfers, paid",2012,47
Pendle,"Other current transfers, paid",2013,48
Pendle,"Other current transfers, paid",2014,51
Pendle,"Other current transfers, paid",2015,48
Pendle,"Other current transfers, paid",2016,50
Pendle,"Other current transfers, paid",2017,50
Pendle,"Other current transfers, paid",2018,51
Pendle,"Other current transfers, paid",2019,52
Pendle,"Other current transfers, paid",2020,53
Pendle,"Other current transfers, paid",2021,52
Pendle,"Other current transfers, paid",2022,53
Pendle,"Other current transfers, received",1997,15
Pendle,"Other current transfers, received",1998,14
Pendle,"Other current transfers, received",1999,15
Pendle,"Other current transfers, received",2000,13
Pendle,"Other current transfers, received",2001,23
Pendle,"Other current transfers, received",2002,21
Pendle,"Other current transfers, received",2003,23
Pendle,"Other current transfers, received",2004,24
Pendle,"Other current transfers, received",2005,27
Pendle,"Other current transfers, received",2006,18
Pendle,"Other current transfers, received",2007,30
Pendle,"Other current transfers, received",2008,28
Pendle,"Other current transfers, received",2009,24
Pendle,"Other current transfers, received",2010,21
Pendle,"Other current transfers, received",2011,29
Pendle,"Other current transfers, received",2012,36
Pendle,"Other current transfers, received",2013,33
Pendle,"Other current transfers, received",2014,37
Pendle,"Other current transfers, received",2015,34
Pendle,"Other current transfers, received",2016,34
Pendle,"Other current transfers, received",2017,35
Pendle,"Other current transfers, received",2018,37
Pendle,"Other current transfers, received",2019,36
Pendle,"Other current transfers, received",2020,36
Pendle,"Other current transfers, received",2021,29
Pendle,"Other current transfers, received",2022,41
Pendle,Primary resources total,1997,881
Pendle,Primary resources total,1998,908
Pendle,Primary resources total,1999,937
Pendle,Primary resources total,2000,1012
Pendle,Primary resources total,2001,1042
Pendle,Primary resources total,2002,1060
Pendle,Primary resources total,2003,1099
Pendle,Primary resources total,2004,1164
Pendle,Primary resources total,2005,1230
Pendle,Primary resources total,2006,1282
Pendle,Primary resources total,2007,1389
Pendle,Primary resources total,2008,1429
Pendle,Primary resources total,2009,1326
Pendle,Primary resources total,2010,1369
Pendle,Primary resources total,2011,1355
Pendle,Primary resources total,2012,1331
Pendle,Primary resources total,2013,1321
Pendle,Primary resources total,2014,1349
Pendle,Primary resources total,2015,1449
Pendle,Primary resources total,2016,1481
Pendle,Primary resources total,2017,1503
Pendle,Primary resources total,2018,1500
Pendle,Primary resources total,2019,1543
Pendle,Primary resources total,2020,1523
Pendle,Primary resources total,2021,1603
Pendle,Primary resources total,2022,1765
Pendle,Primary uses total,1997,34
Pendle,Primary uses total,1998,35
Pendle,Primary uses total,1999,33
Pendle,Primary uses total,2000,38
Pendle,Primary uses total,2001,35
Pendle,Primary uses total,2002,26
Pendle,Primary uses total,2003,28
Pendle,Primary uses total,2004,33
Pendle,Primary uses total,2005,42
Pendle,Primary uses total,2006,50
Pendle,Primary uses total,2007,68
Pendle,Primary uses total,2008,87
Pendle,Primary uses total,2009,30
Pendle,Primary uses total,2010,19
Pendle,Primary uses total,2011,21
Pendle,Primary uses total,2012,20
Pendle,Primary uses total,2013,16
Pendle,Primary uses total,2014,20
Pendle,Primary uses total,2015,22
Pendle,Primary uses total,2016,25
Pendle,Primary uses total,2017,20
Pendle,Primary uses total,2018,25
Pendle,Primary uses total,2019,22
Pendle,Primary uses total,2020,15
Pendle,Primary uses total,2021,18
Pendle,Primary uses total,2022,35
Pendle,"Property income, paid",1997,34
Pendle,"Property income, paid",1998,35
Pendle,"Property income, paid",1999,33
Pendle,"Property income, paid",2000,38
Pendle,"Property income, paid",2001,35
Pendle,"Property income, paid",2002,26
Pendle,"Property income, paid",2003,28
Pendle,"Property income, paid",2004,33
Pendle,"Property income, paid",2005,42
Pendle,"Property income, paid",2006,50
Pendle,"Property income, paid",2007,68
Pendle,"Property income, paid",2008,87
Pendle,"Property income, paid",2009,30
Pendle,"Property income, paid",2010,19
Pendle,"Property income, paid",2011,21
Pendle,"Property income, paid",2012,20
Pendle,"Property income, paid",2013,16
Pendle,"Property income, paid",2014,20
Pendle,"Property income, paid",2015,22
Pendle,"Property income, paid",2016,25
Pendle,"Property income, paid",2017,20
Pendle,"Property income, paid",2018,25
Pendle,"Property income, paid",2019,22
Pendle,"Property income, paid",2020,15
Pendle,"Property income, paid",2021,18
Pendle,"Property income, paid",2022,35
Pendle,"Property income, received",1997,223
Pendle,"Property income, received",1998,230
Pendle,"Property income, received",1999,221
Pendle,"Property income, received",2000,259
Pendle,"Property income, received",2001,245
Pendle,"Property income, received",2002,255
Pendle,"Property income, received",2003,258
Pendle,"Property income, received",2004,280
Pendle,"Property income, received",2005,295
Pendle,"Property income, received",2006,291
Pendle,"Property income, received",2007,336
Pendle,"Property income, received",2008,343
Pendle,"Property income, received",2009,271
Pendle,"Property income, received",2010,301
Pendle,"Property income, received",2011,283
Pendle,"Property income, received",2012,257
Pendle,"Property income, received",2013,260
Pendle,"Property income, received",2014,256
Pendle,"Property income, received",2015,317
Pendle,"Property income, received",2016,281
Pendle,"Property income, received",2017,261
Pendle,"Property income, received",2018,225
Pendle,"Property income, received",2019,226
Pendle,"Property income, received",2020,190
Pendle,"Property income, received",2021,219
Pendle,"Property income, received",2022,293
Pendle,Secondary resources total,1997,211
Pendle,Secondary resources total,1998,210
Pendle,Secondary resources total,1999,219
Pendle,Secondary resources total,2000,230
Pendle,Secondary resources total,2001,255
Pendle,Secondary resources total,2002,264
Pendle,Secondary resources total,2003,285
Pendle,Secondary resources total,2004,300
Pendle,Secondary resources total,2005,314
Pendle,Secondary resources total,2006,317
Pendle,Secondary resources total,2007,344
Pendle,Secondary resources total,2008,381
Pendle,Secondary resources total,2009,419
Pendle,Secondary resources total,2010,431
Pendle,Secondary resources total,2011,446
Pendle,Secondary resources total,2012,467
Pendle,Secondary resources total,2013,483
Pendle,Secondary resources total,2014,476
Pendle,Secondary resources total,2015,475
Pendle,Secondary resources total,2016,496
Pendle,Secondary resources total,2017,498
Pendle,Secondary resources total,2018,503
Pendle,Secondary resources total,2019,519
Pendle,Secondary resources total,2020,538
Pendle,Secondary resources total,2021,556
Pendle,Secondary resources total,2022,590
Pendle,Secondary uses total,1997,301
Pendle,Secondary uses total,1998,317
Pendle,Secondary uses total,1999,329
Pendle,Secondary uses total,2000,361
Pendle,Secondary uses total,2001,383
Pendle,Secondary uses total,2002,405
Pendle,Secondary uses total,2003,428
Pendle,Secondary uses total,2004,463
Pendle,Secondary uses total,2005,483
Pendle,Secondary uses total,2006,489
Pendle,Secondary uses total,2007,543
Pendle,Secondary uses total,2008,554
Pendle,Secondary uses total,2009,520
Pendle,Secondary uses total,2010,572
Pendle,Secondary uses total,2011,560
Pendle,Secondary uses total,2012,543
Pendle,Secondary uses total,2013,516
Pendle,Secondary uses total,2014,516
Pendle,Secondary uses total,2015,542
Pendle,Secondary uses total,2016,564
Pendle,Secondary uses total,2017,569
Pendle,Secondary uses total,2018,572
Pendle,Secondary uses total,2019,574
Pendle,Secondary uses total,2020,574
Pendle,Secondary uses total,2021,616
Pendle,Secondary uses total,2022,694
Pendle,Social contributions/Social benefits paid,1997,190
Pendle,Social contributions/Social benefits paid,1998,194
Pendle,Social contributions/Social benefits paid,1999,198
Pendle,Social contributions/Social benefits paid,2000,223
Pendle,Social contributions/Social benefits paid,2001,227
Pendle,Social contributions/Social benefits paid,2002,242
Pendle,Social contributions/Social benefits paid,2003,256
Pendle,Social contributions/Social benefits paid,2004,278
Pendle,Social contributions/Social benefits paid,2005,287
Pendle,Social contributions/Social benefits paid,2006,296
Pendle,Social contributions/Social benefits paid,2007,325
Pendle,Social contributions/Social benefits paid,2008,324
Pendle,Social contributions/Social benefits paid,2009,303
Pendle,Social contributions/Social benefits paid,2010,360
Pendle,Social contributions/Social benefits paid,2011,342
Pendle,Social contributions/Social benefits paid,2012,330
Pendle,Social contributions/Social benefits paid,2013,305
Pendle,Social contributions/Social benefits paid,2014,300
Pendle,Social contributions/Social benefits paid,2015,325
Pendle,Social contributions/Social benefits paid,2016,339
Pendle,Social contributions/Social benefits paid,2017,335
Pendle,Social contributions/Social benefits paid,2018,332
Pendle,Social contributions/Social benefits paid,2019,333
Pendle,Social contributions/Social benefits paid,2020,333
Pendle,Social contributions/Social benefits paid,2021,356
Pendle,Social contributions/Social benefits paid,2022,411
Preston,Balance of primary incomes,1997,1290
Preston,Balance of primary incomes,1998,1327
Preston,Balance of primary incomes,1999,1374
Preston,Balance of primary incomes,2000,1441
Preston,Balance of primary incomes,2001,1511
Preston,Balance of primary incomes,2002,1558
Preston,Balance of primary incomes,2003,1624
Preston,Balance of primary incomes,2004,1722
Preston,Balance of primary incomes,2005,1804
Preston,Balance of primary incomes,2006,1868
Preston,Balance of primary incomes,2007,1964
Preston,Balance of primary incomes,2008,1993
Preston,Balance of primary incomes,2009,1998
Preston,Balance of primary incomes,2010,2043
Preston,Balance of primary incomes,2011,2040
Preston,Balance of primary incomes,2012,2042
Preston,Balance of primary incomes,2013,2069
Preston,Balance of primary incomes,2014,2095
Preston,Balance of primary incomes,2015,2206
Preston,Balance of primary incomes,2016,2280
Preston,Balance of primary incomes,2017,2366
Preston,Balance of primary incomes,2018,2439
Preston,Balance of primary incomes,2019,2595
Preston,Balance of primary incomes,2020,2561
Preston,Balance of primary incomes,2021,2712
Preston,Balance of primary incomes,2022,2974
Preston,Balance of secondary income,1997,-121
Preston,Balance of secondary income,1998,-149
Preston,Balance of secondary income,1999,-156
Preston,Balance of secondary income,2000,-184
Preston,Balance of secondary income,2001,-179
Preston,Balance of secondary income,2002,-209
Preston,Balance of secondary income,2003,-214
Preston,Balance of secondary income,2004,-250
Preston,Balance of secondary income,2005,-263
Preston,Balance of secondary income,2006,-272
Preston,Balance of secondary income,2007,-310
Preston,Balance of secondary income,2008,-301
Preston,Balance of secondary income,2009,-205
Preston,Balance of secondary income,2010,-260
Preston,Balance of secondary income,2011,-221
Preston,Balance of secondary income,2012,-169
Preston,Balance of secondary income,2013,-168
Preston,Balance of secondary income,2014,-136
Preston,Balance of secondary income,2015,-159
Preston,Balance of secondary income,2016,-175
Preston,Balance of secondary income,2017,-200
Preston,Balance of secondary income,2018,-263
Preston,Balance of secondary income,2019,-294
Preston,Balance of secondary income,2020,-145
Preston,Balance of secondary income,2021,-242
Preston,Balance of secondary income,2022,-355
Preston,Compensation of employees,1997,899
Preston,Compensation of employees,1998,923
Preston,Compensation of employees,1999,968
Preston,Compensation of employees,2000,1014
Preston,Compensation of employees,2001,1081
Preston,Compensation of employees,2002,1123
Preston,Compensation of employees,2003,1178
Preston,Compensation of employees,2004,1257
Preston,Compensation of employees,2005,1305
Preston,Compensation of employees,2006,1360
Preston,Compensation of employees,2007,1453
Preston,Compensation of employees,2008,1493
Preston,Compensation of employees,2009,1466
Preston,Compensation of employees,2010,1498
Preston,Compensation of employees,2011,1507
Preston,Compensation of employees,2012,1505
Preston,Compensation of employees,2013,1517
Preston,Compensation of employees,2014,1529
Preston,Compensation of employees,2015,1602
Preston,Compensation of employees,2016,1689
Preston,Compensation of employees,2017,1739
Preston,Compensation of employees,2018,1817
Preston,Compensation of employees,2019,1919
Preston,Compensation of employees,2020,1929
Preston,Compensation of employees,2021,2034
Preston,Compensation of employees,2022,2229
Preston,"Current taxes on income, wealth etc",1997,170
Preston,"Current taxes on income, wealth etc",1998,195
Preston,"Current taxes on income, wealth etc",1999,203
Preston,"Current taxes on income, wealth etc",2000,211
Preston,"Current taxes on income, wealth etc",2001,226
Preston,"Current taxes on income, wealth etc",2002,234
Preston,"Current taxes on income, wealth etc",2003,243
Preston,"Current taxes on income, wealth etc",2004,257
Preston,"Current taxes on income, wealth etc",2005,270
Preston,"Current taxes on income, wealth etc",2006,279
Preston,"Current taxes on income, wealth etc",2007,300
Preston,"Current taxes on income, wealth etc",2008,319
Preston,"Current taxes on income, wealth etc",2009,304
Preston,"Current taxes on income, wealth etc",2010,297
Preston,"Current taxes on income, wealth etc",2011,297
Preston,"Current taxes on income, wealth etc",2012,287
Preston,"Current taxes on income, wealth etc",2013,289
Preston,"Current taxes on income, wealth etc",2014,290
Preston,"Current taxes on income, wealth etc",2015,307
Preston,"Current taxes on income, wealth etc",2016,320
Preston,"Current taxes on income, wealth etc",2017,332
Preston,"Current taxes on income, wealth etc",2018,345
Preston,"Current taxes on income, wealth etc",2019,349
Preston,"Current taxes on income, wealth etc",2020,349
Preston,"Current taxes on income, wealth etc",2021,395
Preston,"Current taxes on income, wealth etc",2022,445
Preston,Gross Disposable Income,1997,1169
Preston,Gross Disposable Income,1998,1178
Preston,Gross Disposable Income,1999,1219
Preston,Gross Disposable Income,2000,1257
Preston,Gross Disposable Income,2001,1332
Preston,Gross Disposable Income,2002,1349
Preston,Gross Disposable Income,2003,1410
Preston,Gross Disposable Income,2004,1472
Preston,Gross Disposable Income,2005,1540
Preston,Gross Disposable Income,2006,1595
Preston,Gross Disposable Income,2007,1654
Preston,Gross Disposable Income,2008,1692
Preston,Gross Disposable Income,2009,1792
Preston,Gross Disposable Income,2010,1782
Preston,Gross Disposable Income,2011,1819
Preston,Gross Disposable Income,2012,1873
Preston,Gross Disposable Income,2013,1901
Preston,Gross Disposable Income,2014,1959
Preston,Gross Disposable Income,2015,2047
Preston,Gross Disposable Income,2016,2105
Preston,Gross Disposable Income,2017,2167
Preston,Gross Disposable Income,2018,2176
Preston,Gross Disposable Income,2019,2301
Preston,Gross Disposable Income,2020,2416
Preston,Gross Disposable Income,2021,2470
Preston,Gross Disposable Income,2022,2619
Preston,Imputed social contributions/Social benefits received,1997,342
Preston,Imputed social contributions/Social benefits received,1998,344
Preston,Imputed social contributions/Social benefits received,1999,352
Preston,Imputed social contributions/Social benefits received,2000,368
Preston,Imputed social contributions/Social benefits received,2001,393
Preston,Imputed social contributions/Social benefits received,2002,399
Preston,Imputed social contributions/Social benefits received,2003,429
Preston,Imputed social contributions/Social benefits received,2004,446
Preston,Imputed social contributions/Social benefits received,2005,461
Preston,Imputed social contributions/Social benefits received,2006,478
Preston,Imputed social contributions/Social benefits received,2007,504
Preston,Imputed social contributions/Social benefits received,2008,536
Preston,Imputed social contributions/Social benefits received,2009,589
Preston,Imputed social contributions/Social benefits received,2010,617
Preston,Imputed social contributions/Social benefits received,2011,629
Preston,Imputed social contributions/Social benefits received,2012,656
Preston,Imputed social contributions/Social benefits received,2013,668
Preston,Imputed social contributions/Social benefits received,2014,678
Preston,Imputed social contributions/Social benefits received,2015,701
Preston,Imputed social contributions/Social benefits received,2016,712
Preston,Imputed social contributions/Social benefits received,2017,715
Preston,Imputed social contributions/Social benefits received,2018,685
Preston,Imputed social contributions/Social benefits received,2019,708
Preston,Imputed social contributions/Social benefits received,2020,814
Preston,Imputed social contributions/Social benefits received,2021,802
Preston,Imputed social contributions/Social benefits received,2022,843
Preston,Mixed income,1997,93
Preston,Mixed income,1998,97
Preston,Mixed income,1999,103
Preston,Mixed income,2000,105
Preston,Mixed income,2001,108
Preston,Mixed income,2002,113
Preston,Mixed income,2003,116
Preston,Mixed income,2004,120
Preston,Mixed income,2005,126
Preston,Mixed income,2006,132
Preston,Mixed income,2007,128
Preston,Mixed income,2008,128
Preston,Mixed income,2009,133
Preston,Mixed income,2010,139
Preston,Mixed income,2011,141
Preston,Mixed income,2012,140
Preston,Mixed income,2013,144
Preston,Mixed income,2014,155
Preston,Mixed income,2015,163
Preston,Mixed income,2016,165
Preston,Mixed income,2017,181
Preston,Mixed income,2018,186
Preston,Mixed income,2019,201
Preston,Mixed income,2020,206
Preston,Mixed income,2021,209
Preston,Mixed income,2022,211
Preston,Operating surplus,1997,186
Preston,Operating surplus,1998,194
Preston,Operating surplus,1999,190
Preston,Operating surplus,2000,181
Preston,Operating surplus,2001,191
Preston,Operating surplus,2002,177
Preston,Operating surplus,2003,184
Preston,Operating surplus,2004,197
Preston,Operating surplus,2005,222
Preston,Operating surplus,2006,224
Preston,Operating surplus,2007,222
Preston,Operating surplus,2008,227
Preston,Operating surplus,2009,226
Preston,Operating surplus,2010,197
Preston,Operating surplus,2011,199
Preston,Operating surplus,2012,218
Preston,Operating surplus,2013,209
Preston,Operating surplus,2014,210
Preston,Operating surplus,2015,214
Preston,Operating surplus,2016,230
Preston,Operating surplus,2017,239
Preston,Operating surplus,2018,253
Preston,Operating surplus,2019,259
Preston,Operating surplus,2020,246
Preston,Operating surplus,2021,260
Preston,Operating surplus,2022,271
Preston,"Other current transfers, paid",1997,33
Preston,"Other current transfers, paid",1998,31
Preston,"Other current transfers, paid",1999,33
Preston,"Other current transfers, paid",2000,31
Preston,"Other current transfers, paid",2001,47
Preston,"Other current transfers, paid",2002,47
Preston,"Other current transfers, paid",2003,54
Preston,"Other current transfers, paid",2004,59
Preston,"Other current transfers, paid",2005,66
Preston,"Other current transfers, paid",2006,50
Preston,"Other current transfers, paid",2007,69
Preston,"Other current transfers, paid",2008,69
Preston,"Other current transfers, paid",2009,66
Preston,"Other current transfers, paid",2010,66
Preston,"Other current transfers, paid",2011,77
Preston,"Other current transfers, paid",2012,81
Preston,"Other current transfers, paid",2013,81
Preston,"Other current transfers, paid",2014,87
Preston,"Other current transfers, paid",2015,81
Preston,"Other current transfers, paid",2016,83
Preston,"Other current transfers, paid",2017,85
Preston,"Other current transfers, paid",2018,87
Preston,"Other current transfers, paid",2019,89
Preston,"Other current transfers, paid",2020,91
Preston,"Other current transfers, paid",2021,89
Preston,"Other current transfers, paid",2022,94
Preston,"Other current transfers, received",1997,25
Preston,"Other current transfers, received",1998,23
Preston,"Other current transfers, received",1999,24
Preston,"Other current transfers, received",2000,21
Preston,"Other current transfers, received",2001,37
Preston,"Other current transfers, received",2002,35
Preston,"Other current transfers, received",2003,39
Preston,"Other current transfers, received",2004,41
Preston,"Other current transfers, received",2005,46
Preston,"Other current transfers, received",2006,30
Preston,"Other current transfers, received",2007,49
Preston,"Other current transfers, received",2008,47
Preston,"Other current transfers, received",2009,39
Preston,"Other current transfers, received",2010,35
Preston,"Other current transfers, received",2011,49
Preston,"Other current transfers, received",2012,60
Preston,"Other current transfers, received",2013,54
Preston,"Other current transfers, received",2014,61
Preston,"Other current transfers, received",2015,56
Preston,"Other current transfers, received",2016,55
Preston,"Other current transfers, received",2017,57
Preston,"Other current transfers, received",2018,60
Preston,"Other current transfers, received",2019,59
Preston,"Other current transfers, received",2020,60
Preston,"Other current transfers, received",2021,49
Preston,"Other current transfers, received",2022,68
Preston,Primary resources total,1997,1354
Preston,Primary resources total,1998,1398
Preston,Primary resources total,1999,1437
Preston,Primary resources total,2000,1510
Preston,Primary resources total,2001,1579
Preston,Primary resources total,2002,1616
Preston,Primary resources total,2003,1686
Preston,Primary resources total,2004,1806
Preston,Primary resources total,2005,1905
Preston,Primary resources total,2006,1968
Preston,Primary resources total,2007,2091
Preston,Primary resources total,2008,2146
Preston,Primary resources total,2009,2059
Preston,Primary resources total,2010,2079
Preston,Primary resources total,2011,2082
Preston,Primary resources total,2012,2083
Preston,Primary resources total,2013,2102
Preston,Primary resources total,2014,2133
Preston,Primary resources total,2015,2248
Preston,Primary resources total,2016,2327
Preston,Primary resources total,2017,2404
Preston,Primary resources total,2018,2487
Preston,Primary resources total,2019,2638
Preston,Primary resources total,2020,2589
Preston,Primary resources total,2021,2744
Preston,Primary resources total,2022,3033
Preston,Primary uses total,1997,64
Preston,Primary uses total,1998,71
Preston,Primary uses total,1999,63
Preston,Primary uses total,2000,69
Preston,Primary uses total,2001,68
Preston,Primary uses total,2002,58
Preston,Primary uses total,2003,62
Preston,Primary uses total,2004,84
Preston,Primary uses total,2005,101
Preston,Primary uses total,2006,100
Preston,Primary uses total,2007,126
Preston,Primary uses total,2008,153
Preston,Primary uses total,2009,61
Preston,Primary uses total,2010,37
Preston,Primary uses total,2011,42
Preston,Primary uses total,2012,41
Preston,Primary uses total,2013,33
Preston,Primary uses total,2014,37
Preston,Primary uses total,2015,42
Preston,Primary uses total,2016,47
Preston,Primary uses total,2017,38
Preston,Primary uses total,2018,48
Preston,Primary uses total,2019,42
Preston,Primary uses total,2020,27
Preston,Primary uses total,2021,32
Preston,Primary uses total,2022,60
Preston,"Property income, paid",1997,64
Preston,"Property income, paid",1998,71
Preston,"Property income, paid",1999,63
Preston,"Property income, paid",2000,69
Preston,"Property income, paid",2001,68
Preston,"Property income, paid",2002,58
Preston,"Property income, paid",2003,62
Preston,"Property income, paid",2004,84
Preston,"Property income, paid",2005,101
Preston,"Property income, paid",2006,100
Preston,"Property income, paid",2007,126
Preston,"Property income, paid",2008,153
Preston,"Property income, paid",2009,61
Preston,"Property income, paid",2010,37
Preston,"Property income, paid",2011,42
Preston,"Property income, paid",2012,41
Preston,"Property income, paid",2013,33
Preston,"Property income, paid",2014,37
Preston,"Property income, paid",2015,42
Preston,"Property income, paid",2016,47
Preston,"Property income, paid",2017,38
Preston,"Property income, paid",2018,48
Preston,"Property income, paid",2019,42
Preston,"Property income, paid",2020,27
Preston,"Property income, paid",2021,32
Preston,"Property income, paid",2022,60
Preston,"Property income, received",1997,177
Preston,"Property income, received",1998,184
Preston,"Property income, received",1999,176
Preston,"Property income, received",2000,210
Preston,"Property income, received",2001,199
Preston,"Property income, received",2002,203
Preston,"Property income, received",2003,209
Preston,"Property income, received",2004,232
Preston,"Property income, received",2005,252
Preston,"Property income, received",2006,252
Preston,"Property income, received",2007,287
Preston,"Property income, received",2008,298
Preston,"Property income, received",2009,234
Preston,"Property income, received",2010,245
Preston,"Property income, received",2011,236
Preston,"Property income, received",2012,220
Preston,"Property income, received",2013,232
Preston,"Property income, received",2014,238
Preston,"Property income, received",2015,269
Preston,"Property income, received",2016,243
Preston,"Property income, received",2017,245
Preston,"Property income, received",2018,231
Preston,"Property income, received",2019,259
Preston,"Property income, received",2020,207
Preston,"Property income, received",2021,242
Preston,"Property income, received",2022,322
Preston,Secondary resources total,1997,367
Preston,Secondary resources total,1998,367
Preston,Secondary resources total,1999,377
Preston,Secondary resources total,2000,390
Preston,Secondary resources total,2001,430
Preston,Secondary resources total,2002,434
Preston,Secondary resources total,2003,467
Preston,Secondary resources total,2004,487
Preston,Secondary resources total,2005,508
Preston,Secondary resources total,2006,508
Preston,Secondary resources total,2007,554
Preston,Secondary resources total,2008,583
Preston,Secondary resources total,2009,628
Preston,Secondary resources total,2010,652
Preston,Secondary resources total,2011,678
Preston,Secondary resources total,2012,716
Preston,Secondary resources total,2013,723
Preston,Secondary resources total,2014,739
Preston,Secondary resources total,2015,757
Preston,Secondary resources total,2016,767
Preston,Secondary resources total,2017,772
Preston,Secondary resources total,2018,746
Preston,Secondary resources total,2019,767
Preston,Secondary resources total,2020,874
Preston,Secondary resources total,2021,850
Preston,Secondary resources total,2022,912
Preston,Secondary uses total,1997,488
Preston,Secondary uses total,1998,516
Preston,Secondary uses total,1999,532
Preston,Secondary uses total,2000,573
Preston,Secondary uses total,2001,610
Preston,Secondary uses total,2002,642
Preston,Secondary uses total,2003,682
Preston,Secondary uses total,2004,737
Preston,Secondary uses total,2005,771
Preston,Secondary uses total,2006,780
Preston,Secondary uses total,2007,864
Preston,Secondary uses total,2008,883
Preston,Secondary uses total,2009,833
Preston,Secondary uses total,2010,912
Preston,Secondary uses total,2011,900
Preston,Secondary uses total,2012,885
Preston,Secondary uses total,2013,891
Preston,Secondary uses total,2014,875
Preston,Secondary uses total,2015,916
Preston,Secondary uses total,2016,942
Preston,Secondary uses total,2017,972
Preston,Secondary uses total,2018,1008
Preston,Secondary uses total,2019,1061
Preston,Secondary uses total,2020,1019
Preston,Secondary uses total,2021,1092
Preston,Secondary uses total,2022,1267
Preston,Social contributions/Social benefits paid,1997,285
Preston,Social contributions/Social benefits paid,1998,290
Preston,Social contributions/Social benefits paid,1999,296
Preston,Social contributions/Social benefits paid,2000,331
Preston,Social contributions/Social benefits paid,2001,337
Preston,Social contributions/Social benefits paid,2002,361
Preston,Social contributions/Social benefits paid,2003,384
Preston,Social contributions/Social benefits paid,2004,421
Preston,Social contributions/Social benefits paid,2005,436
Preston,Social contributions/Social benefits paid,2006,451
Preston,Social contributions/Social benefits paid,2007,495
Preston,Social contributions/Social benefits paid,2008,495
Preston,Social contributions/Social benefits paid,2009,464
Preston,Social contributions/Social benefits paid,2010,549
Preston,Social contributions/Social benefits paid,2011,525
Preston,Social contributions/Social benefits paid,2012,516
Preston,Social contributions/Social benefits paid,2013,520
Preston,Social contributions/Social benefits paid,2014,498
Preston,Social contributions/Social benefits paid,2015,528
Preston,Social contributions/Social benefits paid,2016,538
Preston,Social contributions/Social benefits paid,2017,555
Preston,Social contributions/Social benefits paid,2018,576
Preston,Social contributions/Social benefits paid,2019,624
Preston,Social contributions/Social benefits paid,2020,579
Preston,Social contributions/Social benefits paid,2021,608
Preston,Social contributions/Social benefits paid,2022,728
Ribble Valley,Balance of primary incomes,1997,901
Ribble Valley,Balance of primary incomes,1998,930
Ribble Valley,Balance of primary incomes,1999,957
Ribble Valley,Balance of primary incomes,2000,1032
Ribble Valley,Balance of primary incomes,2001,1060
Ribble Valley,Balance of primary incomes,2002,1097
Ribble Valley,Balance of primary incomes,2003,1147
Ribble Valley,Balance of primary incomes,2004,1222
Ribble Valley,Balance of primary incomes,2005,1275
Ribble Valley,Balance of primary incomes,2006,1312
Ribble Valley,Balance of primary incomes,2007,1399
Ribble Valley,Balance of primary incomes,2008,1421
Ribble Valley,Balance of primary incomes,2009,1352
Ribble Valley,Balance of primary incomes,2010,1404
Ribble Valley,Balance of primary incomes,2011,1398
Ribble Valley,Balance of primary incomes,2012,1370
Ribble Valley,Balance of primary incomes,2013,1406
Ribble Valley,Balance of primary incomes,2014,1435
Ribble Valley,Balance of primary incomes,2015,1534
Ribble Valley,Balance of primary incomes,2016,1547
Ribble Valley,Balance of primary incomes,2017,1600
Ribble Valley,Balance of primary incomes,2018,1663
Ribble Valley,Balance of primary incomes,2019,1719
Ribble Valley,Balance of primary incomes,2020,1619
Ribble Valley,Balance of primary incomes,2021,1735
Ribble Valley,Balance of primary incomes,2022,1934
Ribble Valley,Balance of secondary income,1997,-127
Ribble Valley,Balance of secondary income,1998,-145
Ribble Valley,Balance of secondary income,1999,-148
Ribble Valley,Balance of secondary income,2000,-158
Ribble Valley,Balance of secondary income,2001,-157
Ribble Valley,Balance of secondary income,2002,-179
Ribble Valley,Balance of secondary income,2003,-191
Ribble Valley,Balance of secondary income,2004,-214
Ribble Valley,Balance of secondary income,2005,-220
Ribble Valley,Balance of secondary income,2006,-222
Ribble Valley,Balance of secondary income,2007,-245
Ribble Valley,Balance of secondary income,2008,-239
Ribble Valley,Balance of secondary income,2009,-186
Ribble Valley,Balance of secondary income,2010,-216
Ribble Valley,Balance of secondary income,2011,-196
Ribble Valley,Balance of secondary income,2012,-167
Ribble Valley,Balance of secondary income,2013,-162
Ribble Valley,Balance of secondary income,2014,-146
Ribble Valley,Balance of secondary income,2015,-157
Ribble Valley,Balance of secondary income,2016,-164
Ribble Valley,Balance of secondary income,2017,-179
Ribble Valley,Balance of secondary income,2018,-177
Ribble Valley,Balance of secondary income,2019,-185
Ribble Valley,Balance of secondary income,2020,-146
Ribble Valley,Balance of secondary income,2021,-148
Ribble Valley,Balance of secondary income,2022,-202
Ribble Valley,Compensation of employees,1997,484
Ribble Valley,Compensation of employees,1998,497
Ribble Valley,Compensation of employees,1999,521
Ribble Valley,Compensation of employees,2000,546
Ribble Valley,Compensation of employees,2001,583
Ribble Valley,Compensation of employees,2002,605
Ribble Valley,Compensation of employees,2003,635
Ribble Valley,Compensation of employees,2004,678
Ribble Valley,Compensation of employees,2005,705
Ribble Valley,Compensation of employees,2006,735
Ribble Valley,Compensation of employees,2007,785
Ribble Valley,Compensation of employees,2008,806
Ribble Valley,Compensation of employees,2009,792
Ribble Valley,Compensation of employees,2010,811
Ribble Valley,Compensation of employees,2011,815
Ribble Valley,Compensation of employees,2012,814
Ribble Valley,Compensation of employees,2013,820
Ribble Valley,Compensation of employees,2014,826
Ribble Valley,Compensation of employees,2015,866
Ribble Valley,Compensation of employees,2016,913
Ribble Valley,Compensation of employees,2017,940
Ribble Valley,Compensation of employees,2018,981
Ribble Valley,Compensation of employees,2019,1037
Ribble Valley,Compensation of employees,2020,1033
Ribble Valley,Compensation of employees,2021,1072
Ribble Valley,Compensation of employees,2022,1150
Ribble Valley,"Current taxes on income, wealth etc",1997,116
Ribble Valley,"Current taxes on income, wealth etc",1998,132
Ribble Valley,"Current taxes on income, wealth etc",1999,138
Ribble Valley,"Current taxes on income, wealth etc",2000,144
Ribble Valley,"Current taxes on income, wealth etc",2001,154
Ribble Valley,"Current taxes on income, wealth etc",2002,160
Ribble Valley,"Current taxes on income, wealth etc",2003,166
Ribble Valley,"Current taxes on income, wealth etc",2004,176
Ribble Valley,"Current taxes on income, wealth etc",2005,185
Ribble Valley,"Current taxes on income, wealth etc",2006,191
Ribble Valley,"Current taxes on income, wealth etc",2007,204
Ribble Valley,"Current taxes on income, wealth etc",2008,218
Ribble Valley,"Current taxes on income, wealth etc",2009,207
Ribble Valley,"Current taxes on income, wealth etc",2010,202
Ribble Valley,"Current taxes on income, wealth etc",2011,203
Ribble Valley,"Current taxes on income, wealth etc",2012,196
Ribble Valley,"Current taxes on income, wealth etc",2013,196
Ribble Valley,"Current taxes on income, wealth etc",2014,196
Ribble Valley,"Current taxes on income, wealth etc",2015,208
Ribble Valley,"Current taxes on income, wealth etc",2016,217
Ribble Valley,"Current taxes on income, wealth etc",2017,225
Ribble Valley,"Current taxes on income, wealth etc",2018,233
Ribble Valley,"Current taxes on income, wealth etc",2019,235
Ribble Valley,"Current taxes on income, wealth etc",2020,235
Ribble Valley,"Current taxes on income, wealth etc",2021,262
Ribble Valley,"Current taxes on income, wealth etc",2022,291
Ribble Valley,Gross Disposable Income,1997,774
Ribble Valley,Gross Disposable Income,1998,785
Ribble Valley,Gross Disposable Income,1999,809
Ribble Valley,Gross Disposable Income,2000,874
Ribble Valley,Gross Disposable Income,2001,903
Ribble Valley,Gross Disposable Income,2002,918
Ribble Valley,Gross Disposable Income,2003,956
Ribble Valley,Gross Disposable Income,2004,1009
Ribble Valley,Gross Disposable Income,2005,1055
Ribble Valley,Gross Disposable Income,2006,1090
Ribble Valley,Gross Disposable Income,2007,1154
Ribble Valley,Gross Disposable Income,2008,1182
Ribble Valley,Gross Disposable Income,2009,1166
Ribble Valley,Gross Disposable Income,2010,1189
Ribble Valley,Gross Disposable Income,2011,1202
Ribble Valley,Gross Disposable Income,2012,1203
Ribble Valley,Gross Disposable Income,2013,1243
Ribble Valley,Gross Disposable Income,2014,1289
Ribble Valley,Gross Disposable Income,2015,1377
Ribble Valley,Gross Disposable Income,2016,1383
Ribble Valley,Gross Disposable Income,2017,1421
Ribble Valley,Gross Disposable Income,2018,1486
Ribble Valley,Gross Disposable Income,2019,1534
Ribble Valley,Gross Disposable Income,2020,1473
Ribble Valley,Gross Disposable Income,2021,1587
Ribble Valley,Gross Disposable Income,2022,1732
Ribble Valley,Imputed social contributions/Social benefits received,1997,147
Ribble Valley,Imputed social contributions/Social benefits received,1998,149
Ribble Valley,Imputed social contributions/Social benefits received,1999,155
Ribble Valley,Imputed social contributions/Social benefits received,2000,171
Ribble Valley,Imputed social contributions/Social benefits received,2001,185
Ribble Valley,Imputed social contributions/Social benefits received,2002,183
Ribble Valley,Imputed social contributions/Social benefits received,2003,191
Ribble Valley,Imputed social contributions/Social benefits received,2004,200
Ribble Valley,Imputed social contributions/Social benefits received,2005,211
Ribble Valley,Imputed social contributions/Social benefits received,2006,224
Ribble Valley,Imputed social contributions/Social benefits received,2007,239
Ribble Valley,Imputed social contributions/Social benefits received,2008,260
Ribble Valley,Imputed social contributions/Social benefits received,2009,287
Ribble Valley,Imputed social contributions/Social benefits received,2010,301
Ribble Valley,Imputed social contributions/Social benefits received,2011,307
Ribble Valley,Imputed social contributions/Social benefits received,2012,321
Ribble Valley,Imputed social contributions/Social benefits received,2013,330
Ribble Valley,Imputed social contributions/Social benefits received,2014,334
Ribble Valley,Imputed social contributions/Social benefits received,2015,351
Ribble Valley,Imputed social contributions/Social benefits received,2016,361
Ribble Valley,Imputed social contributions/Social benefits received,2017,363
Ribble Valley,Imputed social contributions/Social benefits received,2018,380
Ribble Valley,Imputed social contributions/Social benefits received,2019,403
Ribble Valley,Imputed social contributions/Social benefits received,2020,418
Ribble Valley,Imputed social contributions/Social benefits received,2021,458
Ribble Valley,Imputed social contributions/Social benefits received,2022,481
Ribble Valley,Mixed income,1997,59
Ribble Valley,Mixed income,1998,61
Ribble Valley,Mixed income,1999,65
Ribble Valley,Mixed income,2000,66
Ribble Valley,Mixed income,2001,68
Ribble Valley,Mixed income,2002,71
Ribble Valley,Mixed income,2003,72
Ribble Valley,Mixed income,2004,75
Ribble Valley,Mixed income,2005,78
Ribble Valley,Mixed income,2006,82
Ribble Valley,Mixed income,2007,78
Ribble Valley,Mixed income,2008,77
Ribble Valley,Mixed income,2009,80
Ribble Valley,Mixed income,2010,82
Ribble Valley,Mixed income,2011,82
Ribble Valley,Mixed income,2012,82
Ribble Valley,Mixed income,2013,84
Ribble Valley,Mixed income,2014,91
Ribble Valley,Mixed income,2015,96
Ribble Valley,Mixed income,2016,97
Ribble Valley,Mixed income,2017,106
Ribble Valley,Mixed income,2018,109
Ribble Valley,Mixed income,2019,113
Ribble Valley,Mixed income,2020,118
Ribble Valley,Mixed income,2021,126
Ribble Valley,Mixed income,2022,129
Ribble Valley,Operating surplus,1997,109
Ribble Valley,Operating surplus,1998,115
Ribble Valley,Operating surplus,1999,126
Ribble Valley,Operating surplus,2000,126
Ribble Valley,Operating surplus,2001,134
Ribble Valley,Operating surplus,2002,135
Ribble Valley,Operating surplus,2003,151
Ribble Valley,Operating surplus,2004,160
Ribble Valley,Operating surplus,2005,152
Ribble Valley,Operating surplus,2006,157
Ribble Valley,Operating surplus,2007,160
Ribble Valley,Operating surplus,2008,165
Ribble Valley,Operating surplus,2009,139
Ribble Valley,Operating surplus,2010,139
Ribble Valley,Operating surplus,2011,149
Ribble Valley,Operating surplus,2012,143
Ribble Valley,Operating surplus,2013,147
Ribble Valley,Operating surplus,2014,159
Ribble Valley,Operating surplus,2015,169
Ribble Valley,Operating surplus,2016,179
Ribble Valley,Operating surplus,2017,185
Ribble Valley,Operating surplus,2018,188
Ribble Valley,Operating surplus,2019,206
Ribble Valley,Operating surplus,2020,198
Ribble Valley,Operating surplus,2021,198
Ribble Valley,Operating surplus,2022,220
Ribble Valley,"Other current transfers, paid",1997,13
Ribble Valley,"Other current transfers, paid",1998,13
Ribble Valley,"Other current transfers, paid",1999,13
Ribble Valley,"Other current transfers, paid",2000,13
Ribble Valley,"Other current transfers, paid",2001,19
Ribble Valley,"Other current transfers, paid",2002,20
Ribble Valley,"Other current transfers, paid",2003,22
Ribble Valley,"Other current transfers, paid",2004,24
Ribble Valley,"Other current transfers, paid",2005,27
Ribble Valley,"Other current transfers, paid",2006,20
Ribble Valley,"Other current transfers, paid",2007,27
Ribble Valley,"Other current transfers, paid",2008,28
Ribble Valley,"Other current transfers, paid",2009,26
Ribble Valley,"Other current transfers, paid",2010,26
Ribble Valley,"Other current transfers, paid",2011,31
Ribble Valley,"Other current transfers, paid",2012,32
Ribble Valley,"Other current transfers, paid",2013,32
Ribble Valley,"Other current transfers, paid",2014,35
Ribble Valley,"Other current transfers, paid",2015,33
Ribble Valley,"Other current transfers, paid",2016,34
Ribble Valley,"Other current transfers, paid",2017,34
Ribble Valley,"Other current transfers, paid",2018,35
Ribble Valley,"Other current transfers, paid",2019,35
Ribble Valley,"Other current transfers, paid",2020,37
Ribble Valley,"Other current transfers, paid",2021,36
Ribble Valley,"Other current transfers, paid",2022,37
Ribble Valley,"Other current transfers, received",1997,10
Ribble Valley,"Other current transfers, received",1998,9
Ribble Valley,"Other current transfers, received",1999,10
Ribble Valley,"Other current transfers, received",2000,9
Ribble Valley,"Other current transfers, received",2001,16
Ribble Valley,"Other current transfers, received",2002,15
Ribble Valley,"Other current transfers, received",2003,16
Ribble Valley,"Other current transfers, received",2004,17
Ribble Valley,"Other current transfers, received",2005,19
Ribble Valley,"Other current transfers, received",2006,12
Ribble Valley,"Other current transfers, received",2007,20
Ribble Valley,"Other current transfers, received",2008,19
Ribble Valley,"Other current transfers, received",2009,16
Ribble Valley,"Other current transfers, received",2010,15
Ribble Valley,"Other current transfers, received",2011,20
Ribble Valley,"Other current transfers, received",2012,25
Ribble Valley,"Other current transfers, received",2013,23
Ribble Valley,"Other current transfers, received",2014,26
Ribble Valley,"Other current transfers, received",2015,24
Ribble Valley,"Other current transfers, received",2016,24
Ribble Valley,"Other current transfers, received",2017,25
Ribble Valley,"Other current transfers, received",2018,26
Ribble Valley,"Other current transfers, received",2019,25
Ribble Valley,"Other current transfers, received",2020,26
Ribble Valley,"Other current transfers, received",2021,21
Ribble Valley,"Other current transfers, received",2022,29
Ribble Valley,Primary resources total,1997,939
Ribble Valley,Primary resources total,1998,972
Ribble Valley,Primary resources total,1999,999
Ribble Valley,Primary resources total,2000,1080
Ribble Valley,Primary resources total,2001,1108
Ribble Valley,Primary resources total,2002,1142
Ribble Valley,Primary resources total,2003,1198
Ribble Valley,Primary resources total,2004,1291
Ribble Valley,Primary resources total,2005,1345
Ribble Valley,Primary resources total,2006,1382
Ribble Valley,Primary resources total,2007,1490
Ribble Valley,Primary resources total,2008,1533
Ribble Valley,Primary resources total,2009,1390
Ribble Valley,Primary resources total,2010,1431
Ribble Valley,Primary resources total,2011,1430
Ribble Valley,Primary resources total,2012,1397
Ribble Valley,Primary resources total,2013,1429
Ribble Valley,Primary resources total,2014,1463
Ribble Valley,Primary resources total,2015,1568
Ribble Valley,Primary resources total,2016,1584
Ribble Valley,Primary resources total,2017,1629
Ribble Valley,Primary resources total,2018,1698
Ribble Valley,Primary resources total,2019,1752
Ribble Valley,Primary resources total,2020,1641
Ribble Valley,Primary resources total,2021,1759
Ribble Valley,Primary resources total,2022,1982
Ribble Valley,Primary uses total,1997,38
Ribble Valley,Primary uses total,1998,42
Ribble Valley,Primary uses total,1999,42
Ribble Valley,Primary uses total,2000,48
Ribble Valley,Primary uses total,2001,48
Ribble Valley,Primary uses total,2002,44
Ribble Valley,Primary uses total,2003,51
Ribble Valley,Primary uses total,2004,69
Ribble Valley,Primary uses total,2005,70
Ribble Valley,Primary uses total,2006,70
Ribble Valley,Primary uses total,2007,91
Ribble Valley,Primary uses total,2008,112
Ribble Valley,Primary uses total,2009,37
Ribble Valley,Primary uses total,2010,26
Ribble Valley,Primary uses total,2011,32
Ribble Valley,Primary uses total,2012,27
Ribble Valley,Primary uses total,2013,23
Ribble Valley,Primary uses total,2014,28
Ribble Valley,Primary uses total,2015,33
Ribble Valley,Primary uses total,2016,36
Ribble Valley,Primary uses total,2017,29
Ribble Valley,Primary uses total,2018,36
Ribble Valley,Primary uses total,2019,33
Ribble Valley,Primary uses total,2020,22
Ribble Valley,Primary uses total,2021,24
Ribble Valley,Primary uses total,2022,48
Ribble Valley,"Property income, paid",1997,38
Ribble Valley,"Property income, paid",1998,42
Ribble Valley,"Property income, paid",1999,42
Ribble Valley,"Property income, paid",2000,48
Ribble Valley,"Property income, paid",2001,48
Ribble Valley,"Property income, paid",2002,44
Ribble Valley,"Property income, paid",2003,51
Ribble Valley,"Property income, paid",2004,69
Ribble Valley,"Property income, paid",2005,70
Ribble Valley,"Property income, paid",2006,70
Ribble Valley,"Property income, paid",2007,91
Ribble Valley,"Property income, paid",2008,112
Ribble Valley,"Property income, paid",2009,37
Ribble Valley,"Property income, paid",2010,26
Ribble Valley,"Property income, paid",2011,32
Ribble Valley,"Property income, paid",2012,27
Ribble Valley,"Property income, paid",2013,23
Ribble Valley,"Property income, paid",2014,28
Ribble Valley,"Property income, paid",2015,33
Ribble Valley,"Property income, paid",2016,36
Ribble Valley,"Property income, paid",2017,29
Ribble Valley,"Property income, paid",2018,36
Ribble Valley,"Property income, paid",2019,33
Ribble Valley,"Property income, paid",2020,22
Ribble Valley,"Property income, paid",2021,24
Ribble Valley,"Property income, paid",2022,48
Ribble Valley,"Property income, received",1997,287
Ribble Valley,"Property income, received",1998,299
Ribble Valley,"Property income, received",1999,286
Ribble Valley,"Property income, received",2000,342
Ribble Valley,"Property income, received",2001,323
Ribble Valley,"Property income, received",2002,330
Ribble Valley,"Property income, received",2003,339
Ribble Valley,"Property income, received",2004,378
Ribble Valley,"Property income, received",2005,410
Ribble Valley,"Property income, received",2006,409
Ribble Valley,"Property income, received",2007,467
Ribble Valley,"Property income, received",2008,484
Ribble Valley,"Property income, received",2009,380
Ribble Valley,"Property income, received",2010,398
Ribble Valley,"Property income, received",2011,383
Ribble Valley,"Property income, received",2012,357
Ribble Valley,"Property income, received",2013,377
Ribble Valley,"Property income, received",2014,387
Ribble Valley,"Property income, received",2015,437
Ribble Valley,"Property income, received",2016,395
Ribble Valley,"Property income, received",2017,398
Ribble Valley,"Property income, received",2018,420
Ribble Valley,"Property income, received",2019,397
Ribble Valley,"Property income, received",2020,293
Ribble Valley,"Property income, received",2021,363
Ribble Valley,"Property income, received",2022,483
Ribble Valley,Secondary resources total,1997,157
Ribble Valley,Secondary resources total,1998,158
Ribble Valley,Secondary resources total,1999,165
Ribble Valley,Secondary resources total,2000,179
Ribble Valley,Secondary resources total,2001,201
Ribble Valley,Secondary resources total,2002,198
Ribble Valley,Secondary resources total,2003,207
Ribble Valley,Secondary resources total,2004,218
Ribble Valley,Secondary resources total,2005,231
Ribble Valley,Secondary resources total,2006,237
Ribble Valley,Secondary resources total,2007,259
Ribble Valley,Secondary resources total,2008,279
Ribble Valley,Secondary resources total,2009,303
Ribble Valley,Secondary resources total,2010,315
Ribble Valley,Secondary resources total,2011,327
Ribble Valley,Secondary resources total,2012,346
Ribble Valley,Secondary resources total,2013,353
Ribble Valley,Secondary resources total,2014,360
Ribble Valley,Secondary resources total,2015,375
Ribble Valley,Secondary resources total,2016,385
Ribble Valley,Secondary resources total,2017,388
Ribble Valley,Secondary resources total,2018,406
Ribble Valley,Secondary resources total,2019,429
Ribble Valley,Secondary resources total,2020,444
Ribble Valley,Secondary resources total,2021,479
Ribble Valley,Secondary resources total,2022,511
Ribble Valley,Secondary uses total,1997,284
Ribble Valley,Secondary uses total,1998,303
Ribble Valley,Secondary uses total,1999,314
Ribble Valley,Secondary uses total,2000,338
Ribble Valley,Secondary uses total,2001,358
Ribble Valley,Secondary uses total,2002,377
Ribble Valley,Secondary uses total,2003,399
Ribble Valley,Secondary uses total,2004,431
Ribble Valley,Secondary uses total,2005,451
Ribble Valley,Secondary uses total,2006,459
Ribble Valley,Secondary uses total,2007,504
Ribble Valley,Secondary uses total,2008,518
Ribble Valley,Secondary uses total,2009,489
Ribble Valley,Secondary uses total,2010,531
Ribble Valley,Secondary uses total,2011,523
Ribble Valley,Secondary uses total,2012,513
Ribble Valley,Secondary uses total,2013,515
Ribble Valley,Secondary uses total,2014,506
Ribble Valley,Secondary uses total,2015,532
Ribble Valley,Secondary uses total,2016,549
Ribble Valley,Secondary uses total,2017,567
Ribble Valley,Secondary uses total,2018,583
Ribble Valley,Secondary uses total,2019,614
Ribble Valley,Secondary uses total,2020,590
Ribble Valley,Secondary uses total,2021,627
Ribble Valley,Secondary uses total,2022,713
Ribble Valley,Social contributions/Social benefits paid,1997,155
Ribble Valley,Social contributions/Social benefits paid,1998,158
Ribble Valley,Social contributions/Social benefits paid,1999,162
Ribble Valley,Social contributions/Social benefits paid,2000,181
Ribble Valley,Social contributions/Social benefits paid,2001,185
Ribble Valley,Social contributions/Social benefits paid,2002,198
Ribble Valley,Social contributions/Social benefits paid,2003,211
Ribble Valley,Social contributions/Social benefits paid,2004,231
Ribble Valley,Social contributions/Social benefits paid,2005,240
Ribble Valley,Social contributions/Social benefits paid,2006,248
Ribble Valley,Social contributions/Social benefits paid,2007,273
Ribble Valley,Social contributions/Social benefits paid,2008,273
Ribble Valley,Social contributions/Social benefits paid,2009,256
Ribble Valley,Social contributions/Social benefits paid,2010,303
Ribble Valley,Social contributions/Social benefits paid,2011,290
Ribble Valley,Social contributions/Social benefits paid,2012,286
Ribble Valley,Social contributions/Social benefits paid,2013,287
Ribble Valley,Social contributions/Social benefits paid,2014,275
Ribble Valley,Social contributions/Social benefits paid,2015,291
Ribble Valley,Social contributions/Social benefits paid,2016,298
Ribble Valley,Social contributions/Social benefits paid,2017,307
Ribble Valley,Social contributions/Social benefits paid,2018,314
Ribble Valley,Social contributions/Social benefits paid,2019,343
Ribble Valley,Social contributions/Social benefits paid,2020,318
Ribble Valley,Social contributions/Social benefits paid,2021,328
Ribble Valley,Social contributions/Social benefits paid,2022,384
Rossendale,Balance of primary incomes,1997,781
Rossendale,Balance of primary incomes,1998,811
Rossendale,Balance of primary incomes,1999,837
Rossendale,Balance of primary incomes,2000,904
Rossendale,Balance of primary incomes,2001,933
Rossendale,Balance of primary incomes,2002,968
Rossendale,Balance of primary incomes,2003,1007
Rossendale,Balance of primary incomes,2004,1068
Rossendale,Balance of primary incomes,2005,1118
Rossendale,Balance of primary incomes,2006,1149
Rossendale,Balance of primary incomes,2007,1230
Rossendale,Balance of primary incomes,2008,1249
Rossendale,Balance of primary incomes,2009,1213
Rossendale,Balance of primary incomes,2010,1264
Rossendale,Balance of primary incomes,2011,1252
Rossendale,Balance of primary incomes,2012,1223
Rossendale,Balance of primary incomes,2013,1224
Rossendale,Balance of primary incomes,2014,1242
Rossendale,Balance of primary incomes,2015,1338
Rossendale,Balance of primary incomes,2016,1362
Rossendale,Balance of primary incomes,2017,1388
Rossendale,Balance of primary incomes,2018,1424
Rossendale,Balance of primary incomes,2019,1443
Rossendale,Balance of primary incomes,2020,1465
Rossendale,Balance of primary incomes,2021,1534
Rossendale,Balance of primary incomes,2022,1673
Rossendale,Balance of secondary income,1997,-137
Rossendale,Balance of secondary income,1998,-154
Rossendale,Balance of secondary income,1999,-161
Rossendale,Balance of secondary income,2000,-185
Rossendale,Balance of secondary income,2001,-186
Rossendale,Balance of secondary income,2002,-202
Rossendale,Balance of secondary income,2003,-211
Rossendale,Balance of secondary income,2004,-237
Rossendale,Balance of secondary income,2005,-247
Rossendale,Balance of secondary income,2006,-255
Rossendale,Balance of secondary income,2007,-286
Rossendale,Balance of secondary income,2008,-274
Rossendale,Balance of secondary income,2009,-214
Rossendale,Balance of secondary income,2010,-254
Rossendale,Balance of secondary income,2011,-229
Rossendale,Balance of secondary income,2012,-194
Rossendale,Balance of secondary income,2013,-154
Rossendale,Balance of secondary income,2014,-156
Rossendale,Balance of secondary income,2015,-181
Rossendale,Balance of secondary income,2016,-187
Rossendale,Balance of secondary income,2017,-190
Rossendale,Balance of secondary income,2018,-184
Rossendale,Balance of secondary income,2019,-199
Rossendale,Balance of secondary income,2020,-203
Rossendale,Balance of secondary income,2021,-239
Rossendale,Balance of secondary income,2022,-292
Rossendale,Compensation of employees,1997,465
Rossendale,Compensation of employees,1998,483
Rossendale,Compensation of employees,1999,512
Rossendale,Compensation of employees,2000,547
Rossendale,Compensation of employees,2001,587
Rossendale,Compensation of employees,2002,610
Rossendale,Compensation of employees,2003,638
Rossendale,Compensation of employees,2004,683
Rossendale,Compensation of employees,2005,713
Rossendale,Compensation of employees,2006,745
Rossendale,Compensation of employees,2007,803
Rossendale,Compensation of employees,2008,825
Rossendale,Compensation of employees,2009,808
Rossendale,Compensation of employees,2010,829
Rossendale,Compensation of employees,2011,831
Rossendale,Compensation of employees,2012,825
Rossendale,Compensation of employees,2013,813
Rossendale,Compensation of employees,2014,827
Rossendale,Compensation of employees,2015,860
Rossendale,Compensation of employees,2016,912
Rossendale,Compensation of employees,2017,938
Rossendale,Compensation of employees,2018,967
Rossendale,Compensation of employees,2019,1006
Rossendale,Compensation of employees,2020,1025
Rossendale,Compensation of employees,2021,1061
Rossendale,Compensation of employees,2022,1123
Rossendale,"Current taxes on income, wealth etc",1997,94
Rossendale,"Current taxes on income, wealth etc",1998,109
Rossendale,"Current taxes on income, wealth etc",1999,116
Rossendale,"Current taxes on income, wealth etc",2000,124
Rossendale,"Current taxes on income, wealth etc",2001,134
Rossendale,"Current taxes on income, wealth etc",2002,141
Rossendale,"Current taxes on income, wealth etc",2003,146
Rossendale,"Current taxes on income, wealth etc",2004,157
Rossendale,"Current taxes on income, wealth etc",2005,166
Rossendale,"Current taxes on income, wealth etc",2006,172
Rossendale,"Current taxes on income, wealth etc",2007,187
Rossendale,"Current taxes on income, wealth etc",2008,200
Rossendale,"Current taxes on income, wealth etc",2009,188
Rossendale,"Current taxes on income, wealth etc",2010,182
Rossendale,"Current taxes on income, wealth etc",2011,181
Rossendale,"Current taxes on income, wealth etc",2012,174
Rossendale,"Current taxes on income, wealth etc",2013,169
Rossendale,"Current taxes on income, wealth etc",2014,171
Rossendale,"Current taxes on income, wealth etc",2015,174
Rossendale,"Current taxes on income, wealth etc",2016,181
Rossendale,"Current taxes on income, wealth etc",2017,188
Rossendale,"Current taxes on income, wealth etc",2018,192
Rossendale,"Current taxes on income, wealth etc",2019,197
Rossendale,"Current taxes on income, wealth etc",2020,197
Rossendale,"Current taxes on income, wealth etc",2021,218
Rossendale,"Current taxes on income, wealth etc",2022,236
Rossendale,Gross Disposable Income,1997,644
Rossendale,Gross Disposable Income,1998,657
Rossendale,Gross Disposable Income,1999,676
Rossendale,Gross Disposable Income,2000,719
Rossendale,Gross Disposable Income,2001,747
Rossendale,Gross Disposable Income,2002,765
Rossendale,Gross Disposable Income,2003,796
Rossendale,Gross Disposable Income,2004,832
Rossendale,Gross Disposable Income,2005,870
Rossendale,Gross Disposable Income,2006,893
Rossendale,Gross Disposable Income,2007,945
Rossendale,Gross Disposable Income,2008,975
Rossendale,Gross Disposable Income,2009,1000
Rossendale,Gross Disposable Income,2010,1010
Rossendale,Gross Disposable Income,2011,1023
Rossendale,Gross Disposable Income,2012,1029
Rossendale,Gross Disposable Income,2013,1070
Rossendale,Gross Disposable Income,2014,1086
Rossendale,Gross Disposable Income,2015,1157
Rossendale,Gross Disposable Income,2016,1174
Rossendale,Gross Disposable Income,2017,1198
Rossendale,Gross Disposable Income,2018,1240
Rossendale,Gross Disposable Income,2019,1244
Rossendale,Gross Disposable Income,2020,1262
Rossendale,Gross Disposable Income,2021,1295
Rossendale,Gross Disposable Income,2022,1381
Rossendale,Imputed social contributions/Social benefits received,1997,145
Rossendale,Imputed social contributions/Social benefits received,1998,147
Rossendale,Imputed social contributions/Social benefits received,1999,151
Rossendale,Imputed social contributions/Social benefits received,2000,160
Rossendale,Imputed social contributions/Social benefits received,2001,172
Rossendale,Imputed social contributions/Social benefits received,2002,179
Rossendale,Imputed social contributions/Social benefits received,2003,190
Rossendale,Imputed social contributions/Social benefits received,2004,199
Rossendale,Imputed social contributions/Social benefits received,2005,206
Rossendale,Imputed social contributions/Social benefits received,2006,213
Rossendale,Imputed social contributions/Social benefits received,2007,227
Rossendale,Imputed social contributions/Social benefits received,2008,252
Rossendale,Imputed social contributions/Social benefits received,2009,282
Rossendale,Imputed social contributions/Social benefits received,2010,293
Rossendale,Imputed social contributions/Social benefits received,2011,299
Rossendale,Imputed social contributions/Social benefits received,2012,312
Rossendale,Imputed social contributions/Social benefits received,2013,325
Rossendale,Imputed social contributions/Social benefits received,2014,319
Rossendale,Imputed social contributions/Social benefits received,2015,322
Rossendale,Imputed social contributions/Social benefits received,2016,337
Rossendale,Imputed social contributions/Social benefits received,2017,339
Rossendale,Imputed social contributions/Social benefits received,2018,349
Rossendale,Imputed social contributions/Social benefits received,2019,346
Rossendale,Imputed social contributions/Social benefits received,2020,349
Rossendale,Imputed social contributions/Social benefits received,2021,359
Rossendale,Imputed social contributions/Social benefits received,2022,371
Rossendale,Mixed income,1997,60
Rossendale,Mixed income,1998,63
Rossendale,Mixed income,1999,67
Rossendale,Mixed income,2000,68
Rossendale,Mixed income,2001,69
Rossendale,Mixed income,2002,73
Rossendale,Mixed income,2003,74
Rossendale,Mixed income,2004,76
Rossendale,Mixed income,2005,81
Rossendale,Mixed income,2006,81
Rossendale,Mixed income,2007,77
Rossendale,Mixed income,2008,76
Rossendale,Mixed income,2009,80
Rossendale,Mixed income,2010,83
Rossendale,Mixed income,2011,83
Rossendale,Mixed income,2012,85
Rossendale,Mixed income,2013,86
Rossendale,Mixed income,2014,92
Rossendale,Mixed income,2015,98
Rossendale,Mixed income,2016,101
Rossendale,Mixed income,2017,109
Rossendale,Mixed income,2018,113
Rossendale,Mixed income,2019,121
Rossendale,Mixed income,2020,123
Rossendale,Mixed income,2021,126
Rossendale,Mixed income,2022,129
Rossendale,Operating surplus,1997,82
Rossendale,Operating surplus,1998,91
Rossendale,Operating surplus,1999,88
Rossendale,Operating surplus,2000,89
Rossendale,Operating surplus,2001,86
Rossendale,Operating surplus,2002,81
Rossendale,Operating surplus,2003,93
Rossendale,Operating surplus,2004,97
Rossendale,Operating surplus,2005,105
Rossendale,Operating surplus,2006,105
Rossendale,Operating surplus,2007,109
Rossendale,Operating surplus,2008,114
Rossendale,Operating surplus,2009,108
Rossendale,Operating surplus,2010,98
Rossendale,Operating surplus,2011,104
Rossendale,Operating surplus,2012,99
Rossendale,Operating surplus,2013,106
Rossendale,Operating surplus,2014,112
Rossendale,Operating surplus,2015,115
Rossendale,Operating surplus,2016,119
Rossendale,Operating surplus,2017,124
Rossendale,Operating surplus,2018,124
Rossendale,Operating surplus,2019,126
Rossendale,Operating surplus,2020,130
Rossendale,Operating surplus,2021,139
Rossendale,Operating surplus,2022,156
Rossendale,"Other current transfers, paid",1997,15
Rossendale,"Other current transfers, paid",1998,14
Rossendale,"Other current transfers, paid",1999,15
Rossendale,"Other current transfers, paid",2000,14
Rossendale,"Other current transfers, paid",2001,21
Rossendale,"Other current transfers, paid",2002,21
Rossendale,"Other current transfers, paid",2003,24
Rossendale,"Other current transfers, paid",2004,26
Rossendale,"Other current transfers, paid",2005,29
Rossendale,"Other current transfers, paid",2006,23
Rossendale,"Other current transfers, paid",2007,31
Rossendale,"Other current transfers, paid",2008,31
Rossendale,"Other current transfers, paid",2009,30
Rossendale,"Other current transfers, paid",2010,30
Rossendale,"Other current transfers, paid",2011,35
Rossendale,"Other current transfers, paid",2012,37
Rossendale,"Other current transfers, paid",2013,37
Rossendale,"Other current transfers, paid",2014,40
Rossendale,"Other current transfers, paid",2015,37
Rossendale,"Other current transfers, paid",2016,38
Rossendale,"Other current transfers, paid",2017,39
Rossendale,"Other current transfers, paid",2018,39
Rossendale,"Other current transfers, paid",2019,40
Rossendale,"Other current transfers, paid",2020,40
Rossendale,"Other current transfers, paid",2021,39
Rossendale,"Other current transfers, paid",2022,40
Rossendale,"Other current transfers, received",1997,11
Rossendale,"Other current transfers, received",1998,10
Rossendale,"Other current transfers, received",1999,11
Rossendale,"Other current transfers, received",2000,10
Rossendale,"Other current transfers, received",2001,17
Rossendale,"Other current transfers, received",2002,16
Rossendale,"Other current transfers, received",2003,17
Rossendale,"Other current transfers, received",2004,18
Rossendale,"Other current transfers, received",2005,21
Rossendale,"Other current transfers, received",2006,14
Rossendale,"Other current transfers, received",2007,22
Rossendale,"Other current transfers, received",2008,21
Rossendale,"Other current transfers, received",2009,18
Rossendale,"Other current transfers, received",2010,16
Rossendale,"Other current transfers, received",2011,23
Rossendale,"Other current transfers, received",2012,28
Rossendale,"Other current transfers, received",2013,25
Rossendale,"Other current transfers, received",2014,29
Rossendale,"Other current transfers, received",2015,27
Rossendale,"Other current transfers, received",2016,26
Rossendale,"Other current transfers, received",2017,27
Rossendale,"Other current transfers, received",2018,28
Rossendale,"Other current transfers, received",2019,28
Rossendale,"Other current transfers, received",2020,28
Rossendale,"Other current transfers, received",2021,22
Rossendale,"Other current transfers, received",2022,31
Rossendale,Primary resources total,1997,809
Rossendale,Primary resources total,1998,844
Rossendale,Primary resources total,1999,866
Rossendale,Primary resources total,2000,937
Rossendale,Primary resources total,2001,964
Rossendale,Primary resources total,2002,994
Rossendale,Primary resources total,2003,1039
Rossendale,Primary resources total,2004,1110
Rossendale,Primary resources total,2005,1166
Rossendale,Primary resources total,2006,1196
Rossendale,Primary resources total,2007,1293
Rossendale,Primary resources total,2008,1326
Rossendale,Primary resources total,2009,1242
Rossendale,Primary resources total,2010,1282
Rossendale,Primary resources total,2011,1274
Rossendale,Primary resources total,2012,1242
Rossendale,Primary resources total,2013,1241
Rossendale,Primary resources total,2014,1262
Rossendale,Primary resources total,2015,1361
Rossendale,Primary resources total,2016,1386
Rossendale,Primary resources total,2017,1407
Rossendale,Primary resources total,2018,1447
Rossendale,Primary resources total,2019,1464
Rossendale,Primary resources total,2020,1479
Rossendale,Primary resources total,2021,1551
Rossendale,Primary resources total,2022,1707
Rossendale,Primary uses total,1997,28
Rossendale,Primary uses total,1998,33
Rossendale,Primary uses total,1999,29
Rossendale,Primary uses total,2000,34
Rossendale,Primary uses total,2001,30
Rossendale,Primary uses total,2002,26
Rossendale,Primary uses total,2003,31
Rossendale,Primary uses total,2004,42
Rossendale,Primary uses total,2005,48
Rossendale,Primary uses total,2006,47
Rossendale,Primary uses total,2007,62
Rossendale,Primary uses total,2008,77
Rossendale,Primary uses total,2009,29
Rossendale,Primary uses total,2010,18
Rossendale,Primary uses total,2011,22
Rossendale,Primary uses total,2012,19
Rossendale,Primary uses total,2013,17
Rossendale,Primary uses total,2014,20
Rossendale,Primary uses total,2015,23
Rossendale,Primary uses total,2016,24
Rossendale,Primary uses total,2017,19
Rossendale,Primary uses total,2018,24
Rossendale,Primary uses total,2019,21
Rossendale,Primary uses total,2020,14
Rossendale,Primary uses total,2021,17
Rossendale,Primary uses total,2022,34
Rossendale,"Property income, paid",1997,28
Rossendale,"Property income, paid",1998,33
Rossendale,"Property income, paid",1999,29
Rossendale,"Property income, paid",2000,34
Rossendale,"Property income, paid",2001,30
Rossendale,"Property income, paid",2002,26
Rossendale,"Property income, paid",2003,31
Rossendale,"Property income, paid",2004,42
Rossendale,"Property income, paid",2005,48
Rossendale,"Property income, paid",2006,47
Rossendale,"Property income, paid",2007,62
Rossendale,"Property income, paid",2008,77
Rossendale,"Property income, paid",2009,29
Rossendale,"Property income, paid",2010,18
Rossendale,"Property income, paid",2011,22
Rossendale,"Property income, paid",2012,19
Rossendale,"Property income, paid",2013,17
Rossendale,"Property income, paid",2014,20
Rossendale,"Property income, paid",2015,23
Rossendale,"Property income, paid",2016,24
Rossendale,"Property income, paid",2017,19
Rossendale,"Property income, paid",2018,24
Rossendale,"Property income, paid",2019,21
Rossendale,"Property income, paid",2020,14
Rossendale,"Property income, paid",2021,17
Rossendale,"Property income, paid",2022,34
Rossendale,"Property income, received",1997,202
Rossendale,"Property income, received",1998,208
Rossendale,"Property income, received",1999,200
Rossendale,"Property income, received",2000,235
Rossendale,"Property income, received",2001,222
Rossendale,"Property income, received",2002,231
Rossendale,"Property income, received",2003,233
Rossendale,"Property income, received",2004,253
Rossendale,"Property income, received",2005,267
Rossendale,"Property income, received",2006,264
Rossendale,"Property income, received",2007,304
Rossendale,"Property income, received",2008,310
Rossendale,"Property income, received",2009,245
Rossendale,"Property income, received",2010,272
Rossendale,"Property income, received",2011,256
Rossendale,"Property income, received",2012,233
Rossendale,"Property income, received",2013,236
Rossendale,"Property income, received",2014,232
Rossendale,"Property income, received",2015,287
Rossendale,"Property income, received",2016,255
Rossendale,"Property income, received",2017,236
Rossendale,"Property income, received",2018,243
Rossendale,"Property income, received",2019,211
Rossendale,"Property income, received",2020,202
Rossendale,"Property income, received",2021,225
Rossendale,"Property income, received",2022,300
Rossendale,Secondary resources total,1997,156
Rossendale,Secondary resources total,1998,157
Rossendale,Secondary resources total,1999,162
Rossendale,Secondary resources total,2000,170
Rossendale,Secondary resources total,2001,189
Rossendale,Secondary resources total,2002,194
Rossendale,Secondary resources total,2003,208
Rossendale,Secondary resources total,2004,217
Rossendale,Secondary resources total,2005,226
Rossendale,Secondary resources total,2006,227
Rossendale,Secondary resources total,2007,249
Rossendale,Secondary resources total,2008,273
Rossendale,Secondary resources total,2009,300
Rossendale,Secondary resources total,2010,309
Rossendale,Secondary resources total,2011,322
Rossendale,Secondary resources total,2012,339
Rossendale,Secondary resources total,2013,350
Rossendale,Secondary resources total,2014,348
Rossendale,Secondary resources total,2015,348
Rossendale,Secondary resources total,2016,364
Rossendale,Secondary resources total,2017,366
Rossendale,Secondary resources total,2018,377
Rossendale,Secondary resources total,2019,374
Rossendale,Secondary resources total,2020,377
Rossendale,Secondary resources total,2021,381
Rossendale,Secondary resources total,2022,402
Rossendale,Secondary uses total,1997,293
Rossendale,Secondary uses total,1998,311
Rossendale,Secondary uses total,1999,323
Rossendale,Secondary uses total,2000,355
Rossendale,Secondary uses total,2001,376
Rossendale,Secondary uses total,2002,396
Rossendale,Secondary uses total,2003,419
Rossendale,Secondary uses total,2004,454
Rossendale,Secondary uses total,2005,474
Rossendale,Secondary uses total,2006,482
Rossendale,Secondary uses total,2007,535
Rossendale,Secondary uses total,2008,547
Rossendale,Secondary uses total,2009,514
Rossendale,Secondary uses total,2010,564
Rossendale,Secondary uses total,2011,551
Rossendale,Secondary uses total,2012,534
Rossendale,Secondary uses total,2013,504
Rossendale,Secondary uses total,2014,504
Rossendale,Secondary uses total,2015,529
Rossendale,Secondary uses total,2016,551
Rossendale,Secondary uses total,2017,555
Rossendale,Secondary uses total,2018,561
Rossendale,Secondary uses total,2019,573
Rossendale,Secondary uses total,2020,580
Rossendale,Secondary uses total,2021,620
Rossendale,Secondary uses total,2022,694
Rossendale,Social contributions/Social benefits paid,1997,183
Rossendale,Social contributions/Social benefits paid,1998,187
Rossendale,Social contributions/Social benefits paid,1999,192
Rossendale,Social contributions/Social benefits paid,2000,216
Rossendale,Social contributions/Social benefits paid,2001,220
Rossendale,Social contributions/Social benefits paid,2002,234
Rossendale,Social contributions/Social benefits paid,2003,248
Rossendale,Social contributions/Social benefits paid,2004,270
Rossendale,Social contributions/Social benefits paid,2005,279
Rossendale,Social contributions/Social benefits paid,2006,288
Rossendale,Social contributions/Social benefits paid,2007,317
Rossendale,Social contributions/Social benefits paid,2008,316
Rossendale,Social contributions/Social benefits paid,2009,296
Rossendale,Social contributions/Social benefits paid,2010,351
Rossendale,Social contributions/Social benefits paid,2011,334
Rossendale,Social contributions/Social benefits paid,2012,323
Rossendale,Social contributions/Social benefits paid,2013,298
Rossendale,Social contributions/Social benefits paid,2014,293
Rossendale,Social contributions/Social benefits paid,2015,318
Rossendale,Social contributions/Social benefits paid,2016,332
Rossendale,Social contributions/Social benefits paid,2017,329
Rossendale,Social contributions/Social benefits paid,2018,329
Rossendale,Social contributions/Social benefits paid,2019,337
Rossendale,Social contributions/Social benefits paid,2020,343
Rossendale,Social contributions/Social benefits paid,2021,364
Rossendale,Social contributions/Social benefits paid,2022,418
West Lancashire,Balance of primary incomes,1997,1184
West Lancashire,Balance of primary incomes,1998,1217
West Lancashire,Balance of primary incomes,1999,1269
West Lancashire,Balance of primary incomes,2000,1365
West Lancashire,Balance of primary incomes,2001,1414
West Lancashire,Balance of primary incomes,2002,1463
West Lancashire,Balance of primary incomes,2003,1523
West Lancashire,Balance of primary incomes,2004,1612
West Lancashire,Balance of primary incomes,2005,1679
West Lancashire,Balance of primary incomes,2006,1732
West Lancashire,Balance of primary incomes,2007,1833
West Lancashire,Balance of primary incomes,2008,1860
West Lancashire,Balance of primary incomes,2009,1832
West Lancashire,Balance of primary incomes,2010,1887
West Lancashire,Balance of primary incomes,2011,1885
West Lancashire,Balance of primary incomes,2012,1877
West Lancashire,Balance of primary incomes,2013,1941
West Lancashire,Balance of primary incomes,2014,2002
West Lancashire,Balance of primary incomes,2015,2129
West Lancashire,Balance of primary incomes,2016,2140
West Lancashire,Balance of primary incomes,2017,2240
West Lancashire,Balance of primary incomes,2018,2335
West Lancashire,Balance of primary incomes,2019,2421
West Lancashire,Balance of primary incomes,2020,2388
West Lancashire,Balance of primary incomes,2021,2554
West Lancashire,Balance of primary incomes,2022,2762
West Lancashire,Balance of secondary income,1997,-93
West Lancashire,Balance of secondary income,1998,-114
West Lancashire,Balance of secondary income,1999,-121
West Lancashire,Balance of secondary income,2000,-141
West Lancashire,Balance of secondary income,2001,-135
West Lancashire,Balance of secondary income,2002,-158
West Lancashire,Balance of secondary income,2003,-164
West Lancashire,Balance of secondary income,2004,-193
West Lancashire,Balance of secondary income,2005,-200
West Lancashire,Balance of secondary income,2006,-202
West Lancashire,Balance of secondary income,2007,-233
West Lancashire,Balance of secondary income,2008,-219
West Lancashire,Balance of secondary income,2009,-133
West Lancashire,Balance of secondary income,2010,-178
West Lancashire,Balance of secondary income,2011,-135
West Lancashire,Balance of secondary income,2012,-76
West Lancashire,Balance of secondary income,2013,-91
West Lancashire,Balance of secondary income,2014,-84
West Lancashire,Balance of secondary income,2015,-69
West Lancashire,Balance of secondary income,2016,-86
West Lancashire,Balance of secondary income,2017,-129
West Lancashire,Balance of secondary income,2018,-121
West Lancashire,Balance of secondary income,2019,-115
West Lancashire,Balance of secondary income,2020,-72
West Lancashire,Balance of secondary income,2021,-159
West Lancashire,Balance of secondary income,2022,-197
West Lancashire,Compensation of employees,1997,683
West Lancashire,Compensation of employees,1998,701
West Lancashire,Compensation of employees,1999,739
West Lancashire,Compensation of employees,2000,781
West Lancashire,Compensation of employees,2001,837
West Lancashire,Compensation of employees,2002,871
West Lancashire,Compensation of employees,2003,914
West Lancashire,Compensation of employees,2004,976
West Lancashire,Compensation of employees,2005,1015
West Lancashire,Compensation of employees,2006,1060
West Lancashire,Compensation of employees,2007,1138
West Lancashire,Compensation of employees,2008,1171
West Lancashire,Compensation of employees,2009,1149
West Lancashire,Compensation of employees,2010,1177
West Lancashire,Compensation of employees,2011,1183
West Lancashire,Compensation of employees,2012,1179
West Lancashire,Compensation of employees,2013,1219
West Lancashire,Compensation of employees,2014,1260
West Lancashire,Compensation of employees,2015,1307
West Lancashire,Compensation of employees,2016,1357
West Lancashire,Compensation of employees,2017,1446
West Lancashire,Compensation of employees,2018,1528
West Lancashire,Compensation of employees,2019,1594
West Lancashire,Compensation of employees,2020,1629
West Lancashire,Compensation of employees,2021,1742
West Lancashire,Compensation of employees,2022,1842
West Lancashire,"Current taxes on income, wealth etc",1997,135
West Lancashire,"Current taxes on income, wealth etc",1998,155
West Lancashire,"Current taxes on income, wealth etc",1999,163
West Lancashire,"Current taxes on income, wealth etc",2000,172
West Lancashire,"Current taxes on income, wealth etc",2001,185
West Lancashire,"Current taxes on income, wealth etc",2002,194
West Lancashire,"Current taxes on income, wealth etc",2003,202
West Lancashire,"Current taxes on income, wealth etc",2004,215
West Lancashire,"Current taxes on income, wealth etc",2005,226
West Lancashire,"Current taxes on income, wealth etc",2006,234
West Lancashire,"Current taxes on income, wealth etc",2007,253
West Lancashire,"Current taxes on income, wealth etc",2008,270
West Lancashire,"Current taxes on income, wealth etc",2009,256
West Lancashire,"Current taxes on income, wealth etc",2010,250
West Lancashire,"Current taxes on income, wealth etc",2011,250
West Lancashire,"Current taxes on income, wealth etc",2012,242
West Lancashire,"Current taxes on income, wealth etc",2013,242
West Lancashire,"Current taxes on income, wealth etc",2014,249
West Lancashire,"Current taxes on income, wealth etc",2015,263
West Lancashire,"Current taxes on income, wealth etc",2016,273
West Lancashire,"Current taxes on income, wealth etc",2017,298
West Lancashire,"Current taxes on income, wealth etc",2018,316
West Lancashire,"Current taxes on income, wealth etc",2019,331
West Lancashire,"Current taxes on income, wealth etc",2020,337
West Lancashire,"Current taxes on income, wealth etc",2021,381
West Lancashire,"Current taxes on income, wealth etc",2022,415
West Lancashire,Gross Disposable Income,1997,1091
West Lancashire,Gross Disposable Income,1998,1103
West Lancashire,Gross Disposable Income,1999,1148
West Lancashire,Gross Disposable Income,2000,1225
West Lancashire,Gross Disposable Income,2001,1279
West Lancashire,Gross Disposable Income,2002,1305
West Lancashire,Gross Disposable Income,2003,1359
West Lancashire,Gross Disposable Income,2004,1419
West Lancashire,Gross Disposable Income,2005,1478
West Lancashire,Gross Disposable Income,2006,1529
West Lancashire,Gross Disposable Income,2007,1600
West Lancashire,Gross Disposable Income,2008,1641
West Lancashire,Gross Disposable Income,2009,1699
West Lancashire,Gross Disposable Income,2010,1709
West Lancashire,Gross Disposable Income,2011,1750
West Lancashire,Gross Disposable Income,2012,1801
West Lancashire,Gross Disposable Income,2013,1850
West Lancashire,Gross Disposable Income,2014,1918
West Lancashire,Gross Disposable Income,2015,2061
West Lancashire,Gross Disposable Income,2016,2054
West Lancashire,Gross Disposable Income,2017,2111
West Lancashire,Gross Disposable Income,2018,2214
West Lancashire,Gross Disposable Income,2019,2306
West Lancashire,Gross Disposable Income,2020,2316
West Lancashire,Gross Disposable Income,2021,2395
West Lancashire,Gross Disposable Income,2022,2565
West Lancashire,Imputed social contributions/Social benefits received,1997,286
West Lancashire,Imputed social contributions/Social benefits received,1998,289
West Lancashire,Imputed social contributions/Social benefits received,1999,296
West Lancashire,Imputed social contributions/Social benefits received,2000,316
West Lancashire,Imputed social contributions/Social benefits received,2001,340
West Lancashire,Imputed social contributions/Social benefits received,2002,348
West Lancashire,Imputed social contributions/Social benefits received,2003,371
West Lancashire,Imputed social contributions/Social benefits received,2004,387
West Lancashire,Imputed social contributions/Social benefits received,2005,403
West Lancashire,Imputed social contributions/Social benefits received,2006,421
West Lancashire,Imputed social contributions/Social benefits received,2007,446
West Lancashire,Imputed social contributions/Social benefits received,2008,479
West Lancashire,Imputed social contributions/Social benefits received,2009,529
West Lancashire,Imputed social contributions/Social benefits received,2010,553
West Lancashire,Imputed social contributions/Social benefits received,2011,573
West Lancashire,Imputed social contributions/Social benefits received,2012,601
West Lancashire,Imputed social contributions/Social benefits received,2013,617
West Lancashire,Imputed social contributions/Social benefits received,2014,620
West Lancashire,Imputed social contributions/Social benefits received,2015,654
West Lancashire,Imputed social contributions/Social benefits received,2016,651
West Lancashire,Imputed social contributions/Social benefits received,2017,657
West Lancashire,Imputed social contributions/Social benefits received,2018,697
West Lancashire,Imputed social contributions/Social benefits received,2019,719
West Lancashire,Imputed social contributions/Social benefits received,2020,755
West Lancashire,Imputed social contributions/Social benefits received,2021,783
West Lancashire,Imputed social contributions/Social benefits received,2022,822
West Lancashire,Mixed income,1997,93
West Lancashire,Mixed income,1998,97
West Lancashire,Mixed income,1999,103
West Lancashire,Mixed income,2000,105
West Lancashire,Mixed income,2001,108
West Lancashire,Mixed income,2002,113
West Lancashire,Mixed income,2003,115
West Lancashire,Mixed income,2004,118
West Lancashire,Mixed income,2005,125
West Lancashire,Mixed income,2006,125
West Lancashire,Mixed income,2007,118
West Lancashire,Mixed income,2008,117
West Lancashire,Mixed income,2009,123
West Lancashire,Mixed income,2010,130
West Lancashire,Mixed income,2011,131
West Lancashire,Mixed income,2012,136
West Lancashire,Mixed income,2013,140
West Lancashire,Mixed income,2014,146
West Lancashire,Mixed income,2015,153
West Lancashire,Mixed income,2016,152
West Lancashire,Mixed income,2017,163
West Lancashire,Mixed income,2018,166
West Lancashire,Mixed income,2019,173
West Lancashire,Mixed income,2020,175
West Lancashire,Mixed income,2021,179
West Lancashire,Mixed income,2022,182
West Lancashire,Operating surplus,1997,182
West Lancashire,Operating surplus,1998,187
West Lancashire,Operating surplus,1999,207
West Lancashire,Operating surplus,2000,216
West Lancashire,Operating surplus,2001,220
West Lancashire,Operating surplus,2002,219
West Lancashire,Operating surplus,2003,230
West Lancashire,Operating surplus,2004,236
West Lancashire,Operating surplus,2005,224
West Lancashire,Operating surplus,2006,237
West Lancashire,Operating surplus,2007,238
West Lancashire,Operating surplus,2008,244
West Lancashire,Operating surplus,2009,241
West Lancashire,Operating surplus,2010,222
West Lancashire,Operating surplus,2011,224
West Lancashire,Operating surplus,2012,234
West Lancashire,Operating surplus,2013,229
West Lancashire,Operating surplus,2014,243
West Lancashire,Operating surplus,2015,247
West Lancashire,Operating surplus,2016,269
West Lancashire,Operating surplus,2017,262
West Lancashire,Operating surplus,2018,282
West Lancashire,Operating surplus,2019,279
West Lancashire,Operating surplus,2020,273
West Lancashire,Operating surplus,2021,275
West Lancashire,Operating surplus,2022,307
West Lancashire,"Other current transfers, paid",1997,27
West Lancashire,"Other current transfers, paid",1998,25
West Lancashire,"Other current transfers, paid",1999,27
West Lancashire,"Other current transfers, paid",2000,25
West Lancashire,"Other current transfers, paid",2001,39
West Lancashire,"Other current transfers, paid",2002,39
West Lancashire,"Other current transfers, paid",2003,44
West Lancashire,"Other current transfers, paid",2004,48
West Lancashire,"Other current transfers, paid",2005,53
West Lancashire,"Other current transfers, paid",2006,39
West Lancashire,"Other current transfers, paid",2007,54
West Lancashire,"Other current transfers, paid",2008,54
West Lancashire,"Other current transfers, paid",2009,52
West Lancashire,"Other current transfers, paid",2010,52
West Lancashire,"Other current transfers, paid",2011,61
West Lancashire,"Other current transfers, paid",2012,64
West Lancashire,"Other current transfers, paid",2013,64
West Lancashire,"Other current transfers, paid",2014,69
West Lancashire,"Other current transfers, paid",2015,65
West Lancashire,"Other current transfers, paid",2016,67
West Lancashire,"Other current transfers, paid",2017,69
West Lancashire,"Other current transfers, paid",2018,70
West Lancashire,"Other current transfers, paid",2019,71
West Lancashire,"Other current transfers, paid",2020,72
West Lancashire,"Other current transfers, paid",2021,71
West Lancashire,"Other current transfers, paid",2022,73
West Lancashire,"Other current transfers, received",1997,21
West Lancashire,"Other current transfers, received",1998,19
West Lancashire,"Other current transfers, received",1999,20
West Lancashire,"Other current transfers, received",2000,18
West Lancashire,"Other current transfers, received",2001,31
West Lancashire,"Other current transfers, received",2002,29
West Lancashire,"Other current transfers, received",2003,32
West Lancashire,"Other current transfers, received",2004,34
West Lancashire,"Other current transfers, received",2005,38
West Lancashire,"Other current transfers, received",2006,25
West Lancashire,"Other current transfers, received",2007,40
West Lancashire,"Other current transfers, received",2008,38
West Lancashire,"Other current transfers, received",2009,32
West Lancashire,"Other current transfers, received",2010,29
West Lancashire,"Other current transfers, received",2011,41
West Lancashire,"Other current transfers, received",2012,49
West Lancashire,"Other current transfers, received",2013,45
West Lancashire,"Other current transfers, received",2014,51
West Lancashire,"Other current transfers, received",2015,47
West Lancashire,"Other current transfers, received",2016,47
West Lancashire,"Other current transfers, received",2017,48
West Lancashire,"Other current transfers, received",2018,51
West Lancashire,"Other current transfers, received",2019,50
West Lancashire,"Other current transfers, received",2020,50
West Lancashire,"Other current transfers, received",2021,41
West Lancashire,"Other current transfers, received",2022,56
West Lancashire,Primary resources total,1997,1247
West Lancashire,Primary resources total,1998,1286
West Lancashire,Primary resources total,1999,1338
West Lancashire,Primary resources total,2000,1447
West Lancashire,Primary resources total,2001,1492
West Lancashire,Primary resources total,2002,1535
West Lancashire,Primary resources total,2003,1600
West Lancashire,Primary resources total,2004,1713
West Lancashire,Primary resources total,2005,1781
West Lancashire,Primary resources total,2006,1837
West Lancashire,Primary resources total,2007,1968
West Lancashire,Primary resources total,2008,2025
West Lancashire,Primary resources total,2009,1897
West Lancashire,Primary resources total,2010,1928
West Lancashire,Primary resources total,2011,1933
West Lancashire,Primary resources total,2012,1922
West Lancashire,Primary resources total,2013,1977
West Lancashire,Primary resources total,2014,2045
West Lancashire,Primary resources total,2015,2178
West Lancashire,Primary resources total,2016,2195
West Lancashire,Primary resources total,2017,2281
West Lancashire,Primary resources total,2018,2389
West Lancashire,Primary resources total,2019,2466
West Lancashire,Primary resources total,2020,2419
West Lancashire,Primary resources total,2021,2588
West Lancashire,Primary resources total,2022,2829
West Lancashire,Primary uses total,1997,63
West Lancashire,Primary uses total,1998,68
West Lancashire,Primary uses total,1999,68
West Lancashire,Primary uses total,2000,82
West Lancashire,Primary uses total,2001,78
West Lancashire,Primary uses total,2002,72
West Lancashire,Primary uses total,2003,77
West Lancashire,Primary uses total,2004,101
West Lancashire,Primary uses total,2005,103
West Lancashire,Primary uses total,2006,106
West Lancashire,Primary uses total,2007,135
West Lancashire,Primary uses total,2008,165
West Lancashire,Primary uses total,2009,65
West Lancashire,Primary uses total,2010,41
West Lancashire,Primary uses total,2011,48
West Lancashire,Primary uses total,2012,44
West Lancashire,Primary uses total,2013,36
West Lancashire,Primary uses total,2014,43
West Lancashire,Primary uses total,2015,49
West Lancashire,Primary uses total,2016,55
West Lancashire,Primary uses total,2017,41
West Lancashire,Primary uses total,2018,54
West Lancashire,Primary uses total,2019,45
West Lancashire,Primary uses total,2020,31
West Lancashire,Primary uses total,2021,34
West Lancashire,Primary uses total,2022,67
West Lancashire,"Property income, paid",1997,63
West Lancashire,"Property income, paid",1998,68
West Lancashire,"Property income, paid",1999,68
West Lancashire,"Property income, paid",2000,82
West Lancashire,"Property income, paid",2001,78
West Lancashire,"Property income, paid",2002,72
West Lancashire,"Property income, paid",2003,77
West Lancashire,"Property income, paid",2004,101
West Lancashire,"Property income, paid",2005,103
West Lancashire,"Property income, paid",2006,106
West Lancashire,"Property income, paid",2007,135
West Lancashire,"Property income, paid",2008,165
West Lancashire,"Property income, paid",2009,65
West Lancashire,"Property income, paid",2010,41
West Lancashire,"Property income, paid",2011,48
West Lancashire,"Property income, paid",2012,44
West Lancashire,"Property income, paid",2013,36
West Lancashire,"Property income, paid",2014,43
West Lancashire,"Property income, paid",2015,49
West Lancashire,"Property income, paid",2016,55
West Lancashire,"Property income, paid",2017,41
West Lancashire,"Property income, paid",2018,54
West Lancashire,"Property income, paid",2019,45
West Lancashire,"Property income, paid",2020,31
West Lancashire,"Property income, paid",2021,34
West Lancashire,"Property income, paid",2022,67
West Lancashire,"Property income, received",1997,288
West Lancashire,"Property income, received",1998,301
West Lancashire,"Property income, received",1999,288
West Lancashire,"Property income, received",2000,346
West Lancashire,"Property income, received",2001,327
West Lancashire,"Property income, received",2002,332
West Lancashire,"Property income, received",2003,342
West Lancashire,"Property income, received",2004,382
West Lancashire,"Property income, received",2005,417
West Lancashire,"Property income, received",2006,416
West Lancashire,"Property income, received",2007,474
West Lancashire,"Property income, received",2008,493
West Lancashire,"Property income, received",2009,384
West Lancashire,"Property income, received",2010,399
West Lancashire,"Property income, received",2011,394
West Lancashire,"Property income, received",2012,373
West Lancashire,"Property income, received",2013,390
West Lancashire,"Property income, received",2014,396
West Lancashire,"Property income, received",2015,470
West Lancashire,"Property income, received",2016,417
West Lancashire,"Property income, received",2017,410
West Lancashire,"Property income, received",2018,413
West Lancashire,"Property income, received",2019,420
West Lancashire,"Property income, received",2020,341
West Lancashire,"Property income, received",2021,392
West Lancashire,"Property income, received",2022,498
West Lancashire,Secondary resources total,1997,307
West Lancashire,Secondary resources total,1998,308
West Lancashire,Secondary resources total,1999,316
West Lancashire,Secondary resources total,2000,334
West Lancashire,Secondary resources total,2001,371
West Lancashire,Secondary resources total,2002,377
West Lancashire,Secondary resources total,2003,404
West Lancashire,Secondary resources total,2004,421
West Lancashire,Secondary resources total,2005,441
West Lancashire,Secondary resources total,2006,446
West Lancashire,Secondary resources total,2007,486
West Lancashire,Secondary resources total,2008,517
West Lancashire,Secondary resources total,2009,561
West Lancashire,Secondary resources total,2010,582
West Lancashire,Secondary resources total,2011,613
West Lancashire,Secondary resources total,2012,650
West Lancashire,Secondary resources total,2013,662
West Lancashire,Secondary resources total,2014,672
West Lancashire,Secondary resources total,2015,701
West Lancashire,Secondary resources total,2016,698
West Lancashire,Secondary resources total,2017,705
West Lancashire,Secondary resources total,2018,749
West Lancashire,Secondary resources total,2019,769
West Lancashire,Secondary resources total,2020,805
West Lancashire,Secondary resources total,2021,823
West Lancashire,Secondary resources total,2022,879
West Lancashire,Secondary uses total,1997,400
West Lancashire,Secondary uses total,1998,422
West Lancashire,Secondary uses total,1999,437
West Lancashire,Secondary uses total,2000,474
West Lancashire,Secondary uses total,2001,506
West Lancashire,Secondary uses total,2002,535
West Lancashire,Secondary uses total,2003,568
West Lancashire,Secondary uses total,2004,614
West Lancashire,Secondary uses total,2005,642
West Lancashire,Secondary uses total,2006,648
West Lancashire,Secondary uses total,2007,719
West Lancashire,Secondary uses total,2008,736
West Lancashire,Secondary uses total,2009,694
West Lancashire,Secondary uses total,2010,760
West Lancashire,Secondary uses total,2011,748
West Lancashire,Secondary uses total,2012,726
West Lancashire,Secondary uses total,2013,752
West Lancashire,Secondary uses total,2014,756
West Lancashire,Secondary uses total,2015,770
West Lancashire,Secondary uses total,2016,784
West Lancashire,Secondary uses total,2017,834
West Lancashire,Secondary uses total,2018,870
West Lancashire,Secondary uses total,2019,884
West Lancashire,Secondary uses total,2020,878
West Lancashire,Secondary uses total,2021,983
West Lancashire,Secondary uses total,2022,1076
West Lancashire,Social contributions/Social benefits paid,1997,238
West Lancashire,Social contributions/Social benefits paid,1998,242
West Lancashire,Social contributions/Social benefits paid,1999,247
West Lancashire,Social contributions/Social benefits paid,2000,277
West Lancashire,Social contributions/Social benefits paid,2001,282
West Lancashire,Social contributions/Social benefits paid,2002,302
West Lancashire,Social contributions/Social benefits paid,2003,321
West Lancashire,Social contributions/Social benefits paid,2004,351
West Lancashire,Social contributions/Social benefits paid,2005,363
West Lancashire,Social contributions/Social benefits paid,2006,375
West Lancashire,Social contributions/Social benefits paid,2007,412
West Lancashire,Social contributions/Social benefits paid,2008,412
West Lancashire,Social contributions/Social benefits paid,2009,386
West Lancashire,Social contributions/Social benefits paid,2010,458
West Lancashire,Social contributions/Social benefits paid,2011,438
West Lancashire,Social contributions/Social benefits paid,2012,420
West Lancashire,Social contributions/Social benefits paid,2013,446
West Lancashire,Social contributions/Social benefits paid,2014,437
West Lancashire,Social contributions/Social benefits paid,2015,441
West Lancashire,Social contributions/Social benefits paid,2016,445
West Lancashire,Social contributions/Social benefits paid,2017,467
West Lancashire,Social contributions/Social benefits paid,2018,484
West Lancashire,Social contributions/Social benefits paid,2019,482
West Lancashire,Social contributions/Social benefits paid,2020,468
West Lancashire,Social contributions/Social benefits paid,2021,531
West Lancashire,Social contributions/Social benefits paid,2022,587
Wyre,Balance of primary incomes,1997,1089
Wyre,Balance of primary incomes,1998,1125
Wyre,Balance of primary incomes,1999,1173
Wyre,Balance of primary incomes,2000,1257
Wyre,Balance of primary incomes,2001,1309
Wyre,Balance of primary incomes,2002,1370
Wyre,Balance of primary incomes,2003,1423
Wyre,Balance of primary incomes,2004,1502
Wyre,Balance of primary incomes,2005,1562
Wyre,Balance of primary incomes,2006,1611
Wyre,Balance of primary incomes,2007,1696
Wyre,Balance of primary incomes,2008,1710
Wyre,Balance of primary incomes,2009,1700
Wyre,Balance of primary incomes,2010,1766
Wyre,Balance of primary incomes,2011,1746
Wyre,Balance of primary incomes,2012,1701
Wyre,Balance of primary incomes,2013,1764
Wyre,Balance of primary incomes,2014,1787
Wyre,Balance of primary incomes,2015,1833
Wyre,Balance of primary incomes,2016,1886
Wyre,Balance of primary incomes,2017,1979
Wyre,Balance of primary incomes,2018,2012
Wyre,Balance of primary incomes,2019,2120
Wyre,Balance of primary incomes,2020,2129
Wyre,Balance of primary incomes,2021,2244
Wyre,Balance of primary incomes,2022,2448
Wyre,Balance of secondary income,1997,-84
Wyre,Balance of secondary income,1998,-106
Wyre,Balance of secondary income,1999,-112
Wyre,Balance of secondary income,2000,-132
Wyre,Balance of secondary income,2001,-127
Wyre,Balance of secondary income,2002,-149
Wyre,Balance of secondary income,2003,-155
Wyre,Balance of secondary income,2004,-183
Wyre,Balance of secondary income,2005,-189
Wyre,Balance of secondary income,2006,-186
Wyre,Balance of secondary income,2007,-213
Wyre,Balance of secondary income,2008,-192
Wyre,Balance of secondary income,2009,-106
Wyre,Balance of secondary income,2010,-151
Wyre,Balance of secondary income,2011,-110
Wyre,Balance of secondary income,2012,-39
Wyre,Balance of secondary income,2013,-31
Wyre,Balance of secondary income,2014,-8
Wyre,Balance of secondary income,2015,1
Wyre,Balance of secondary income,2016,-15
Wyre,Balance of secondary income,2017,-16
Wyre,Balance of secondary income,2018,8
Wyre,Balance of secondary income,2019,45
Wyre,Balance of secondary income,2020,40
Wyre,Balance of secondary income,2021,-16
Wyre,Balance of secondary income,2022,-56
Wyre,Compensation of employees,1997,594
Wyre,Compensation of employees,1998,619
Wyre,Compensation of employees,1999,657
Wyre,Compensation of employees,2000,702
Wyre,Compensation of employees,2001,758
Wyre,Compensation of employees,2002,794
Wyre,Compensation of employees,2003,838
Wyre,Compensation of employees,2004,904
Wyre,Compensation of employees,2005,944
Wyre,Compensation of employees,2006,984
Wyre,Compensation of employees,2007,1056
Wyre,Compensation of employees,2008,1084
Wyre,Compensation of employees,2009,1064
Wyre,Compensation of employees,2010,1092
Wyre,Compensation of employees,2011,1095
Wyre,Compensation of employees,2012,1087
Wyre,Compensation of employees,2013,1107
Wyre,Compensation of employees,2014,1114
Wyre,Compensation of employees,2015,1125
Wyre,Compensation of employees,2016,1173
Wyre,Compensation of employees,2017,1233
Wyre,Compensation of employees,2018,1267
Wyre,Compensation of employees,2019,1337
Wyre,Compensation of employees,2020,1388
Wyre,Compensation of employees,2021,1446
Wyre,Compensation of employees,2022,1534
Wyre,"Current taxes on income, wealth etc",1997,137
Wyre,"Current taxes on income, wealth etc",1998,157
Wyre,"Current taxes on income, wealth etc",1999,166
Wyre,"Current taxes on income, wealth etc",2000,175
Wyre,"Current taxes on income, wealth etc",2001,189
Wyre,"Current taxes on income, wealth etc",2002,198
Wyre,"Current taxes on income, wealth etc",2003,207
Wyre,"Current taxes on income, wealth etc",2004,222
Wyre,"Current taxes on income, wealth etc",2005,232
Wyre,"Current taxes on income, wealth etc",2006,239
Wyre,"Current taxes on income, wealth etc",2007,257
Wyre,"Current taxes on income, wealth etc",2008,274
Wyre,"Current taxes on income, wealth etc",2009,260
Wyre,"Current taxes on income, wealth etc",2010,254
Wyre,"Current taxes on income, wealth etc",2011,254
Wyre,"Current taxes on income, wealth etc",2012,246
Wyre,"Current taxes on income, wealth etc",2013,239
Wyre,"Current taxes on income, wealth etc",2014,231
Wyre,"Current taxes on income, wealth etc",2015,234
Wyre,"Current taxes on income, wealth etc",2016,242
Wyre,"Current taxes on income, wealth etc",2017,258
Wyre,"Current taxes on income, wealth etc",2018,272
Wyre,"Current taxes on income, wealth etc",2019,278
Wyre,"Current taxes on income, wealth etc",2020,279
Wyre,"Current taxes on income, wealth etc",2021,311
Wyre,"Current taxes on income, wealth etc",2022,343
Wyre,Gross Disposable Income,1997,1004
Wyre,Gross Disposable Income,1998,1019
Wyre,Gross Disposable Income,1999,1060
Wyre,Gross Disposable Income,2000,1125
Wyre,Gross Disposable Income,2001,1182
Wyre,Gross Disposable Income,2002,1221
Wyre,Gross Disposable Income,2003,1269
Wyre,Gross Disposable Income,2004,1318
Wyre,Gross Disposable Income,2005,1373
Wyre,Gross Disposable Income,2006,1425
Wyre,Gross Disposable Income,2007,1482
Wyre,Gross Disposable Income,2008,1518
Wyre,Gross Disposable Income,2009,1594
Wyre,Gross Disposable Income,2010,1615
Wyre,Gross Disposable Income,2011,1635
Wyre,Gross Disposable Income,2012,1662
Wyre,Gross Disposable Income,2013,1733
Wyre,Gross Disposable Income,2014,1779
Wyre,Gross Disposable Income,2015,1834
Wyre,Gross Disposable Income,2016,1871
Wyre,Gross Disposable Income,2017,1963
Wyre,Gross Disposable Income,2018,2020
Wyre,Gross Disposable Income,2019,2165
Wyre,Gross Disposable Income,2020,2169
Wyre,Gross Disposable Income,2021,2228
Wyre,Gross Disposable Income,2022,2392
Wyre,Imputed social contributions/Social benefits received,1997,285
Wyre,Imputed social contributions/Social benefits received,1998,289
Wyre,Imputed social contributions/Social benefits received,1999,298
Wyre,Imputed social contributions/Social benefits received,2000,318
Wyre,Imputed social contributions/Social benefits received,2001,342
Wyre,Imputed social contributions/Social benefits received,2002,352
Wyre,Imputed social contributions/Social benefits received,2003,376
Wyre,Imputed social contributions/Social benefits received,2004,395
Wyre,Imputed social contributions/Social benefits received,2005,413
Wyre,Imputed social contributions/Social benefits received,2006,434
Wyre,Imputed social contributions/Social benefits received,2007,460
Wyre,Imputed social contributions/Social benefits received,2008,498
Wyre,Imputed social contributions/Social benefits received,2009,548
Wyre,Imputed social contributions/Social benefits received,2010,572
Wyre,Imputed social contributions/Social benefits received,2011,587
Wyre,Imputed social contributions/Social benefits received,2012,615
Wyre,Imputed social contributions/Social benefits received,2013,638
Wyre,Imputed social contributions/Social benefits received,2014,653
Wyre,Imputed social contributions/Social benefits received,2015,662
Wyre,Imputed social contributions/Social benefits received,2016,672
Wyre,Imputed social contributions/Social benefits received,2017,702
Wyre,Imputed social contributions/Social benefits received,2018,746
Wyre,Imputed social contributions/Social benefits received,2019,792
Wyre,Imputed social contributions/Social benefits received,2020,810
Wyre,Imputed social contributions/Social benefits received,2021,808
Wyre,Imputed social contributions/Social benefits received,2022,849
Wyre,Mixed income,1997,90
Wyre,Mixed income,1998,94
Wyre,Mixed income,1999,100
Wyre,Mixed income,2000,101
Wyre,Mixed income,2001,104
Wyre,Mixed income,2002,110
Wyre,Mixed income,2003,112
Wyre,Mixed income,2004,115
Wyre,Mixed income,2005,120
Wyre,Mixed income,2006,125
Wyre,Mixed income,2007,120
Wyre,Mixed income,2008,119
Wyre,Mixed income,2009,123
Wyre,Mixed income,2010,128
Wyre,Mixed income,2011,129
Wyre,Mixed income,2012,129
Wyre,Mixed income,2013,135
Wyre,Mixed income,2014,141
Wyre,Mixed income,2015,147
Wyre,Mixed income,2016,148
Wyre,Mixed income,2017,162
Wyre,Mixed income,2018,163
Wyre,Mixed income,2019,172
Wyre,Mixed income,2020,179
Wyre,Mixed income,2021,184
Wyre,Mixed income,2022,187
Wyre,Operating surplus,1997,204
Wyre,Operating surplus,1998,206
Wyre,Operating surplus,1999,218
Wyre,Operating surplus,2000,222
Wyre,Operating surplus,2001,228
Wyre,Operating surplus,2002,234
Wyre,Operating surplus,2003,244
Wyre,Operating surplus,2004,248
Wyre,Operating surplus,2005,248
Wyre,Operating surplus,2006,255
Wyre,Operating surplus,2007,254
Wyre,Operating surplus,2008,258
Wyre,Operating surplus,2009,239
Wyre,Operating surplus,2010,221
Wyre,Operating surplus,2011,220
Wyre,Operating surplus,2012,224
Wyre,Operating surplus,2013,218
Wyre,Operating surplus,2014,225
Wyre,Operating surplus,2015,231
Wyre,Operating surplus,2016,249
Wyre,Operating surplus,2017,252
Wyre,Operating surplus,2018,262
Wyre,Operating surplus,2019,266
Wyre,Operating surplus,2020,268
Wyre,Operating surplus,2021,272
Wyre,Operating surplus,2022,301
Wyre,"Other current transfers, paid",1997,25
Wyre,"Other current transfers, paid",1998,23
Wyre,"Other current transfers, paid",1999,25
Wyre,"Other current transfers, paid",2000,24
Wyre,"Other current transfers, paid",2001,36
Wyre,"Other current transfers, paid",2002,37
Wyre,"Other current transfers, paid",2003,42
Wyre,"Other current transfers, paid",2004,45
Wyre,"Other current transfers, paid",2005,50
Wyre,"Other current transfers, paid",2006,38
Wyre,"Other current transfers, paid",2007,52
Wyre,"Other current transfers, paid",2008,52
Wyre,"Other current transfers, paid",2009,49
Wyre,"Other current transfers, paid",2010,49
Wyre,"Other current transfers, paid",2011,57
Wyre,"Other current transfers, paid",2012,60
Wyre,"Other current transfers, paid",2013,60
Wyre,"Other current transfers, paid",2014,64
Wyre,"Other current transfers, paid",2015,60
Wyre,"Other current transfers, paid",2016,61
Wyre,"Other current transfers, paid",2017,62
Wyre,"Other current transfers, paid",2018,63
Wyre,"Other current transfers, paid",2019,64
Wyre,"Other current transfers, paid",2020,65
Wyre,"Other current transfers, paid",2021,64
Wyre,"Other current transfers, paid",2022,67
Wyre,"Other current transfers, received",1997,19
Wyre,"Other current transfers, received",1998,17
Wyre,"Other current transfers, received",1999,19
Wyre,"Other current transfers, received",2000,17
Wyre,"Other current transfers, received",2001,29
Wyre,"Other current transfers, received",2002,28
Wyre,"Other current transfers, received",2003,30
Wyre,"Other current transfers, received",2004,32
Wyre,"Other current transfers, received",2005,36
Wyre,"Other current transfers, received",2006,23
Wyre,"Other current transfers, received",2007,38
Wyre,"Other current transfers, received",2008,36
Wyre,"Other current transfers, received",2009,31
Wyre,"Other current transfers, received",2010,27
Wyre,"Other current transfers, received",2011,38
Wyre,"Other current transfers, received",2012,46
Wyre,"Other current transfers, received",2013,42
Wyre,"Other current transfers, received",2014,48
Wyre,"Other current transfers, received",2015,44
Wyre,"Other current transfers, received",2016,43
Wyre,"Other current transfers, received",2017,44
Wyre,"Other current transfers, received",2018,47
Wyre,"Other current transfers, received",2019,45
Wyre,"Other current transfers, received",2020,46
Wyre,"Other current transfers, received",2021,37
Wyre,"Other current transfers, received",2022,52
Wyre,Primary resources total,1997,1159
Wyre,Primary resources total,1998,1201
Wyre,Primary resources total,1999,1244
Wyre,Primary resources total,2000,1342
Wyre,Primary resources total,2001,1390
Wyre,Primary resources total,2002,1446
Wyre,Primary resources total,2003,1505
Wyre,Primary resources total,2004,1608
Wyre,Primary resources total,2005,1676
Wyre,Primary resources total,2006,1725
Wyre,Primary resources total,2007,1840
Wyre,Primary resources total,2008,1884
Wyre,Primary resources total,2009,1765
Wyre,Primary resources total,2010,1807
Wyre,Primary resources total,2011,1792
Wyre,Primary resources total,2012,1743
Wyre,Primary resources total,2013,1799
Wyre,Primary resources total,2014,1827
Wyre,Primary resources total,2015,1879
Wyre,Primary resources total,2016,1937
Wyre,Primary resources total,2017,2019
Wyre,Primary resources total,2018,2062
Wyre,Primary resources total,2019,2164
Wyre,Primary resources total,2020,2159
Wyre,Primary resources total,2021,2278
Wyre,Primary resources total,2022,2514
Wyre,Primary uses total,1997,71
Wyre,Primary uses total,1998,76
Wyre,Primary uses total,1999,72
Wyre,Primary uses total,2000,84
Wyre,Primary uses total,2001,81
Wyre,Primary uses total,2002,77
Wyre,Primary uses total,2003,82
Wyre,Primary uses total,2004,106
Wyre,Primary uses total,2005,114
Wyre,Primary uses total,2006,114
Wyre,Primary uses total,2007,144
Wyre,Primary uses total,2008,174
Wyre,Primary uses total,2009,64
Wyre,Primary uses total,2010,41
Wyre,Primary uses total,2011,47
Wyre,Primary uses total,2012,42
Wyre,Primary uses total,2013,35
Wyre,Primary uses total,2014,40
Wyre,Primary uses total,2015,46
Wyre,Primary uses total,2016,51
Wyre,Primary uses total,2017,40
Wyre,Primary uses total,2018,50
Wyre,Primary uses total,2019,43
Wyre,Primary uses total,2020,30
Wyre,Primary uses total,2021,33
Wyre,Primary uses total,2022,66
Wyre,"Property income, paid",1997,71
Wyre,"Property income, paid",1998,76
Wyre,"Property income, paid",1999,72
Wyre,"Property income, paid",2000,84
Wyre,"Property income, paid",2001,81
Wyre,"Property income, paid",2002,77
Wyre,"Property income, paid",2003,82
Wyre,"Property income, paid",2004,106
Wyre,"Property income, paid",2005,114
Wyre,"Property income, paid",2006,114
Wyre,"Property income, paid",2007,144
Wyre,"Property income, paid",2008,174
Wyre,"Property income, paid",2009,64
Wyre,"Property income, paid",2010,41
Wyre,"Property income, paid",2011,47
Wyre,"Property income, paid",2012,42
Wyre,"Property income, paid",2013,35
Wyre,"Property income, paid",2014,40
Wyre,"Property income, paid",2015,46
Wyre,"Property income, paid",2016,51
Wyre,"Property income, paid",2017,40
Wyre,"Property income, paid",2018,50
Wyre,"Property income, paid",2019,43
Wyre,"Property income, paid",2020,30
Wyre,"Property income, paid",2021,33
Wyre,"Property income, paid",2022,66
Wyre,"Property income, received",1997,272
Wyre,"Property income, received",1998,282
Wyre,"Property income, received",1999,270
Wyre,"Property income, received",2000,317
Wyre,"Property income, received",2001,299
Wyre,"Property income, received",2002,309
Wyre,"Property income, received",2003,311
Wyre,"Property income, received",2004,340
Wyre,"Property income, received",2005,363
Wyre,"Property income, received",2006,361
Wyre,"Property income, received",2007,410
Wyre,"Property income, received",2008,423
Wyre,"Property income, received",2009,338
Wyre,"Property income, received",2010,367
Wyre,"Property income, received",2011,349
Wyre,"Property income, received",2012,303
Wyre,"Property income, received",2013,339
Wyre,"Property income, received",2014,346
Wyre,"Property income, received",2015,375
Wyre,"Property income, received",2016,366
Wyre,"Property income, received",2017,373
Wyre,"Property income, received",2018,370
Wyre,"Property income, received",2019,388
Wyre,"Property income, received",2020,324
Wyre,"Property income, received",2021,376
Wyre,"Property income, received",2022,492
Wyre,Secondary resources total,1997,304
Wyre,Secondary resources total,1998,306
Wyre,Secondary resources total,1999,316
Wyre,Secondary resources total,2000,335
Wyre,Secondary resources total,2001,371
Wyre,Secondary resources total,2002,380
Wyre,Secondary resources total,2003,407
Wyre,Secondary resources total,2004,427
Wyre,Secondary resources total,2005,449
Wyre,Secondary resources total,2006,458
Wyre,Secondary resources total,2007,498
Wyre,Secondary resources total,2008,534
Wyre,Secondary resources total,2009,578
Wyre,Secondary resources total,2010,599
Wyre,Secondary resources total,2011,625
Wyre,Secondary resources total,2012,661
Wyre,Secondary resources total,2013,680
Wyre,Secondary resources total,2014,700
Wyre,Secondary resources total,2015,706
Wyre,Secondary resources total,2016,715
Wyre,Secondary resources total,2017,746
Wyre,Secondary resources total,2018,793
Wyre,Secondary resources total,2019,837
Wyre,Secondary resources total,2020,855
Wyre,Secondary resources total,2021,846
Wyre,Secondary resources total,2022,901
Wyre,Secondary uses total,1997,389
Wyre,Secondary uses total,1998,412
Wyre,Secondary uses total,1999,428
Wyre,Secondary uses total,2000,467
Wyre,Secondary uses total,2001,498
Wyre,Secondary uses total,2002,528
Wyre,Secondary uses total,2003,562
Wyre,Secondary uses total,2004,610
Wyre,Secondary uses total,2005,638
Wyre,Secondary uses total,2006,644
Wyre,Secondary uses total,2007,712
Wyre,Secondary uses total,2008,726
Wyre,Secondary uses total,2009,684
Wyre,Secondary uses total,2010,750
Wyre,Secondary uses total,2011,736
Wyre,Secondary uses total,2012,701
Wyre,Secondary uses total,2013,711
Wyre,Secondary uses total,2014,708
Wyre,Secondary uses total,2015,704
Wyre,Secondary uses total,2016,730
Wyre,Secondary uses total,2017,763
Wyre,Secondary uses total,2018,785
Wyre,Secondary uses total,2019,792
Wyre,Secondary uses total,2020,815
Wyre,Secondary uses total,2021,861
Wyre,Secondary uses total,2022,957
Wyre,Social contributions/Social benefits paid,1997,227
Wyre,Social contributions/Social benefits paid,1998,232
Wyre,Social contributions/Social benefits paid,1999,237
Wyre,Social contributions/Social benefits paid,2000,268
Wyre,Social contributions/Social benefits paid,2001,273
Wyre,Social contributions/Social benefits paid,2002,293
Wyre,Social contributions/Social benefits paid,2003,313
Wyre,Social contributions/Social benefits paid,2004,343
Wyre,Social contributions/Social benefits paid,2005,356
Wyre,Social contributions/Social benefits paid,2006,367
Wyre,Social contributions/Social benefits paid,2007,403
Wyre,Social contributions/Social benefits paid,2008,400
Wyre,Social contributions/Social benefits paid,2009,375
Wyre,Social contributions/Social benefits paid,2010,446
Wyre,Social contributions/Social benefits paid,2011,425
Wyre,Social contributions/Social benefits paid,2012,395
Wyre,Social contributions/Social benefits paid,2013,413
Wyre,Social contributions/Social benefits paid,2014,413
Wyre,Social contributions/Social benefits paid,2015,411
Wyre,Social contributions/Social benefits paid,2016,427
Wyre,Social contributions/Social benefits paid,2017,443
Wyre,Social contributions/Social benefits paid,2018,449
Wyre,Social contributions/Social benefits paid,2019,451
Wyre,Social contributions/Social benefits paid,2020,471
Wyre,Social contributions/Social benefits paid,2021,487
Wyre,Social contributions/Social benefits paid,2022,547
