Sum of Value,Year,Quarter,Month,Day,Range (groups),Range,Local Authority,Attribute
6726,2013,Qtr 3,September,1,18-24,18 to 20,Blackburn with Darwen,Number of previous offences
750,2013,Qtr 3,September,1,18-24,18 to 20,Blackburn with Darwen,offenders
1050,2013,Qtr 3,September,1,18-24,18 to 20,Blackburn with Darwen,reoffences
300,2013,Qtr 3,September,1,18-24,18 to 20,Blackburn with Darwen,reoffenders
10728,2013,Qtr 3,September,1,18-24,18 to 20,Blackpool,Number of previous offences
966,2013,Qtr 3,September,1,18-24,18 to 20,Blackpool,offenders
1356,2013,Qtr 3,September,1,18-24,18 to 20,Blackpool,reoffences
408,2013,Qtr 3,September,1,18-24,18 to 20,Blackpool,reoffenders
49204,2013,Qtr 3,September,1,18-24,18 to 20,Lancashire,Number of previous offences
5516,2013,Qtr 3,September,1,18-24,18 to 20,Lancashire,offenders
6478,2013,Qtr 3,September,1,18-24,18 to 20,Lancashire,reoffences
2078,2013,Qtr 3,September,1,18-24,18 to 20,Lancashire,reoffenders
14919,2013,Qtr 3,September,1,18-24,21 to 24,Blackburn with Darwen,Number of previous offences
1128,2013,Qtr 3,September,1,18-24,21 to 24,Blackburn with Darwen,offenders
1437,2013,Qtr 3,September,1,18-24,21 to 24,Blackburn with Darwen,reoffences
420,2013,Qtr 3,September,1,18-24,21 to 24,Blackburn with Darwen,reoffenders
19299,2013,Qtr 3,September,1,18-24,21 to 24,Blackpool,Number of previous offences
1485,2013,Qtr 3,September,1,18-24,21 to 24,Blackpool,offenders
1641,2013,Qtr 3,September,1,18-24,21 to 24,Blackpool,reoffences
534,2013,Qtr 3,September,1,18-24,21 to 24,Blackpool,reoffenders
88116,2013,Qtr 3,September,1,18-24,21 to 24,Lancashire,Number of previous offences
7552,2013,Qtr 3,September,1,18-24,21 to 24,Lancashire,offenders
7299,2013,Qtr 3,September,1,18-24,21 to 24,Lancashire,reoffences
2520,2013,Qtr 3,September,1,18-24,21 to 24,Lancashire,reoffenders
25488,2013,Qtr 3,September,1,25-34,25 to 29,Blackburn with Darwen,Number of previous offences
1251,2013,Qtr 3,September,1,25-34,25 to 29,Blackburn with Darwen,offenders
2328,2013,Qtr 3,September,1,25-34,25 to 29,Blackburn with Darwen,reoffences
552,2013,Qtr 3,September,1,25-34,25 to 29,Blackburn with Darwen,reoffenders
26619,2013,Qtr 3,September,1,25-34,25 to 29,Blackpool,Number of previous offences
1560,2013,Qtr 3,September,1,25-34,25 to 29,Blackpool,offenders
1686,2013,Qtr 3,September,1,25-34,25 to 29,Blackpool,reoffences
468,2013,Qtr 3,September,1,25-34,25 to 29,Blackpool,reoffenders
126311,2013,Qtr 3,September,1,25-34,25 to 29,Lancashire,Number of previous offences
7765,2013,Qtr 3,September,1,25-34,25 to 29,Lancashire,offenders
9267,2013,Qtr 3,September,1,25-34,25 to 29,Lancashire,reoffences
2590,2013,Qtr 3,September,1,25-34,25 to 29,Lancashire,reoffenders
28725,2013,Qtr 3,September,1,25-34,30 to 34,Blackburn with Darwen,Number of previous offences
1044,2013,Qtr 3,September,1,25-34,30 to 34,Blackburn with Darwen,offenders
1752,2013,Qtr 3,September,1,25-34,30 to 34,Blackburn with Darwen,reoffences
435,2013,Qtr 3,September,1,25-34,30 to 34,Blackburn with Darwen,reoffenders
35778,2013,Qtr 3,September,1,25-34,30 to 34,Blackpool,Number of previous offences
1347,2013,Qtr 3,September,1,25-34,30 to 34,Blackpool,offenders
1890,2013,Qtr 3,September,1,25-34,30 to 34,Blackpool,reoffences
507,2013,Qtr 3,September,1,25-34,30 to 34,Blackpool,reoffenders
143646,2013,Qtr 3,September,1,25-34,30 to 34,Lancashire,Number of previous offences
6095,2013,Qtr 3,September,1,25-34,30 to 34,Lancashire,offenders
8531,2013,Qtr 3,September,1,25-34,30 to 34,Lancashire,reoffences
2075,2013,Qtr 3,September,1,25-34,30 to 34,Lancashire,reoffenders
29214,2013,Qtr 3,September,1,35-49,35 to 39,Blackburn with Darwen,Number of previous offences
762,2013,Qtr 3,September,1,35-49,35 to 39,Blackburn with Darwen,offenders
1353,2013,Qtr 3,September,1,35-49,35 to 39,Blackburn with Darwen,reoffences
285,2013,Qtr 3,September,1,35-49,35 to 39,Blackburn with Darwen,reoffenders
36120,2013,Qtr 3,September,1,35-49,35 to 39,Blackpool,Number of previous offences
1161,2013,Qtr 3,September,1,35-49,35 to 39,Blackpool,offenders
1893,2013,Qtr 3,September,1,35-49,35 to 39,Blackpool,reoffences
453,2013,Qtr 3,September,1,35-49,35 to 39,Blackpool,reoffenders
154351,2013,Qtr 3,September,1,35-49,35 to 39,Lancashire,Number of previous offences
5012,2013,Qtr 3,September,1,35-49,35 to 39,Lancashire,offenders
8099,2013,Qtr 3,September,1,35-49,35 to 39,Lancashire,reoffences
1797,2013,Qtr 3,September,1,35-49,35 to 39,Lancashire,reoffenders
20127,2013,Qtr 3,September,1,35-49,40 to 44,Blackburn with Darwen,Number of previous offences
543,2013,Qtr 3,September,1,35-49,40 to 44,Blackburn with Darwen,offenders
453,2013,Qtr 3,September,1,35-49,40 to 44,Blackburn with Darwen,reoffences
177,2013,Qtr 3,September,1,35-49,40 to 44,Blackburn with Darwen,reoffenders
45018,2013,Qtr 3,September,1,35-49,40 to 44,Blackpool,Number of previous offences
1104,2013,Qtr 3,September,1,35-49,40 to 44,Blackpool,offenders
1791,2013,Qtr 3,September,1,35-49,40 to 44,Blackpool,reoffences
378,2013,Qtr 3,September,1,35-49,40 to 44,Blackpool,reoffenders
131707,2013,Qtr 3,September,1,35-49,40 to 44,Lancashire,Number of previous offences
4152,2013,Qtr 3,September,1,35-49,40 to 44,Lancashire,offenders
4927,2013,Qtr 3,September,1,35-49,40 to 44,Lancashire,reoffences
1334,2013,Qtr 3,September,1,35-49,40 to 44,Lancashire,reoffenders
16080,2013,Qtr 3,September,1,35-49,45 to 49,Blackburn with Darwen,Number of previous offences
411,2013,Qtr 3,September,1,35-49,45 to 49,Blackburn with Darwen,offenders
516,2013,Qtr 3,September,1,35-49,45 to 49,Blackburn with Darwen,reoffences
141,2013,Qtr 3,September,1,35-49,45 to 49,Blackburn with Darwen,reoffenders
22140,2013,Qtr 3,September,1,35-49,45 to 49,Blackpool,Number of previous offences
765,2013,Qtr 3,September,1,35-49,45 to 49,Blackpool,offenders
750,2013,Qtr 3,September,1,35-49,45 to 49,Blackpool,reoffences
213,2013,Qtr 3,September,1,35-49,45 to 49,Blackpool,reoffenders
78947,2013,Qtr 3,September,1,35-49,45 to 49,Lancashire,Number of previous offences
2912,2013,Qtr 3,September,1,35-49,45 to 49,Lancashire,offenders
3239,2013,Qtr 3,September,1,35-49,45 to 49,Lancashire,reoffences
790,2013,Qtr 3,September,1,35-49,45 to 49,Lancashire,reoffenders
9213,2013,Qtr 3,September,1,50+,50+,Blackburn with Darwen,Number of previous offences
546,2013,Qtr 3,September,1,50+,50+,Blackburn with Darwen,offenders
444,2013,Qtr 3,September,1,50+,50+,Blackburn with Darwen,reoffences
108,2013,Qtr 3,September,1,50+,50+,Blackburn with Darwen,reoffenders
25896,2013,Qtr 3,September,1,50+,50+,Blackpool,Number of previous offences
993,2013,Qtr 3,September,1,50+,50+,Blackpool,offenders
1131,2013,Qtr 3,September,1,50+,50+,Blackpool,reoffences
213,2013,Qtr 3,September,1,50+,50+,Blackpool,reoffenders
81402,2013,Qtr 3,September,1,50+,50+,Lancashire,Number of previous offences
3957,2013,Qtr 3,September,1,50+,50+,Lancashire,offenders
2817,2013,Qtr 3,September,1,50+,50+,Lancashire,reoffences
770,2013,Qtr 3,September,1,50+,50+,Lancashire,reoffenders
14049,2013,Qtr 3,September,1,Female,Female,Blackburn with Darwen,Number of previous offences
1194,2013,Qtr 3,September,1,Female,Female,Blackburn with Darwen,offenders
1268,2013,Qtr 3,September,1,Female,Female,Blackburn with Darwen,reoffences
352,2013,Qtr 3,September,1,Female,Female,Blackburn with Darwen,reoffenders
23294,2013,Qtr 3,September,1,Female,Female,Blackpool,Number of previous offences
2117,2013,Qtr 3,September,1,Female,Female,Blackpool,offenders
1876,2013,Qtr 3,September,1,Female,Female,Blackpool,reoffences
530,2013,Qtr 3,September,1,Female,Female,Blackpool,reoffenders
104057,2013,Qtr 3,September,1,Female,Female,Lancashire,Number of previous offences
9235,2013,Qtr 3,September,1,Female,Female,Lancashire,offenders
8986,2013,Qtr 3,September,1,Female,Female,Lancashire,reoffences
2408,2013,Qtr 3,September,1,Female,Female,Lancashire,reoffenders
138539,2013,Qtr 3,September,1,Male,Male,Blackburn with Darwen,Number of previous offences
5909,2013,Qtr 3,September,1,Male,Male,Blackburn with Darwen,offenders
9017,2013,Qtr 3,September,1,Male,Male,Blackburn with Darwen,reoffences
2354,2013,Qtr 3,September,1,Male,Male,Blackburn with Darwen,reoffenders
206480,2013,Qtr 3,September,1,Male,Male,Blackpool,Number of previous offences
8328,2013,Qtr 3,September,1,Male,Male,Blackpool,offenders
13078,2013,Qtr 3,September,1,Male,Male,Blackpool,reoffences
3184,2013,Qtr 3,September,1,Male,Male,Blackpool,reoffenders
776867,2013,Qtr 3,September,1,Male,Male,Lancashire,Number of previous offences
39791,2013,Qtr 3,September,1,Male,Male,Lancashire,offenders
51993,2013,Qtr 3,September,1,Male,Male,Lancashire,reoffences
14353,2013,Qtr 3,September,1,Male,Male,Lancashire,reoffenders
420,2013,Qtr 3,September,1,Under 18s,10 to 14,Blackburn with Darwen,Number of previous offences
196,2013,Qtr 3,September,1,Under 18s,10 to 14,Blackburn with Darwen,offenders
368,2013,Qtr 3,September,1,Under 18s,10 to 14,Blackburn with Darwen,reoffences
88,2013,Qtr 3,September,1,Under 18s,10 to 14,Blackburn with Darwen,reoffenders
1076,2013,Qtr 3,September,1,Under 18s,10 to 14,Blackpool,Number of previous offences
180,2013,Qtr 3,September,1,Under 18s,10 to 14,Blackpool,offenders
1092,2013,Qtr 3,September,1,Under 18s,10 to 14,Blackpool,reoffences
100,2013,Qtr 3,September,1,Under 18s,10 to 14,Blackpool,reoffenders
3230,2013,Qtr 3,September,1,Under 18s,10 to 14,Lancashire,Number of previous offences
1566,2013,Qtr 3,September,1,Under 18s,10 to 14,Lancashire,offenders
2813,2013,Qtr 3,September,1,Under 18s,10 to 14,Lancashire,reoffences
743,2013,Qtr 3,September,1,Under 18s,10 to 14,Lancashire,reoffenders
1676,2013,Qtr 3,September,1,Under 18s,15 to 17,Blackburn with Darwen,Number of previous offences
472,2013,Qtr 3,September,1,Under 18s,15 to 17,Blackburn with Darwen,offenders
584,2013,Qtr 3,September,1,Under 18s,15 to 17,Blackburn with Darwen,reoffences
200,2013,Qtr 3,September,1,Under 18s,15 to 17,Blackburn with Darwen,reoffenders
7100,2013,Qtr 3,September,1,Under 18s,15 to 17,Blackpool,Number of previous offences
884,2013,Qtr 3,September,1,Under 18s,15 to 17,Blackpool,offenders
1724,2013,Qtr 3,September,1,Under 18s,15 to 17,Blackpool,reoffences
440,2013,Qtr 3,September,1,Under 18s,15 to 17,Blackpool,reoffenders
24010,2013,Qtr 3,September,1,Under 18s,15 to 17,Lancashire,Number of previous offences
4499,2013,Qtr 3,September,1,Under 18s,15 to 17,Lancashire,offenders
7509,2013,Qtr 3,September,1,Under 18s,15 to 17,Lancashire,reoffences
2064,2013,Qtr 3,September,1,Under 18s,15 to 17,Lancashire,reoffenders
3753,2014,Qtr 3,September,1,18-24,18 to 20,Blackburn with Darwen,Number of previous offences
609,2014,Qtr 3,September,1,18-24,18 to 20,Blackburn with Darwen,offenders
636,2014,Qtr 3,September,1,18-24,18 to 20,Blackburn with Darwen,reoffences
201,2014,Qtr 3,September,1,18-24,18 to 20,Blackburn with Darwen,reoffenders
6660,2014,Qtr 3,September,1,18-24,18 to 20,Blackpool,Number of previous offences
726,2014,Qtr 3,September,1,18-24,18 to 20,Blackpool,offenders
909,2014,Qtr 3,September,1,18-24,18 to 20,Blackpool,reoffences
276,2014,Qtr 3,September,1,18-24,18 to 20,Blackpool,reoffenders
31215,2014,Qtr 3,September,1,18-24,18 to 20,Lancashire,Number of previous offences
4210,2014,Qtr 3,September,1,18-24,18 to 20,Lancashire,offenders
4301,2014,Qtr 3,September,1,18-24,18 to 20,Lancashire,reoffences
1344,2014,Qtr 3,September,1,18-24,18 to 20,Lancashire,reoffenders
11817,2014,Qtr 3,September,1,18-24,21 to 24,Blackburn with Darwen,Number of previous offences
1008,2014,Qtr 3,September,1,18-24,21 to 24,Blackburn with Darwen,offenders
843,2014,Qtr 3,September,1,18-24,21 to 24,Blackburn with Darwen,reoffences
345,2014,Qtr 3,September,1,18-24,21 to 24,Blackburn with Darwen,reoffenders
17025,2014,Qtr 3,September,1,18-24,21 to 24,Blackpool,Number of previous offences
1170,2014,Qtr 3,September,1,18-24,21 to 24,Blackpool,offenders
1203,2014,Qtr 3,September,1,18-24,21 to 24,Blackpool,reoffences
405,2014,Qtr 3,September,1,18-24,21 to 24,Blackpool,reoffenders
78170,2014,Qtr 3,September,1,18-24,21 to 24,Lancashire,Number of previous offences
6687,2014,Qtr 3,September,1,18-24,21 to 24,Lancashire,offenders
5497,2014,Qtr 3,September,1,18-24,21 to 24,Lancashire,reoffences
2020,2014,Qtr 3,September,1,18-24,21 to 24,Lancashire,reoffenders
21381,2014,Qtr 3,September,1,25-34,25 to 29,Blackburn with Darwen,Number of previous offences
1140,2014,Qtr 3,September,1,25-34,25 to 29,Blackburn with Darwen,offenders
1617,2014,Qtr 3,September,1,25-34,25 to 29,Blackburn with Darwen,reoffences
387,2014,Qtr 3,September,1,25-34,25 to 29,Blackburn with Darwen,reoffenders
26172,2014,Qtr 3,September,1,25-34,25 to 29,Blackpool,Number of previous offences
1455,2014,Qtr 3,September,1,25-34,25 to 29,Blackpool,offenders
1710,2014,Qtr 3,September,1,25-34,25 to 29,Blackpool,reoffences
471,2014,Qtr 3,September,1,25-34,25 to 29,Blackpool,reoffenders
116147,2014,Qtr 3,September,1,25-34,25 to 29,Lancashire,Number of previous offences
7279,2014,Qtr 3,September,1,25-34,25 to 29,Lancashire,offenders
7295,2014,Qtr 3,September,1,25-34,25 to 29,Lancashire,reoffences
2242,2014,Qtr 3,September,1,25-34,25 to 29,Lancashire,reoffenders
25941,2014,Qtr 3,September,1,25-34,30 to 34,Blackburn with Darwen,Number of previous offences
876,2014,Qtr 3,September,1,25-34,30 to 34,Blackburn with Darwen,offenders
1200,2014,Qtr 3,September,1,25-34,30 to 34,Blackburn with Darwen,reoffences
327,2014,Qtr 3,September,1,25-34,30 to 34,Blackburn with Darwen,reoffenders
33393,2014,Qtr 3,September,1,25-34,30 to 34,Blackpool,Number of previous offences
1176,2014,Qtr 3,September,1,25-34,30 to 34,Blackpool,offenders
2019,2014,Qtr 3,September,1,25-34,30 to 34,Blackpool,reoffences
462,2014,Qtr 3,September,1,25-34,30 to 34,Blackpool,reoffenders
129965,2014,Qtr 3,September,1,25-34,30 to 34,Lancashire,Number of previous offences
5373,2014,Qtr 3,September,1,25-34,30 to 34,Lancashire,offenders
6563,2014,Qtr 3,September,1,25-34,30 to 34,Lancashire,reoffences
1742,2014,Qtr 3,September,1,25-34,30 to 34,Lancashire,reoffenders
28095,2014,Qtr 3,September,1,35-49,35 to 39,Blackburn with Darwen,Number of previous offences
750,2014,Qtr 3,September,1,35-49,35 to 39,Blackburn with Darwen,offenders
1122,2014,Qtr 3,September,1,35-49,35 to 39,Blackburn with Darwen,reoffences
312,2014,Qtr 3,September,1,35-49,35 to 39,Blackburn with Darwen,reoffenders
37317,2014,Qtr 3,September,1,35-49,35 to 39,Blackpool,Number of previous offences
981,2014,Qtr 3,September,1,35-49,35 to 39,Blackpool,offenders
1665,2014,Qtr 3,September,1,35-49,35 to 39,Blackpool,reoffences
357,2014,Qtr 3,September,1,35-49,35 to 39,Blackpool,reoffenders
139401,2014,Qtr 3,September,1,35-49,35 to 39,Lancashire,Number of previous offences
4327,2014,Qtr 3,September,1,35-49,35 to 39,Lancashire,offenders
5561,2014,Qtr 3,September,1,35-49,35 to 39,Lancashire,reoffences
1528,2014,Qtr 3,September,1,35-49,35 to 39,Lancashire,reoffenders
21786,2014,Qtr 3,September,1,35-49,40 to 44,Blackburn with Darwen,Number of previous offences
627,2014,Qtr 3,September,1,35-49,40 to 44,Blackburn with Darwen,offenders
612,2014,Qtr 3,September,1,35-49,40 to 44,Blackburn with Darwen,reoffences
195,2014,Qtr 3,September,1,35-49,40 to 44,Blackburn with Darwen,reoffenders
35916,2014,Qtr 3,September,1,35-49,40 to 44,Blackpool,Number of previous offences
885,2014,Qtr 3,September,1,35-49,40 to 44,Blackpool,offenders
1134,2014,Qtr 3,September,1,35-49,40 to 44,Blackpool,reoffences
303,2014,Qtr 3,September,1,35-49,40 to 44,Blackpool,reoffenders
136048,2014,Qtr 3,September,1,35-49,40 to 44,Lancashire,Number of previous offences
3891,2014,Qtr 3,September,1,35-49,40 to 44,Lancashire,offenders
4434,2014,Qtr 3,September,1,35-49,40 to 44,Lancashire,reoffences
1207,2014,Qtr 3,September,1,35-49,40 to 44,Lancashire,reoffenders
13209,2014,Qtr 3,September,1,35-49,45 to 49,Blackburn with Darwen,Number of previous offences
408,2014,Qtr 3,September,1,35-49,45 to 49,Blackburn with Darwen,offenders
303,2014,Qtr 3,September,1,35-49,45 to 49,Blackburn with Darwen,reoffences
99,2014,Qtr 3,September,1,35-49,45 to 49,Blackburn with Darwen,reoffenders
27276,2014,Qtr 3,September,1,35-49,45 to 49,Blackpool,Number of previous offences
807,2014,Qtr 3,September,1,35-49,45 to 49,Blackpool,offenders
960,2014,Qtr 3,September,1,35-49,45 to 49,Blackpool,reoffences
228,2014,Qtr 3,September,1,35-49,45 to 49,Blackpool,reoffenders
84880,2014,Qtr 3,September,1,35-49,45 to 49,Lancashire,Number of previous offences
2883,2014,Qtr 3,September,1,35-49,45 to 49,Lancashire,offenders
3037,2014,Qtr 3,September,1,35-49,45 to 49,Lancashire,reoffences
736,2014,Qtr 3,September,1,35-49,45 to 49,Lancashire,reoffenders
11388,2014,Qtr 3,September,1,50+,50+,Blackburn with Darwen,Number of previous offences
483,2014,Qtr 3,September,1,50+,50+,Blackburn with Darwen,offenders
447,2014,Qtr 3,September,1,50+,50+,Blackburn with Darwen,reoffences
123,2014,Qtr 3,September,1,50+,50+,Blackburn with Darwen,reoffenders
27009,2014,Qtr 3,September,1,50+,50+,Blackpool,Number of previous offences
840,2014,Qtr 3,September,1,50+,50+,Blackpool,offenders
921,2014,Qtr 3,September,1,50+,50+,Blackpool,reoffences
201,2014,Qtr 3,September,1,50+,50+,Blackpool,reoffenders
76492,2014,Qtr 3,September,1,50+,50+,Lancashire,Number of previous offences
3624,2014,Qtr 3,September,1,50+,50+,Lancashire,offenders
3009,2014,Qtr 3,September,1,50+,50+,Lancashire,reoffences
681,2014,Qtr 3,September,1,50+,50+,Lancashire,reoffenders
12532,2014,Qtr 3,September,1,Female,Female,Blackburn with Darwen,Number of previous offences
992,2014,Qtr 3,September,1,Female,Female,Blackburn with Darwen,offenders
546,2014,Qtr 3,September,1,Female,Female,Blackburn with Darwen,reoffences
219,2014,Qtr 3,September,1,Female,Female,Blackburn with Darwen,reoffenders
24838,2014,Qtr 3,September,1,Female,Female,Blackpool,Number of previous offences
1584,2014,Qtr 3,September,1,Female,Female,Blackpool,offenders
1999,2014,Qtr 3,September,1,Female,Female,Blackpool,reoffences
418,2014,Qtr 3,September,1,Female,Female,Blackpool,reoffenders
91276,2014,Qtr 3,September,1,Female,Female,Lancashire,Number of previous offences
7736,2014,Qtr 3,September,1,Female,Female,Lancashire,offenders
6492,2014,Qtr 3,September,1,Female,Female,Lancashire,reoffences
1792,2014,Qtr 3,September,1,Female,Female,Lancashire,reoffenders
127338,2014,Qtr 3,September,1,Male,Male,Blackburn with Darwen,Number of previous offences
5397,2014,Qtr 3,September,1,Male,Male,Blackburn with Darwen,offenders
6950,2014,Qtr 3,September,1,Male,Male,Blackburn with Darwen,reoffences
1970,2014,Qtr 3,September,1,Male,Male,Blackburn with Darwen,reoffenders
192230,2014,Qtr 3,September,1,Male,Male,Blackpool,Number of previous offences
7296,2014,Qtr 3,September,1,Male,Male,Blackpool,offenders
10726,2014,Qtr 3,September,1,Male,Male,Blackpool,reoffences
2737,2014,Qtr 3,September,1,Male,Male,Blackpool,reoffenders
726490,2014,Qtr 3,September,1,Male,Male,Lancashire,Number of previous offences
35206,2014,Qtr 3,September,1,Male,Male,Lancashire,offenders
43095,2014,Qtr 3,September,1,Male,Male,Lancashire,reoffences
12007,2014,Qtr 3,September,1,Male,Male,Lancashire,reoffenders
380,2014,Qtr 3,September,1,Under 18s,10 to 14,Blackburn with Darwen,Number of previous offences
112,2014,Qtr 3,September,1,Under 18s,10 to 14,Blackburn with Darwen,offenders
292,2014,Qtr 3,September,1,Under 18s,10 to 14,Blackburn with Darwen,reoffences
40,2014,Qtr 3,September,1,Under 18s,10 to 14,Blackburn with Darwen,reoffenders
840,2014,Qtr 3,September,1,Under 18s,10 to 14,Blackpool,Number of previous offences
204,2014,Qtr 3,September,1,Under 18s,10 to 14,Blackpool,offenders
508,2014,Qtr 3,September,1,Under 18s,10 to 14,Blackpool,reoffences
108,2014,Qtr 3,September,1,Under 18s,10 to 14,Blackpool,reoffenders
4033,2014,Qtr 3,September,1,Under 18s,10 to 14,Lancashire,Number of previous offences
1187,2014,Qtr 3,September,1,Under 18s,10 to 14,Lancashire,offenders
3208,2014,Qtr 3,September,1,Under 18s,10 to 14,Lancashire,reoffences
637,2014,Qtr 3,September,1,Under 18s,10 to 14,Lancashire,reoffenders
2120,2014,Qtr 3,September,1,Under 18s,15 to 17,Blackburn with Darwen,Number of previous offences
376,2014,Qtr 3,September,1,Under 18s,15 to 17,Blackburn with Darwen,offenders
424,2014,Qtr 3,September,1,Under 18s,15 to 17,Blackburn with Darwen,reoffences
160,2014,Qtr 3,September,1,Under 18s,15 to 17,Blackburn with Darwen,reoffenders
5460,2014,Qtr 3,September,1,Under 18s,15 to 17,Blackpool,Number of previous offences
636,2014,Qtr 3,September,1,Under 18s,15 to 17,Blackpool,offenders
1696,2014,Qtr 3,September,1,Under 18s,15 to 17,Blackpool,reoffences
344,2014,Qtr 3,September,1,Under 18s,15 to 17,Blackpool,reoffenders
21415,2014,Qtr 3,September,1,Under 18s,15 to 17,Lancashire,Number of previous offences
3481,2014,Qtr 3,September,1,Under 18s,15 to 17,Lancashire,offenders
6682,2014,Qtr 3,September,1,Under 18s,15 to 17,Lancashire,reoffences
1662,2014,Qtr 3,September,1,Under 18s,15 to 17,Lancashire,reoffenders
2583,2015,Qtr 3,September,1,18-24,18 to 20,Blackburn with Darwen,Number of previous offences
471,2015,Qtr 3,September,1,18-24,18 to 20,Blackburn with Darwen,offenders
375,2015,Qtr 3,September,1,18-24,18 to 20,Blackburn with Darwen,reoffences
120,2015,Qtr 3,September,1,18-24,18 to 20,Blackburn with Darwen,reoffenders
6855,2015,Qtr 3,September,1,18-24,18 to 20,Blackpool,Number of previous offences
684,2015,Qtr 3,September,1,18-24,18 to 20,Blackpool,offenders
696,2015,Qtr 3,September,1,18-24,18 to 20,Blackpool,reoffences
237,2015,Qtr 3,September,1,18-24,18 to 20,Blackpool,reoffenders
23834,2015,Qtr 3,September,1,18-24,18 to 20,Lancashire,Number of previous offences
3283,2015,Qtr 3,September,1,18-24,18 to 20,Lancashire,offenders
3801,2015,Qtr 3,September,1,18-24,18 to 20,Lancashire,reoffences
1019,2015,Qtr 3,September,1,18-24,18 to 20,Lancashire,reoffenders
10392,2015,Qtr 3,September,1,18-24,21 to 24,Blackburn with Darwen,Number of previous offences
813,2015,Qtr 3,September,1,18-24,21 to 24,Blackburn with Darwen,offenders
939,2015,Qtr 3,September,1,18-24,21 to 24,Blackburn with Darwen,reoffences
279,2015,Qtr 3,September,1,18-24,21 to 24,Blackburn with Darwen,reoffenders
13404,2015,Qtr 3,September,1,18-24,21 to 24,Blackpool,Number of previous offences
1077,2015,Qtr 3,September,1,18-24,21 to 24,Blackpool,offenders
942,2015,Qtr 3,September,1,18-24,21 to 24,Blackpool,reoffences
333,2015,Qtr 3,September,1,18-24,21 to 24,Blackpool,reoffenders
62916,2015,Qtr 3,September,1,18-24,21 to 24,Lancashire,Number of previous offences
5475,2015,Qtr 3,September,1,18-24,21 to 24,Lancashire,offenders
4572,2015,Qtr 3,September,1,18-24,21 to 24,Lancashire,reoffences
1419,2015,Qtr 3,September,1,18-24,21 to 24,Lancashire,reoffenders
21345,2015,Qtr 3,September,1,25-34,25 to 29,Blackburn with Darwen,Number of previous offences
1086,2015,Qtr 3,September,1,25-34,25 to 29,Blackburn with Darwen,offenders
1299,2015,Qtr 3,September,1,25-34,25 to 29,Blackburn with Darwen,reoffences
369,2015,Qtr 3,September,1,25-34,25 to 29,Blackburn with Darwen,reoffenders
24069,2015,Qtr 3,September,1,25-34,25 to 29,Blackpool,Number of previous offences
1428,2015,Qtr 3,September,1,25-34,25 to 29,Blackpool,offenders
1566,2015,Qtr 3,September,1,25-34,25 to 29,Blackpool,reoffences
411,2015,Qtr 3,September,1,25-34,25 to 29,Blackpool,reoffenders
107736,2015,Qtr 3,September,1,25-34,25 to 29,Lancashire,Number of previous offences
6670,2015,Qtr 3,September,1,25-34,25 to 29,Lancashire,offenders
6454,2015,Qtr 3,September,1,25-34,25 to 29,Lancashire,reoffences
1838,2015,Qtr 3,September,1,25-34,25 to 29,Lancashire,reoffenders
24408,2015,Qtr 3,September,1,25-34,30 to 34,Blackburn with Darwen,Number of previous offences
882,2015,Qtr 3,September,1,25-34,30 to 34,Blackburn with Darwen,offenders
1557,2015,Qtr 3,September,1,25-34,30 to 34,Blackburn with Darwen,reoffences
288,2015,Qtr 3,September,1,25-34,30 to 34,Blackburn with Darwen,reoffenders
27291,2015,Qtr 3,September,1,25-34,30 to 34,Blackpool,Number of previous offences
1074,2015,Qtr 3,September,1,25-34,30 to 34,Blackpool,offenders
1467,2015,Qtr 3,September,1,25-34,30 to 34,Blackpool,reoffences
369,2015,Qtr 3,September,1,25-34,30 to 34,Blackpool,reoffenders
117280,2015,Qtr 3,September,1,25-34,30 to 34,Lancashire,Number of previous offences
5197,2015,Qtr 3,September,1,25-34,30 to 34,Lancashire,offenders
5844,2015,Qtr 3,September,1,25-34,30 to 34,Lancashire,reoffences
1611,2015,Qtr 3,September,1,25-34,30 to 34,Lancashire,reoffenders
26337,2015,Qtr 3,September,1,35-49,35 to 39,Blackburn with Darwen,Number of previous offences
738,2015,Qtr 3,September,1,35-49,35 to 39,Blackburn with Darwen,offenders
1149,2015,Qtr 3,September,1,35-49,35 to 39,Blackburn with Darwen,reoffences
270,2015,Qtr 3,September,1,35-49,35 to 39,Blackburn with Darwen,reoffenders
35238,2015,Qtr 3,September,1,35-49,35 to 39,Blackpool,Number of previous offences
1050,2015,Qtr 3,September,1,35-49,35 to 39,Blackpool,offenders
1236,2015,Qtr 3,September,1,35-49,35 to 39,Blackpool,reoffences
327,2015,Qtr 3,September,1,35-49,35 to 39,Blackpool,reoffenders
118460,2015,Qtr 3,September,1,35-49,35 to 39,Lancashire,Number of previous offences
3971,2015,Qtr 3,September,1,35-49,35 to 39,Lancashire,offenders
4041,2015,Qtr 3,September,1,35-49,35 to 39,Lancashire,reoffences
1159,2015,Qtr 3,September,1,35-49,35 to 39,Lancashire,reoffenders
19983,2015,Qtr 3,September,1,35-49,40 to 44,Blackburn with Darwen,Number of previous offences
558,2015,Qtr 3,September,1,35-49,40 to 44,Blackburn with Darwen,offenders
549,2015,Qtr 3,September,1,35-49,40 to 44,Blackburn with Darwen,reoffences
138,2015,Qtr 3,September,1,35-49,40 to 44,Blackburn with Darwen,reoffenders
35061,2015,Qtr 3,September,1,35-49,40 to 44,Blackpool,Number of previous offences
861,2015,Qtr 3,September,1,35-49,40 to 44,Blackpool,offenders
1212,2015,Qtr 3,September,1,35-49,40 to 44,Blackpool,reoffences
282,2015,Qtr 3,September,1,35-49,40 to 44,Blackpool,reoffenders
126723,2015,Qtr 3,September,1,35-49,40 to 44,Lancashire,Number of previous offences
3614,2015,Qtr 3,September,1,35-49,40 to 44,Lancashire,offenders
4133,2015,Qtr 3,September,1,35-49,40 to 44,Lancashire,reoffences
1070,2015,Qtr 3,September,1,35-49,40 to 44,Lancashire,reoffenders
14766,2015,Qtr 3,September,1,35-49,45 to 49,Blackburn with Darwen,Number of previous offences
390,2015,Qtr 3,September,1,35-49,45 to 49,Blackburn with Darwen,offenders
387,2015,Qtr 3,September,1,35-49,45 to 49,Blackburn with Darwen,reoffences
102,2015,Qtr 3,September,1,35-49,45 to 49,Blackburn with Darwen,reoffenders
25572,2015,Qtr 3,September,1,35-49,45 to 49,Blackpool,Number of previous offences
657,2015,Qtr 3,September,1,35-49,45 to 49,Blackpool,offenders
744,2015,Qtr 3,September,1,35-49,45 to 49,Blackpool,reoffences
171,2015,Qtr 3,September,1,35-49,45 to 49,Blackpool,reoffenders
81594,2015,Qtr 3,September,1,35-49,45 to 49,Lancashire,Number of previous offences
2647,2015,Qtr 3,September,1,35-49,45 to 49,Lancashire,offenders
2645,2015,Qtr 3,September,1,35-49,45 to 49,Lancashire,reoffences
661,2015,Qtr 3,September,1,35-49,45 to 49,Lancashire,reoffenders
13326,2015,Qtr 3,September,1,50+,50+,Blackburn with Darwen,Number of previous offences
540,2015,Qtr 3,September,1,50+,50+,Blackburn with Darwen,offenders
330,2015,Qtr 3,September,1,50+,50+,Blackburn with Darwen,reoffences
117,2015,Qtr 3,September,1,50+,50+,Blackburn with Darwen,reoffenders
23649,2015,Qtr 3,September,1,50+,50+,Blackpool,Number of previous offences
798,2015,Qtr 3,September,1,50+,50+,Blackpool,offenders
687,2015,Qtr 3,September,1,50+,50+,Blackpool,reoffences
150,2015,Qtr 3,September,1,50+,50+,Blackpool,reoffenders
79945,2015,Qtr 3,September,1,50+,50+,Lancashire,Number of previous offences
3521,2015,Qtr 3,September,1,50+,50+,Lancashire,offenders
2883,2015,Qtr 3,September,1,50+,50+,Lancashire,reoffences
650,2015,Qtr 3,September,1,50+,50+,Lancashire,reoffenders
9731,2015,Qtr 3,September,1,Female,Female,Blackburn with Darwen,Number of previous offences
876,2015,Qtr 3,September,1,Female,Female,Blackburn with Darwen,offenders
423,2015,Qtr 3,September,1,Female,Female,Blackburn with Darwen,reoffences
167,2015,Qtr 3,September,1,Female,Female,Blackburn with Darwen,reoffenders
23205,2015,Qtr 3,September,1,Female,Female,Blackpool,Number of previous offences
1640,2015,Qtr 3,September,1,Female,Female,Blackpool,offenders
1606,2015,Qtr 3,September,1,Female,Female,Blackpool,reoffences
392,2015,Qtr 3,September,1,Female,Female,Blackpool,reoffenders
86153,2015,Qtr 3,September,1,Female,Female,Lancashire,Number of previous offences
6845,2015,Qtr 3,September,1,Female,Female,Lancashire,offenders
6992,2015,Qtr 3,September,1,Female,Female,Lancashire,reoffences
1619,2015,Qtr 3,September,1,Female,Female,Lancashire,reoffenders
125273,2015,Qtr 3,September,1,Male,Male,Blackburn with Darwen,Number of previous offences
4914,2015,Qtr 3,September,1,Male,Male,Blackburn with Darwen,offenders
6914,2015,Qtr 3,September,1,Male,Male,Blackburn with Darwen,reoffences
1684,2015,Qtr 3,September,1,Male,Male,Blackburn with Darwen,reoffenders
173014,2015,Qtr 3,September,1,Male,Male,Blackpool,Number of previous offences
6769,2015,Qtr 3,September,1,Male,Male,Blackpool,offenders
8692,2015,Qtr 3,September,1,Male,Male,Blackpool,reoffences
2256,2015,Qtr 3,September,1,Male,Male,Blackpool,reoffenders
650835,2015,Qtr 3,September,1,Male,Male,Lancashire,Number of previous offences
31031,2015,Qtr 3,September,1,Male,Male,Lancashire,offenders
35418,2015,Qtr 3,September,1,Male,Male,Lancashire,reoffences
9478,2015,Qtr 3,September,1,Male,Male,Lancashire,reoffenders
612,2015,Qtr 3,September,1,Under 18s,10 to 14,Blackburn with Darwen,Number of previous offences
76,2015,Qtr 3,September,1,Under 18s,10 to 14,Blackburn with Darwen,offenders
276,2015,Qtr 3,September,1,Under 18s,10 to 14,Blackburn with Darwen,reoffences
56,2015,Qtr 3,September,1,Under 18s,10 to 14,Blackburn with Darwen,reoffenders
400,2015,Qtr 3,September,1,Under 18s,10 to 14,Blackpool,Number of previous offences
180,2015,Qtr 3,September,1,Under 18s,10 to 14,Blackpool,offenders
244,2015,Qtr 3,September,1,Under 18s,10 to 14,Blackpool,reoffences
88,2015,Qtr 3,September,1,Under 18s,10 to 14,Blackpool,reoffenders
3621,2015,Qtr 3,September,1,Under 18s,10 to 14,Lancashire,Number of previous offences
896,2015,Qtr 3,September,1,Under 18s,10 to 14,Lancashire,offenders
2702,2015,Qtr 3,September,1,Under 18s,10 to 14,Lancashire,reoffences
488,2015,Qtr 3,September,1,Under 18s,10 to 14,Lancashire,reoffenders
1252,2015,Qtr 3,September,1,Under 18s,15 to 17,Blackburn with Darwen,Number of previous offences
256,2015,Qtr 3,September,1,Under 18s,15 to 17,Blackburn with Darwen,offenders
476,2015,Qtr 3,September,1,Under 18s,15 to 17,Blackburn with Darwen,reoffences
112,2015,Qtr 3,September,1,Under 18s,15 to 17,Blackburn with Darwen,reoffenders
4680,2015,Qtr 3,September,1,Under 18s,15 to 17,Blackpool,Number of previous offences
600,2015,Qtr 3,September,1,Under 18s,15 to 17,Blackpool,offenders
1504,2015,Qtr 3,September,1,Under 18s,15 to 17,Blackpool,reoffences
280,2015,Qtr 3,September,1,Under 18s,15 to 17,Blackpool,reoffenders
14879,2015,Qtr 3,September,1,Under 18s,15 to 17,Lancashire,Number of previous offences
2602,2015,Qtr 3,September,1,Under 18s,15 to 17,Lancashire,offenders
5335,2015,Qtr 3,September,1,Under 18s,15 to 17,Lancashire,reoffences
1182,2015,Qtr 3,September,1,Under 18s,15 to 17,Lancashire,reoffenders
2526,2016,Qtr 3,September,1,18-24,18 to 20,Blackburn with Darwen,Number of previous offences
489,2016,Qtr 3,September,1,18-24,18 to 20,Blackburn with Darwen,offenders
411,2016,Qtr 3,September,1,18-24,18 to 20,Blackburn with Darwen,reoffences
135,2016,Qtr 3,September,1,18-24,18 to 20,Blackburn with Darwen,reoffenders
6510,2016,Qtr 3,September,1,18-24,18 to 20,Blackpool,Number of previous offences
657,2016,Qtr 3,September,1,18-24,18 to 20,Blackpool,offenders
759,2016,Qtr 3,September,1,18-24,18 to 20,Blackpool,reoffences
231,2016,Qtr 3,September,1,18-24,18 to 20,Blackpool,reoffenders
20382,2016,Qtr 3,September,1,18-24,18 to 20,Lancashire,Number of previous offences
3010,2016,Qtr 3,September,1,18-24,18 to 20,Lancashire,offenders
2838,2016,Qtr 3,September,1,18-24,18 to 20,Lancashire,reoffences
830,2016,Qtr 3,September,1,18-24,18 to 20,Lancashire,reoffenders
9645,2016,Qtr 3,September,1,18-24,21 to 24,Blackburn with Darwen,Number of previous offences
810,2016,Qtr 3,September,1,18-24,21 to 24,Blackburn with Darwen,offenders
780,2016,Qtr 3,September,1,18-24,21 to 24,Blackburn with Darwen,reoffences
240,2016,Qtr 3,September,1,18-24,21 to 24,Blackburn with Darwen,reoffenders
12468,2016,Qtr 3,September,1,18-24,21 to 24,Blackpool,Number of previous offences
993,2016,Qtr 3,September,1,18-24,21 to 24,Blackpool,offenders
999,2016,Qtr 3,September,1,18-24,21 to 24,Blackpool,reoffences
309,2016,Qtr 3,September,1,18-24,21 to 24,Blackpool,reoffenders
51387,2016,Qtr 3,September,1,18-24,21 to 24,Lancashire,Number of previous offences
4570,2016,Qtr 3,September,1,18-24,21 to 24,Lancashire,offenders
4439,2016,Qtr 3,September,1,18-24,21 to 24,Lancashire,reoffences
1227,2016,Qtr 3,September,1,18-24,21 to 24,Lancashire,reoffenders
15918,2016,Qtr 3,September,1,25-34,25 to 29,Blackburn with Darwen,Number of previous offences
990,2016,Qtr 3,September,1,25-34,25 to 29,Blackburn with Darwen,offenders
1071,2016,Qtr 3,September,1,25-34,25 to 29,Blackburn with Darwen,reoffences
297,2016,Qtr 3,September,1,25-34,25 to 29,Blackburn with Darwen,reoffenders
19686,2016,Qtr 3,September,1,25-34,25 to 29,Blackpool,Number of previous offences
1173,2016,Qtr 3,September,1,25-34,25 to 29,Blackpool,offenders
1263,2016,Qtr 3,September,1,25-34,25 to 29,Blackpool,reoffences
342,2016,Qtr 3,September,1,25-34,25 to 29,Blackpool,reoffenders
91692,2016,Qtr 3,September,1,25-34,25 to 29,Lancashire,Number of previous offences
5926,2016,Qtr 3,September,1,25-34,25 to 29,Lancashire,offenders
5416,2016,Qtr 3,September,1,25-34,25 to 29,Lancashire,reoffences
1566,2016,Qtr 3,September,1,25-34,25 to 29,Lancashire,reoffenders
20388,2016,Qtr 3,September,1,25-34,30 to 34,Blackburn with Darwen,Number of previous offences
798,2016,Qtr 3,September,1,25-34,30 to 34,Blackburn with Darwen,offenders
1050,2016,Qtr 3,September,1,25-34,30 to 34,Blackburn with Darwen,reoffences
264,2016,Qtr 3,September,1,25-34,30 to 34,Blackburn with Darwen,reoffenders
27486,2016,Qtr 3,September,1,25-34,30 to 34,Blackpool,Number of previous offences
1143,2016,Qtr 3,September,1,25-34,30 to 34,Blackpool,offenders
1359,2016,Qtr 3,September,1,25-34,30 to 34,Blackpool,reoffences
363,2016,Qtr 3,September,1,25-34,30 to 34,Blackpool,reoffenders
105991,2016,Qtr 3,September,1,25-34,30 to 34,Lancashire,Number of previous offences
4793,2016,Qtr 3,September,1,25-34,30 to 34,Lancashire,offenders
4709,2016,Qtr 3,September,1,25-34,30 to 34,Lancashire,reoffences
1298,2016,Qtr 3,September,1,25-34,30 to 34,Lancashire,reoffenders
20151,2016,Qtr 3,September,1,35-49,35 to 39,Blackburn with Darwen,Number of previous offences
618,2016,Qtr 3,September,1,35-49,35 to 39,Blackburn with Darwen,offenders
783,2016,Qtr 3,September,1,35-49,35 to 39,Blackburn with Darwen,reoffences
210,2016,Qtr 3,September,1,35-49,35 to 39,Blackburn with Darwen,reoffenders
26493,2016,Qtr 3,September,1,35-49,35 to 39,Blackpool,Number of previous offences
816,2016,Qtr 3,September,1,35-49,35 to 39,Blackpool,offenders
867,2016,Qtr 3,September,1,35-49,35 to 39,Blackpool,reoffences
255,2016,Qtr 3,September,1,35-49,35 to 39,Blackpool,reoffenders
108788,2016,Qtr 3,September,1,35-49,35 to 39,Lancashire,Number of previous offences
3463,2016,Qtr 3,September,1,35-49,35 to 39,Lancashire,offenders
4861,2016,Qtr 3,September,1,35-49,35 to 39,Lancashire,reoffences
1103,2016,Qtr 3,September,1,35-49,35 to 39,Lancashire,reoffenders
20328,2016,Qtr 3,September,1,35-49,40 to 44,Blackburn with Darwen,Number of previous offences
513,2016,Qtr 3,September,1,35-49,40 to 44,Blackburn with Darwen,offenders
684,2016,Qtr 3,September,1,35-49,40 to 44,Blackburn with Darwen,reoffences
153,2016,Qtr 3,September,1,35-49,40 to 44,Blackburn with Darwen,reoffenders
24915,2016,Qtr 3,September,1,35-49,40 to 44,Blackpool,Number of previous offences
690,2016,Qtr 3,September,1,35-49,40 to 44,Blackpool,offenders
678,2016,Qtr 3,September,1,35-49,40 to 44,Blackpool,reoffences
195,2016,Qtr 3,September,1,35-49,40 to 44,Blackpool,reoffenders
112104,2016,Qtr 3,September,1,35-49,40 to 44,Lancashire,Number of previous offences
3227,2016,Qtr 3,September,1,35-49,40 to 44,Lancashire,offenders
3682,2016,Qtr 3,September,1,35-49,40 to 44,Lancashire,reoffences
941,2016,Qtr 3,September,1,35-49,40 to 44,Lancashire,reoffenders
16419,2016,Qtr 3,September,1,35-49,45 to 49,Blackburn with Darwen,Number of previous offences
360,2016,Qtr 3,September,1,35-49,45 to 49,Blackburn with Darwen,offenders
435,2016,Qtr 3,September,1,35-49,45 to 49,Blackburn with Darwen,reoffences
105,2016,Qtr 3,September,1,35-49,45 to 49,Blackburn with Darwen,reoffenders
26403,2016,Qtr 3,September,1,35-49,45 to 49,Blackpool,Number of previous offences
711,2016,Qtr 3,September,1,35-49,45 to 49,Blackpool,offenders
1287,2016,Qtr 3,September,1,35-49,45 to 49,Blackpool,reoffences
186,2016,Qtr 3,September,1,35-49,45 to 49,Blackpool,reoffenders
73884,2016,Qtr 3,September,1,35-49,45 to 49,Lancashire,Number of previous offences
2493,2016,Qtr 3,September,1,35-49,45 to 49,Lancashire,offenders
2290,2016,Qtr 3,September,1,35-49,45 to 49,Lancashire,reoffences
496,2016,Qtr 3,September,1,35-49,45 to 49,Lancashire,reoffenders
14619,2016,Qtr 3,September,1,50+,50+,Blackburn with Darwen,Number of previous offences
426,2016,Qtr 3,September,1,50+,50+,Blackburn with Darwen,offenders
375,2016,Qtr 3,September,1,50+,50+,Blackburn with Darwen,reoffences
99,2016,Qtr 3,September,1,50+,50+,Blackburn with Darwen,reoffenders
25500,2016,Qtr 3,September,1,50+,50+,Blackpool,Number of previous offences
849,2016,Qtr 3,September,1,50+,50+,Blackpool,offenders
864,2016,Qtr 3,September,1,50+,50+,Blackpool,reoffences
183,2016,Qtr 3,September,1,50+,50+,Blackpool,reoffenders
80840,2016,Qtr 3,September,1,50+,50+,Lancashire,Number of previous offences
3395,2016,Qtr 3,September,1,50+,50+,Lancashire,offenders
2225,2016,Qtr 3,September,1,50+,50+,Lancashire,reoffences
583,2016,Qtr 3,September,1,50+,50+,Lancashire,reoffenders
6876,2016,Qtr 3,September,1,Female,Female,Blackburn with Darwen,Number of previous offences
726,2016,Qtr 3,September,1,Female,Female,Blackburn with Darwen,offenders
437,2016,Qtr 3,September,1,Female,Female,Blackburn with Darwen,reoffences
149,2016,Qtr 3,September,1,Female,Female,Blackburn with Darwen,reoffenders
17925,2016,Qtr 3,September,1,Female,Female,Blackpool,Number of previous offences
1456,2016,Qtr 3,September,1,Female,Female,Blackpool,offenders
1116,2016,Qtr 3,September,1,Female,Female,Blackpool,reoffences
363,2016,Qtr 3,September,1,Female,Female,Blackpool,reoffenders
79064,2016,Qtr 3,September,1,Female,Female,Lancashire,Number of previous offences
6028,2016,Qtr 3,September,1,Female,Female,Lancashire,offenders
5828,2016,Qtr 3,September,1,Female,Female,Lancashire,reoffences
1416,2016,Qtr 3,September,1,Female,Female,Lancashire,reoffenders
114478,2016,Qtr 3,September,1,Male,Male,Blackburn with Darwen,Number of previous offences
4606,2016,Qtr 3,September,1,Male,Male,Blackburn with Darwen,offenders
5748,2016,Qtr 3,September,1,Male,Male,Blackburn with Darwen,reoffences
1490,2016,Qtr 3,September,1,Male,Male,Blackburn with Darwen,reoffenders
155760,2016,Qtr 3,September,1,Male,Male,Blackpool,Number of previous offences
6160,2016,Qtr 3,September,1,Male,Male,Blackpool,offenders
8356,2016,Qtr 3,September,1,Male,Male,Blackpool,reoffences
1997,2016,Qtr 3,September,1,Male,Male,Blackpool,reoffenders
581760,2016,Qtr 3,September,1,Male,Male,Lancashire,Number of previous offences
27673,2016,Qtr 3,September,1,Male,Male,Lancashire,offenders
29422,2016,Qtr 3,September,1,Male,Male,Lancashire,reoffences
7812,2016,Qtr 3,September,1,Male,Male,Lancashire,reoffenders
68,2016,Qtr 3,September,1,Under 18s,10 to 14,Blackburn with Darwen,Number of previous offences
32,2016,Qtr 3,September,1,Under 18s,10 to 14,Blackburn with Darwen,offenders
52,2016,Qtr 3,September,1,Under 18s,10 to 14,Blackburn with Darwen,reoffences
8,2016,Qtr 3,September,1,Under 18s,10 to 14,Blackburn with Darwen,reoffenders
312,2016,Qtr 3,September,1,Under 18s,10 to 14,Blackpool,Number of previous offences
124,2016,Qtr 3,September,1,Under 18s,10 to 14,Blackpool,offenders
104,2016,Qtr 3,September,1,Under 18s,10 to 14,Blackpool,reoffences
40,2016,Qtr 3,September,1,Under 18s,10 to 14,Blackpool,reoffenders
2615,2016,Qtr 3,September,1,Under 18s,10 to 14,Lancashire,Number of previous offences
779,2016,Qtr 3,September,1,Under 18s,10 to 14,Lancashire,offenders
1455,2016,Qtr 3,September,1,Under 18s,10 to 14,Lancashire,reoffences
344,2016,Qtr 3,September,1,Under 18s,10 to 14,Lancashire,reoffenders
1292,2016,Qtr 3,September,1,Under 18s,15 to 17,Blackburn with Darwen,Number of previous offences
296,2016,Qtr 3,September,1,Under 18s,15 to 17,Blackburn with Darwen,offenders
544,2016,Qtr 3,September,1,Under 18s,15 to 17,Blackburn with Darwen,reoffences
128,2016,Qtr 3,September,1,Under 18s,15 to 17,Blackburn with Darwen,reoffenders
3912,2016,Qtr 3,September,1,Under 18s,15 to 17,Blackpool,Number of previous offences
460,2016,Qtr 3,September,1,Under 18s,15 to 17,Blackpool,offenders
1292,2016,Qtr 3,September,1,Under 18s,15 to 17,Blackpool,reoffences
256,2016,Qtr 3,September,1,Under 18s,15 to 17,Blackpool,reoffenders
13141,2016,Qtr 3,September,1,Under 18s,15 to 17,Lancashire,Number of previous offences
2045,2016,Qtr 3,September,1,Under 18s,15 to 17,Lancashire,offenders
3335,2016,Qtr 3,September,1,Under 18s,15 to 17,Lancashire,reoffences
840,2016,Qtr 3,September,1,Under 18s,15 to 17,Lancashire,reoffenders
1638,2017,Qtr 3,September,1,18-24,18 to 20,Blackburn with Darwen,Number of previous offences
312,2017,Qtr 3,September,1,18-24,18 to 20,Blackburn with Darwen,offenders
213,2017,Qtr 3,September,1,18-24,18 to 20,Blackburn with Darwen,reoffences
78,2017,Qtr 3,September,1,18-24,18 to 20,Blackburn with Darwen,reoffenders
4449,2017,Qtr 3,September,1,18-24,18 to 20,Blackpool,Number of previous offences
498,2017,Qtr 3,September,1,18-24,18 to 20,Blackpool,offenders
576,2017,Qtr 3,September,1,18-24,18 to 20,Blackpool,reoffences
174,2017,Qtr 3,September,1,18-24,18 to 20,Blackpool,reoffenders
15325,2017,Qtr 3,September,1,18-24,18 to 20,Lancashire,Number of previous offences
2436,2017,Qtr 3,September,1,18-24,18 to 20,Lancashire,offenders
2504,2017,Qtr 3,September,1,18-24,18 to 20,Lancashire,reoffences
672,2017,Qtr 3,September,1,18-24,18 to 20,Lancashire,reoffenders
6063,2017,Qtr 3,September,1,18-24,21 to 24,Blackburn with Darwen,Number of previous offences
612,2017,Qtr 3,September,1,18-24,21 to 24,Blackburn with Darwen,offenders
381,2017,Qtr 3,September,1,18-24,21 to 24,Blackburn with Darwen,reoffences
147,2017,Qtr 3,September,1,18-24,21 to 24,Blackburn with Darwen,reoffenders
8865,2017,Qtr 3,September,1,18-24,21 to 24,Blackpool,Number of previous offences
651,2017,Qtr 3,September,1,18-24,21 to 24,Blackpool,offenders
591,2017,Qtr 3,September,1,18-24,21 to 24,Blackpool,reoffences
171,2017,Qtr 3,September,1,18-24,21 to 24,Blackpool,reoffenders
42836,2017,Qtr 3,September,1,18-24,21 to 24,Lancashire,Number of previous offences
3580,2017,Qtr 3,September,1,18-24,21 to 24,Lancashire,offenders
4239,2017,Qtr 3,September,1,18-24,21 to 24,Lancashire,reoffences
1084,2017,Qtr 3,September,1,18-24,21 to 24,Lancashire,reoffenders
13827,2017,Qtr 3,September,1,25-34,25 to 29,Blackburn with Darwen,Number of previous offences
807,2017,Qtr 3,September,1,25-34,25 to 29,Blackburn with Darwen,offenders
1140,2017,Qtr 3,September,1,25-34,25 to 29,Blackburn with Darwen,reoffences
246,2017,Qtr 3,September,1,25-34,25 to 29,Blackburn with Darwen,reoffenders
21372,2017,Qtr 3,September,1,25-34,25 to 29,Blackpool,Number of previous offences
1170,2017,Qtr 3,September,1,25-34,25 to 29,Blackpool,offenders
1431,2017,Qtr 3,September,1,25-34,25 to 29,Blackpool,reoffences
396,2017,Qtr 3,September,1,25-34,25 to 29,Blackpool,reoffenders
83628,2017,Qtr 3,September,1,25-34,25 to 29,Lancashire,Number of previous offences
5009,2017,Qtr 3,September,1,25-34,25 to 29,Lancashire,offenders
5795,2017,Qtr 3,September,1,25-34,25 to 29,Lancashire,reoffences
1522,2017,Qtr 3,September,1,25-34,25 to 29,Lancashire,reoffenders
18750,2017,Qtr 3,September,1,25-34,30 to 34,Blackburn with Darwen,Number of previous offences
660,2017,Qtr 3,September,1,25-34,30 to 34,Blackburn with Darwen,offenders
1107,2017,Qtr 3,September,1,25-34,30 to 34,Blackburn with Darwen,reoffences
285,2017,Qtr 3,September,1,25-34,30 to 34,Blackburn with Darwen,reoffenders
24399,2017,Qtr 3,September,1,25-34,30 to 34,Blackpool,Number of previous offences
996,2017,Qtr 3,September,1,25-34,30 to 34,Blackpool,offenders
1221,2017,Qtr 3,September,1,25-34,30 to 34,Blackpool,reoffences
324,2017,Qtr 3,September,1,25-34,30 to 34,Blackpool,reoffenders
108391,2017,Qtr 3,September,1,25-34,30 to 34,Lancashire,Number of previous offences
4464,2017,Qtr 3,September,1,25-34,30 to 34,Lancashire,offenders
6848,2017,Qtr 3,September,1,25-34,30 to 34,Lancashire,reoffences
1424,2017,Qtr 3,September,1,25-34,30 to 34,Lancashire,reoffenders
18216,2017,Qtr 3,September,1,35-49,35 to 39,Blackburn with Darwen,Number of previous offences
597,2017,Qtr 3,September,1,35-49,35 to 39,Blackburn with Darwen,offenders
663,2017,Qtr 3,September,1,35-49,35 to 39,Blackburn with Darwen,reoffences
189,2017,Qtr 3,September,1,35-49,35 to 39,Blackburn with Darwen,reoffenders
34863,2017,Qtr 3,September,1,35-49,35 to 39,Blackpool,Number of previous offences
876,2017,Qtr 3,September,1,35-49,35 to 39,Blackpool,offenders
1662,2017,Qtr 3,September,1,35-49,35 to 39,Blackpool,reoffences
330,2017,Qtr 3,September,1,35-49,35 to 39,Blackpool,reoffenders
121136,2017,Qtr 3,September,1,35-49,35 to 39,Lancashire,Number of previous offences
3539,2017,Qtr 3,September,1,35-49,35 to 39,Lancashire,offenders
5197,2017,Qtr 3,September,1,35-49,35 to 39,Lancashire,reoffences
1274,2017,Qtr 3,September,1,35-49,35 to 39,Lancashire,reoffenders
21927,2017,Qtr 3,September,1,35-49,40 to 44,Blackburn with Darwen,Number of previous offences
423,2017,Qtr 3,September,1,35-49,40 to 44,Blackburn with Darwen,offenders
765,2017,Qtr 3,September,1,35-49,40 to 44,Blackburn with Darwen,reoffences
144,2017,Qtr 3,September,1,35-49,40 to 44,Blackburn with Darwen,reoffenders
23043,2017,Qtr 3,September,1,35-49,40 to 44,Blackpool,Number of previous offences
597,2017,Qtr 3,September,1,35-49,40 to 44,Blackpool,offenders
579,2017,Qtr 3,September,1,35-49,40 to 44,Blackpool,reoffences
204,2017,Qtr 3,September,1,35-49,40 to 44,Blackpool,reoffenders
100454,2017,Qtr 3,September,1,35-49,40 to 44,Lancashire,Number of previous offences
2683,2017,Qtr 3,September,1,35-49,40 to 44,Lancashire,offenders
3520,2017,Qtr 3,September,1,35-49,40 to 44,Lancashire,reoffences
851,2017,Qtr 3,September,1,35-49,40 to 44,Lancashire,reoffenders
8427,2017,Qtr 3,September,1,35-49,45 to 49,Blackburn with Darwen,Number of previous offences
285,2017,Qtr 3,September,1,35-49,45 to 49,Blackburn with Darwen,offenders
393,2017,Qtr 3,September,1,35-49,45 to 49,Blackburn with Darwen,reoffences
90,2017,Qtr 3,September,1,35-49,45 to 49,Blackburn with Darwen,reoffenders
33249,2017,Qtr 3,September,1,35-49,45 to 49,Blackpool,Number of previous offences
630,2017,Qtr 3,September,1,35-49,45 to 49,Blackpool,offenders
1260,2017,Qtr 3,September,1,35-49,45 to 49,Blackpool,reoffences
228,2017,Qtr 3,September,1,35-49,45 to 49,Blackpool,reoffenders
72521,2017,Qtr 3,September,1,35-49,45 to 49,Lancashire,Number of previous offences
2147,2017,Qtr 3,September,1,35-49,45 to 49,Lancashire,offenders
2399,2017,Qtr 3,September,1,35-49,45 to 49,Lancashire,reoffences
526,2017,Qtr 3,September,1,35-49,45 to 49,Lancashire,reoffenders
20256,2017,Qtr 3,September,1,50+,50+,Blackburn with Darwen,Number of previous offences
456,2017,Qtr 3,September,1,50+,50+,Blackburn with Darwen,offenders
393,2017,Qtr 3,September,1,50+,50+,Blackburn with Darwen,reoffences
105,2017,Qtr 3,September,1,50+,50+,Blackburn with Darwen,reoffenders
23532,2017,Qtr 3,September,1,50+,50+,Blackpool,Number of previous offences
771,2017,Qtr 3,September,1,50+,50+,Blackpool,offenders
519,2017,Qtr 3,September,1,50+,50+,Blackpool,reoffences
144,2017,Qtr 3,September,1,50+,50+,Blackpool,reoffenders
86215,2017,Qtr 3,September,1,50+,50+,Lancashire,Number of previous offences
2998,2017,Qtr 3,September,1,50+,50+,Lancashire,offenders
2173,2017,Qtr 3,September,1,50+,50+,Lancashire,reoffences
557,2017,Qtr 3,September,1,50+,50+,Lancashire,reoffenders
9862,2017,Qtr 3,September,1,Female,Female,Blackburn with Darwen,Number of previous offences
606,2017,Qtr 3,September,1,Female,Female,Blackburn with Darwen,offenders
669,2017,Qtr 3,September,1,Female,Female,Blackburn with Darwen,reoffences
168,2017,Qtr 3,September,1,Female,Female,Blackburn with Darwen,reoffenders
17322,2017,Qtr 3,September,1,Female,Female,Blackpool,Number of previous offences
1241,2017,Qtr 3,September,1,Female,Female,Blackpool,offenders
1424,2017,Qtr 3,September,1,Female,Female,Blackpool,reoffences
316,2017,Qtr 3,September,1,Female,Female,Blackpool,reoffenders
80641,2017,Qtr 3,September,1,Female,Female,Lancashire,Number of previous offences
5003,2017,Qtr 3,September,1,Female,Female,Lancashire,offenders
5940,2017,Qtr 3,September,1,Female,Female,Lancashire,reoffences
1289,2017,Qtr 3,September,1,Female,Female,Lancashire,reoffenders
100166,2017,Qtr 3,September,1,Male,Male,Blackburn with Darwen,Number of previous offences
3790,2017,Qtr 3,September,1,Male,Male,Blackburn with Darwen,offenders
4870,2017,Qtr 3,September,1,Male,Male,Blackburn with Darwen,reoffences
1224,2017,Qtr 3,September,1,Male,Male,Blackburn with Darwen,reoffenders
159130,2017,Qtr 3,September,1,Male,Male,Blackpool,Number of previous offences
5508,2017,Qtr 3,September,1,Male,Male,Blackpool,offenders
7763,2017,Qtr 3,September,1,Male,Male,Blackpool,reoffences
1911,2017,Qtr 3,September,1,Male,Male,Blackpool,reoffenders
560326,2017,Qtr 3,September,1,Male,Male,Lancashire,Number of previous offences
23903,2017,Qtr 3,September,1,Male,Male,Lancashire,offenders
30609,2017,Qtr 3,September,1,Male,Male,Lancashire,reoffences
7492,2017,Qtr 3,September,1,Male,Male,Lancashire,reoffenders
80,2017,Qtr 3,September,1,Under 18s,10 to 14,Blackburn with Darwen,Number of previous offences
40,2017,Qtr 3,September,1,Under 18s,10 to 14,Blackburn with Darwen,offenders
152,2017,Qtr 3,September,1,Under 18s,10 to 14,Blackburn with Darwen,reoffences
16,2017,Qtr 3,September,1,Under 18s,10 to 14,Blackburn with Darwen,reoffenders
220,2017,Qtr 3,September,1,Under 18s,10 to 14,Blackpool,Number of previous offences
120,2017,Qtr 3,September,1,Under 18s,10 to 14,Blackpool,offenders
424,2017,Qtr 3,September,1,Under 18s,10 to 14,Blackpool,reoffences
64,2017,Qtr 3,September,1,Under 18s,10 to 14,Blackpool,reoffenders
1875,2017,Qtr 3,September,1,Under 18s,10 to 14,Lancashire,Number of previous offences
584,2017,Qtr 3,September,1,Under 18s,10 to 14,Lancashire,offenders
1552,2017,Qtr 3,September,1,Under 18s,10 to 14,Lancashire,reoffences
296,2017,Qtr 3,September,1,Under 18s,10 to 14,Lancashire,reoffenders
844,2017,Qtr 3,September,1,Under 18s,15 to 17,Blackburn with Darwen,Number of previous offences
224,2017,Qtr 3,September,1,Under 18s,15 to 17,Blackburn with Darwen,offenders
332,2017,Qtr 3,September,1,Under 18s,15 to 17,Blackburn with Darwen,reoffences
92,2017,Qtr 3,September,1,Under 18s,15 to 17,Blackburn with Darwen,reoffenders
2460,2017,Qtr 3,September,1,Under 18s,15 to 17,Blackpool,Number of previous offences
440,2017,Qtr 3,September,1,Under 18s,15 to 17,Blackpool,offenders
924,2017,Qtr 3,September,1,Under 18s,15 to 17,Blackpool,reoffences
192,2017,Qtr 3,September,1,Under 18s,15 to 17,Blackpool,reoffenders
8586,2017,Qtr 3,September,1,Under 18s,15 to 17,Lancashire,Number of previous offences
1466,2017,Qtr 3,September,1,Under 18s,15 to 17,Lancashire,offenders
2322,2017,Qtr 3,September,1,Under 18s,15 to 17,Lancashire,reoffences
575,2017,Qtr 3,September,1,Under 18s,15 to 17,Lancashire,reoffenders
1782,2018,Qtr 3,September,1,18-24,18 to 20,Blackburn with Darwen,Number of previous offences
339,2018,Qtr 3,September,1,18-24,18 to 20,Blackburn with Darwen,offenders
258,2018,Qtr 3,September,1,18-24,18 to 20,Blackburn with Darwen,reoffences
72,2018,Qtr 3,September,1,18-24,18 to 20,Blackburn with Darwen,reoffenders
4695,2018,Qtr 3,September,1,18-24,18 to 20,Blackpool,Number of previous offences
435,2018,Qtr 3,September,1,18-24,18 to 20,Blackpool,offenders
468,2018,Qtr 3,September,1,18-24,18 to 20,Blackpool,reoffences
138,2018,Qtr 3,September,1,18-24,18 to 20,Blackpool,reoffenders
11030,2018,Qtr 3,September,1,18-24,18 to 20,Lancashire,Number of previous offences
2097,2018,Qtr 3,September,1,18-24,18 to 20,Lancashire,offenders
1469,2018,Qtr 3,September,1,18-24,18 to 20,Lancashire,reoffences
469,2018,Qtr 3,September,1,18-24,18 to 20,Lancashire,reoffenders
4620,2018,Qtr 3,September,1,18-24,21 to 24,Blackburn with Darwen,Number of previous offences
537,2018,Qtr 3,September,1,18-24,21 to 24,Blackburn with Darwen,offenders
426,2018,Qtr 3,September,1,18-24,21 to 24,Blackburn with Darwen,reoffences
120,2018,Qtr 3,September,1,18-24,21 to 24,Blackburn with Darwen,reoffenders
7968,2018,Qtr 3,September,1,18-24,21 to 24,Blackpool,Number of previous offences
735,2018,Qtr 3,September,1,18-24,21 to 24,Blackpool,offenders
810,2018,Qtr 3,September,1,18-24,21 to 24,Blackpool,reoffences
222,2018,Qtr 3,September,1,18-24,21 to 24,Blackpool,reoffenders
38720,2018,Qtr 3,September,1,18-24,21 to 24,Lancashire,Number of previous offences
3532,2018,Qtr 3,September,1,18-24,21 to 24,Lancashire,offenders
3358,2018,Qtr 3,September,1,18-24,21 to 24,Lancashire,reoffences
957,2018,Qtr 3,September,1,18-24,21 to 24,Lancashire,reoffenders
17256,2018,Qtr 3,September,1,25-34,25 to 29,Blackburn with Darwen,Number of previous offences
864,2018,Qtr 3,September,1,25-34,25 to 29,Blackburn with Darwen,offenders
1365,2018,Qtr 3,September,1,25-34,25 to 29,Blackburn with Darwen,reoffences
297,2018,Qtr 3,September,1,25-34,25 to 29,Blackburn with Darwen,reoffenders
23349,2018,Qtr 3,September,1,25-34,25 to 29,Blackpool,Number of previous offences
1179,2018,Qtr 3,September,1,25-34,25 to 29,Blackpool,offenders
1572,2018,Qtr 3,September,1,25-34,25 to 29,Blackpool,reoffences
393,2018,Qtr 3,September,1,25-34,25 to 29,Blackpool,reoffenders
89933,2018,Qtr 3,September,1,25-34,25 to 29,Lancashire,Number of previous offences
5394,2018,Qtr 3,September,1,25-34,25 to 29,Lancashire,offenders
6181,2018,Qtr 3,September,1,25-34,25 to 29,Lancashire,reoffences
1685,2018,Qtr 3,September,1,25-34,25 to 29,Lancashire,reoffenders
19854,2018,Qtr 3,September,1,25-34,30 to 34,Blackburn with Darwen,Number of previous offences
834,2018,Qtr 3,September,1,25-34,30 to 34,Blackburn with Darwen,offenders
1020,2018,Qtr 3,September,1,25-34,30 to 34,Blackburn with Darwen,reoffences
243,2018,Qtr 3,September,1,25-34,30 to 34,Blackburn with Darwen,reoffenders
20631,2018,Qtr 3,September,1,25-34,30 to 34,Blackpool,Number of previous offences
930,2018,Qtr 3,September,1,25-34,30 to 34,Blackpool,offenders
1296,2018,Qtr 3,September,1,25-34,30 to 34,Blackpool,reoffences
288,2018,Qtr 3,September,1,25-34,30 to 34,Blackpool,reoffenders
104401,2018,Qtr 3,September,1,25-34,30 to 34,Lancashire,Number of previous offences
4569,2018,Qtr 3,September,1,25-34,30 to 34,Lancashire,offenders
6199,2018,Qtr 3,September,1,25-34,30 to 34,Lancashire,reoffences
1431,2018,Qtr 3,September,1,25-34,30 to 34,Lancashire,reoffenders
21780,2018,Qtr 3,September,1,35-49,35 to 39,Blackburn with Darwen,Number of previous offences
678,2018,Qtr 3,September,1,35-49,35 to 39,Blackburn with Darwen,offenders
1170,2018,Qtr 3,September,1,35-49,35 to 39,Blackburn with Darwen,reoffences
231,2018,Qtr 3,September,1,35-49,35 to 39,Blackburn with Darwen,reoffenders
29682,2018,Qtr 3,September,1,35-49,35 to 39,Blackpool,Number of previous offences
858,2018,Qtr 3,September,1,35-49,35 to 39,Blackpool,offenders
1500,2018,Qtr 3,September,1,35-49,35 to 39,Blackpool,reoffences
294,2018,Qtr 3,September,1,35-49,35 to 39,Blackpool,reoffenders
117132,2018,Qtr 3,September,1,35-49,35 to 39,Lancashire,Number of previous offences
3581,2018,Qtr 3,September,1,35-49,35 to 39,Lancashire,offenders
5081,2018,Qtr 3,September,1,35-49,35 to 39,Lancashire,reoffences
1198,2018,Qtr 3,September,1,35-49,35 to 39,Lancashire,reoffenders
25254,2018,Qtr 3,September,1,35-49,40 to 44,Blackburn with Darwen,Number of previous offences
507,2018,Qtr 3,September,1,35-49,40 to 44,Blackburn with Darwen,offenders
1041,2018,Qtr 3,September,1,35-49,40 to 44,Blackburn with Darwen,reoffences
201,2018,Qtr 3,September,1,35-49,40 to 44,Blackburn with Darwen,reoffenders
21522,2018,Qtr 3,September,1,35-49,40 to 44,Blackpool,Number of previous offences
627,2018,Qtr 3,September,1,35-49,40 to 44,Blackpool,offenders
744,2018,Qtr 3,September,1,35-49,40 to 44,Blackpool,reoffences
195,2018,Qtr 3,September,1,35-49,40 to 44,Blackpool,reoffenders
96691,2018,Qtr 3,September,1,35-49,40 to 44,Lancashire,Number of previous offences
2667,2018,Qtr 3,September,1,35-49,40 to 44,Lancashire,offenders
2941,2018,Qtr 3,September,1,35-49,40 to 44,Lancashire,reoffences
789,2018,Qtr 3,September,1,35-49,40 to 44,Lancashire,reoffenders
12108,2018,Qtr 3,September,1,35-49,45 to 49,Blackburn with Darwen,Number of previous offences
300,2018,Qtr 3,September,1,35-49,45 to 49,Blackburn with Darwen,offenders
372,2018,Qtr 3,September,1,35-49,45 to 49,Blackburn with Darwen,reoffences
96,2018,Qtr 3,September,1,35-49,45 to 49,Blackburn with Darwen,reoffenders
30597,2018,Qtr 3,September,1,35-49,45 to 49,Blackpool,Number of previous offences
543,2018,Qtr 3,September,1,35-49,45 to 49,Blackpool,offenders
867,2018,Qtr 3,September,1,35-49,45 to 49,Blackpool,reoffences
192,2018,Qtr 3,September,1,35-49,45 to 49,Blackpool,reoffenders
77829,2018,Qtr 3,September,1,35-49,45 to 49,Lancashire,Number of previous offences
2087,2018,Qtr 3,September,1,35-49,45 to 49,Lancashire,offenders
2189,2018,Qtr 3,September,1,35-49,45 to 49,Lancashire,reoffences
561,2018,Qtr 3,September,1,35-49,45 to 49,Lancashire,reoffenders
16971,2018,Qtr 3,September,1,50+,50+,Blackburn with Darwen,Number of previous offences
498,2018,Qtr 3,September,1,50+,50+,Blackburn with Darwen,offenders
426,2018,Qtr 3,September,1,50+,50+,Blackburn with Darwen,reoffences
78,2018,Qtr 3,September,1,50+,50+,Blackburn with Darwen,reoffenders
21267,2018,Qtr 3,September,1,50+,50+,Blackpool,Number of previous offences
708,2018,Qtr 3,September,1,50+,50+,Blackpool,offenders
366,2018,Qtr 3,September,1,50+,50+,Blackpool,reoffences
135,2018,Qtr 3,September,1,50+,50+,Blackpool,reoffenders
78563,2018,Qtr 3,September,1,50+,50+,Lancashire,Number of previous offences
2979,2018,Qtr 3,September,1,50+,50+,Lancashire,offenders
1779,2018,Qtr 3,September,1,50+,50+,Lancashire,reoffences
467,2018,Qtr 3,September,1,50+,50+,Lancashire,reoffenders
10365,2018,Qtr 3,September,1,Female,Female,Blackburn with Darwen,Number of previous offences
697,2018,Qtr 3,September,1,Female,Female,Blackburn with Darwen,offenders
780,2018,Qtr 3,September,1,Female,Female,Blackburn with Darwen,reoffences
171,2018,Qtr 3,September,1,Female,Female,Blackburn with Darwen,reoffenders
17676,2018,Qtr 3,September,1,Female,Female,Blackpool,Number of previous offences
1211,2018,Qtr 3,September,1,Female,Female,Blackpool,offenders
1375,2018,Qtr 3,September,1,Female,Female,Blackpool,reoffences
322,2018,Qtr 3,September,1,Female,Female,Blackpool,reoffenders
82656,2018,Qtr 3,September,1,Female,Female,Lancashire,Number of previous offences
5034,2018,Qtr 3,September,1,Female,Female,Lancashire,offenders
5468,2018,Qtr 3,September,1,Female,Female,Lancashire,reoffences
1242,2018,Qtr 3,September,1,Female,Female,Lancashire,reoffenders
110420,2018,Qtr 3,September,1,Male,Male,Blackburn with Darwen,Number of previous offences
4092,2018,Qtr 3,September,1,Male,Male,Blackburn with Darwen,offenders
5642,2018,Qtr 3,September,1,Male,Male,Blackburn with Darwen,reoffences
1247,2018,Qtr 3,September,1,Male,Male,Blackburn with Darwen,reoffenders
145231,2018,Qtr 3,September,1,Male,Male,Blackpool,Number of previous offences
5340,2018,Qtr 3,September,1,Male,Male,Blackpool,offenders
7588,2018,Qtr 3,September,1,Male,Male,Blackpool,reoffences
1783,2018,Qtr 3,September,1,Male,Male,Blackpool,reoffenders
542500,2018,Qtr 3,September,1,Male,Male,Lancashire,Number of previous offences
23912,2018,Qtr 3,September,1,Male,Male,Lancashire,offenders
27370,2018,Qtr 3,September,1,Male,Male,Lancashire,reoffences
7173,2018,Qtr 3,September,1,Male,Male,Lancashire,reoffenders
136,2018,Qtr 3,September,1,Under 18s,10 to 14,Blackburn with Darwen,Number of previous offences
40,2018,Qtr 3,September,1,Under 18s,10 to 14,Blackburn with Darwen,offenders
32,2018,Qtr 3,September,1,Under 18s,10 to 14,Blackburn with Darwen,reoffences
8,2018,Qtr 3,September,1,Under 18s,10 to 14,Blackburn with Darwen,reoffenders
252,2018,Qtr 3,September,1,Under 18s,10 to 14,Blackpool,Number of previous offences
124,2018,Qtr 3,September,1,Under 18s,10 to 14,Blackpool,offenders
196,2018,Qtr 3,September,1,Under 18s,10 to 14,Blackpool,reoffences
56,2018,Qtr 3,September,1,Under 18s,10 to 14,Blackpool,reoffenders
1705,2018,Qtr 3,September,1,Under 18s,10 to 14,Lancashire,Number of previous offences
509,2018,Qtr 3,September,1,Under 18s,10 to 14,Lancashire,offenders
1329,2018,Qtr 3,September,1,Under 18s,10 to 14,Lancashire,reoffences
264,2018,Qtr 3,September,1,Under 18s,10 to 14,Lancashire,reoffenders
1024,2018,Qtr 3,September,1,Under 18s,15 to 17,Blackburn with Darwen,Number of previous offences
192,2018,Qtr 3,September,1,Under 18s,15 to 17,Blackburn with Darwen,offenders
312,2018,Qtr 3,September,1,Under 18s,15 to 17,Blackburn with Darwen,reoffences
72,2018,Qtr 3,September,1,Under 18s,15 to 17,Blackburn with Darwen,reoffenders
2944,2018,Qtr 3,September,1,Under 18s,15 to 17,Blackpool,Number of previous offences
412,2018,Qtr 3,September,1,Under 18s,15 to 17,Blackpool,offenders
1144,2018,Qtr 3,September,1,Under 18s,15 to 17,Blackpool,reoffences
192,2018,Qtr 3,September,1,Under 18s,15 to 17,Blackpool,reoffenders
9152,2018,Qtr 3,September,1,Under 18s,15 to 17,Lancashire,Number of previous offences
1531,2018,Qtr 3,September,1,Under 18s,15 to 17,Lancashire,offenders
2312,2018,Qtr 3,September,1,Under 18s,15 to 17,Lancashire,reoffences
594,2018,Qtr 3,September,1,Under 18s,15 to 17,Lancashire,reoffenders
966,2019,Qtr 3,September,1,18-24,18 to 20,Blackburn with Darwen,Number of previous offences
297,2019,Qtr 3,September,1,18-24,18 to 20,Blackburn with Darwen,offenders
162,2019,Qtr 3,September,1,18-24,18 to 20,Blackburn with Darwen,reoffences
69,2019,Qtr 3,September,1,18-24,18 to 20,Blackburn with Darwen,reoffenders
3078,2019,Qtr 3,September,1,18-24,18 to 20,Blackpool,Number of previous offences
417,2019,Qtr 3,September,1,18-24,18 to 20,Blackpool,offenders
588,2019,Qtr 3,September,1,18-24,18 to 20,Blackpool,reoffences
126,2019,Qtr 3,September,1,18-24,18 to 20,Blackpool,reoffenders
9073,2019,Qtr 3,September,1,18-24,18 to 20,Lancashire,Number of previous offences
1969,2019,Qtr 3,September,1,18-24,18 to 20,Lancashire,offenders
1615,2019,Qtr 3,September,1,18-24,18 to 20,Lancashire,reoffences
440,2019,Qtr 3,September,1,18-24,18 to 20,Lancashire,reoffenders
4272,2019,Qtr 3,September,1,18-24,21 to 24,Blackburn with Darwen,Number of previous offences
477,2019,Qtr 3,September,1,18-24,21 to 24,Blackburn with Darwen,offenders
630,2019,Qtr 3,September,1,18-24,21 to 24,Blackburn with Darwen,reoffences
156,2019,Qtr 3,September,1,18-24,21 to 24,Blackburn with Darwen,reoffenders
7314,2019,Qtr 3,September,1,18-24,21 to 24,Blackpool,Number of previous offences
699,2019,Qtr 3,September,1,18-24,21 to 24,Blackpool,offenders
564,2019,Qtr 3,September,1,18-24,21 to 24,Blackpool,reoffences
171,2019,Qtr 3,September,1,18-24,21 to 24,Blackpool,reoffenders
26641,2019,Qtr 3,September,1,18-24,21 to 24,Lancashire,Number of previous offences
3047,2019,Qtr 3,September,1,18-24,21 to 24,Lancashire,offenders
2582,2019,Qtr 3,September,1,18-24,21 to 24,Lancashire,reoffences
730,2019,Qtr 3,September,1,18-24,21 to 24,Lancashire,reoffenders
11253,2019,Qtr 3,September,1,25-34,25 to 29,Blackburn with Darwen,Number of previous offences
735,2019,Qtr 3,September,1,25-34,25 to 29,Blackburn with Darwen,offenders
765,2019,Qtr 3,September,1,25-34,25 to 29,Blackburn with Darwen,reoffences
213,2019,Qtr 3,September,1,25-34,25 to 29,Blackburn with Darwen,reoffenders
17343,2019,Qtr 3,September,1,25-34,25 to 29,Blackpool,Number of previous offences
1038,2019,Qtr 3,September,1,25-34,25 to 29,Blackpool,offenders
834,2019,Qtr 3,September,1,25-34,25 to 29,Blackpool,reoffences
267,2019,Qtr 3,September,1,25-34,25 to 29,Blackpool,reoffenders
76600,2019,Qtr 3,September,1,25-34,25 to 29,Lancashire,Number of previous offences
4698,2019,Qtr 3,September,1,25-34,25 to 29,Lancashire,offenders
4376,2019,Qtr 3,September,1,25-34,25 to 29,Lancashire,reoffences
1327,2019,Qtr 3,September,1,25-34,25 to 29,Lancashire,reoffenders
15912,2019,Qtr 3,September,1,25-34,30 to 34,Blackburn with Darwen,Number of previous offences
636,2019,Qtr 3,September,1,25-34,30 to 34,Blackburn with Darwen,offenders
1212,2019,Qtr 3,September,1,25-34,30 to 34,Blackburn with Darwen,reoffences
225,2019,Qtr 3,September,1,25-34,30 to 34,Blackburn with Darwen,reoffenders
24843,2019,Qtr 3,September,1,25-34,30 to 34,Blackpool,Number of previous offences
1140,2019,Qtr 3,September,1,25-34,30 to 34,Blackpool,offenders
1164,2019,Qtr 3,September,1,25-34,30 to 34,Blackpool,reoffences
315,2019,Qtr 3,September,1,25-34,30 to 34,Blackpool,reoffenders
105220,2019,Qtr 3,September,1,25-34,30 to 34,Lancashire,Number of previous offences
4660,2019,Qtr 3,September,1,25-34,30 to 34,Lancashire,offenders
5886,2019,Qtr 3,September,1,25-34,30 to 34,Lancashire,reoffences
1353,2019,Qtr 3,September,1,25-34,30 to 34,Lancashire,reoffenders
17934,2019,Qtr 3,September,1,35-49,35 to 39,Blackburn with Darwen,Number of previous offences
477,2019,Qtr 3,September,1,35-49,35 to 39,Blackburn with Darwen,offenders
636,2019,Qtr 3,September,1,35-49,35 to 39,Blackburn with Darwen,reoffences
186,2019,Qtr 3,September,1,35-49,35 to 39,Blackburn with Darwen,reoffenders
25065,2019,Qtr 3,September,1,35-49,35 to 39,Blackpool,Number of previous offences
771,2019,Qtr 3,September,1,35-49,35 to 39,Blackpool,offenders
1053,2019,Qtr 3,September,1,35-49,35 to 39,Blackpool,reoffences
267,2019,Qtr 3,September,1,35-49,35 to 39,Blackpool,reoffenders
99362,2019,Qtr 3,September,1,35-49,35 to 39,Lancashire,Number of previous offences
3299,2019,Qtr 3,September,1,35-49,35 to 39,Lancashire,offenders
3716,2019,Qtr 3,September,1,35-49,35 to 39,Lancashire,reoffences
970,2019,Qtr 3,September,1,35-49,35 to 39,Lancashire,reoffenders
22905,2019,Qtr 3,September,1,35-49,40 to 44,Blackburn with Darwen,Number of previous offences
438,2019,Qtr 3,September,1,35-49,40 to 44,Blackburn with Darwen,offenders
708,2019,Qtr 3,September,1,35-49,40 to 44,Blackburn with Darwen,reoffences
129,2019,Qtr 3,September,1,35-49,40 to 44,Blackburn with Darwen,reoffenders
24618,2019,Qtr 3,September,1,35-49,40 to 44,Blackpool,Number of previous offences
708,2019,Qtr 3,September,1,35-49,40 to 44,Blackpool,offenders
735,2019,Qtr 3,September,1,35-49,40 to 44,Blackpool,reoffences
228,2019,Qtr 3,September,1,35-49,40 to 44,Blackpool,reoffenders
87637,2019,Qtr 3,September,1,35-49,40 to 44,Lancashire,Number of previous offences
2548,2019,Qtr 3,September,1,35-49,40 to 44,Lancashire,offenders
2470,2019,Qtr 3,September,1,35-49,40 to 44,Lancashire,reoffences
713,2019,Qtr 3,September,1,35-49,40 to 44,Lancashire,reoffenders
12822,2019,Qtr 3,September,1,35-49,45 to 49,Blackburn with Darwen,Number of previous offences
276,2019,Qtr 3,September,1,35-49,45 to 49,Blackburn with Darwen,offenders
276,2019,Qtr 3,September,1,35-49,45 to 49,Blackburn with Darwen,reoffences
84,2019,Qtr 3,September,1,35-49,45 to 49,Blackburn with Darwen,reoffenders
21714,2019,Qtr 3,September,1,35-49,45 to 49,Blackpool,Number of previous offences
459,2019,Qtr 3,September,1,35-49,45 to 49,Blackpool,offenders
525,2019,Qtr 3,September,1,35-49,45 to 49,Blackpool,reoffences
153,2019,Qtr 3,September,1,35-49,45 to 49,Blackpool,reoffenders
66985,2019,Qtr 3,September,1,35-49,45 to 49,Lancashire,Number of previous offences
1877,2019,Qtr 3,September,1,35-49,45 to 49,Lancashire,offenders
1656,2019,Qtr 3,September,1,35-49,45 to 49,Lancashire,reoffences
493,2019,Qtr 3,September,1,35-49,45 to 49,Lancashire,reoffenders
12900,2019,Qtr 3,September,1,50+,50+,Blackburn with Darwen,Number of previous offences
399,2019,Qtr 3,September,1,50+,50+,Blackburn with Darwen,offenders
327,2019,Qtr 3,September,1,50+,50+,Blackburn with Darwen,reoffences
72,2019,Qtr 3,September,1,50+,50+,Blackburn with Darwen,reoffenders
24003,2019,Qtr 3,September,1,50+,50+,Blackpool,Number of previous offences
708,2019,Qtr 3,September,1,50+,50+,Blackpool,offenders
342,2019,Qtr 3,September,1,50+,50+,Blackpool,reoffences
90,2019,Qtr 3,September,1,50+,50+,Blackpool,reoffenders
80539,2019,Qtr 3,September,1,50+,50+,Lancashire,Number of previous offences
2877,2019,Qtr 3,September,1,50+,50+,Lancashire,offenders
1588,2019,Qtr 3,September,1,50+,50+,Lancashire,reoffences
405,2019,Qtr 3,September,1,50+,50+,Lancashire,reoffenders
7798,2019,Qtr 3,September,1,Female,Female,Blackburn with Darwen,Number of previous offences
465,2019,Qtr 3,September,1,Female,Female,Blackburn with Darwen,offenders
426,2019,Qtr 3,September,1,Female,Female,Blackburn with Darwen,reoffences
138,2019,Qtr 3,September,1,Female,Female,Blackburn with Darwen,reoffenders
16372,2019,Qtr 3,September,1,Female,Female,Blackpool,Number of previous offences
1234,2019,Qtr 3,September,1,Female,Female,Blackpool,offenders
918,2019,Qtr 3,September,1,Female,Female,Blackpool,reoffences
233,2019,Qtr 3,September,1,Female,Female,Blackpool,reoffenders
64103,2019,Qtr 3,September,1,Female,Female,Lancashire,Number of previous offences
4323,2019,Qtr 3,September,1,Female,Female,Lancashire,offenders
3818,2019,Qtr 3,September,1,Female,Female,Lancashire,reoffences
969,2019,Qtr 3,September,1,Female,Female,Lancashire,reoffenders
92474,2019,Qtr 3,September,1,Male,Male,Blackburn with Darwen,Number of previous offences
3482,2019,Qtr 3,September,1,Male,Male,Blackburn with Darwen,offenders
4710,2019,Qtr 3,September,1,Male,Male,Blackburn with Darwen,reoffences
1104,2019,Qtr 3,September,1,Male,Male,Blackburn with Darwen,reoffenders
133178,2019,Qtr 3,September,1,Male,Male,Blackpool,Number of previous offences
4986,2019,Qtr 3,September,1,Male,Male,Blackpool,offenders
5331,2019,Qtr 3,September,1,Male,Male,Blackpool,reoffences
1468,2019,Qtr 3,September,1,Male,Male,Blackpool,reoffenders
496990,2019,Qtr 3,September,1,Male,Male,Lancashire,Number of previous offences
22177,2019,Qtr 3,September,1,Male,Male,Lancashire,offenders
22247,2019,Qtr 3,September,1,Male,Male,Lancashire,reoffences
6038,2019,Qtr 3,September,1,Male,Male,Lancashire,reoffenders
36,2019,Qtr 3,September,1,Under 18s,10 to 14,Blackburn with Darwen,Number of previous offences
28,2019,Qtr 3,September,1,Under 18s,10 to 14,Blackburn with Darwen,offenders
52,2019,Qtr 3,September,1,Under 18s,10 to 14,Blackburn with Darwen,reoffences
16,2019,Qtr 3,September,1,Under 18s,10 to 14,Blackburn with Darwen,reoffenders
208,2019,Qtr 3,September,1,Under 18s,10 to 14,Blackpool,Number of previous offences
84,2019,Qtr 3,September,1,Under 18s,10 to 14,Blackpool,offenders
296,2019,Qtr 3,September,1,Under 18s,10 to 14,Blackpool,reoffences
32,2019,Qtr 3,September,1,Under 18s,10 to 14,Blackpool,reoffenders
1513,2019,Qtr 3,September,1,Under 18s,10 to 14,Lancashire,Number of previous offences
324,2019,Qtr 3,September,1,Under 18s,10 to 14,Lancashire,offenders
575,2019,Qtr 3,September,1,Under 18s,10 to 14,Lancashire,reoffences
144,2019,Qtr 3,September,1,Under 18s,10 to 14,Lancashire,reoffenders
1272,2019,Qtr 3,September,1,Under 18s,15 to 17,Blackburn with Darwen,Number of previous offences
192,2019,Qtr 3,September,1,Under 18s,15 to 17,Blackburn with Darwen,offenders
368,2019,Qtr 3,September,1,Under 18s,15 to 17,Blackburn with Darwen,reoffences
92,2019,Qtr 3,September,1,Under 18s,15 to 17,Blackburn with Darwen,reoffenders
1364,2019,Qtr 3,September,1,Under 18s,15 to 17,Blackpool,Number of previous offences
196,2019,Qtr 3,September,1,Under 18s,15 to 17,Blackpool,offenders
148,2019,Qtr 3,September,1,Under 18s,15 to 17,Blackpool,reoffences
52,2019,Qtr 3,September,1,Under 18s,15 to 17,Blackpool,reoffenders
7523,2019,Qtr 3,September,1,Under 18s,15 to 17,Lancashire,Number of previous offences
1201,2019,Qtr 3,September,1,Under 18s,15 to 17,Lancashire,offenders
1601,2019,Qtr 3,September,1,Under 18s,15 to 17,Lancashire,reoffences
432,2019,Qtr 3,September,1,Under 18s,15 to 17,Lancashire,reoffenders
855,2020,Qtr 3,September,1,18-24,18 to 20,Blackburn with Darwen,Number of previous offences
201,2020,Qtr 3,September,1,18-24,18 to 20,Blackburn with Darwen,offenders
135,2020,Qtr 3,September,1,18-24,18 to 20,Blackburn with Darwen,reoffences
51,2020,Qtr 3,September,1,18-24,18 to 20,Blackburn with Darwen,reoffenders
2145,2020,Qtr 3,September,1,18-24,18 to 20,Blackpool,Number of previous offences
315,2020,Qtr 3,September,1,18-24,18 to 20,Blackpool,offenders
267,2020,Qtr 3,September,1,18-24,18 to 20,Blackpool,reoffences
84,2020,Qtr 3,September,1,18-24,18 to 20,Blackpool,reoffenders
6580,2020,Qtr 3,September,1,18-24,18 to 20,Lancashire,Number of previous offences
1372,2020,Qtr 3,September,1,18-24,18 to 20,Lancashire,offenders
947,2020,Qtr 3,September,1,18-24,18 to 20,Lancashire,reoffences
315,2020,Qtr 3,September,1,18-24,18 to 20,Lancashire,reoffenders
2289,2020,Qtr 3,September,1,18-24,21 to 24,Blackburn with Darwen,Number of previous offences
324,2020,Qtr 3,September,1,18-24,21 to 24,Blackburn with Darwen,offenders
423,2020,Qtr 3,September,1,18-24,21 to 24,Blackburn with Darwen,reoffences
108,2020,Qtr 3,September,1,18-24,21 to 24,Blackburn with Darwen,reoffenders
5832,2020,Qtr 3,September,1,18-24,21 to 24,Blackpool,Number of previous offences
501,2020,Qtr 3,September,1,18-24,21 to 24,Blackpool,offenders
336,2020,Qtr 3,September,1,18-24,21 to 24,Blackpool,reoffences
132,2020,Qtr 3,September,1,18-24,21 to 24,Blackpool,reoffenders
19105,2020,Qtr 3,September,1,18-24,21 to 24,Lancashire,Number of previous offences
2180,2020,Qtr 3,September,1,18-24,21 to 24,Lancashire,offenders
2164,2020,Qtr 3,September,1,18-24,21 to 24,Lancashire,reoffences
572,2020,Qtr 3,September,1,18-24,21 to 24,Lancashire,reoffenders
8058,2020,Qtr 3,September,1,25-34,25 to 29,Blackburn with Darwen,Number of previous offences
543,2020,Qtr 3,September,1,25-34,25 to 29,Blackburn with Darwen,offenders
435,2020,Qtr 3,September,1,25-34,25 to 29,Blackburn with Darwen,reoffences
132,2020,Qtr 3,September,1,25-34,25 to 29,Blackburn with Darwen,reoffenders
12735,2020,Qtr 3,September,1,25-34,25 to 29,Blackpool,Number of previous offences
690,2020,Qtr 3,September,1,25-34,25 to 29,Blackpool,offenders
519,2020,Qtr 3,September,1,25-34,25 to 29,Blackpool,reoffences
171,2020,Qtr 3,September,1,25-34,25 to 29,Blackpool,reoffenders
55153,2020,Qtr 3,September,1,25-34,25 to 29,Lancashire,Number of previous offences
3414,2020,Qtr 3,September,1,25-34,25 to 29,Lancashire,offenders
2664,2020,Qtr 3,September,1,25-34,25 to 29,Lancashire,reoffences
791,2020,Qtr 3,September,1,25-34,25 to 29,Lancashire,reoffenders
16005,2020,Qtr 3,September,1,25-34,30 to 34,Blackburn with Darwen,Number of previous offences
552,2020,Qtr 3,September,1,25-34,30 to 34,Blackburn with Darwen,offenders
837,2020,Qtr 3,September,1,25-34,30 to 34,Blackburn with Darwen,reoffences
201,2020,Qtr 3,September,1,25-34,30 to 34,Blackburn with Darwen,reoffenders
17976,2020,Qtr 3,September,1,25-34,30 to 34,Blackpool,Number of previous offences
804,2020,Qtr 3,September,1,25-34,30 to 34,Blackpool,offenders
1008,2020,Qtr 3,September,1,25-34,30 to 34,Blackpool,reoffences
243,2020,Qtr 3,September,1,25-34,30 to 34,Blackpool,reoffenders
76061,2020,Qtr 3,September,1,25-34,30 to 34,Lancashire,Number of previous offences
3575,2020,Qtr 3,September,1,25-34,30 to 34,Lancashire,offenders
3423,2020,Qtr 3,September,1,25-34,30 to 34,Lancashire,reoffences
946,2020,Qtr 3,September,1,25-34,30 to 34,Lancashire,reoffenders
18093,2020,Qtr 3,September,1,35-49,35 to 39,Blackburn with Darwen,Number of previous offences
486,2020,Qtr 3,September,1,35-49,35 to 39,Blackburn with Darwen,offenders
735,2020,Qtr 3,September,1,35-49,35 to 39,Blackburn with Darwen,reoffences
168,2020,Qtr 3,September,1,35-49,35 to 39,Blackburn with Darwen,reoffenders
26202,2020,Qtr 3,September,1,35-49,35 to 39,Blackpool,Number of previous offences
816,2020,Qtr 3,September,1,35-49,35 to 39,Blackpool,offenders
606,2020,Qtr 3,September,1,35-49,35 to 39,Blackpool,reoffences
222,2020,Qtr 3,September,1,35-49,35 to 39,Blackpool,reoffenders
81854,2020,Qtr 3,September,1,35-49,35 to 39,Lancashire,Number of previous offences
2876,2020,Qtr 3,September,1,35-49,35 to 39,Lancashire,offenders
2493,2020,Qtr 3,September,1,35-49,35 to 39,Lancashire,reoffences
760,2020,Qtr 3,September,1,35-49,35 to 39,Lancashire,reoffenders
19302,2020,Qtr 3,September,1,35-49,40 to 44,Blackburn with Darwen,Number of previous offences
351,2020,Qtr 3,September,1,35-49,40 to 44,Blackburn with Darwen,offenders
699,2020,Qtr 3,September,1,35-49,40 to 44,Blackburn with Darwen,reoffences
147,2020,Qtr 3,September,1,35-49,40 to 44,Blackburn with Darwen,reoffenders
16398,2020,Qtr 3,September,1,35-49,40 to 44,Blackpool,Number of previous offences
474,2020,Qtr 3,September,1,35-49,40 to 44,Blackpool,offenders
300,2020,Qtr 3,September,1,35-49,40 to 44,Blackpool,reoffences
117,2020,Qtr 3,September,1,35-49,40 to 44,Blackpool,reoffenders
68675,2020,Qtr 3,September,1,35-49,40 to 44,Lancashire,Number of previous offences
1961,2020,Qtr 3,September,1,35-49,40 to 44,Lancashire,offenders
1524,2020,Qtr 3,September,1,35-49,40 to 44,Lancashire,reoffences
481,2020,Qtr 3,September,1,35-49,40 to 44,Lancashire,reoffenders
10842,2020,Qtr 3,September,1,35-49,45 to 49,Blackburn with Darwen,Number of previous offences
228,2020,Qtr 3,September,1,35-49,45 to 49,Blackburn with Darwen,offenders
261,2020,Qtr 3,September,1,35-49,45 to 49,Blackburn with Darwen,reoffences
81,2020,Qtr 3,September,1,35-49,45 to 49,Blackburn with Darwen,reoffenders
15225,2020,Qtr 3,September,1,35-49,45 to 49,Blackpool,Number of previous offences
369,2020,Qtr 3,September,1,35-49,45 to 49,Blackpool,offenders
219,2020,Qtr 3,September,1,35-49,45 to 49,Blackpool,reoffences
84,2020,Qtr 3,September,1,35-49,45 to 49,Blackpool,reoffenders
52996,2020,Qtr 3,September,1,35-49,45 to 49,Lancashire,Number of previous offences
1477,2020,Qtr 3,September,1,35-49,45 to 49,Lancashire,offenders
934,2020,Qtr 3,September,1,35-49,45 to 49,Lancashire,reoffences
298,2020,Qtr 3,September,1,35-49,45 to 49,Lancashire,reoffenders
16488,2020,Qtr 3,September,1,50+,50+,Blackburn with Darwen,Number of previous offences
312,2020,Qtr 3,September,1,50+,50+,Blackburn with Darwen,offenders
444,2020,Qtr 3,September,1,50+,50+,Blackburn with Darwen,reoffences
81,2020,Qtr 3,September,1,50+,50+,Blackburn with Darwen,reoffenders
14295,2020,Qtr 3,September,1,50+,50+,Blackpool,Number of previous offences
552,2020,Qtr 3,September,1,50+,50+,Blackpool,offenders
219,2020,Qtr 3,September,1,50+,50+,Blackpool,reoffences
69,2020,Qtr 3,September,1,50+,50+,Blackpool,reoffenders
67915,2020,Qtr 3,September,1,50+,50+,Lancashire,Number of previous offences
2253,2020,Qtr 3,September,1,50+,50+,Lancashire,offenders
941,2020,Qtr 3,September,1,50+,50+,Lancashire,reoffences
338,2020,Qtr 3,September,1,50+,50+,Lancashire,reoffenders
7650,2020,Qtr 3,September,1,Female,Female,Blackburn with Darwen,Number of previous offences
405,2020,Qtr 3,September,1,Female,Female,Blackburn with Darwen,offenders
237,2020,Qtr 3,September,1,Female,Female,Blackburn with Darwen,reoffences
96,2020,Qtr 3,September,1,Female,Female,Blackburn with Darwen,reoffenders
12919,2020,Qtr 3,September,1,Female,Female,Blackpool,Number of previous offences
845,2020,Qtr 3,September,1,Female,Female,Blackpool,offenders
581,2020,Qtr 3,September,1,Female,Female,Blackpool,reoffences
175,2020,Qtr 3,September,1,Female,Female,Blackpool,reoffenders
49696,2020,Qtr 3,September,1,Female,Female,Lancashire,Number of previous offences
3355,2020,Qtr 3,September,1,Female,Female,Lancashire,offenders
1990,2020,Qtr 3,September,1,Female,Female,Lancashire,reoffences
628,2020,Qtr 3,September,1,Female,Female,Lancashire,reoffenders
84970,2020,Qtr 3,September,1,Male,Male,Blackburn with Darwen,Number of previous offences
2712,2020,Qtr 3,September,1,Male,Male,Blackburn with Darwen,offenders
3960,2020,Qtr 3,September,1,Male,Male,Blackburn with Darwen,reoffences
917,2020,Qtr 3,September,1,Male,Male,Blackburn with Darwen,reoffenders
99549,2020,Qtr 3,September,1,Male,Male,Blackpool,Number of previous offences
4032,2020,Qtr 3,September,1,Male,Male,Blackpool,offenders
3325,2020,Qtr 3,September,1,Male,Male,Blackpool,reoffences
1075,2020,Qtr 3,September,1,Male,Male,Blackpool,reoffenders
383050,2020,Qtr 3,September,1,Male,Male,Lancashire,Number of previous offences
16863,2020,Qtr 3,September,1,Male,Male,Lancashire,offenders
14417,2020,Qtr 3,September,1,Male,Male,Lancashire,reoffences
4248,2020,Qtr 3,September,1,Male,Male,Lancashire,reoffenders
172,2020,Qtr 3,September,1,Under 18s,10 to 14,Blackburn with Darwen,Number of previous offences
32,2020,Qtr 3,September,1,Under 18s,10 to 14,Blackburn with Darwen,offenders
136,2020,Qtr 3,September,1,Under 18s,10 to 14,Blackburn with Darwen,reoffences
24,2020,Qtr 3,September,1,Under 18s,10 to 14,Blackburn with Darwen,reoffenders
352,2020,Qtr 3,September,1,Under 18s,10 to 14,Blackpool,Number of previous offences
76,2020,Qtr 3,September,1,Under 18s,10 to 14,Blackpool,offenders
76,2020,Qtr 3,September,1,Under 18s,10 to 14,Blackpool,reoffences
24,2020,Qtr 3,September,1,Under 18s,10 to 14,Blackpool,reoffenders
651,2020,Qtr 3,September,1,Under 18s,10 to 14,Lancashire,Number of previous offences
191,2020,Qtr 3,September,1,Under 18s,10 to 14,Lancashire,offenders
185,2020,Qtr 3,September,1,Under 18s,10 to 14,Lancashire,reoffences
64,2020,Qtr 3,September,1,Under 18s,10 to 14,Lancashire,reoffenders
516,2020,Qtr 3,September,1,Under 18s,15 to 17,Blackburn with Darwen,Number of previous offences
100,2020,Qtr 3,September,1,Under 18s,15 to 17,Blackburn with Darwen,offenders
92,2020,Qtr 3,September,1,Under 18s,15 to 17,Blackburn with Darwen,reoffences
20,2020,Qtr 3,September,1,Under 18s,15 to 17,Blackburn with Darwen,reoffenders
1308,2020,Qtr 3,September,1,Under 18s,15 to 17,Blackpool,Number of previous offences
280,2020,Qtr 3,September,1,Under 18s,15 to 17,Blackpool,offenders
356,2020,Qtr 3,September,1,Under 18s,15 to 17,Blackpool,reoffences
104,2020,Qtr 3,September,1,Under 18s,15 to 17,Blackpool,reoffenders
3756,2020,Qtr 3,September,1,Under 18s,15 to 17,Lancashire,Number of previous offences
919,2020,Qtr 3,September,1,Under 18s,15 to 17,Lancashire,offenders
1132,2020,Qtr 3,September,1,Under 18s,15 to 17,Lancashire,reoffences
311,2020,Qtr 3,September,1,Under 18s,15 to 17,Lancashire,reoffenders
1056,2021,Qtr 3,September,1,18-24,18 to 20,Blackburn with Darwen,Number of previous offences
198,2021,Qtr 3,September,1,18-24,18 to 20,Blackburn with Darwen,offenders
114,2021,Qtr 3,September,1,18-24,18 to 20,Blackburn with Darwen,reoffences
42,2021,Qtr 3,September,1,18-24,18 to 20,Blackburn with Darwen,reoffenders
2103,2021,Qtr 3,September,1,18-24,18 to 20,Blackpool,Number of previous offences
363,2021,Qtr 3,September,1,18-24,18 to 20,Blackpool,offenders
360,2021,Qtr 3,September,1,18-24,18 to 20,Blackpool,reoffences
126,2021,Qtr 3,September,1,18-24,18 to 20,Blackpool,reoffenders
6954,2021,Qtr 3,September,1,18-24,18 to 20,Lancashire,Number of previous offences
1642,2021,Qtr 3,September,1,18-24,18 to 20,Lancashire,offenders
1496,2021,Qtr 3,September,1,18-24,18 to 20,Lancashire,reoffences
419,2021,Qtr 3,September,1,18-24,18 to 20,Lancashire,reoffenders
2658,2021,Qtr 3,September,1,18-24,21 to 24,Blackburn with Darwen,Number of previous offences
432,2021,Qtr 3,September,1,18-24,21 to 24,Blackburn with Darwen,offenders
501,2021,Qtr 3,September,1,18-24,21 to 24,Blackburn with Darwen,reoffences
123,2021,Qtr 3,September,1,18-24,21 to 24,Blackburn with Darwen,reoffenders
4623,2021,Qtr 3,September,1,18-24,21 to 24,Blackpool,Number of previous offences
513,2021,Qtr 3,September,1,18-24,21 to 24,Blackpool,offenders
573,2021,Qtr 3,September,1,18-24,21 to 24,Blackpool,reoffences
156,2021,Qtr 3,September,1,18-24,21 to 24,Blackpool,reoffenders
21750,2021,Qtr 3,September,1,18-24,21 to 24,Lancashire,Number of previous offences
2775,2021,Qtr 3,September,1,18-24,21 to 24,Lancashire,offenders
2446,2021,Qtr 3,September,1,18-24,21 to 24,Lancashire,reoffences
654,2021,Qtr 3,September,1,18-24,21 to 24,Lancashire,reoffenders
7803,2021,Qtr 3,September,1,25-34,25 to 29,Blackburn with Darwen,Number of previous offences
582,2021,Qtr 3,September,1,25-34,25 to 29,Blackburn with Darwen,offenders
429,2021,Qtr 3,September,1,25-34,25 to 29,Blackburn with Darwen,reoffences
132,2021,Qtr 3,September,1,25-34,25 to 29,Blackburn with Darwen,reoffenders
14595,2021,Qtr 3,September,1,25-34,25 to 29,Blackpool,Number of previous offences
909,2021,Qtr 3,September,1,25-34,25 to 29,Blackpool,offenders
849,2021,Qtr 3,September,1,25-34,25 to 29,Blackpool,reoffences
261,2021,Qtr 3,September,1,25-34,25 to 29,Blackpool,reoffenders
58148,2021,Qtr 3,September,1,25-34,25 to 29,Lancashire,Number of previous offences
3992,2021,Qtr 3,September,1,25-34,25 to 29,Lancashire,offenders
3984,2021,Qtr 3,September,1,25-34,25 to 29,Lancashire,reoffences
1115,2021,Qtr 3,September,1,25-34,25 to 29,Lancashire,reoffenders
16557,2021,Qtr 3,September,1,25-34,30 to 34,Blackburn with Darwen,Number of previous offences
690,2021,Qtr 3,September,1,25-34,30 to 34,Blackburn with Darwen,offenders
1365,2021,Qtr 3,September,1,25-34,30 to 34,Blackburn with Darwen,reoffences
243,2021,Qtr 3,September,1,25-34,30 to 34,Blackburn with Darwen,reoffenders
22254,2021,Qtr 3,September,1,25-34,30 to 34,Blackpool,Number of previous offences
1074,2021,Qtr 3,September,1,25-34,30 to 34,Blackpool,offenders
1068,2021,Qtr 3,September,1,25-34,30 to 34,Blackpool,reoffences
348,2021,Qtr 3,September,1,25-34,30 to 34,Blackpool,reoffenders
88981,2021,Qtr 3,September,1,25-34,30 to 34,Lancashire,Number of previous offences
4404,2021,Qtr 3,September,1,25-34,30 to 34,Lancashire,offenders
4588,2021,Qtr 3,September,1,25-34,30 to 34,Lancashire,reoffences
1226,2021,Qtr 3,September,1,25-34,30 to 34,Lancashire,reoffenders
18726,2021,Qtr 3,September,1,35-49,35 to 39,Blackburn with Darwen,Number of previous offences
540,2021,Qtr 3,September,1,35-49,35 to 39,Blackburn with Darwen,offenders
777,2021,Qtr 3,September,1,35-49,35 to 39,Blackburn with Darwen,reoffences
174,2021,Qtr 3,September,1,35-49,35 to 39,Blackburn with Darwen,reoffenders
21501,2021,Qtr 3,September,1,35-49,35 to 39,Blackpool,Number of previous offences
705,2021,Qtr 3,September,1,35-49,35 to 39,Blackpool,offenders
765,2021,Qtr 3,September,1,35-49,35 to 39,Blackpool,reoffences
234,2021,Qtr 3,September,1,35-49,35 to 39,Blackpool,reoffenders
88832,2021,Qtr 3,September,1,35-49,35 to 39,Lancashire,Number of previous offences
3388,2021,Qtr 3,September,1,35-49,35 to 39,Lancashire,offenders
3205,2021,Qtr 3,September,1,35-49,35 to 39,Lancashire,reoffences
916,2021,Qtr 3,September,1,35-49,35 to 39,Lancashire,reoffenders
19092,2021,Qtr 3,September,1,35-49,40 to 44,Blackburn with Darwen,Number of previous offences
402,2021,Qtr 3,September,1,35-49,40 to 44,Blackburn with Darwen,offenders
753,2021,Qtr 3,September,1,35-49,40 to 44,Blackburn with Darwen,reoffences
120,2021,Qtr 3,September,1,35-49,40 to 44,Blackburn with Darwen,reoffenders
21702,2021,Qtr 3,September,1,35-49,40 to 44,Blackpool,Number of previous offences
576,2021,Qtr 3,September,1,35-49,40 to 44,Blackpool,offenders
591,2021,Qtr 3,September,1,35-49,40 to 44,Blackpool,reoffences
180,2021,Qtr 3,September,1,35-49,40 to 44,Blackpool,reoffenders
76055,2021,Qtr 3,September,1,35-49,40 to 44,Lancashire,Number of previous offences
2378,2021,Qtr 3,September,1,35-49,40 to 44,Lancashire,offenders
2257,2021,Qtr 3,September,1,35-49,40 to 44,Lancashire,reoffences
664,2021,Qtr 3,September,1,35-49,40 to 44,Lancashire,reoffenders
14223,2021,Qtr 3,September,1,35-49,45 to 49,Blackburn with Darwen,Number of previous offences
327,2021,Qtr 3,September,1,35-49,45 to 49,Blackburn with Darwen,offenders
417,2021,Qtr 3,September,1,35-49,45 to 49,Blackburn with Darwen,reoffences
108,2021,Qtr 3,September,1,35-49,45 to 49,Blackburn with Darwen,reoffenders
19908,2021,Qtr 3,September,1,35-49,45 to 49,Blackpool,Number of previous offences
417,2021,Qtr 3,September,1,35-49,45 to 49,Blackpool,offenders
261,2021,Qtr 3,September,1,35-49,45 to 49,Blackpool,reoffences
84,2021,Qtr 3,September,1,35-49,45 to 49,Blackpool,reoffenders
57280,2021,Qtr 3,September,1,35-49,45 to 49,Lancashire,Number of previous offences
1766,2021,Qtr 3,September,1,35-49,45 to 49,Lancashire,offenders
1144,2021,Qtr 3,September,1,35-49,45 to 49,Lancashire,reoffences
340,2021,Qtr 3,September,1,35-49,45 to 49,Lancashire,reoffenders
17673,2021,Qtr 3,September,1,50+,50+,Blackburn with Darwen,Number of previous offences
387,2021,Qtr 3,September,1,50+,50+,Blackburn with Darwen,offenders
318,2021,Qtr 3,September,1,50+,50+,Blackburn with Darwen,reoffences
69,2021,Qtr 3,September,1,50+,50+,Blackburn with Darwen,reoffenders
16521,2021,Qtr 3,September,1,50+,50+,Blackpool,Number of previous offences
651,2021,Qtr 3,September,1,50+,50+,Blackpool,offenders
153,2021,Qtr 3,September,1,50+,50+,Blackpool,reoffences
72,2021,Qtr 3,September,1,50+,50+,Blackpool,reoffenders
76888,2021,Qtr 3,September,1,50+,50+,Lancashire,Number of previous offences
2716,2021,Qtr 3,September,1,50+,50+,Lancashire,offenders
1024,2021,Qtr 3,September,1,50+,50+,Lancashire,reoffences
338,2021,Qtr 3,September,1,50+,50+,Lancashire,reoffenders
7134,2021,Qtr 3,September,1,Female,Female,Blackburn with Darwen,Number of previous offences
444,2021,Qtr 3,September,1,Female,Female,Blackburn with Darwen,offenders
423,2021,Qtr 3,September,1,Female,Female,Blackburn with Darwen,reoffences
87,2021,Qtr 3,September,1,Female,Female,Blackburn with Darwen,reoffenders
15240,2021,Qtr 3,September,1,Female,Female,Blackpool,Number of previous offences
951,2021,Qtr 3,September,1,Female,Female,Blackpool,offenders
495,2021,Qtr 3,September,1,Female,Female,Blackpool,reoffences
204,2021,Qtr 3,September,1,Female,Female,Blackpool,reoffenders
49019,2021,Qtr 3,September,1,Female,Female,Lancashire,Number of previous offences
3770,2021,Qtr 3,September,1,Female,Female,Lancashire,offenders
2535,2021,Qtr 3,September,1,Female,Female,Lancashire,reoffences
764,2021,Qtr 3,September,1,Female,Female,Lancashire,reoffenders
91086,2021,Qtr 3,September,1,Male,Male,Blackburn with Darwen,Number of previous offences
3206,2021,Qtr 3,September,1,Male,Male,Blackburn with Darwen,offenders
4559,2021,Qtr 3,September,1,Male,Male,Blackburn with Darwen,reoffences
960,2021,Qtr 3,September,1,Male,Male,Blackburn with Darwen,reoffenders
109135,2021,Qtr 3,September,1,Male,Male,Blackpool,Number of previous offences
4561,2021,Qtr 3,September,1,Male,Male,Blackpool,offenders
4529,2021,Qtr 3,September,1,Male,Male,Blackpool,reoffences
1353,2021,Qtr 3,September,1,Male,Male,Blackpool,reoffenders
431513,2021,Qtr 3,September,1,Male,Male,Lancashire,Number of previous offences
20419,2021,Qtr 3,September,1,Male,Male,Lancashire,offenders
19427,2021,Qtr 3,September,1,Male,Male,Lancashire,reoffences
5341,2021,Qtr 3,September,1,Male,Male,Lancashire,reoffenders
72,2021,Qtr 3,September,1,Under 18s,10 to 14,Blackburn with Darwen,Number of previous offences
8,2021,Qtr 3,September,1,Under 18s,10 to 14,Blackburn with Darwen,reoffences
4,2021,Qtr 3,September,1,Under 18s,10 to 14,Blackburn with Darwen,reoffenders
176,2021,Qtr 3,September,1,Under 18s,10 to 14,Blackpool,Number of previous offences
40,2021,Qtr 3,September,1,Under 18s,10 to 14,Blackpool,offenders
16,2021,Qtr 3,September,1,Under 18s,10 to 14,Blackpool,reoffences
12,2021,Qtr 3,September,1,Under 18s,10 to 14,Blackpool,reoffenders
406,2021,Qtr 3,September,1,Under 18s,10 to 14,Lancashire,Number of previous offences
177,2021,Qtr 3,September,1,Under 18s,10 to 14,Lancashire,offenders
214,2021,Qtr 3,September,1,Under 18s,10 to 14,Lancashire,reoffences
68,2021,Qtr 3,September,1,Under 18s,10 to 14,Lancashire,reoffenders
360,2021,Qtr 3,September,1,Under 18s,15 to 17,Blackburn with Darwen,Number of previous offences
80,2021,Qtr 3,September,1,Under 18s,15 to 17,Blackburn with Darwen,offenders
300,2021,Qtr 3,September,1,Under 18s,15 to 17,Blackburn with Darwen,reoffences
32,2021,Qtr 3,September,1,Under 18s,15 to 17,Blackburn with Darwen,reoffenders
992,2021,Qtr 3,September,1,Under 18s,15 to 17,Blackpool,Number of previous offences
268,2021,Qtr 3,September,1,Under 18s,15 to 17,Blackpool,offenders
388,2021,Qtr 3,September,1,Under 18s,15 to 17,Blackpool,reoffences
84,2021,Qtr 3,September,1,Under 18s,15 to 17,Blackpool,reoffenders
5238,2021,Qtr 3,September,1,Under 18s,15 to 17,Lancashire,Number of previous offences
951,2021,Qtr 3,September,1,Under 18s,15 to 17,Lancashire,offenders
1604,2021,Qtr 3,September,1,Under 18s,15 to 17,Lancashire,reoffences
365,2021,Qtr 3,September,1,Under 18s,15 to 17,Lancashire,reoffenders
1548,2022,Qtr 3,September,1,18-24,18 to 20,Blackburn with Darwen,Number of previous offences
213,2022,Qtr 3,September,1,18-24,18 to 20,Blackburn with Darwen,offenders
234,2022,Qtr 3,September,1,18-24,18 to 20,Blackburn with Darwen,reoffences
84,2022,Qtr 3,September,1,18-24,18 to 20,Blackburn with Darwen,reoffenders
1311,2022,Qtr 3,September,1,18-24,18 to 20,Blackpool,Number of previous offences
330,2022,Qtr 3,September,1,18-24,18 to 20,Blackpool,offenders
360,2022,Qtr 3,September,1,18-24,18 to 20,Blackpool,reoffences
117,2022,Qtr 3,September,1,18-24,18 to 20,Blackpool,reoffenders
6278,2022,Qtr 3,September,1,18-24,18 to 20,Lancashire,Number of previous offences
1615,2022,Qtr 3,September,1,18-24,18 to 20,Lancashire,offenders
1506,2022,Qtr 3,September,1,18-24,18 to 20,Lancashire,reoffences
454,2022,Qtr 3,September,1,18-24,18 to 20,Lancashire,reoffenders
2880,2022,Qtr 3,September,1,18-24,21 to 24,Blackburn with Darwen,Number of previous offences
396,2022,Qtr 3,September,1,18-24,21 to 24,Blackburn with Darwen,offenders
432,2022,Qtr 3,September,1,18-24,21 to 24,Blackburn with Darwen,reoffences
129,2022,Qtr 3,September,1,18-24,21 to 24,Blackburn with Darwen,reoffenders
4560,2022,Qtr 3,September,1,18-24,21 to 24,Blackpool,Number of previous offences
573,2022,Qtr 3,September,1,18-24,21 to 24,Blackpool,offenders
453,2022,Qtr 3,September,1,18-24,21 to 24,Blackpool,reoffences
177,2022,Qtr 3,September,1,18-24,21 to 24,Blackpool,reoffenders
16490,2022,Qtr 3,September,1,18-24,21 to 24,Lancashire,Number of previous offences
2483,2022,Qtr 3,September,1,18-24,21 to 24,Lancashire,offenders
2257,2022,Qtr 3,September,1,18-24,21 to 24,Lancashire,reoffences
744,2022,Qtr 3,September,1,18-24,21 to 24,Lancashire,reoffenders
6891,2022,Qtr 3,September,1,25-34,25 to 29,Blackburn with Darwen,Number of previous offences
543,2022,Qtr 3,September,1,25-34,25 to 29,Blackburn with Darwen,offenders
705,2022,Qtr 3,September,1,25-34,25 to 29,Blackburn with Darwen,reoffences
165,2022,Qtr 3,September,1,25-34,25 to 29,Blackburn with Darwen,reoffenders
14466,2022,Qtr 3,September,1,25-34,25 to 29,Blackpool,Number of previous offences
837,2022,Qtr 3,September,1,25-34,25 to 29,Blackpool,offenders
870,2022,Qtr 3,September,1,25-34,25 to 29,Blackpool,reoffences
300,2022,Qtr 3,September,1,25-34,25 to 29,Blackpool,reoffenders
52677,2022,Qtr 3,September,1,25-34,25 to 29,Lancashire,Number of previous offences
3739,2022,Qtr 3,September,1,25-34,25 to 29,Lancashire,offenders
3912,2022,Qtr 3,September,1,25-34,25 to 29,Lancashire,reoffences
1082,2022,Qtr 3,September,1,25-34,25 to 29,Lancashire,reoffenders
14862,2022,Qtr 3,September,1,25-34,30 to 34,Blackburn with Darwen,Number of previous offences
702,2022,Qtr 3,September,1,25-34,30 to 34,Blackburn with Darwen,offenders
942,2022,Qtr 3,September,1,25-34,30 to 34,Blackburn with Darwen,reoffences
240,2022,Qtr 3,September,1,25-34,30 to 34,Blackburn with Darwen,reoffenders
25911,2022,Qtr 3,September,1,25-34,30 to 34,Blackpool,Number of previous offences
1077,2022,Qtr 3,September,1,25-34,30 to 34,Blackpool,offenders
1041,2022,Qtr 3,September,1,25-34,30 to 34,Blackpool,reoffences
354,2022,Qtr 3,September,1,25-34,30 to 34,Blackpool,reoffenders
89815,2022,Qtr 3,September,1,25-34,30 to 34,Lancashire,Number of previous offences
4439,2022,Qtr 3,September,1,25-34,30 to 34,Lancashire,offenders
5239,2022,Qtr 3,September,1,25-34,30 to 34,Lancashire,reoffences
1392,2022,Qtr 3,September,1,25-34,30 to 34,Lancashire,reoffenders
13665,2022,Qtr 3,September,1,35-49,35 to 39,Blackburn with Darwen,Number of previous offences
474,2022,Qtr 3,September,1,35-49,35 to 39,Blackburn with Darwen,offenders
657,2022,Qtr 3,September,1,35-49,35 to 39,Blackburn with Darwen,reoffences
129,2022,Qtr 3,September,1,35-49,35 to 39,Blackburn with Darwen,reoffenders
19662,2022,Qtr 3,September,1,35-49,35 to 39,Blackpool,Number of previous offences
825,2022,Qtr 3,September,1,35-49,35 to 39,Blackpool,offenders
786,2022,Qtr 3,September,1,35-49,35 to 39,Blackpool,reoffences
225,2022,Qtr 3,September,1,35-49,35 to 39,Blackpool,reoffenders
85281,2022,Qtr 3,September,1,35-49,35 to 39,Lancashire,Number of previous offences
3511,2022,Qtr 3,September,1,35-49,35 to 39,Lancashire,offenders
3154,2022,Qtr 3,September,1,35-49,35 to 39,Lancashire,reoffences
958,2022,Qtr 3,September,1,35-49,35 to 39,Lancashire,reoffenders
17004,2022,Qtr 3,September,1,35-49,40 to 44,Blackburn with Darwen,Number of previous offences
387,2022,Qtr 3,September,1,35-49,40 to 44,Blackburn with Darwen,offenders
702,2022,Qtr 3,September,1,35-49,40 to 44,Blackburn with Darwen,reoffences
129,2022,Qtr 3,September,1,35-49,40 to 44,Blackburn with Darwen,reoffenders
23085,2022,Qtr 3,September,1,35-49,40 to 44,Blackpool,Number of previous offences
648,2022,Qtr 3,September,1,35-49,40 to 44,Blackpool,offenders
672,2022,Qtr 3,September,1,35-49,40 to 44,Blackpool,reoffences
213,2022,Qtr 3,September,1,35-49,40 to 44,Blackpool,reoffenders
79489,2022,Qtr 3,September,1,35-49,40 to 44,Lancashire,Number of previous offences
2505,2022,Qtr 3,September,1,35-49,40 to 44,Lancashire,offenders
2228,2022,Qtr 3,September,1,35-49,40 to 44,Lancashire,reoffences
678,2022,Qtr 3,September,1,35-49,40 to 44,Lancashire,reoffenders
11985,2022,Qtr 3,September,1,35-49,45 to 49,Blackburn with Darwen,Number of previous offences
270,2022,Qtr 3,September,1,35-49,45 to 49,Blackburn with Darwen,offenders
324,2022,Qtr 3,September,1,35-49,45 to 49,Blackburn with Darwen,reoffences
96,2022,Qtr 3,September,1,35-49,45 to 49,Blackburn with Darwen,reoffenders
14238,2022,Qtr 3,September,1,35-49,45 to 49,Blackpool,Number of previous offences
390,2022,Qtr 3,September,1,35-49,45 to 49,Blackpool,offenders
381,2022,Qtr 3,September,1,35-49,45 to 49,Blackpool,reoffences
96,2022,Qtr 3,September,1,35-49,45 to 49,Blackpool,reoffenders
52835,2022,Qtr 3,September,1,35-49,45 to 49,Lancashire,Number of previous offences
1687,2022,Qtr 3,September,1,35-49,45 to 49,Lancashire,offenders
1366,2022,Qtr 3,September,1,35-49,45 to 49,Lancashire,reoffences
475,2022,Qtr 3,September,1,35-49,45 to 49,Lancashire,reoffenders
14220,2022,Qtr 3,September,1,50+,50+,Blackburn with Darwen,Number of previous offences
330,2022,Qtr 3,September,1,50+,50+,Blackburn with Darwen,offenders
507,2022,Qtr 3,September,1,50+,50+,Blackburn with Darwen,reoffences
96,2022,Qtr 3,September,1,50+,50+,Blackburn with Darwen,reoffenders
29571,2022,Qtr 3,September,1,50+,50+,Blackpool,Number of previous offences
816,2022,Qtr 3,September,1,50+,50+,Blackpool,offenders
432,2022,Qtr 3,September,1,50+,50+,Blackpool,reoffences
141,2022,Qtr 3,September,1,50+,50+,Blackpool,reoffenders
71987,2022,Qtr 3,September,1,50+,50+,Lancashire,Number of previous offences
2851,2022,Qtr 3,September,1,50+,50+,Lancashire,offenders
1486,2022,Qtr 3,September,1,50+,50+,Lancashire,reoffences
454,2022,Qtr 3,September,1,50+,50+,Lancashire,reoffenders
8208,2022,Qtr 3,September,1,Female,Female,Blackburn with Darwen,Number of previous offences
456,2022,Qtr 3,September,1,Female,Female,Blackburn with Darwen,offenders
539,2022,Qtr 3,September,1,Female,Female,Blackburn with Darwen,reoffences
132,2022,Qtr 3,September,1,Female,Female,Blackburn with Darwen,reoffenders
11431,2022,Qtr 3,September,1,Female,Female,Blackpool,Number of previous offences
852,2022,Qtr 3,September,1,Female,Female,Blackpool,offenders
627,2022,Qtr 3,September,1,Female,Female,Blackpool,reoffences
208,2022,Qtr 3,September,1,Female,Female,Blackpool,reoffenders
46682,2022,Qtr 3,September,1,Female,Female,Lancashire,Number of previous offences
3717,2022,Qtr 3,September,1,Female,Female,Lancashire,offenders
2823,2022,Qtr 3,September,1,Female,Female,Lancashire,reoffences
831,2022,Qtr 3,September,1,Female,Female,Lancashire,reoffenders
75451,2022,Qtr 3,September,1,Male,Male,Blackburn with Darwen,Number of previous offences
2967,2022,Qtr 3,September,1,Male,Male,Blackburn with Darwen,offenders
4160,2022,Qtr 3,September,1,Male,Male,Blackburn with Darwen,reoffences
972,2022,Qtr 3,September,1,Male,Male,Blackburn with Darwen,reoffenders
122105,2022,Qtr 3,September,1,Male,Male,Blackpool,Number of previous offences
4884,2022,Qtr 3,September,1,Male,Male,Blackpool,offenders
4940,2022,Qtr 3,September,1,Male,Male,Blackpool,reoffences
1491,2022,Qtr 3,September,1,Male,Male,Blackpool,reoffenders
411292,2022,Qtr 3,September,1,Male,Male,Lancashire,Number of previous offences
19989,2022,Qtr 3,September,1,Male,Male,Lancashire,offenders
19837,2022,Qtr 3,September,1,Male,Male,Lancashire,reoffences
5746,2022,Qtr 3,September,1,Male,Male,Lancashire,reoffenders
128,2022,Qtr 3,September,1,Under 18s,10 to 14,Blackburn with Darwen,Number of previous offences
4,2022,Qtr 3,September,1,Under 18s,10 to 14,Blackburn with Darwen,reoffences
4,2022,Qtr 3,September,1,Under 18s,10 to 14,Blackburn with Darwen,reoffenders
60,2022,Qtr 3,September,1,Under 18s,10 to 14,Blackpool,Number of previous offences
64,2022,Qtr 3,September,1,Under 18s,10 to 14,Blackpool,offenders
356,2022,Qtr 3,September,1,Under 18s,10 to 14,Blackpool,reoffences
20,2022,Qtr 3,September,1,Under 18s,10 to 14,Blackpool,reoffenders
263,2022,Qtr 3,September,1,Under 18s,10 to 14,Lancashire,Number of previous offences
153,2022,Qtr 3,September,1,Under 18s,10 to 14,Lancashire,offenders
462,2022,Qtr 3,September,1,Under 18s,10 to 14,Lancashire,reoffences
66,2022,Qtr 3,September,1,Under 18s,10 to 14,Lancashire,reoffenders
476,2022,Qtr 3,September,1,Under 18s,15 to 17,Blackburn with Darwen,Number of previous offences
108,2022,Qtr 3,September,1,Under 18s,15 to 17,Blackburn with Darwen,offenders
192,2022,Qtr 3,September,1,Under 18s,15 to 17,Blackburn with Darwen,reoffences
32,2022,Qtr 3,September,1,Under 18s,15 to 17,Blackburn with Darwen,reoffenders
672,2022,Qtr 3,September,1,Under 18s,15 to 17,Blackpool,Number of previous offences
176,2022,Qtr 3,September,1,Under 18s,15 to 17,Blackpool,offenders
216,2022,Qtr 3,September,1,Under 18s,15 to 17,Blackpool,reoffences
56,2022,Qtr 3,September,1,Under 18s,15 to 17,Blackpool,reoffenders
2859,2022,Qtr 3,September,1,Under 18s,15 to 17,Lancashire,Number of previous offences
723,2022,Qtr 3,September,1,Under 18s,15 to 17,Lancashire,offenders
1050,2022,Qtr 3,September,1,Under 18s,15 to 17,Lancashire,reoffences
274,2022,Qtr 3,September,1,Under 18s,15 to 17,Lancashire,reoffenders
966,2023,Qtr 3,September,1,18-24,18 to 20,Blackburn with Darwen,Number of previous offences
294,2023,Qtr 3,September,1,18-24,18 to 20,Blackburn with Darwen,offenders
537,2023,Qtr 3,September,1,18-24,18 to 20,Blackburn with Darwen,reoffences
90,2023,Qtr 3,September,1,18-24,18 to 20,Blackburn with Darwen,reoffenders
1638,2023,Qtr 3,September,1,18-24,18 to 20,Blackpool,Number of previous offences
375,2023,Qtr 3,September,1,18-24,18 to 20,Blackpool,offenders
474,2023,Qtr 3,September,1,18-24,18 to 20,Blackpool,reoffences
138,2023,Qtr 3,September,1,18-24,18 to 20,Blackpool,reoffenders
6568,2023,Qtr 3,September,1,18-24,18 to 20,Lancashire,Number of previous offences
1570,2023,Qtr 3,September,1,18-24,18 to 20,Lancashire,offenders
1507,2023,Qtr 3,September,1,18-24,18 to 20,Lancashire,reoffences
463,2023,Qtr 3,September,1,18-24,18 to 20,Lancashire,reoffenders
1998,2023,Qtr 3,September,1,18-24,21 to 24,Blackburn with Darwen,Number of previous offences
405,2023,Qtr 3,September,1,18-24,21 to 24,Blackburn with Darwen,offenders
222,2023,Qtr 3,September,1,18-24,21 to 24,Blackburn with Darwen,reoffences
96,2023,Qtr 3,September,1,18-24,21 to 24,Blackburn with Darwen,reoffenders
3144,2023,Qtr 3,September,1,18-24,21 to 24,Blackpool,Number of previous offences
543,2023,Qtr 3,September,1,18-24,21 to 24,Blackpool,offenders
378,2023,Qtr 3,September,1,18-24,21 to 24,Blackpool,reoffences
132,2023,Qtr 3,September,1,18-24,21 to 24,Blackpool,reoffenders
16834,2023,Qtr 3,September,1,18-24,21 to 24,Lancashire,Number of previous offences
2359,2023,Qtr 3,September,1,18-24,21 to 24,Lancashire,offenders
2216,2023,Qtr 3,September,1,18-24,21 to 24,Lancashire,reoffences
619,2023,Qtr 3,September,1,18-24,21 to 24,Lancashire,reoffenders
6222,2023,Qtr 3,September,1,25-34,25 to 29,Blackburn with Darwen,Number of previous offences
498,2023,Qtr 3,September,1,25-34,25 to 29,Blackburn with Darwen,offenders
891,2023,Qtr 3,September,1,25-34,25 to 29,Blackburn with Darwen,reoffences
141,2023,Qtr 3,September,1,25-34,25 to 29,Blackburn with Darwen,reoffenders
14058,2023,Qtr 3,September,1,25-34,25 to 29,Blackpool,Number of previous offences
852,2023,Qtr 3,September,1,25-34,25 to 29,Blackpool,offenders
1011,2023,Qtr 3,September,1,25-34,25 to 29,Blackpool,reoffences
294,2023,Qtr 3,September,1,25-34,25 to 29,Blackpool,reoffenders
43822,2023,Qtr 3,September,1,25-34,25 to 29,Lancashire,Number of previous offences
3453,2023,Qtr 3,September,1,25-34,25 to 29,Lancashire,offenders
3562,2023,Qtr 3,September,1,25-34,25 to 29,Lancashire,reoffences
952,2023,Qtr 3,September,1,25-34,25 to 29,Lancashire,reoffenders
15405,2023,Qtr 3,September,1,25-34,30 to 34,Blackburn with Darwen,Number of previous offences
690,2023,Qtr 3,September,1,25-34,30 to 34,Blackburn with Darwen,offenders
879,2023,Qtr 3,September,1,25-34,30 to 34,Blackburn with Darwen,reoffences
201,2023,Qtr 3,September,1,25-34,30 to 34,Blackburn with Darwen,reoffenders
19941,2023,Qtr 3,September,1,25-34,30 to 34,Blackpool,Number of previous offences
963,2023,Qtr 3,September,1,25-34,30 to 34,Blackpool,offenders
1188,2023,Qtr 3,September,1,25-34,30 to 34,Blackpool,reoffences
297,2023,Qtr 3,September,1,25-34,30 to 34,Blackpool,reoffenders
80815,2023,Qtr 3,September,1,25-34,30 to 34,Lancashire,Number of previous offences
4268,2023,Qtr 3,September,1,25-34,30 to 34,Lancashire,offenders
4886,2023,Qtr 3,September,1,25-34,30 to 34,Lancashire,reoffences
1366,2023,Qtr 3,September,1,25-34,30 to 34,Lancashire,reoffenders
16182,2023,Qtr 3,September,1,35-49,35 to 39,Blackburn with Darwen,Number of previous offences
618,2023,Qtr 3,September,1,35-49,35 to 39,Blackburn with Darwen,offenders
1272,2023,Qtr 3,September,1,35-49,35 to 39,Blackburn with Darwen,reoffences
219,2023,Qtr 3,September,1,35-49,35 to 39,Blackburn with Darwen,reoffenders
23136,2023,Qtr 3,September,1,35-49,35 to 39,Blackpool,Number of previous offences
936,2023,Qtr 3,September,1,35-49,35 to 39,Blackpool,offenders
1257,2023,Qtr 3,September,1,35-49,35 to 39,Blackpool,reoffences
357,2023,Qtr 3,September,1,35-49,35 to 39,Blackpool,reoffenders
87443,2023,Qtr 3,September,1,35-49,35 to 39,Lancashire,Number of previous offences
3656,2023,Qtr 3,September,1,35-49,35 to 39,Lancashire,offenders
4860,2023,Qtr 3,September,1,35-49,35 to 39,Lancashire,reoffences
1173,2023,Qtr 3,September,1,35-49,35 to 39,Lancashire,reoffenders
14892,2023,Qtr 3,September,1,35-49,40 to 44,Blackburn with Darwen,Number of previous offences
405,2023,Qtr 3,September,1,35-49,40 to 44,Blackburn with Darwen,offenders
528,2023,Qtr 3,September,1,35-49,40 to 44,Blackburn with Darwen,reoffences
126,2023,Qtr 3,September,1,35-49,40 to 44,Blackburn with Darwen,reoffenders
19587,2023,Qtr 3,September,1,35-49,40 to 44,Blackpool,Number of previous offences
693,2023,Qtr 3,September,1,35-49,40 to 44,Blackpool,offenders
753,2023,Qtr 3,September,1,35-49,40 to 44,Blackpool,reoffences
225,2023,Qtr 3,September,1,35-49,40 to 44,Blackpool,reoffenders
71775,2023,Qtr 3,September,1,35-49,40 to 44,Lancashire,Number of previous offences
2622,2023,Qtr 3,September,1,35-49,40 to 44,Lancashire,offenders
2503,2023,Qtr 3,September,1,35-49,40 to 44,Lancashire,reoffences
786,2023,Qtr 3,September,1,35-49,40 to 44,Lancashire,reoffenders
14631,2023,Qtr 3,September,1,35-49,45 to 49,Blackburn with Darwen,Number of previous offences
213,2023,Qtr 3,September,1,35-49,45 to 49,Blackburn with Darwen,offenders
579,2023,Qtr 3,September,1,35-49,45 to 49,Blackburn with Darwen,reoffences
111,2023,Qtr 3,September,1,35-49,45 to 49,Blackburn with Darwen,reoffenders
18060,2023,Qtr 3,September,1,35-49,45 to 49,Blackpool,Number of previous offences
501,2023,Qtr 3,September,1,35-49,45 to 49,Blackpool,offenders
804,2023,Qtr 3,September,1,35-49,45 to 49,Blackpool,reoffences
156,2023,Qtr 3,September,1,35-49,45 to 49,Blackpool,reoffenders
61084,2023,Qtr 3,September,1,35-49,45 to 49,Lancashire,Number of previous offences
1861,2023,Qtr 3,September,1,35-49,45 to 49,Lancashire,offenders
2009,2023,Qtr 3,September,1,35-49,45 to 49,Lancashire,reoffences
506,2023,Qtr 3,September,1,35-49,45 to 49,Lancashire,reoffenders
18300,2023,Qtr 3,September,1,50+,50+,Blackburn with Darwen,Number of previous offences
447,2023,Qtr 3,September,1,50+,50+,Blackburn with Darwen,offenders
393,2023,Qtr 3,September,1,50+,50+,Blackburn with Darwen,reoffences
72,2023,Qtr 3,September,1,50+,50+,Blackburn with Darwen,reoffenders
23256,2023,Qtr 3,September,1,50+,50+,Blackpool,Number of previous offences
792,2023,Qtr 3,September,1,50+,50+,Blackpool,offenders
597,2023,Qtr 3,September,1,50+,50+,Blackpool,reoffences
165,2023,Qtr 3,September,1,50+,50+,Blackpool,reoffenders
78772,2023,Qtr 3,September,1,50+,50+,Lancashire,Number of previous offences
3002,2023,Qtr 3,September,1,50+,50+,Lancashire,offenders
1569,2023,Qtr 3,September,1,50+,50+,Lancashire,reoffences
538,2023,Qtr 3,September,1,50+,50+,Lancashire,reoffenders
6765,2023,Qtr 3,September,1,Female,Female,Blackburn with Darwen,Number of previous offences
522,2023,Qtr 3,September,1,Female,Female,Blackburn with Darwen,offenders
433,2023,Qtr 3,September,1,Female,Female,Blackburn with Darwen,reoffences
99,2023,Qtr 3,September,1,Female,Female,Blackburn with Darwen,reoffenders
13273,2023,Qtr 3,September,1,Female,Female,Blackpool,Number of previous offences
1072,2023,Qtr 3,September,1,Female,Female,Blackpool,offenders
882,2023,Qtr 3,September,1,Female,Female,Blackpool,reoffences
252,2023,Qtr 3,September,1,Female,Female,Blackpool,reoffenders
47912,2023,Qtr 3,September,1,Female,Female,Lancashire,Number of previous offences
3816,2023,Qtr 3,September,1,Female,Female,Lancashire,offenders
3720,2023,Qtr 3,September,1,Female,Female,Lancashire,reoffences
873,2023,Qtr 3,September,1,Female,Female,Lancashire,reoffenders
82235,2023,Qtr 3,September,1,Male,Male,Blackburn with Darwen,Number of previous offences
3180,2023,Qtr 3,September,1,Male,Male,Blackburn with Darwen,offenders
5024,2023,Qtr 3,September,1,Male,Male,Blackburn with Darwen,reoffences
993,2023,Qtr 3,September,1,Male,Male,Blackburn with Darwen,reoffenders
110259,2023,Qtr 3,September,1,Male,Male,Blackpool,Number of previous offences
4899,2023,Qtr 3,September,1,Male,Male,Blackpool,offenders
6252,2023,Qtr 3,September,1,Male,Male,Blackpool,reoffences
1616,2023,Qtr 3,September,1,Male,Male,Blackpool,reoffenders
403988,2023,Qtr 3,September,1,Male,Male,Lancashire,Number of previous offences
20191,2023,Qtr 3,September,1,Male,Male,Lancashire,offenders
21983,2023,Qtr 3,September,1,Male,Male,Lancashire,reoffences
6021,2023,Qtr 3,September,1,Male,Male,Lancashire,reoffenders
8,2023,Qtr 3,September,1,Under 18s,10 to 14,Blackburn with Darwen,Number of previous offences
0,2023,Qtr 3,September,1,Under 18s,10 to 14,Blackburn with Darwen,reoffences
0,2023,Qtr 3,September,1,Under 18s,10 to 14,Blackburn with Darwen,reoffenders
140,2023,Qtr 3,September,1,Under 18s,10 to 14,Blackpool,Number of previous offences
88,2023,Qtr 3,September,1,Under 18s,10 to 14,Blackpool,offenders
436,2023,Qtr 3,September,1,Under 18s,10 to 14,Blackpool,reoffences
28,2023,Qtr 3,September,1,Under 18s,10 to 14,Blackpool,reoffenders
1253,2023,Qtr 3,September,1,Under 18s,10 to 14,Lancashire,Number of previous offences
312,2023,Qtr 3,September,1,Under 18s,10 to 14,Lancashire,offenders
1349,2023,Qtr 3,September,1,Under 18s,10 to 14,Lancashire,reoffences
187,2023,Qtr 3,September,1,Under 18s,10 to 14,Lancashire,reoffenders
396,2023,Qtr 3,September,1,Under 18s,15 to 17,Blackburn with Darwen,Number of previous offences
124,2023,Qtr 3,September,1,Under 18s,15 to 17,Blackburn with Darwen,offenders
156,2023,Qtr 3,September,1,Under 18s,15 to 17,Blackburn with Darwen,reoffences
36,2023,Qtr 3,September,1,Under 18s,15 to 17,Blackburn with Darwen,reoffenders
572,2023,Qtr 3,September,1,Under 18s,15 to 17,Blackpool,Number of previous offences
228,2023,Qtr 3,September,1,Under 18s,15 to 17,Blackpool,offenders
236,2023,Qtr 3,September,1,Under 18s,15 to 17,Blackpool,reoffences
76,2023,Qtr 3,September,1,Under 18s,15 to 17,Blackpool,reoffenders
3534,2023,Qtr 3,September,1,Under 18s,15 to 17,Lancashire,Number of previous offences
904,2023,Qtr 3,September,1,Under 18s,15 to 17,Lancashire,offenders
1242,2023,Qtr 3,September,1,Under 18s,15 to 17,Lancashire,reoffences
304,2023,Qtr 3,September,1,Under 18s,15 to 17,Lancashire,reoffenders
