Local Authority,Attribute,Financial Year,Sum of Value
Blackburn with Darwen Borough Council,Household - civic amenity sites (not recycled) (tonnes),2014,5743
Blackburn with Darwen Borough Council,Household - civic amenity sites (not recycled) (tonnes),2015,7020
Blackburn with Darwen Borough Council,Household - civic amenity sites (not recycled) (tonnes),2016,7963
Blackburn with Darwen Borough Council,Household - civic amenity sites (not recycled) (tonnes),2017,9538
Blackburn with Darwen Borough Council,Household - civic amenity sites (not recycled) (tonnes),2018,9469
Blackburn with Darwen Borough Council,Household - civic amenity sites (not recycled) (tonnes),2019,8137
Blackburn with Darwen Borough Council,Household - civic amenity sites (not recycled) (tonnes),2020,3807
Blackburn with Darwen Borough Council,Household - civic amenity sites (not recycled) (tonnes),2021,7655
Blackburn with Darwen Borough Council,Household - civic amenity sites (not recycled) (tonnes),2022,7556
Blackburn with Darwen Borough Council,Household - civic amenity sites (not recycled) (tonnes),2023,8030
Blackburn with Darwen Borough Council,Household - estimated rejects (tonnes),2014,3052
Blackburn with Darwen Borough Council,Household - estimated rejects (tonnes),2015,1994
Blackburn with Darwen Borough Council,Household - estimated rejects (tonnes),2016,1466
Blackburn with Darwen Borough Council,Household - estimated rejects (tonnes),2017,1432
Blackburn with Darwen Borough Council,Household - estimated rejects (tonnes),2018,2172
Blackburn with Darwen Borough Council,Household - estimated rejects (tonnes),2019,2358
Blackburn with Darwen Borough Council,Household - estimated rejects (tonnes),2020,2001
Blackburn with Darwen Borough Council,Household - estimated rejects (tonnes),2021,1128
Blackburn with Darwen Borough Council,Household - estimated rejects (tonnes),2022,1351
Blackburn with Darwen Borough Council,Household - estimated rejects (tonnes),2023,1902
Blackburn with Darwen Borough Council,Household - other sources (not recycled) (tonnes),2014,4011
Blackburn with Darwen Borough Council,Household - other sources (not recycled) (tonnes),2015,4280
Blackburn with Darwen Borough Council,Household - other sources (not recycled) (tonnes),2016,2837
Blackburn with Darwen Borough Council,Household - other sources (not recycled) (tonnes),2017,2143
Blackburn with Darwen Borough Council,Household - other sources (not recycled) (tonnes),2018,2566
Blackburn with Darwen Borough Council,Household - other sources (not recycled) (tonnes),2019,2742
Blackburn with Darwen Borough Council,Household - other sources (not recycled) (tonnes),2020,2466
Blackburn with Darwen Borough Council,Household - other sources (not recycled) (tonnes),2021,1963
Blackburn with Darwen Borough Council,Household - other sources (not recycled) (tonnes),2022,2629
Blackburn with Darwen Borough Council,Household - other sources (not recycled) (tonnes),2023,2631
Blackburn with Darwen Borough Council,Household - regular collection (not recycled) (tonnes),2014,22248
Blackburn with Darwen Borough Council,Household - regular collection (not recycled) (tonnes),2015,23270
Blackburn with Darwen Borough Council,Household - regular collection (not recycled) (tonnes),2016,23882
Blackburn with Darwen Borough Council,Household - regular collection (not recycled) (tonnes),2017,25227
Blackburn with Darwen Borough Council,Household - regular collection (not recycled) (tonnes),2018,25246
Blackburn with Darwen Borough Council,Household - regular collection (not recycled) (tonnes),2019,24250
Blackburn with Darwen Borough Council,Household - regular collection (not recycled) (tonnes),2020,27507
Blackburn with Darwen Borough Council,Household - regular collection (not recycled) (tonnes),2021,27151
Blackburn with Darwen Borough Council,Household - regular collection (not recycled) (tonnes),2022,25767
Blackburn with Darwen Borough Council,Household - regular collection (not recycled) (tonnes),2023,26996
Blackburn with Darwen Borough Council,Household - total waste (tonnes),2014,55464
Blackburn with Darwen Borough Council,Household - total waste (tonnes),2015,57514
Blackburn with Darwen Borough Council,Household - total waste (tonnes),2016,57081
Blackburn with Darwen Borough Council,Household - total waste (tonnes),2017,54758
Blackburn with Darwen Borough Council,Household - total waste (tonnes),2018,55214
Blackburn with Darwen Borough Council,Household - total waste (tonnes),2019,52855
Blackburn with Darwen Borough Council,Household - total waste (tonnes),2020,50985
Blackburn with Darwen Borough Council,Household - total waste (tonnes),2021,54455
Blackburn with Darwen Borough Council,Household - total waste (tonnes),2022,53009
Blackburn with Darwen Borough Council,Household - total waste (tonnes),2023,54285
Blackburn with Darwen Borough Council,Household - waste not sent for recycling (tonnes),2014,35054
Blackburn with Darwen Borough Council,Household - waste not sent for recycling (tonnes),2015,36563
Blackburn with Darwen Borough Council,Household - waste not sent for recycling (tonnes),2016,36148
Blackburn with Darwen Borough Council,Household - waste not sent for recycling (tonnes),2017,38340
Blackburn with Darwen Borough Council,Household - waste not sent for recycling (tonnes),2018,39453
Blackburn with Darwen Borough Council,Household - waste not sent for recycling (tonnes),2019,37487
Blackburn with Darwen Borough Council,Household - waste not sent for recycling (tonnes),2020,35782
Blackburn with Darwen Borough Council,Household - waste not sent for recycling (tonnes),2021,37897
Blackburn with Darwen Borough Council,Household - waste not sent for recycling (tonnes),2022,37304
Blackburn with Darwen Borough Council,Household - waste not sent for recycling (tonnes),2023,39559
Blackburn with Darwen Borough Council,Household - waste sent for recycling-composting-reuse (tonnes),2014,20411
Blackburn with Darwen Borough Council,Household - waste sent for recycling-composting-reuse (tonnes),2015,20951
Blackburn with Darwen Borough Council,Household - waste sent for recycling-composting-reuse (tonnes),2016,20933
Blackburn with Darwen Borough Council,Household - waste sent for recycling-composting-reuse (tonnes),2017,16417
Blackburn with Darwen Borough Council,Household - waste sent for recycling-composting-reuse (tonnes),2018,15761
Blackburn with Darwen Borough Council,Household - waste sent for recycling-composting-reuse (tonnes),2019,15368
Blackburn with Darwen Borough Council,Household - waste sent for recycling-composting-reuse (tonnes),2020,15203
Blackburn with Darwen Borough Council,Household - waste sent for recycling-composting-reuse (tonnes),2021,16558
Blackburn with Darwen Borough Council,Household - waste sent for recycling-composting-reuse (tonnes),2022,15705
Blackburn with Darwen Borough Council,Household - waste sent for recycling-composting-reuse (tonnes),2023,14726
Blackburn with Darwen Borough Council,Household dry recycling-reuse (tonnes),2014,13839
Blackburn with Darwen Borough Council,Household dry recycling-reuse (tonnes),2015,14558
Blackburn with Darwen Borough Council,Household dry recycling-reuse (tonnes),2016,14527
Blackburn with Darwen Borough Council,Household dry recycling-reuse (tonnes),2017,11618
Blackburn with Darwen Borough Council,Household dry recycling-reuse (tonnes),2018,10680
Blackburn with Darwen Borough Council,Household dry recycling-reuse (tonnes),2019,11090
Blackburn with Darwen Borough Council,Household dry recycling-reuse (tonnes),2020,11100
Blackburn with Darwen Borough Council,Household dry recycling-reuse (tonnes),2021,12277
Blackburn with Darwen Borough Council,Household dry recycling-reuse (tonnes),2022,10225
Blackburn with Darwen Borough Council,Household dry recycling-reuse (tonnes),2023,9404
Blackburn with Darwen Borough Council,Household green recycling-reuse (tonnes),2014,6571
Blackburn with Darwen Borough Council,Household green recycling-reuse (tonnes),2015,6393
Blackburn with Darwen Borough Council,Household green recycling-reuse (tonnes),2016,6406
Blackburn with Darwen Borough Council,Household green recycling-reuse (tonnes),2017,4799
Blackburn with Darwen Borough Council,Household green recycling-reuse (tonnes),2018,5081
Blackburn with Darwen Borough Council,Household green recycling-reuse (tonnes),2019,4278
Blackburn with Darwen Borough Council,Household green recycling-reuse (tonnes),2020,4103
Blackburn with Darwen Borough Council,Household green recycling-reuse (tonnes),2021,4282
Blackburn with Darwen Borough Council,Household green recycling-reuse (tonnes),2022,5480
Blackburn with Darwen Borough Council,Household green recycling-reuse (tonnes),2023,5323
Blackburn with Darwen Borough Council,Local authority collected - estimated rejects (tonnes),2014,3052
Blackburn with Darwen Borough Council,Local authority collected - estimated rejects (tonnes),2015,1994
Blackburn with Darwen Borough Council,Local authority collected - estimated rejects (tonnes),2016,1466
Blackburn with Darwen Borough Council,Local authority collected - estimated rejects (tonnes),2017,1432
Blackburn with Darwen Borough Council,Local authority collected - estimated rejects (tonnes),2018,2172
Blackburn with Darwen Borough Council,Local authority collected - estimated rejects (tonnes),2019,2358
Blackburn with Darwen Borough Council,Local authority collected - estimated rejects (tonnes),2020,2001
Blackburn with Darwen Borough Council,Local authority collected - estimated rejects (tonnes),2021,1128
Blackburn with Darwen Borough Council,Local authority collected - estimated rejects (tonnes),2022,1351
Blackburn with Darwen Borough Council,Local authority collected - estimated rejects (tonnes),2023,1902
Blackburn with Darwen Borough Council,Local authority collected waste - not sent for recycling (tonnes),2014,42728
Blackburn with Darwen Borough Council,Local authority collected waste - not sent for recycling (tonnes),2015,43990
Blackburn with Darwen Borough Council,Local authority collected waste - not sent for recycling (tonnes),2016,44644
Blackburn with Darwen Borough Council,Local authority collected waste - not sent for recycling (tonnes),2017,46313
Blackburn with Darwen Borough Council,Local authority collected waste - not sent for recycling (tonnes),2018,47590
Blackburn with Darwen Borough Council,Local authority collected waste - not sent for recycling (tonnes),2019,42764
Blackburn with Darwen Borough Council,Local authority collected waste - not sent for recycling (tonnes),2020,40594
Blackburn with Darwen Borough Council,Local authority collected waste - not sent for recycling (tonnes),2021,43508
Blackburn with Darwen Borough Council,Local authority collected waste - not sent for recycling (tonnes),2022,42681
Blackburn with Darwen Borough Council,Local authority collected waste - not sent for recycling (tonnes),2023,45348
Blackburn with Darwen Borough Council,Local authority collected waste - sent for recycling-composting-reuse (tonnes),2014,20931
Blackburn with Darwen Borough Council,Local authority collected waste - sent for recycling-composting-reuse (tonnes),2015,21598
Blackburn with Darwen Borough Council,Local authority collected waste - sent for recycling-composting-reuse (tonnes),2016,21546
Blackburn with Darwen Borough Council,Local authority collected waste - sent for recycling-composting-reuse (tonnes),2017,17371
Blackburn with Darwen Borough Council,Local authority collected waste - sent for recycling-composting-reuse (tonnes),2018,16288
Blackburn with Darwen Borough Council,Local authority collected waste - sent for recycling-composting-reuse (tonnes),2019,15621
Blackburn with Darwen Borough Council,Local authority collected waste - sent for recycling-composting-reuse (tonnes),2020,15367
Blackburn with Darwen Borough Council,Local authority collected waste - sent for recycling-composting-reuse (tonnes),2021,16806
Blackburn with Darwen Borough Council,Local authority collected waste - sent for recycling-composting-reuse (tonnes),2022,16079
Blackburn with Darwen Borough Council,Local authority collected waste - sent for recycling-composting-reuse (tonnes),2023,15060
Blackburn with Darwen Borough Council,Non-household - estimated rejects (tonnes),2014,0
Blackburn with Darwen Borough Council,Non-household - estimated rejects (tonnes),2015,0
Blackburn with Darwen Borough Council,Non-household - estimated rejects (tonnes),2016,0
Blackburn with Darwen Borough Council,Non-household - estimated rejects (tonnes),2017,0
Blackburn with Darwen Borough Council,Non-household - estimated rejects (tonnes),2018,0
Blackburn with Darwen Borough Council,Non-household - estimated rejects (tonnes),2019,0
Blackburn with Darwen Borough Council,Non-household - estimated rejects (tonnes),2020,0
Blackburn with Darwen Borough Council,Non-household - estimated rejects (tonnes),2021,0
Blackburn with Darwen Borough Council,Non-household - estimated rejects (tonnes),2022,0
Blackburn with Darwen Borough Council,Non-household - estimated rejects (tonnes),2023,0
Blackburn with Darwen Borough Council,Non-household - total waste (tonnes),2014,8195
Blackburn with Darwen Borough Council,Non-household - total waste (tonnes),2015,8074
Blackburn with Darwen Borough Council,Non-household - total waste (tonnes),2016,9108
Blackburn with Darwen Borough Council,Non-household - total waste (tonnes),2017,8926
Blackburn with Darwen Borough Council,Non-household - total waste (tonnes),2018,8663
Blackburn with Darwen Borough Council,Non-household - total waste (tonnes),2019,5530
Blackburn with Darwen Borough Council,Non-household - total waste (tonnes),2020,4976
Blackburn with Darwen Borough Council,Non-household - total waste (tonnes),2021,5859
Blackburn with Darwen Borough Council,Non-household - total waste (tonnes),2022,5751
Blackburn with Darwen Borough Council,Non-household - total waste (tonnes),2023,6123
Blackburn with Darwen Borough Council,Non-household - waste not sent for recycling (tonnes),2014,7675
Blackburn with Darwen Borough Council,Non-household - waste not sent for recycling (tonnes),2015,7426
Blackburn with Darwen Borough Council,Non-household - waste not sent for recycling (tonnes),2016,8496
Blackburn with Darwen Borough Council,Non-household - waste not sent for recycling (tonnes),2017,7972
Blackburn with Darwen Borough Council,Non-household - waste not sent for recycling (tonnes),2018,8136
Blackburn with Darwen Borough Council,Non-household - waste not sent for recycling (tonnes),2019,5277
Blackburn with Darwen Borough Council,Non-household - waste not sent for recycling (tonnes),2020,4812
Blackburn with Darwen Borough Council,Non-household - waste not sent for recycling (tonnes),2021,5612
Blackburn with Darwen Borough Council,Non-household - waste not sent for recycling (tonnes),2022,5377
Blackburn with Darwen Borough Council,Non-household - waste not sent for recycling (tonnes),2023,5789
Blackburn with Darwen Borough Council,Non-household - waste sent for recycling-composting-reuse (tonnes),2014,520
Blackburn with Darwen Borough Council,Non-household - waste sent for recycling-composting-reuse (tonnes),2015,648
Blackburn with Darwen Borough Council,Non-household - waste sent for recycling-composting-reuse (tonnes),2016,613
Blackburn with Darwen Borough Council,Non-household - waste sent for recycling-composting-reuse (tonnes),2017,953
Blackburn with Darwen Borough Council,Non-household - waste sent for recycling-composting-reuse (tonnes),2018,527
Blackburn with Darwen Borough Council,Non-household - waste sent for recycling-composting-reuse (tonnes),2019,253
Blackburn with Darwen Borough Council,Non-household - waste sent for recycling-composting-reuse (tonnes),2020,164
Blackburn with Darwen Borough Council,Non-household - waste sent for recycling-composting-reuse (tonnes),2021,247
Blackburn with Darwen Borough Council,Non-household - waste sent for recycling-composting-reuse (tonnes),2022,374
Blackburn with Darwen Borough Council,Non-household - waste sent for recycling-composting-reuse (tonnes),2023,334
Blackburn with Darwen Borough Council,Total local authority collected waste (tonnes),2014,63659
Blackburn with Darwen Borough Council,Total local authority collected waste (tonnes),2015,65588
Blackburn with Darwen Borough Council,Total local authority collected waste (tonnes),2016,66189
Blackburn with Darwen Borough Council,Total local authority collected waste (tonnes),2017,63683
Blackburn with Darwen Borough Council,Total local authority collected waste (tonnes),2018,63877
Blackburn with Darwen Borough Council,Total local authority collected waste (tonnes),2019,58386
Blackburn with Darwen Borough Council,Total local authority collected waste (tonnes),2020,55961
Blackburn with Darwen Borough Council,Total local authority collected waste (tonnes),2021,60314
Blackburn with Darwen Borough Council,Total local authority collected waste (tonnes),2022,58760
Blackburn with Darwen Borough Council,Total local authority collected waste (tonnes),2023,60409
Blackpool Borough Council,Household - civic amenity sites (not recycled) (tonnes),2014,2858
Blackpool Borough Council,Household - civic amenity sites (not recycled) (tonnes),2015,3272
Blackpool Borough Council,Household - civic amenity sites (not recycled) (tonnes),2016,3831
Blackpool Borough Council,Household - civic amenity sites (not recycled) (tonnes),2017,4169
Blackpool Borough Council,Household - civic amenity sites (not recycled) (tonnes),2018,4256
Blackpool Borough Council,Household - civic amenity sites (not recycled) (tonnes),2019,4237
Blackpool Borough Council,Household - civic amenity sites (not recycled) (tonnes),2020,2721
Blackpool Borough Council,Household - civic amenity sites (not recycled) (tonnes),2021,2675
Blackpool Borough Council,Household - civic amenity sites (not recycled) (tonnes),2022,4304
Blackpool Borough Council,Household - civic amenity sites (not recycled) (tonnes),2023,3300
Blackpool Borough Council,Household - estimated rejects (tonnes),2014,385
Blackpool Borough Council,Household - estimated rejects (tonnes),2015,954
Blackpool Borough Council,Household - estimated rejects (tonnes),2016,626
Blackpool Borough Council,Household - estimated rejects (tonnes),2017,847
Blackpool Borough Council,Household - estimated rejects (tonnes),2018,867
Blackpool Borough Council,Household - estimated rejects (tonnes),2019,425
Blackpool Borough Council,Household - estimated rejects (tonnes),2020,1106
Blackpool Borough Council,Household - estimated rejects (tonnes),2021,1016
Blackpool Borough Council,Household - estimated rejects (tonnes),2022,1625
Blackpool Borough Council,Household - estimated rejects (tonnes),2023,979
Blackpool Borough Council,Household - other sources (not recycled) (tonnes),2014,4179
Blackpool Borough Council,Household - other sources (not recycled) (tonnes),2015,3681
Blackpool Borough Council,Household - other sources (not recycled) (tonnes),2016,3150
Blackpool Borough Council,Household - other sources (not recycled) (tonnes),2017,2969
Blackpool Borough Council,Household - other sources (not recycled) (tonnes),2018,2917
Blackpool Borough Council,Household - other sources (not recycled) (tonnes),2019,2772
Blackpool Borough Council,Household - other sources (not recycled) (tonnes),2020,2744
Blackpool Borough Council,Household - other sources (not recycled) (tonnes),2021,2980
Blackpool Borough Council,Household - other sources (not recycled) (tonnes),2022,3379
Blackpool Borough Council,Household - other sources (not recycled) (tonnes),2023,4701
Blackpool Borough Council,Household - regular collection (not recycled) (tonnes),2014,30709
Blackpool Borough Council,Household - regular collection (not recycled) (tonnes),2015,27536
Blackpool Borough Council,Household - regular collection (not recycled) (tonnes),2016,34847
Blackpool Borough Council,Household - regular collection (not recycled) (tonnes),2017,32461
Blackpool Borough Council,Household - regular collection (not recycled) (tonnes),2018,29896
Blackpool Borough Council,Household - regular collection (not recycled) (tonnes),2019,32169
Blackpool Borough Council,Household - regular collection (not recycled) (tonnes),2020,42100
Blackpool Borough Council,Household - regular collection (not recycled) (tonnes),2021,31375
Blackpool Borough Council,Household - regular collection (not recycled) (tonnes),2022,24655
Blackpool Borough Council,Household - regular collection (not recycled) (tonnes),2023,26165
Blackpool Borough Council,Household - total waste (tonnes),2014,63470
Blackpool Borough Council,Household - total waste (tonnes),2015,64547
Blackpool Borough Council,Household - total waste (tonnes),2016,63812
Blackpool Borough Council,Household - total waste (tonnes),2017,62955
Blackpool Borough Council,Household - total waste (tonnes),2018,62789
Blackpool Borough Council,Household - total waste (tonnes),2019,64294
Blackpool Borough Council,Household - total waste (tonnes),2020,67146
Blackpool Borough Council,Household - total waste (tonnes),2021,65295
Blackpool Borough Council,Household - total waste (tonnes),2022,62352
Blackpool Borough Council,Household - total waste (tonnes),2023,62710
Blackpool Borough Council,Household - waste not sent for recycling (tonnes),2014,38131
Blackpool Borough Council,Household - waste not sent for recycling (tonnes),2015,35443
Blackpool Borough Council,Household - waste not sent for recycling (tonnes),2016,42453
Blackpool Borough Council,Household - waste not sent for recycling (tonnes),2017,40446
Blackpool Borough Council,Household - waste not sent for recycling (tonnes),2018,37937
Blackpool Borough Council,Household - waste not sent for recycling (tonnes),2019,39603
Blackpool Borough Council,Household - waste not sent for recycling (tonnes),2020,48671
Blackpool Borough Council,Household - waste not sent for recycling (tonnes),2021,38046
Blackpool Borough Council,Household - waste not sent for recycling (tonnes),2022,33962
Blackpool Borough Council,Household - waste not sent for recycling (tonnes),2023,35146
Blackpool Borough Council,Household - waste sent for recycling-composting-reuse (tonnes),2014,25339
Blackpool Borough Council,Household - waste sent for recycling-composting-reuse (tonnes),2015,29104
Blackpool Borough Council,Household - waste sent for recycling-composting-reuse (tonnes),2016,21359
Blackpool Borough Council,Household - waste sent for recycling-composting-reuse (tonnes),2017,22509
Blackpool Borough Council,Household - waste sent for recycling-composting-reuse (tonnes),2018,24852
Blackpool Borough Council,Household - waste sent for recycling-composting-reuse (tonnes),2019,24691
Blackpool Borough Council,Household - waste sent for recycling-composting-reuse (tonnes),2020,18475
Blackpool Borough Council,Household - waste sent for recycling-composting-reuse (tonnes),2021,27249
Blackpool Borough Council,Household - waste sent for recycling-composting-reuse (tonnes),2022,28389
Blackpool Borough Council,Household - waste sent for recycling-composting-reuse (tonnes),2023,27564
Blackpool Borough Council,Household dry recycling-reuse (tonnes),2014,17474
Blackpool Borough Council,Household dry recycling-reuse (tonnes),2015,17803
Blackpool Borough Council,Household dry recycling-reuse (tonnes),2016,15313
Blackpool Borough Council,Household dry recycling-reuse (tonnes),2017,16846
Blackpool Borough Council,Household dry recycling-reuse (tonnes),2018,16217
Blackpool Borough Council,Household dry recycling-reuse (tonnes),2019,16035
Blackpool Borough Council,Household dry recycling-reuse (tonnes),2020,12070
Blackpool Borough Council,Household dry recycling-reuse (tonnes),2021,18474
Blackpool Borough Council,Household dry recycling-reuse (tonnes),2022,16253
Blackpool Borough Council,Household dry recycling-reuse (tonnes),2023,16948
Blackpool Borough Council,Household green recycling-reuse (tonnes),2014,7865
Blackpool Borough Council,Household green recycling-reuse (tonnes),2015,11301
Blackpool Borough Council,Household green recycling-reuse (tonnes),2016,6046
Blackpool Borough Council,Household green recycling-reuse (tonnes),2017,5663
Blackpool Borough Council,Household green recycling-reuse (tonnes),2018,8635
Blackpool Borough Council,Household green recycling-reuse (tonnes),2019,8656
Blackpool Borough Council,Household green recycling-reuse (tonnes),2020,6405
Blackpool Borough Council,Household green recycling-reuse (tonnes),2021,8775
Blackpool Borough Council,Household green recycling-reuse (tonnes),2022,12137
Blackpool Borough Council,Household green recycling-reuse (tonnes),2023,10617
Blackpool Borough Council,Local authority collected - estimated rejects (tonnes),2014,385
Blackpool Borough Council,Local authority collected - estimated rejects (tonnes),2015,954
Blackpool Borough Council,Local authority collected - estimated rejects (tonnes),2016,626
Blackpool Borough Council,Local authority collected - estimated rejects (tonnes),2017,847
Blackpool Borough Council,Local authority collected - estimated rejects (tonnes),2018,867
Blackpool Borough Council,Local authority collected - estimated rejects (tonnes),2019,425
Blackpool Borough Council,Local authority collected - estimated rejects (tonnes),2020,1106
Blackpool Borough Council,Local authority collected - estimated rejects (tonnes),2021,1016
Blackpool Borough Council,Local authority collected - estimated rejects (tonnes),2022,1625
Blackpool Borough Council,Local authority collected - estimated rejects (tonnes),2023,979
Blackpool Borough Council,Local authority collected waste - not sent for recycling (tonnes),2014,44780
Blackpool Borough Council,Local authority collected waste - not sent for recycling (tonnes),2015,41797
Blackpool Borough Council,Local authority collected waste - not sent for recycling (tonnes),2016,48374
Blackpool Borough Council,Local authority collected waste - not sent for recycling (tonnes),2017,46521
Blackpool Borough Council,Local authority collected waste - not sent for recycling (tonnes),2018,43452
Blackpool Borough Council,Local authority collected waste - not sent for recycling (tonnes),2019,43857
Blackpool Borough Council,Local authority collected waste - not sent for recycling (tonnes),2020,52648
Blackpool Borough Council,Local authority collected waste - not sent for recycling (tonnes),2021,42795
Blackpool Borough Council,Local authority collected waste - not sent for recycling (tonnes),2022,38414
Blackpool Borough Council,Local authority collected waste - not sent for recycling (tonnes),2023,39412
Blackpool Borough Council,Local authority collected waste - sent for recycling-composting-reuse (tonnes),2014,26680
Blackpool Borough Council,Local authority collected waste - sent for recycling-composting-reuse (tonnes),2015,30688
Blackpool Borough Council,Local authority collected waste - sent for recycling-composting-reuse (tonnes),2016,23246
Blackpool Borough Council,Local authority collected waste - sent for recycling-composting-reuse (tonnes),2017,24473
Blackpool Borough Council,Local authority collected waste - sent for recycling-composting-reuse (tonnes),2018,26656
Blackpool Borough Council,Local authority collected waste - sent for recycling-composting-reuse (tonnes),2019,26077
Blackpool Borough Council,Local authority collected waste - sent for recycling-composting-reuse (tonnes),2020,19073
Blackpool Borough Council,Local authority collected waste - sent for recycling-composting-reuse (tonnes),2021,28999
Blackpool Borough Council,Local authority collected waste - sent for recycling-composting-reuse (tonnes),2022,31067
Blackpool Borough Council,Local authority collected waste - sent for recycling-composting-reuse (tonnes),2023,29922
Blackpool Borough Council,Non-household - estimated rejects (tonnes),2014,0
Blackpool Borough Council,Non-household - estimated rejects (tonnes),2015,0
Blackpool Borough Council,Non-household - estimated rejects (tonnes),2016,0
Blackpool Borough Council,Non-household - estimated rejects (tonnes),2017,0
Blackpool Borough Council,Non-household - estimated rejects (tonnes),2018,0
Blackpool Borough Council,Non-household - estimated rejects (tonnes),2019,0
Blackpool Borough Council,Non-household - estimated rejects (tonnes),2020,0
Blackpool Borough Council,Non-household - estimated rejects (tonnes),2021,0
Blackpool Borough Council,Non-household - estimated rejects (tonnes),2022,0
Blackpool Borough Council,Non-household - estimated rejects (tonnes),2023,0
Blackpool Borough Council,Non-household - total waste (tonnes),2014,7990
Blackpool Borough Council,Non-household - total waste (tonnes),2015,7938
Blackpool Borough Council,Non-household - total waste (tonnes),2016,7808
Blackpool Borough Council,Non-household - total waste (tonnes),2017,8038
Blackpool Borough Council,Non-household - total waste (tonnes),2018,7319
Blackpool Borough Council,Non-household - total waste (tonnes),2019,5639
Blackpool Borough Council,Non-household - total waste (tonnes),2020,4575
Blackpool Borough Council,Non-household - total waste (tonnes),2021,6500
Blackpool Borough Council,Non-household - total waste (tonnes),2022,7129
Blackpool Borough Council,Non-household - total waste (tonnes),2023,6624
Blackpool Borough Council,Non-household - waste not sent for recycling (tonnes),2014,6649
Blackpool Borough Council,Non-household - waste not sent for recycling (tonnes),2015,6354
Blackpool Borough Council,Non-household - waste not sent for recycling (tonnes),2016,5921
Blackpool Borough Council,Non-household - waste not sent for recycling (tonnes),2017,6075
Blackpool Borough Council,Non-household - waste not sent for recycling (tonnes),2018,5515
Blackpool Borough Council,Non-household - waste not sent for recycling (tonnes),2019,4254
Blackpool Borough Council,Non-household - waste not sent for recycling (tonnes),2020,3977
Blackpool Borough Council,Non-household - waste not sent for recycling (tonnes),2021,4749
Blackpool Borough Council,Non-household - waste not sent for recycling (tonnes),2022,4451
Blackpool Borough Council,Non-household - waste not sent for recycling (tonnes),2023,4266
Blackpool Borough Council,Non-household - waste sent for recycling-composting-reuse (tonnes),2014,1341
Blackpool Borough Council,Non-household - waste sent for recycling-composting-reuse (tonnes),2015,1584
Blackpool Borough Council,Non-household - waste sent for recycling-composting-reuse (tonnes),2016,1887
Blackpool Borough Council,Non-household - waste sent for recycling-composting-reuse (tonnes),2017,1963
Blackpool Borough Council,Non-household - waste sent for recycling-composting-reuse (tonnes),2018,1804
Blackpool Borough Council,Non-household - waste sent for recycling-composting-reuse (tonnes),2019,1385
Blackpool Borough Council,Non-household - waste sent for recycling-composting-reuse (tonnes),2020,598
Blackpool Borough Council,Non-household - waste sent for recycling-composting-reuse (tonnes),2021,1750
Blackpool Borough Council,Non-household - waste sent for recycling-composting-reuse (tonnes),2022,2677
Blackpool Borough Council,Non-household - waste sent for recycling-composting-reuse (tonnes),2023,2358
Blackpool Borough Council,Total local authority collected waste (tonnes),2014,71460
Blackpool Borough Council,Total local authority collected waste (tonnes),2015,72485
Blackpool Borough Council,Total local authority collected waste (tonnes),2016,71620
Blackpool Borough Council,Total local authority collected waste (tonnes),2017,70993
Blackpool Borough Council,Total local authority collected waste (tonnes),2018,70108
Blackpool Borough Council,Total local authority collected waste (tonnes),2019,69933
Blackpool Borough Council,Total local authority collected waste (tonnes),2020,71721
Blackpool Borough Council,Total local authority collected waste (tonnes),2021,71794
Blackpool Borough Council,Total local authority collected waste (tonnes),2022,69480
Blackpool Borough Council,Total local authority collected waste (tonnes),2023,69334
Burnley Borough Council,Household - civic amenity sites (not recycled) (tonnes),2014,0
Burnley Borough Council,Household - civic amenity sites (not recycled) (tonnes),2015,0
Burnley Borough Council,Household - civic amenity sites (not recycled) (tonnes),2016,0
Burnley Borough Council,Household - civic amenity sites (not recycled) (tonnes),2017,0
Burnley Borough Council,Household - civic amenity sites (not recycled) (tonnes),2018,0
Burnley Borough Council,Household - civic amenity sites (not recycled) (tonnes),2019,0
Burnley Borough Council,Household - civic amenity sites (not recycled) (tonnes),2020,0
Burnley Borough Council,Household - civic amenity sites (not recycled) (tonnes),2021,0
Burnley Borough Council,Household - civic amenity sites (not recycled) (tonnes),2022,0
Burnley Borough Council,Household - civic amenity sites (not recycled) (tonnes),2023,0
Burnley Borough Council,Household - estimated rejects (tonnes),2014,0
Burnley Borough Council,Household - estimated rejects (tonnes),2015,82
Burnley Borough Council,Household - estimated rejects (tonnes),2016,22
Burnley Borough Council,Household - estimated rejects (tonnes),2017,-1
Burnley Borough Council,Household - estimated rejects (tonnes),2018,24
Burnley Borough Council,Household - estimated rejects (tonnes),2019,114
Burnley Borough Council,Household - estimated rejects (tonnes),2020,145
Burnley Borough Council,Household - estimated rejects (tonnes),2021,272
Burnley Borough Council,Household - estimated rejects (tonnes),2022,137
Burnley Borough Council,Household - estimated rejects (tonnes),2023,216
Burnley Borough Council,Household - other sources (not recycled) (tonnes),2014,2187
Burnley Borough Council,Household - other sources (not recycled) (tonnes),2015,2641
Burnley Borough Council,Household - other sources (not recycled) (tonnes),2016,2290
Burnley Borough Council,Household - other sources (not recycled) (tonnes),2017,2308
Burnley Borough Council,Household - other sources (not recycled) (tonnes),2018,2357
Burnley Borough Council,Household - other sources (not recycled) (tonnes),2019,2069
Burnley Borough Council,Household - other sources (not recycled) (tonnes),2020,2237
Burnley Borough Council,Household - other sources (not recycled) (tonnes),2021,2630
Burnley Borough Council,Household - other sources (not recycled) (tonnes),2022,2268
Burnley Borough Council,Household - other sources (not recycled) (tonnes),2023,2710
Burnley Borough Council,Household - regular collection (not recycled) (tonnes),2014,17626
Burnley Borough Council,Household - regular collection (not recycled) (tonnes),2015,16584
Burnley Borough Council,Household - regular collection (not recycled) (tonnes),2016,16694
Burnley Borough Council,Household - regular collection (not recycled) (tonnes),2017,16934
Burnley Borough Council,Household - regular collection (not recycled) (tonnes),2018,16975
Burnley Borough Council,Household - regular collection (not recycled) (tonnes),2019,17475
Burnley Borough Council,Household - regular collection (not recycled) (tonnes),2020,19683
Burnley Borough Council,Household - regular collection (not recycled) (tonnes),2021,18522
Burnley Borough Council,Household - regular collection (not recycled) (tonnes),2022,17961
Burnley Borough Council,Household - regular collection (not recycled) (tonnes),2023,17947
Burnley Borough Council,Household - total waste (tonnes),2014,28989
Burnley Borough Council,Household - total waste (tonnes),2015,29833
Burnley Borough Council,Household - total waste (tonnes),2016,29468
Burnley Borough Council,Household - total waste (tonnes),2017,28633
Burnley Borough Council,Household - total waste (tonnes),2018,28661
Burnley Borough Council,Household - total waste (tonnes),2019,28976
Burnley Borough Council,Household - total waste (tonnes),2020,33085
Burnley Borough Council,Household - total waste (tonnes),2021,31579
Burnley Borough Council,Household - total waste (tonnes),2022,29736
Burnley Borough Council,Household - total waste (tonnes),2023,30535
Burnley Borough Council,Household - waste not sent for recycling (tonnes),2014,19813
Burnley Borough Council,Household - waste not sent for recycling (tonnes),2015,19307
Burnley Borough Council,Household - waste not sent for recycling (tonnes),2016,19006
Burnley Borough Council,Household - waste not sent for recycling (tonnes),2017,19241
Burnley Borough Council,Household - waste not sent for recycling (tonnes),2018,19357
Burnley Borough Council,Household - waste not sent for recycling (tonnes),2019,19657
Burnley Borough Council,Household - waste not sent for recycling (tonnes),2020,22065
Burnley Borough Council,Household - waste not sent for recycling (tonnes),2021,21423
Burnley Borough Council,Household - waste not sent for recycling (tonnes),2022,20367
Burnley Borough Council,Household - waste not sent for recycling (tonnes),2023,20873
Burnley Borough Council,Household - waste sent for recycling-composting-reuse (tonnes),2014,9176
Burnley Borough Council,Household - waste sent for recycling-composting-reuse (tonnes),2015,10526
Burnley Borough Council,Household - waste sent for recycling-composting-reuse (tonnes),2016,10462
Burnley Borough Council,Household - waste sent for recycling-composting-reuse (tonnes),2017,9392
Burnley Borough Council,Household - waste sent for recycling-composting-reuse (tonnes),2018,9304
Burnley Borough Council,Household - waste sent for recycling-composting-reuse (tonnes),2019,9319
Burnley Borough Council,Household - waste sent for recycling-composting-reuse (tonnes),2020,11020
Burnley Borough Council,Household - waste sent for recycling-composting-reuse (tonnes),2021,10155
Burnley Borough Council,Household - waste sent for recycling-composting-reuse (tonnes),2022,9369
Burnley Borough Council,Household - waste sent for recycling-composting-reuse (tonnes),2023,9662
Burnley Borough Council,Household dry recycling-reuse (tonnes),2014,5847
Burnley Borough Council,Household dry recycling-reuse (tonnes),2015,6273
Burnley Borough Council,Household dry recycling-reuse (tonnes),2016,6435
Burnley Borough Council,Household dry recycling-reuse (tonnes),2017,6276
Burnley Borough Council,Household dry recycling-reuse (tonnes),2018,5990
Burnley Borough Council,Household dry recycling-reuse (tonnes),2019,5989
Burnley Borough Council,Household dry recycling-reuse (tonnes),2020,7321
Burnley Borough Council,Household dry recycling-reuse (tonnes),2021,7002
Burnley Borough Council,Household dry recycling-reuse (tonnes),2022,6620
Burnley Borough Council,Household dry recycling-reuse (tonnes),2023,6448
Burnley Borough Council,Household green recycling-reuse (tonnes),2014,3330
Burnley Borough Council,Household green recycling-reuse (tonnes),2015,4253
Burnley Borough Council,Household green recycling-reuse (tonnes),2016,4028
Burnley Borough Council,Household green recycling-reuse (tonnes),2017,3116
Burnley Borough Council,Household green recycling-reuse (tonnes),2018,3315
Burnley Borough Council,Household green recycling-reuse (tonnes),2019,3330
Burnley Borough Council,Household green recycling-reuse (tonnes),2020,3699
Burnley Borough Council,Household green recycling-reuse (tonnes),2021,3153
Burnley Borough Council,Household green recycling-reuse (tonnes),2022,2749
Burnley Borough Council,Household green recycling-reuse (tonnes),2023,3214
Burnley Borough Council,Local authority collected - estimated rejects (tonnes),2014,0
Burnley Borough Council,Local authority collected - estimated rejects (tonnes),2015,82
Burnley Borough Council,Local authority collected - estimated rejects (tonnes),2016,22
Burnley Borough Council,Local authority collected - estimated rejects (tonnes),2017,-1
Burnley Borough Council,Local authority collected - estimated rejects (tonnes),2018,24
Burnley Borough Council,Local authority collected - estimated rejects (tonnes),2019,114
Burnley Borough Council,Local authority collected - estimated rejects (tonnes),2020,145
Burnley Borough Council,Local authority collected - estimated rejects (tonnes),2021,272
Burnley Borough Council,Local authority collected - estimated rejects (tonnes),2022,137
Burnley Borough Council,Local authority collected - estimated rejects (tonnes),2023,216
Burnley Borough Council,Local authority collected waste - not sent for recycling (tonnes),2014,20600
Burnley Borough Council,Local authority collected waste - not sent for recycling (tonnes),2015,20048
Burnley Borough Council,Local authority collected waste - not sent for recycling (tonnes),2016,20119
Burnley Borough Council,Local authority collected waste - not sent for recycling (tonnes),2017,20361
Burnley Borough Council,Local authority collected waste - not sent for recycling (tonnes),2018,20733
Burnley Borough Council,Local authority collected waste - not sent for recycling (tonnes),2019,21538
Burnley Borough Council,Local authority collected waste - not sent for recycling (tonnes),2020,24596
Burnley Borough Council,Local authority collected waste - not sent for recycling (tonnes),2021,24420
Burnley Borough Council,Local authority collected waste - not sent for recycling (tonnes),2022,23232
Burnley Borough Council,Local authority collected waste - not sent for recycling (tonnes),2023,23598
Burnley Borough Council,Local authority collected waste - sent for recycling-composting-reuse (tonnes),2014,9176
Burnley Borough Council,Local authority collected waste - sent for recycling-composting-reuse (tonnes),2015,10750
Burnley Borough Council,Local authority collected waste - sent for recycling-composting-reuse (tonnes),2016,10462
Burnley Borough Council,Local authority collected waste - sent for recycling-composting-reuse (tonnes),2017,9450
Burnley Borough Council,Local authority collected waste - sent for recycling-composting-reuse (tonnes),2018,9471
Burnley Borough Council,Local authority collected waste - sent for recycling-composting-reuse (tonnes),2019,9577
Burnley Borough Council,Local authority collected waste - sent for recycling-composting-reuse (tonnes),2020,11315
Burnley Borough Council,Local authority collected waste - sent for recycling-composting-reuse (tonnes),2021,10566
Burnley Borough Council,Local authority collected waste - sent for recycling-composting-reuse (tonnes),2022,9773
Burnley Borough Council,Local authority collected waste - sent for recycling-composting-reuse (tonnes),2023,10055
Burnley Borough Council,Non-household - estimated rejects (tonnes),2014,0
Burnley Borough Council,Non-household - estimated rejects (tonnes),2015,0
Burnley Borough Council,Non-household - estimated rejects (tonnes),2016,0
Burnley Borough Council,Non-household - estimated rejects (tonnes),2017,0
Burnley Borough Council,Non-household - estimated rejects (tonnes),2018,0
Burnley Borough Council,Non-household - estimated rejects (tonnes),2019,0
Burnley Borough Council,Non-household - estimated rejects (tonnes),2020,0
Burnley Borough Council,Non-household - estimated rejects (tonnes),2021,0
Burnley Borough Council,Non-household - estimated rejects (tonnes),2022,0
Burnley Borough Council,Non-household - estimated rejects (tonnes),2023,0
Burnley Borough Council,Non-household - total waste (tonnes),2014,787
Burnley Borough Council,Non-household - total waste (tonnes),2015,965
Burnley Borough Council,Non-household - total waste (tonnes),2016,1114
Burnley Borough Council,Non-household - total waste (tonnes),2017,1178
Burnley Borough Council,Non-household - total waste (tonnes),2018,1543
Burnley Borough Council,Non-household - total waste (tonnes),2019,2138
Burnley Borough Council,Non-household - total waste (tonnes),2020,2825
Burnley Borough Council,Non-household - total waste (tonnes),2021,3408
Burnley Borough Council,Non-household - total waste (tonnes),2022,3270
Burnley Borough Council,Non-household - total waste (tonnes),2023,3117
Burnley Borough Council,Non-household - waste not sent for recycling (tonnes),2014,787
Burnley Borough Council,Non-household - waste not sent for recycling (tonnes),2015,741
Burnley Borough Council,Non-household - waste not sent for recycling (tonnes),2016,1114
Burnley Borough Council,Non-household - waste not sent for recycling (tonnes),2017,1120
Burnley Borough Council,Non-household - waste not sent for recycling (tonnes),2018,1377
Burnley Borough Council,Non-household - waste not sent for recycling (tonnes),2019,1881
Burnley Borough Council,Non-household - waste not sent for recycling (tonnes),2020,2530
Burnley Borough Council,Non-household - waste not sent for recycling (tonnes),2021,2997
Burnley Borough Council,Non-household - waste not sent for recycling (tonnes),2022,2865
Burnley Borough Council,Non-household - waste not sent for recycling (tonnes),2023,2724
Burnley Borough Council,Non-household - waste sent for recycling-composting-reuse (tonnes),2014,0
Burnley Borough Council,Non-household - waste sent for recycling-composting-reuse (tonnes),2015,224
Burnley Borough Council,Non-household - waste sent for recycling-composting-reuse (tonnes),2016,0
Burnley Borough Council,Non-household - waste sent for recycling-composting-reuse (tonnes),2017,58
Burnley Borough Council,Non-household - waste sent for recycling-composting-reuse (tonnes),2018,166
Burnley Borough Council,Non-household - waste sent for recycling-composting-reuse (tonnes),2019,258
Burnley Borough Council,Non-household - waste sent for recycling-composting-reuse (tonnes),2020,295
Burnley Borough Council,Non-household - waste sent for recycling-composting-reuse (tonnes),2021,411
Burnley Borough Council,Non-household - waste sent for recycling-composting-reuse (tonnes),2022,404
Burnley Borough Council,Non-household - waste sent for recycling-composting-reuse (tonnes),2023,393
Burnley Borough Council,Total local authority collected waste (tonnes),2014,29777
Burnley Borough Council,Total local authority collected waste (tonnes),2015,30798
Burnley Borough Council,Total local authority collected waste (tonnes),2016,30582
Burnley Borough Council,Total local authority collected waste (tonnes),2017,29811
Burnley Borough Council,Total local authority collected waste (tonnes),2018,30204
Burnley Borough Council,Total local authority collected waste (tonnes),2019,31115
Burnley Borough Council,Total local authority collected waste (tonnes),2020,35911
Burnley Borough Council,Total local authority collected waste (tonnes),2021,34986
Burnley Borough Council,Total local authority collected waste (tonnes),2022,33006
Burnley Borough Council,Total local authority collected waste (tonnes),2023,33653
Chorley Borough Council,Household - civic amenity sites (not recycled) (tonnes),2014,0
Chorley Borough Council,Household - civic amenity sites (not recycled) (tonnes),2015,0
Chorley Borough Council,Household - civic amenity sites (not recycled) (tonnes),2016,0
Chorley Borough Council,Household - civic amenity sites (not recycled) (tonnes),2017,0
Chorley Borough Council,Household - civic amenity sites (not recycled) (tonnes),2018,0
Chorley Borough Council,Household - civic amenity sites (not recycled) (tonnes),2019,0
Chorley Borough Council,Household - civic amenity sites (not recycled) (tonnes),2020,0
Chorley Borough Council,Household - civic amenity sites (not recycled) (tonnes),2021,0
Chorley Borough Council,Household - civic amenity sites (not recycled) (tonnes),2022,0
Chorley Borough Council,Household - civic amenity sites (not recycled) (tonnes),2023,0
Chorley Borough Council,Household - estimated rejects (tonnes),2014,681
Chorley Borough Council,Household - estimated rejects (tonnes),2015,1166
Chorley Borough Council,Household - estimated rejects (tonnes),2016,1496
Chorley Borough Council,Household - estimated rejects (tonnes),2017,1463
Chorley Borough Council,Household - estimated rejects (tonnes),2018,1457
Chorley Borough Council,Household - estimated rejects (tonnes),2019,721
Chorley Borough Council,Household - estimated rejects (tonnes),2020,1548
Chorley Borough Council,Household - estimated rejects (tonnes),2021,1243
Chorley Borough Council,Household - estimated rejects (tonnes),2022,1460
Chorley Borough Council,Household - estimated rejects (tonnes),2023,1400
Chorley Borough Council,Household - other sources (not recycled) (tonnes),2014,2747
Chorley Borough Council,Household - other sources (not recycled) (tonnes),2015,2944
Chorley Borough Council,Household - other sources (not recycled) (tonnes),2016,2648
Chorley Borough Council,Household - other sources (not recycled) (tonnes),2017,2906
Chorley Borough Council,Household - other sources (not recycled) (tonnes),2018,2680
Chorley Borough Council,Household - other sources (not recycled) (tonnes),2019,2566
Chorley Borough Council,Household - other sources (not recycled) (tonnes),2020,2468
Chorley Borough Council,Household - other sources (not recycled) (tonnes),2021,2748
Chorley Borough Council,Household - other sources (not recycled) (tonnes),2022,2460
Chorley Borough Council,Household - other sources (not recycled) (tonnes),2023,2721
Chorley Borough Council,Household - regular collection (not recycled) (tonnes),2014,19568
Chorley Borough Council,Household - regular collection (not recycled) (tonnes),2015,19442
Chorley Borough Council,Household - regular collection (not recycled) (tonnes),2016,20004
Chorley Borough Council,Household - regular collection (not recycled) (tonnes),2017,20091
Chorley Borough Council,Household - regular collection (not recycled) (tonnes),2018,20062
Chorley Borough Council,Household - regular collection (not recycled) (tonnes),2019,19975
Chorley Borough Council,Household - regular collection (not recycled) (tonnes),2020,23325
Chorley Borough Council,Household - regular collection (not recycled) (tonnes),2021,20772
Chorley Borough Council,Household - regular collection (not recycled) (tonnes),2022,19419
Chorley Borough Council,Household - regular collection (not recycled) (tonnes),2023,20734
Chorley Borough Council,Household - total waste (tonnes),2014,44007
Chorley Borough Council,Household - total waste (tonnes),2015,45333
Chorley Borough Council,Household - total waste (tonnes),2016,45736
Chorley Borough Council,Household - total waste (tonnes),2017,42716
Chorley Borough Council,Household - total waste (tonnes),2018,42694
Chorley Borough Council,Household - total waste (tonnes),2019,43599
Chorley Borough Council,Household - total waste (tonnes),2020,49780
Chorley Borough Council,Household - total waste (tonnes),2021,46502
Chorley Borough Council,Household - total waste (tonnes),2022,43254
Chorley Borough Council,Household - total waste (tonnes),2023,43865
Chorley Borough Council,Household - waste not sent for recycling (tonnes),2014,22996
Chorley Borough Council,Household - waste not sent for recycling (tonnes),2015,23552
Chorley Borough Council,Household - waste not sent for recycling (tonnes),2016,24149
Chorley Borough Council,Household - waste not sent for recycling (tonnes),2017,24461
Chorley Borough Council,Household - waste not sent for recycling (tonnes),2018,24199
Chorley Borough Council,Household - waste not sent for recycling (tonnes),2019,23262
Chorley Borough Council,Household - waste not sent for recycling (tonnes),2020,27340
Chorley Borough Council,Household - waste not sent for recycling (tonnes),2021,24763
Chorley Borough Council,Household - waste not sent for recycling (tonnes),2022,23339
Chorley Borough Council,Household - waste not sent for recycling (tonnes),2023,24855
Chorley Borough Council,Household - waste sent for recycling-composting-reuse (tonnes),2014,21010
Chorley Borough Council,Household - waste sent for recycling-composting-reuse (tonnes),2015,21781
Chorley Borough Council,Household - waste sent for recycling-composting-reuse (tonnes),2016,21588
Chorley Borough Council,Household - waste sent for recycling-composting-reuse (tonnes),2017,18254
Chorley Borough Council,Household - waste sent for recycling-composting-reuse (tonnes),2018,18495
Chorley Borough Council,Household - waste sent for recycling-composting-reuse (tonnes),2019,20338
Chorley Borough Council,Household - waste sent for recycling-composting-reuse (tonnes),2020,22440
Chorley Borough Council,Household - waste sent for recycling-composting-reuse (tonnes),2021,21739
Chorley Borough Council,Household - waste sent for recycling-composting-reuse (tonnes),2022,19915
Chorley Borough Council,Household - waste sent for recycling-composting-reuse (tonnes),2023,19010
Chorley Borough Council,Household dry recycling-reuse (tonnes),2014,10447
Chorley Borough Council,Household dry recycling-reuse (tonnes),2015,10377
Chorley Borough Council,Household dry recycling-reuse (tonnes),2016,10311
Chorley Borough Council,Household dry recycling-reuse (tonnes),2017,10333
Chorley Borough Council,Household dry recycling-reuse (tonnes),2018,10427
Chorley Borough Council,Household dry recycling-reuse (tonnes),2019,11588
Chorley Borough Council,Household dry recycling-reuse (tonnes),2020,12876
Chorley Borough Council,Household dry recycling-reuse (tonnes),2021,12340
Chorley Borough Council,Household dry recycling-reuse (tonnes),2022,11447
Chorley Borough Council,Household dry recycling-reuse (tonnes),2023,10171
Chorley Borough Council,Household green recycling-reuse (tonnes),2014,10564
Chorley Borough Council,Household green recycling-reuse (tonnes),2015,11404
Chorley Borough Council,Household green recycling-reuse (tonnes),2016,11276
Chorley Borough Council,Household green recycling-reuse (tonnes),2017,7922
Chorley Borough Council,Household green recycling-reuse (tonnes),2018,8068
Chorley Borough Council,Household green recycling-reuse (tonnes),2019,8750
Chorley Borough Council,Household green recycling-reuse (tonnes),2020,9564
Chorley Borough Council,Household green recycling-reuse (tonnes),2021,9399
Chorley Borough Council,Household green recycling-reuse (tonnes),2022,8468
Chorley Borough Council,Household green recycling-reuse (tonnes),2023,8839
Chorley Borough Council,Local authority collected - estimated rejects (tonnes),2014,681
Chorley Borough Council,Local authority collected - estimated rejects (tonnes),2015,1166
Chorley Borough Council,Local authority collected - estimated rejects (tonnes),2016,1496
Chorley Borough Council,Local authority collected - estimated rejects (tonnes),2017,1463
Chorley Borough Council,Local authority collected - estimated rejects (tonnes),2018,1457
Chorley Borough Council,Local authority collected - estimated rejects (tonnes),2019,721
Chorley Borough Council,Local authority collected - estimated rejects (tonnes),2020,1548
Chorley Borough Council,Local authority collected - estimated rejects (tonnes),2021,1243
Chorley Borough Council,Local authority collected - estimated rejects (tonnes),2022,1460
Chorley Borough Council,Local authority collected - estimated rejects (tonnes),2023,1400
Chorley Borough Council,Local authority collected waste - not sent for recycling (tonnes),2014,23099
Chorley Borough Council,Local authority collected waste - not sent for recycling (tonnes),2015,23796
Chorley Borough Council,Local authority collected waste - not sent for recycling (tonnes),2016,24490
Chorley Borough Council,Local authority collected waste - not sent for recycling (tonnes),2017,24760
Chorley Borough Council,Local authority collected waste - not sent for recycling (tonnes),2018,24457
Chorley Borough Council,Local authority collected waste - not sent for recycling (tonnes),2019,23503
Chorley Borough Council,Local authority collected waste - not sent for recycling (tonnes),2020,27620
Chorley Borough Council,Local authority collected waste - not sent for recycling (tonnes),2021,25018
Chorley Borough Council,Local authority collected waste - not sent for recycling (tonnes),2022,23437
Chorley Borough Council,Local authority collected waste - not sent for recycling (tonnes),2023,25095
Chorley Borough Council,Local authority collected waste - sent for recycling-composting-reuse (tonnes),2014,21010
Chorley Borough Council,Local authority collected waste - sent for recycling-composting-reuse (tonnes),2015,21784
Chorley Borough Council,Local authority collected waste - sent for recycling-composting-reuse (tonnes),2016,21588
Chorley Borough Council,Local authority collected waste - sent for recycling-composting-reuse (tonnes),2017,18254
Chorley Borough Council,Local authority collected waste - sent for recycling-composting-reuse (tonnes),2018,18507
Chorley Borough Council,Local authority collected waste - sent for recycling-composting-reuse (tonnes),2019,20359
Chorley Borough Council,Local authority collected waste - sent for recycling-composting-reuse (tonnes),2020,22461
Chorley Borough Council,Local authority collected waste - sent for recycling-composting-reuse (tonnes),2021,21748
Chorley Borough Council,Local authority collected waste - sent for recycling-composting-reuse (tonnes),2022,20071
Chorley Borough Council,Local authority collected waste - sent for recycling-composting-reuse (tonnes),2023,19032
Chorley Borough Council,Non-household - estimated rejects (tonnes),2014,0
Chorley Borough Council,Non-household - estimated rejects (tonnes),2015,0
Chorley Borough Council,Non-household - estimated rejects (tonnes),2016,0
Chorley Borough Council,Non-household - estimated rejects (tonnes),2017,0
Chorley Borough Council,Non-household - estimated rejects (tonnes),2018,0
Chorley Borough Council,Non-household - estimated rejects (tonnes),2019,0
Chorley Borough Council,Non-household - estimated rejects (tonnes),2020,0
Chorley Borough Council,Non-household - estimated rejects (tonnes),2021,0
Chorley Borough Council,Non-household - estimated rejects (tonnes),2022,0
Chorley Borough Council,Non-household - estimated rejects (tonnes),2023,0
Chorley Borough Council,Non-household - total waste (tonnes),2014,103
Chorley Borough Council,Non-household - total waste (tonnes),2015,247
Chorley Borough Council,Non-household - total waste (tonnes),2016,341
Chorley Borough Council,Non-household - total waste (tonnes),2017,299
Chorley Borough Council,Non-household - total waste (tonnes),2018,271
Chorley Borough Council,Non-household - total waste (tonnes),2019,263
Chorley Borough Council,Non-household - total waste (tonnes),2020,301
Chorley Borough Council,Non-household - total waste (tonnes),2021,265
Chorley Borough Council,Non-household - total waste (tonnes),2022,254
Chorley Borough Council,Non-household - total waste (tonnes),2023,262
Chorley Borough Council,Non-household - waste not sent for recycling (tonnes),2014,103
Chorley Borough Council,Non-household - waste not sent for recycling (tonnes),2015,244
Chorley Borough Council,Non-household - waste not sent for recycling (tonnes),2016,341
Chorley Borough Council,Non-household - waste not sent for recycling (tonnes),2017,299
Chorley Borough Council,Non-household - waste not sent for recycling (tonnes),2018,259
Chorley Borough Council,Non-household - waste not sent for recycling (tonnes),2019,242
Chorley Borough Council,Non-household - waste not sent for recycling (tonnes),2020,280
Chorley Borough Council,Non-household - waste not sent for recycling (tonnes),2021,255
Chorley Borough Council,Non-household - waste not sent for recycling (tonnes),2022,98
Chorley Borough Council,Non-household - waste not sent for recycling (tonnes),2023,239
Chorley Borough Council,Non-household - waste sent for recycling-composting-reuse (tonnes),2014,0
Chorley Borough Council,Non-household - waste sent for recycling-composting-reuse (tonnes),2015,3
Chorley Borough Council,Non-household - waste sent for recycling-composting-reuse (tonnes),2016,0
Chorley Borough Council,Non-household - waste sent for recycling-composting-reuse (tonnes),2017,0
Chorley Borough Council,Non-household - waste sent for recycling-composting-reuse (tonnes),2018,12
Chorley Borough Council,Non-household - waste sent for recycling-composting-reuse (tonnes),2019,21
Chorley Borough Council,Non-household - waste sent for recycling-composting-reuse (tonnes),2020,21
Chorley Borough Council,Non-household - waste sent for recycling-composting-reuse (tonnes),2021,10
Chorley Borough Council,Non-household - waste sent for recycling-composting-reuse (tonnes),2022,156
Chorley Borough Council,Non-household - waste sent for recycling-composting-reuse (tonnes),2023,22
Chorley Borough Council,Total local authority collected waste (tonnes),2014,44109
Chorley Borough Council,Total local authority collected waste (tonnes),2015,45580
Chorley Borough Council,Total local authority collected waste (tonnes),2016,46077
Chorley Borough Council,Total local authority collected waste (tonnes),2017,43014
Chorley Borough Council,Total local authority collected waste (tonnes),2018,42964
Chorley Borough Council,Total local authority collected waste (tonnes),2019,43862
Chorley Borough Council,Total local authority collected waste (tonnes),2020,50081
Chorley Borough Council,Total local authority collected waste (tonnes),2021,46767
Chorley Borough Council,Total local authority collected waste (tonnes),2022,43508
Chorley Borough Council,Total local authority collected waste (tonnes),2023,44127
Fylde Borough Council,Household - civic amenity sites (not recycled) (tonnes),2014,0
Fylde Borough Council,Household - civic amenity sites (not recycled) (tonnes),2015,0
Fylde Borough Council,Household - civic amenity sites (not recycled) (tonnes),2016,0
Fylde Borough Council,Household - civic amenity sites (not recycled) (tonnes),2017,0
Fylde Borough Council,Household - civic amenity sites (not recycled) (tonnes),2018,0
Fylde Borough Council,Household - civic amenity sites (not recycled) (tonnes),2019,0
Fylde Borough Council,Household - civic amenity sites (not recycled) (tonnes),2020,0
Fylde Borough Council,Household - civic amenity sites (not recycled) (tonnes),2021,0
Fylde Borough Council,Household - civic amenity sites (not recycled) (tonnes),2022,0
Fylde Borough Council,Household - civic amenity sites (not recycled) (tonnes),2023,0
Fylde Borough Council,Household - estimated rejects (tonnes),2014,162
Fylde Borough Council,Household - estimated rejects (tonnes),2015,519
Fylde Borough Council,Household - estimated rejects (tonnes),2016,325
Fylde Borough Council,Household - estimated rejects (tonnes),2017,846
Fylde Borough Council,Household - estimated rejects (tonnes),2018,838
Fylde Borough Council,Household - estimated rejects (tonnes),2019,341
Fylde Borough Council,Household - estimated rejects (tonnes),2020,734
Fylde Borough Council,Household - estimated rejects (tonnes),2021,651
Fylde Borough Council,Household - estimated rejects (tonnes),2022,479
Fylde Borough Council,Household - estimated rejects (tonnes),2023,795
Fylde Borough Council,Household - other sources (not recycled) (tonnes),2014,1921
Fylde Borough Council,Household - other sources (not recycled) (tonnes),2015,2617
Fylde Borough Council,Household - other sources (not recycled) (tonnes),2016,2645
Fylde Borough Council,Household - other sources (not recycled) (tonnes),2017,2669
Fylde Borough Council,Household - other sources (not recycled) (tonnes),2018,2745
Fylde Borough Council,Household - other sources (not recycled) (tonnes),2019,2896
Fylde Borough Council,Household - other sources (not recycled) (tonnes),2020,2725
Fylde Borough Council,Household - other sources (not recycled) (tonnes),2021,2293
Fylde Borough Council,Household - other sources (not recycled) (tonnes),2022,2531
Fylde Borough Council,Household - other sources (not recycled) (tonnes),2023,2935
Fylde Borough Council,Household - regular collection (not recycled) (tonnes),2014,13764
Fylde Borough Council,Household - regular collection (not recycled) (tonnes),2015,12236
Fylde Borough Council,Household - regular collection (not recycled) (tonnes),2016,13194
Fylde Borough Council,Household - regular collection (not recycled) (tonnes),2017,12944
Fylde Borough Council,Household - regular collection (not recycled) (tonnes),2018,13616
Fylde Borough Council,Household - regular collection (not recycled) (tonnes),2019,13973
Fylde Borough Council,Household - regular collection (not recycled) (tonnes),2020,15898
Fylde Borough Council,Household - regular collection (not recycled) (tonnes),2021,15462
Fylde Borough Council,Household - regular collection (not recycled) (tonnes),2022,15862
Fylde Borough Council,Household - regular collection (not recycled) (tonnes),2023,15538
Fylde Borough Council,Household - total waste (tonnes),2014,31709
Fylde Borough Council,Household - total waste (tonnes),2015,32311
Fylde Borough Council,Household - total waste (tonnes),2016,32656
Fylde Borough Council,Household - total waste (tonnes),2017,31328
Fylde Borough Council,Household - total waste (tonnes),2018,31123
Fylde Borough Council,Household - total waste (tonnes),2019,32118
Fylde Borough Council,Household - total waste (tonnes),2020,35087
Fylde Borough Council,Household - total waste (tonnes),2021,33093
Fylde Borough Council,Household - total waste (tonnes),2022,32009
Fylde Borough Council,Household - total waste (tonnes),2023,33325
Fylde Borough Council,Household - waste not sent for recycling (tonnes),2014,15846
Fylde Borough Council,Household - waste not sent for recycling (tonnes),2015,15371
Fylde Borough Council,Household - waste not sent for recycling (tonnes),2016,16164
Fylde Borough Council,Household - waste not sent for recycling (tonnes),2017,16459
Fylde Borough Council,Household - waste not sent for recycling (tonnes),2018,17199
Fylde Borough Council,Household - waste not sent for recycling (tonnes),2019,17210
Fylde Borough Council,Household - waste not sent for recycling (tonnes),2020,19357
Fylde Borough Council,Household - waste not sent for recycling (tonnes),2021,18406
Fylde Borough Council,Household - waste not sent for recycling (tonnes),2022,18873
Fylde Borough Council,Household - waste not sent for recycling (tonnes),2023,19267
Fylde Borough Council,Household - waste sent for recycling-composting-reuse (tonnes),2014,15863
Fylde Borough Council,Household - waste sent for recycling-composting-reuse (tonnes),2015,16940
Fylde Borough Council,Household - waste sent for recycling-composting-reuse (tonnes),2016,16491
Fylde Borough Council,Household - waste sent for recycling-composting-reuse (tonnes),2017,14868
Fylde Borough Council,Household - waste sent for recycling-composting-reuse (tonnes),2018,13924
Fylde Borough Council,Household - waste sent for recycling-composting-reuse (tonnes),2019,14908
Fylde Borough Council,Household - waste sent for recycling-composting-reuse (tonnes),2020,15730
Fylde Borough Council,Household - waste sent for recycling-composting-reuse (tonnes),2021,14686
Fylde Borough Council,Household - waste sent for recycling-composting-reuse (tonnes),2022,13136
Fylde Borough Council,Household - waste sent for recycling-composting-reuse (tonnes),2023,14057
Fylde Borough Council,Household dry recycling-reuse (tonnes),2014,8382
Fylde Borough Council,Household dry recycling-reuse (tonnes),2015,8694
Fylde Borough Council,Household dry recycling-reuse (tonnes),2016,8565
Fylde Borough Council,Household dry recycling-reuse (tonnes),2017,8247
Fylde Borough Council,Household dry recycling-reuse (tonnes),2018,7994
Fylde Borough Council,Household dry recycling-reuse (tonnes),2019,8743
Fylde Borough Council,Household dry recycling-reuse (tonnes),2020,9054
Fylde Borough Council,Household dry recycling-reuse (tonnes),2021,8582
Fylde Borough Council,Household dry recycling-reuse (tonnes),2022,7871
Fylde Borough Council,Household dry recycling-reuse (tonnes),2023,7657
Fylde Borough Council,Household green recycling-reuse (tonnes),2014,7482
Fylde Borough Council,Household green recycling-reuse (tonnes),2015,8246
Fylde Borough Council,Household green recycling-reuse (tonnes),2016,7926
Fylde Borough Council,Household green recycling-reuse (tonnes),2017,6621
Fylde Borough Council,Household green recycling-reuse (tonnes),2018,5931
Fylde Borough Council,Household green recycling-reuse (tonnes),2019,6165
Fylde Borough Council,Household green recycling-reuse (tonnes),2020,6676
Fylde Borough Council,Household green recycling-reuse (tonnes),2021,6105
Fylde Borough Council,Household green recycling-reuse (tonnes),2022,5265
Fylde Borough Council,Household green recycling-reuse (tonnes),2023,6400
Fylde Borough Council,Local authority collected - estimated rejects (tonnes),2014,162
Fylde Borough Council,Local authority collected - estimated rejects (tonnes),2015,519
Fylde Borough Council,Local authority collected - estimated rejects (tonnes),2016,325
Fylde Borough Council,Local authority collected - estimated rejects (tonnes),2017,846
Fylde Borough Council,Local authority collected - estimated rejects (tonnes),2018,838
Fylde Borough Council,Local authority collected - estimated rejects (tonnes),2019,341
Fylde Borough Council,Local authority collected - estimated rejects (tonnes),2020,734
Fylde Borough Council,Local authority collected - estimated rejects (tonnes),2021,651
Fylde Borough Council,Local authority collected - estimated rejects (tonnes),2022,479
Fylde Borough Council,Local authority collected - estimated rejects (tonnes),2023,795
Fylde Borough Council,Local authority collected waste - not sent for recycling (tonnes),2014,18108
Fylde Borough Council,Local authority collected waste - not sent for recycling (tonnes),2015,17227
Fylde Borough Council,Local authority collected waste - not sent for recycling (tonnes),2016,18752
Fylde Borough Council,Local authority collected waste - not sent for recycling (tonnes),2017,19104
Fylde Borough Council,Local authority collected waste - not sent for recycling (tonnes),2018,18896
Fylde Borough Council,Local authority collected waste - not sent for recycling (tonnes),2019,18473
Fylde Borough Council,Local authority collected waste - not sent for recycling (tonnes),2020,20894
Fylde Borough Council,Local authority collected waste - not sent for recycling (tonnes),2021,19465
Fylde Borough Council,Local authority collected waste - not sent for recycling (tonnes),2022,19921
Fylde Borough Council,Local authority collected waste - not sent for recycling (tonnes),2023,20160
Fylde Borough Council,Local authority collected waste - sent for recycling-composting-reuse (tonnes),2014,16369
Fylde Borough Council,Local authority collected waste - sent for recycling-composting-reuse (tonnes),2015,17574
Fylde Borough Council,Local authority collected waste - sent for recycling-composting-reuse (tonnes),2016,16554
Fylde Borough Council,Local authority collected waste - sent for recycling-composting-reuse (tonnes),2017,14877
Fylde Borough Council,Local authority collected waste - sent for recycling-composting-reuse (tonnes),2018,13968
Fylde Borough Council,Local authority collected waste - sent for recycling-composting-reuse (tonnes),2019,15055
Fylde Borough Council,Local authority collected waste - sent for recycling-composting-reuse (tonnes),2020,15855
Fylde Borough Council,Local authority collected waste - sent for recycling-composting-reuse (tonnes),2021,14802
Fylde Borough Council,Local authority collected waste - sent for recycling-composting-reuse (tonnes),2022,13212
Fylde Borough Council,Local authority collected waste - sent for recycling-composting-reuse (tonnes),2023,14097
Fylde Borough Council,Non-household - estimated rejects (tonnes),2014,0
Fylde Borough Council,Non-household - estimated rejects (tonnes),2015,0
Fylde Borough Council,Non-household - estimated rejects (tonnes),2016,0
Fylde Borough Council,Non-household - estimated rejects (tonnes),2017,0
Fylde Borough Council,Non-household - estimated rejects (tonnes),2018,0
Fylde Borough Council,Non-household - estimated rejects (tonnes),2019,0
Fylde Borough Council,Non-household - estimated rejects (tonnes),2020,0
Fylde Borough Council,Non-household - estimated rejects (tonnes),2021,0
Fylde Borough Council,Non-household - estimated rejects (tonnes),2022,0
Fylde Borough Council,Non-household - estimated rejects (tonnes),2023,0
Fylde Borough Council,Non-household - total waste (tonnes),2014,2768
Fylde Borough Council,Non-household - total waste (tonnes),2015,2490
Fylde Borough Council,Non-household - total waste (tonnes),2016,2651
Fylde Borough Council,Non-household - total waste (tonnes),2017,2654
Fylde Borough Council,Non-household - total waste (tonnes),2018,1741
Fylde Borough Council,Non-household - total waste (tonnes),2019,1410
Fylde Borough Council,Non-household - total waste (tonnes),2020,1663
Fylde Borough Council,Non-household - total waste (tonnes),2021,1174
Fylde Borough Council,Non-household - total waste (tonnes),2022,1124
Fylde Borough Council,Non-household - total waste (tonnes),2023,933
Fylde Borough Council,Non-household - waste not sent for recycling (tonnes),2014,2262
Fylde Borough Council,Non-household - waste not sent for recycling (tonnes),2015,1856
Fylde Borough Council,Non-household - waste not sent for recycling (tonnes),2016,2588
Fylde Borough Council,Non-household - waste not sent for recycling (tonnes),2017,2645
Fylde Borough Council,Non-household - waste not sent for recycling (tonnes),2018,1697
Fylde Borough Council,Non-household - waste not sent for recycling (tonnes),2019,1263
Fylde Borough Council,Non-household - waste not sent for recycling (tonnes),2020,1538
Fylde Borough Council,Non-household - waste not sent for recycling (tonnes),2021,1059
Fylde Borough Council,Non-household - waste not sent for recycling (tonnes),2022,1048
Fylde Borough Council,Non-household - waste not sent for recycling (tonnes),2023,893
Fylde Borough Council,Non-household - waste sent for recycling-composting-reuse (tonnes),2014,506
Fylde Borough Council,Non-household - waste sent for recycling-composting-reuse (tonnes),2015,634
Fylde Borough Council,Non-household - waste sent for recycling-composting-reuse (tonnes),2016,63
Fylde Borough Council,Non-household - waste sent for recycling-composting-reuse (tonnes),2017,9
Fylde Borough Council,Non-household - waste sent for recycling-composting-reuse (tonnes),2018,44
Fylde Borough Council,Non-household - waste sent for recycling-composting-reuse (tonnes),2019,147
Fylde Borough Council,Non-household - waste sent for recycling-composting-reuse (tonnes),2020,126
Fylde Borough Council,Non-household - waste sent for recycling-composting-reuse (tonnes),2021,115
Fylde Borough Council,Non-household - waste sent for recycling-composting-reuse (tonnes),2022,76
Fylde Borough Council,Non-household - waste sent for recycling-composting-reuse (tonnes),2023,40
Fylde Borough Council,Total local authority collected waste (tonnes),2014,34477
Fylde Borough Council,Total local authority collected waste (tonnes),2015,34801
Fylde Borough Council,Total local authority collected waste (tonnes),2016,35307
Fylde Borough Council,Total local authority collected waste (tonnes),2017,33982
Fylde Borough Council,Total local authority collected waste (tonnes),2018,32864
Fylde Borough Council,Total local authority collected waste (tonnes),2019,33528
Fylde Borough Council,Total local authority collected waste (tonnes),2020,36750
Fylde Borough Council,Total local authority collected waste (tonnes),2021,34266
Fylde Borough Council,Total local authority collected waste (tonnes),2022,33133
Fylde Borough Council,Total local authority collected waste (tonnes),2023,34258
Hyndburn Borough Council,Household - civic amenity sites (not recycled) (tonnes),2014,0
Hyndburn Borough Council,Household - civic amenity sites (not recycled) (tonnes),2015,0
Hyndburn Borough Council,Household - civic amenity sites (not recycled) (tonnes),2016,0
Hyndburn Borough Council,Household - civic amenity sites (not recycled) (tonnes),2017,0
Hyndburn Borough Council,Household - civic amenity sites (not recycled) (tonnes),2018,0
Hyndburn Borough Council,Household - civic amenity sites (not recycled) (tonnes),2019,0
Hyndburn Borough Council,Household - civic amenity sites (not recycled) (tonnes),2020,0
Hyndburn Borough Council,Household - civic amenity sites (not recycled) (tonnes),2021,0
Hyndburn Borough Council,Household - civic amenity sites (not recycled) (tonnes),2022,0
Hyndburn Borough Council,Household - civic amenity sites (not recycled) (tonnes),2023,67
Hyndburn Borough Council,Household - estimated rejects (tonnes),2014,-12
Hyndburn Borough Council,Household - estimated rejects (tonnes),2015,4
Hyndburn Borough Council,Household - estimated rejects (tonnes),2016,0
Hyndburn Borough Council,Household - estimated rejects (tonnes),2017,0
Hyndburn Borough Council,Household - estimated rejects (tonnes),2018,16
Hyndburn Borough Council,Household - estimated rejects (tonnes),2019,67
Hyndburn Borough Council,Household - estimated rejects (tonnes),2020,86
Hyndburn Borough Council,Household - estimated rejects (tonnes),2021,703
Hyndburn Borough Council,Household - estimated rejects (tonnes),2022,669
Hyndburn Borough Council,Household - estimated rejects (tonnes),2023,696
Hyndburn Borough Council,Household - other sources (not recycled) (tonnes),2014,1821
Hyndburn Borough Council,Household - other sources (not recycled) (tonnes),2015,1658
Hyndburn Borough Council,Household - other sources (not recycled) (tonnes),2016,278
Hyndburn Borough Council,Household - other sources (not recycled) (tonnes),2017,264
Hyndburn Borough Council,Household - other sources (not recycled) (tonnes),2018,175
Hyndburn Borough Council,Household - other sources (not recycled) (tonnes),2019,197
Hyndburn Borough Council,Household - other sources (not recycled) (tonnes),2020,187
Hyndburn Borough Council,Household - other sources (not recycled) (tonnes),2021,115
Hyndburn Borough Council,Household - other sources (not recycled) (tonnes),2022,123
Hyndburn Borough Council,Household - other sources (not recycled) (tonnes),2023,386
Hyndburn Borough Council,Household - regular collection (not recycled) (tonnes),2014,13726
Hyndburn Borough Council,Household - regular collection (not recycled) (tonnes),2015,14642
Hyndburn Borough Council,Household - regular collection (not recycled) (tonnes),2016,16071
Hyndburn Borough Council,Household - regular collection (not recycled) (tonnes),2017,14686
Hyndburn Borough Council,Household - regular collection (not recycled) (tonnes),2018,14222
Hyndburn Borough Council,Household - regular collection (not recycled) (tonnes),2019,14659
Hyndburn Borough Council,Household - regular collection (not recycled) (tonnes),2020,16093
Hyndburn Borough Council,Household - regular collection (not recycled) (tonnes),2021,15136
Hyndburn Borough Council,Household - regular collection (not recycled) (tonnes),2022,15637
Hyndburn Borough Council,Household - regular collection (not recycled) (tonnes),2023,15369
Hyndburn Borough Council,Household - total waste (tonnes),2014,23662
Hyndburn Borough Council,Household - total waste (tonnes),2015,24145
Hyndburn Borough Council,Household - total waste (tonnes),2016,24353
Hyndburn Borough Council,Household - total waste (tonnes),2017,22431
Hyndburn Borough Council,Household - total waste (tonnes),2018,21789
Hyndburn Borough Council,Household - total waste (tonnes),2019,22787
Hyndburn Borough Council,Household - total waste (tonnes),2020,25513
Hyndburn Borough Council,Household - total waste (tonnes),2021,23817
Hyndburn Borough Council,Household - total waste (tonnes),2022,23678
Hyndburn Borough Council,Household - total waste (tonnes),2023,24164
Hyndburn Borough Council,Household - waste not sent for recycling (tonnes),2014,15535
Hyndburn Borough Council,Household - waste not sent for recycling (tonnes),2015,16304
Hyndburn Borough Council,Household - waste not sent for recycling (tonnes),2016,16349
Hyndburn Borough Council,Household - waste not sent for recycling (tonnes),2017,14951
Hyndburn Borough Council,Household - waste not sent for recycling (tonnes),2018,14414
Hyndburn Borough Council,Household - waste not sent for recycling (tonnes),2019,14923
Hyndburn Borough Council,Household - waste not sent for recycling (tonnes),2020,16366
Hyndburn Borough Council,Household - waste not sent for recycling (tonnes),2021,15953
Hyndburn Borough Council,Household - waste not sent for recycling (tonnes),2022,16430
Hyndburn Borough Council,Household - waste not sent for recycling (tonnes),2023,16518
Hyndburn Borough Council,Household - waste sent for recycling-composting-reuse (tonnes),2014,8127
Hyndburn Borough Council,Household - waste sent for recycling-composting-reuse (tonnes),2015,7842
Hyndburn Borough Council,Household - waste sent for recycling-composting-reuse (tonnes),2016,8004
Hyndburn Borough Council,Household - waste sent for recycling-composting-reuse (tonnes),2017,7480
Hyndburn Borough Council,Household - waste sent for recycling-composting-reuse (tonnes),2018,7375
Hyndburn Borough Council,Household - waste sent for recycling-composting-reuse (tonnes),2019,7864
Hyndburn Borough Council,Household - waste sent for recycling-composting-reuse (tonnes),2020,9147
Hyndburn Borough Council,Household - waste sent for recycling-composting-reuse (tonnes),2021,7863
Hyndburn Borough Council,Household - waste sent for recycling-composting-reuse (tonnes),2022,7248
Hyndburn Borough Council,Household - waste sent for recycling-composting-reuse (tonnes),2023,7646
Hyndburn Borough Council,Household dry recycling-reuse (tonnes),2014,5800
Hyndburn Borough Council,Household dry recycling-reuse (tonnes),2015,5635
Hyndburn Borough Council,Household dry recycling-reuse (tonnes),2016,5747
Hyndburn Borough Council,Household dry recycling-reuse (tonnes),2017,5748
Hyndburn Borough Council,Household dry recycling-reuse (tonnes),2018,6144
Hyndburn Borough Council,Household dry recycling-reuse (tonnes),2019,6550
Hyndburn Borough Council,Household dry recycling-reuse (tonnes),2020,7683
Hyndburn Borough Council,Household dry recycling-reuse (tonnes),2021,6559
Hyndburn Borough Council,Household dry recycling-reuse (tonnes),2022,6042
Hyndburn Borough Council,Household dry recycling-reuse (tonnes),2023,6339
Hyndburn Borough Council,Household green recycling-reuse (tonnes),2014,2327
Hyndburn Borough Council,Household green recycling-reuse (tonnes),2015,2207
Hyndburn Borough Council,Household green recycling-reuse (tonnes),2016,2256
Hyndburn Borough Council,Household green recycling-reuse (tonnes),2017,1733
Hyndburn Borough Council,Household green recycling-reuse (tonnes),2018,1232
Hyndburn Borough Council,Household green recycling-reuse (tonnes),2019,1314
Hyndburn Borough Council,Household green recycling-reuse (tonnes),2020,1465
Hyndburn Borough Council,Household green recycling-reuse (tonnes),2021,1304
Hyndburn Borough Council,Household green recycling-reuse (tonnes),2022,1206
Hyndburn Borough Council,Household green recycling-reuse (tonnes),2023,1307
Hyndburn Borough Council,Local authority collected - estimated rejects (tonnes),2014,-12
Hyndburn Borough Council,Local authority collected - estimated rejects (tonnes),2015,4
Hyndburn Borough Council,Local authority collected - estimated rejects (tonnes),2016,0
Hyndburn Borough Council,Local authority collected - estimated rejects (tonnes),2017,0
Hyndburn Borough Council,Local authority collected - estimated rejects (tonnes),2018,16
Hyndburn Borough Council,Local authority collected - estimated rejects (tonnes),2019,67
Hyndburn Borough Council,Local authority collected - estimated rejects (tonnes),2020,86
Hyndburn Borough Council,Local authority collected - estimated rejects (tonnes),2021,703
Hyndburn Borough Council,Local authority collected - estimated rejects (tonnes),2022,669
Hyndburn Borough Council,Local authority collected - estimated rejects (tonnes),2023,696
Hyndburn Borough Council,Local authority collected waste - not sent for recycling (tonnes),2014,19837
Hyndburn Borough Council,Local authority collected waste - not sent for recycling (tonnes),2015,20605
Hyndburn Borough Council,Local authority collected waste - not sent for recycling (tonnes),2016,20855
Hyndburn Borough Council,Local authority collected waste - not sent for recycling (tonnes),2017,20840
Hyndburn Borough Council,Local authority collected waste - not sent for recycling (tonnes),2018,20601
Hyndburn Borough Council,Local authority collected waste - not sent for recycling (tonnes),2019,21177
Hyndburn Borough Council,Local authority collected waste - not sent for recycling (tonnes),2020,23507
Hyndburn Borough Council,Local authority collected waste - not sent for recycling (tonnes),2021,23335
Hyndburn Borough Council,Local authority collected waste - not sent for recycling (tonnes),2022,22502
Hyndburn Borough Council,Local authority collected waste - not sent for recycling (tonnes),2023,22743
Hyndburn Borough Council,Local authority collected waste - sent for recycling-composting-reuse (tonnes),2014,8395
Hyndburn Borough Council,Local authority collected waste - sent for recycling-composting-reuse (tonnes),2015,8179
Hyndburn Borough Council,Local authority collected waste - sent for recycling-composting-reuse (tonnes),2016,8319
Hyndburn Borough Council,Local authority collected waste - sent for recycling-composting-reuse (tonnes),2017,7795
Hyndburn Borough Council,Local authority collected waste - sent for recycling-composting-reuse (tonnes),2018,7607
Hyndburn Borough Council,Local authority collected waste - sent for recycling-composting-reuse (tonnes),2019,8278
Hyndburn Borough Council,Local authority collected waste - sent for recycling-composting-reuse (tonnes),2020,9417
Hyndburn Borough Council,Local authority collected waste - sent for recycling-composting-reuse (tonnes),2021,8358
Hyndburn Borough Council,Local authority collected waste - sent for recycling-composting-reuse (tonnes),2022,7470
Hyndburn Borough Council,Local authority collected waste - sent for recycling-composting-reuse (tonnes),2023,8057
Hyndburn Borough Council,Non-household - estimated rejects (tonnes),2014,0
Hyndburn Borough Council,Non-household - estimated rejects (tonnes),2015,0
Hyndburn Borough Council,Non-household - estimated rejects (tonnes),2016,0
Hyndburn Borough Council,Non-household - estimated rejects (tonnes),2017,0
Hyndburn Borough Council,Non-household - estimated rejects (tonnes),2018,0
Hyndburn Borough Council,Non-household - estimated rejects (tonnes),2019,0
Hyndburn Borough Council,Non-household - estimated rejects (tonnes),2020,0
Hyndburn Borough Council,Non-household - estimated rejects (tonnes),2021,0
Hyndburn Borough Council,Non-household - estimated rejects (tonnes),2022,0
Hyndburn Borough Council,Non-household - estimated rejects (tonnes),2023,0
Hyndburn Borough Council,Non-household - total waste (tonnes),2014,4570
Hyndburn Borough Council,Non-household - total waste (tonnes),2015,4639
Hyndburn Borough Council,Non-household - total waste (tonnes),2016,4821
Hyndburn Borough Council,Non-household - total waste (tonnes),2017,6204
Hyndburn Borough Council,Non-household - total waste (tonnes),2018,6419
Hyndburn Borough Council,Non-household - total waste (tonnes),2019,6668
Hyndburn Borough Council,Non-household - total waste (tonnes),2020,7411
Hyndburn Borough Council,Non-household - total waste (tonnes),2021,7876
Hyndburn Borough Council,Non-household - total waste (tonnes),2022,6294
Hyndburn Borough Council,Non-household - total waste (tonnes),2023,6636
Hyndburn Borough Council,Non-household - waste not sent for recycling (tonnes),2014,4302
Hyndburn Borough Council,Non-household - waste not sent for recycling (tonnes),2015,4302
Hyndburn Borough Council,Non-household - waste not sent for recycling (tonnes),2016,4506
Hyndburn Borough Council,Non-household - waste not sent for recycling (tonnes),2017,5889
Hyndburn Borough Council,Non-household - waste not sent for recycling (tonnes),2018,6187
Hyndburn Borough Council,Non-household - waste not sent for recycling (tonnes),2019,6254
Hyndburn Borough Council,Non-household - waste not sent for recycling (tonnes),2020,7141
Hyndburn Borough Council,Non-household - waste not sent for recycling (tonnes),2021,7381
Hyndburn Borough Council,Non-household - waste not sent for recycling (tonnes),2022,6073
Hyndburn Borough Council,Non-household - waste not sent for recycling (tonnes),2023,6225
Hyndburn Borough Council,Non-household - waste sent for recycling-composting-reuse (tonnes),2014,267
Hyndburn Borough Council,Non-household - waste sent for recycling-composting-reuse (tonnes),2015,337
Hyndburn Borough Council,Non-household - waste sent for recycling-composting-reuse (tonnes),2016,316
Hyndburn Borough Council,Non-household - waste sent for recycling-composting-reuse (tonnes),2017,315
Hyndburn Borough Council,Non-household - waste sent for recycling-composting-reuse (tonnes),2018,231
Hyndburn Borough Council,Non-household - waste sent for recycling-composting-reuse (tonnes),2019,414
Hyndburn Borough Council,Non-household - waste sent for recycling-composting-reuse (tonnes),2020,270
Hyndburn Borough Council,Non-household - waste sent for recycling-composting-reuse (tonnes),2021,495
Hyndburn Borough Council,Non-household - waste sent for recycling-composting-reuse (tonnes),2022,222
Hyndburn Borough Council,Non-household - waste sent for recycling-composting-reuse (tonnes),2023,411
Hyndburn Borough Council,Total local authority collected waste (tonnes),2014,28232
Hyndburn Borough Council,Total local authority collected waste (tonnes),2015,28784
Hyndburn Borough Council,Total local authority collected waste (tonnes),2016,29174
Hyndburn Borough Council,Total local authority collected waste (tonnes),2017,28635
Hyndburn Borough Council,Total local authority collected waste (tonnes),2018,28208
Hyndburn Borough Council,Total local authority collected waste (tonnes),2019,29455
Hyndburn Borough Council,Total local authority collected waste (tonnes),2020,32924
Hyndburn Borough Council,Total local authority collected waste (tonnes),2021,31692
Hyndburn Borough Council,Total local authority collected waste (tonnes),2022,29972
Hyndburn Borough Council,Total local authority collected waste (tonnes),2023,30800
Lancashire County Council,Household - civic amenity sites (not recycled) (tonnes),2014,33812
Lancashire County Council,Household - civic amenity sites (not recycled) (tonnes),2015,33716
Lancashire County Council,Household - civic amenity sites (not recycled) (tonnes),2016,35944
Lancashire County Council,Household - civic amenity sites (not recycled) (tonnes),2017,40668
Lancashire County Council,Household - civic amenity sites (not recycled) (tonnes),2018,42509
Lancashire County Council,Household - civic amenity sites (not recycled) (tonnes),2019,39926
Lancashire County Council,Household - civic amenity sites (not recycled) (tonnes),2020,31267
Lancashire County Council,Household - civic amenity sites (not recycled) (tonnes),2021,38965
Lancashire County Council,Household - civic amenity sites (not recycled) (tonnes),2022,36133
Lancashire County Council,Household - civic amenity sites (not recycled) (tonnes),2023,62556
Lancashire County Council,Household - estimated rejects (tonnes),2014,2584
Lancashire County Council,Household - estimated rejects (tonnes),2015,5915
Lancashire County Council,Household - estimated rejects (tonnes),2016,6500
Lancashire County Council,Household - estimated rejects (tonnes),2017,9154
Lancashire County Council,Household - estimated rejects (tonnes),2018,8549
Lancashire County Council,Household - estimated rejects (tonnes),2019,5761
Lancashire County Council,Household - estimated rejects (tonnes),2020,8245
Lancashire County Council,Household - estimated rejects (tonnes),2021,29981
Lancashire County Council,Household - estimated rejects (tonnes),2022,29197
Lancashire County Council,Household - estimated rejects (tonnes),2023,13268
Lancashire County Council,Household - other sources (not recycled) (tonnes),2014,26921
Lancashire County Council,Household - other sources (not recycled) (tonnes),2015,34124
Lancashire County Council,Household - other sources (not recycled) (tonnes),2016,33994
Lancashire County Council,Household - other sources (not recycled) (tonnes),2017,30689
Lancashire County Council,Household - other sources (not recycled) (tonnes),2018,30181
Lancashire County Council,Household - other sources (not recycled) (tonnes),2019,30464
Lancashire County Council,Household - other sources (not recycled) (tonnes),2020,30566
Lancashire County Council,Household - other sources (not recycled) (tonnes),2021,32814
Lancashire County Council,Household - other sources (not recycled) (tonnes),2022,30445
Lancashire County Council,Household - other sources (not recycled) (tonnes),2023,31271
Lancashire County Council,Household - regular collection (not recycled) (tonnes),2014,217813
Lancashire County Council,Household - regular collection (not recycled) (tonnes),2015,190066
Lancashire County Council,Household - regular collection (not recycled) (tonnes),2016,221585
Lancashire County Council,Household - regular collection (not recycled) (tonnes),2017,229101
Lancashire County Council,Household - regular collection (not recycled) (tonnes),2018,216185
Lancashire County Council,Household - regular collection (not recycled) (tonnes),2019,215837
Lancashire County Council,Household - regular collection (not recycled) (tonnes),2020,236098
Lancashire County Council,Household - regular collection (not recycled) (tonnes),2021,224761
Lancashire County Council,Household - regular collection (not recycled) (tonnes),2022,205141
Lancashire County Council,Household - regular collection (not recycled) (tonnes),2023,210941
Lancashire County Council,Household - total waste (tonnes),2014,533811
Lancashire County Council,Household - total waste (tonnes),2015,545547
Lancashire County Council,Household - total waste (tonnes),2016,548246
Lancashire County Council,Household - total waste (tonnes),2017,534386
Lancashire County Council,Household - total waste (tonnes),2018,536973
Lancashire County Council,Household - total waste (tonnes),2019,537389
Lancashire County Council,Household - total waste (tonnes),2020,553084
Lancashire County Council,Household - total waste (tonnes),2021,555288
Lancashire County Council,Household - total waste (tonnes),2022,525979
Lancashire County Council,Household - total waste (tonnes),2023,543165
Lancashire County Council,Household - waste not sent for recycling (tonnes),2014,281130
Lancashire County Council,Household - waste not sent for recycling (tonnes),2015,263821
Lancashire County Council,Household - waste not sent for recycling (tonnes),2016,298023
Lancashire County Council,Household - waste not sent for recycling (tonnes),2017,309611
Lancashire County Council,Household - waste not sent for recycling (tonnes),2018,297424
Lancashire County Council,Household - waste not sent for recycling (tonnes),2019,291989
Lancashire County Council,Household - waste not sent for recycling (tonnes),2020,306175
Lancashire County Council,Household - waste not sent for recycling (tonnes),2021,326521
Lancashire County Council,Household - waste not sent for recycling (tonnes),2022,300916
Lancashire County Council,Household - waste not sent for recycling (tonnes),2023,318036
Lancashire County Council,Household - waste sent for recycling-composting-reuse (tonnes),2014,252681
Lancashire County Council,Household - waste sent for recycling-composting-reuse (tonnes),2015,281726
Lancashire County Council,Household - waste sent for recycling-composting-reuse (tonnes),2016,250222
Lancashire County Council,Household - waste sent for recycling-composting-reuse (tonnes),2017,224774
Lancashire County Council,Household - waste sent for recycling-composting-reuse (tonnes),2018,239549
Lancashire County Council,Household - waste sent for recycling-composting-reuse (tonnes),2019,245400
Lancashire County Council,Household - waste sent for recycling-composting-reuse (tonnes),2020,246908
Lancashire County Council,Household - waste sent for recycling-composting-reuse (tonnes),2021,228767
Lancashire County Council,Household - waste sent for recycling-composting-reuse (tonnes),2022,225063
Lancashire County Council,Household - waste sent for recycling-composting-reuse (tonnes),2023,225129
Lancashire County Council,Household dry recycling-reuse (tonnes),2014,148351
Lancashire County Council,Household dry recycling-reuse (tonnes),2015,156591
Lancashire County Council,Household dry recycling-reuse (tonnes),2016,152620
Lancashire County Council,Household dry recycling-reuse (tonnes),2017,143848
Lancashire County Council,Household dry recycling-reuse (tonnes),2018,153066
Lancashire County Council,Household dry recycling-reuse (tonnes),2019,153358
Lancashire County Council,Household dry recycling-reuse (tonnes),2020,151644
Lancashire County Council,Household dry recycling-reuse (tonnes),2021,138056
Lancashire County Council,Household dry recycling-reuse (tonnes),2022,137358
Lancashire County Council,Household dry recycling-reuse (tonnes),2023,133161
Lancashire County Council,Household green recycling-reuse (tonnes),2014,104330
Lancashire County Council,Household green recycling-reuse (tonnes),2015,125135
Lancashire County Council,Household green recycling-reuse (tonnes),2016,97602
Lancashire County Council,Household green recycling-reuse (tonnes),2017,80927
Lancashire County Council,Household green recycling-reuse (tonnes),2018,86483
Lancashire County Council,Household green recycling-reuse (tonnes),2019,92042
Lancashire County Council,Household green recycling-reuse (tonnes),2020,95264
Lancashire County Council,Household green recycling-reuse (tonnes),2021,90711
Lancashire County Council,Household green recycling-reuse (tonnes),2022,87705
Lancashire County Council,Household green recycling-reuse (tonnes),2023,91968
Lancashire County Council,Local authority collected - estimated rejects (tonnes),2014,2584
Lancashire County Council,Local authority collected - estimated rejects (tonnes),2015,5915
Lancashire County Council,Local authority collected - estimated rejects (tonnes),2016,6500
Lancashire County Council,Local authority collected - estimated rejects (tonnes),2017,9154
Lancashire County Council,Local authority collected - estimated rejects (tonnes),2018,8549
Lancashire County Council,Local authority collected - estimated rejects (tonnes),2019,5761
Lancashire County Council,Local authority collected - estimated rejects (tonnes),2020,8245
Lancashire County Council,Local authority collected - estimated rejects (tonnes),2021,29981
Lancashire County Council,Local authority collected - estimated rejects (tonnes),2022,29197
Lancashire County Council,Local authority collected - estimated rejects (tonnes),2023,13268
Lancashire County Council,Local authority collected waste - not sent for recycling (tonnes),2014,345087
Lancashire County Council,Local authority collected waste - not sent for recycling (tonnes),2015,301746
Lancashire County Council,Local authority collected waste - not sent for recycling (tonnes),2016,334014
Lancashire County Council,Local authority collected waste - not sent for recycling (tonnes),2017,346574
Lancashire County Council,Local authority collected waste - not sent for recycling (tonnes),2018,322318
Lancashire County Council,Local authority collected waste - not sent for recycling (tonnes),2019,315604
Lancashire County Council,Local authority collected waste - not sent for recycling (tonnes),2020,330194
Lancashire County Council,Local authority collected waste - not sent for recycling (tonnes),2021,350040
Lancashire County Council,Local authority collected waste - not sent for recycling (tonnes),2022,325803
Lancashire County Council,Local authority collected waste - not sent for recycling (tonnes),2023,340597
Lancashire County Council,Local authority collected waste - sent for recycling-composting-reuse (tonnes),2014,260624
Lancashire County Council,Local authority collected waste - sent for recycling-composting-reuse (tonnes),2015,292890
Lancashire County Council,Local authority collected waste - sent for recycling-composting-reuse (tonnes),2016,256638
Lancashire County Council,Local authority collected waste - sent for recycling-composting-reuse (tonnes),2017,229869
Lancashire County Council,Local authority collected waste - sent for recycling-composting-reuse (tonnes),2018,246333
Lancashire County Council,Local authority collected waste - sent for recycling-composting-reuse (tonnes),2019,263780
Lancashire County Council,Local authority collected waste - sent for recycling-composting-reuse (tonnes),2020,253343
Lancashire County Council,Local authority collected waste - sent for recycling-composting-reuse (tonnes),2021,255672
Lancashire County Council,Local authority collected waste - sent for recycling-composting-reuse (tonnes),2022,254608
Lancashire County Council,Local authority collected waste - sent for recycling-composting-reuse (tonnes),2023,257813
Lancashire County Council,Non-household - estimated rejects (tonnes),2014,0
Lancashire County Council,Non-household - estimated rejects (tonnes),2015,0
Lancashire County Council,Non-household - estimated rejects (tonnes),2016,0
Lancashire County Council,Non-household - estimated rejects (tonnes),2017,0
Lancashire County Council,Non-household - estimated rejects (tonnes),2018,0
Lancashire County Council,Non-household - estimated rejects (tonnes),2019,0
Lancashire County Council,Non-household - estimated rejects (tonnes),2020,0
Lancashire County Council,Non-household - estimated rejects (tonnes),2021,0
Lancashire County Council,Non-household - estimated rejects (tonnes),2022,0
Lancashire County Council,Non-household - estimated rejects (tonnes),2023,0
Lancashire County Council,Non-household - total waste (tonnes),2014,71900
Lancashire County Council,Non-household - total waste (tonnes),2015,49090
Lancashire County Council,Non-household - total waste (tonnes),2016,42406
Lancashire County Council,Non-household - total waste (tonnes),2017,42057
Lancashire County Council,Non-household - total waste (tonnes),2018,31678
Lancashire County Council,Non-household - total waste (tonnes),2019,41995
Lancashire County Council,Non-household - total waste (tonnes),2020,30453
Lancashire County Council,Non-household - total waste (tonnes),2021,50424
Lancashire County Council,Non-household - total waste (tonnes),2022,54433
Lancashire County Council,Non-household - total waste (tonnes),2023,55245
Lancashire County Council,Non-household - waste not sent for recycling (tonnes),2014,63957
Lancashire County Council,Non-household - waste not sent for recycling (tonnes),2015,37926
Lancashire County Council,Non-household - waste not sent for recycling (tonnes),2016,35991
Lancashire County Council,Non-household - waste not sent for recycling (tonnes),2017,36962
Lancashire County Council,Non-household - waste not sent for recycling (tonnes),2018,24893
Lancashire County Council,Non-household - waste not sent for recycling (tonnes),2019,23615
Lancashire County Council,Non-household - waste not sent for recycling (tonnes),2020,24018
Lancashire County Council,Non-household - waste not sent for recycling (tonnes),2021,23519
Lancashire County Council,Non-household - waste not sent for recycling (tonnes),2022,24888
Lancashire County Council,Non-household - waste not sent for recycling (tonnes),2023,22561
Lancashire County Council,Non-household - waste sent for recycling-composting-reuse (tonnes),2014,7942
Lancashire County Council,Non-household - waste sent for recycling-composting-reuse (tonnes),2015,11164
Lancashire County Council,Non-household - waste sent for recycling-composting-reuse (tonnes),2016,6416
Lancashire County Council,Non-household - waste sent for recycling-composting-reuse (tonnes),2017,5095
Lancashire County Council,Non-household - waste sent for recycling-composting-reuse (tonnes),2018,6784
Lancashire County Council,Non-household - waste sent for recycling-composting-reuse (tonnes),2019,18380
Lancashire County Council,Non-household - waste sent for recycling-composting-reuse (tonnes),2020,6435
Lancashire County Council,Non-household - waste sent for recycling-composting-reuse (tonnes),2021,26905
Lancashire County Council,Non-household - waste sent for recycling-composting-reuse (tonnes),2022,29545
Lancashire County Council,Non-household - waste sent for recycling-composting-reuse (tonnes),2023,32684
Lancashire County Council,Total local authority collected waste (tonnes),2014,605711
Lancashire County Council,Total local authority collected waste (tonnes),2015,594637
Lancashire County Council,Total local authority collected waste (tonnes),2016,590652
Lancashire County Council,Total local authority collected waste (tonnes),2017,576443
Lancashire County Council,Total local authority collected waste (tonnes),2018,568651
Lancashire County Council,Total local authority collected waste (tonnes),2019,579384
Lancashire County Council,Total local authority collected waste (tonnes),2020,583537
Lancashire County Council,Total local authority collected waste (tonnes),2021,605712
Lancashire County Council,Total local authority collected waste (tonnes),2022,580411
Lancashire County Council,Total local authority collected waste (tonnes),2023,598410
Lancaster City Council,Household - civic amenity sites (not recycled) (tonnes),2014,0
Lancaster City Council,Household - civic amenity sites (not recycled) (tonnes),2015,0
Lancaster City Council,Household - civic amenity sites (not recycled) (tonnes),2016,0
Lancaster City Council,Household - civic amenity sites (not recycled) (tonnes),2017,0
Lancaster City Council,Household - civic amenity sites (not recycled) (tonnes),2018,0
Lancaster City Council,Household - civic amenity sites (not recycled) (tonnes),2019,0
Lancaster City Council,Household - civic amenity sites (not recycled) (tonnes),2020,0
Lancaster City Council,Household - civic amenity sites (not recycled) (tonnes),2021,0
Lancaster City Council,Household - civic amenity sites (not recycled) (tonnes),2022,0
Lancaster City Council,Household - civic amenity sites (not recycled) (tonnes),2023,0
Lancaster City Council,Household - estimated rejects (tonnes),2014,248
Lancaster City Council,Household - estimated rejects (tonnes),2015,391
Lancaster City Council,Household - estimated rejects (tonnes),2016,-34
Lancaster City Council,Household - estimated rejects (tonnes),2017,398
Lancaster City Council,Household - estimated rejects (tonnes),2018,630
Lancaster City Council,Household - estimated rejects (tonnes),2019,476
Lancaster City Council,Household - estimated rejects (tonnes),2020,575
Lancaster City Council,Household - estimated rejects (tonnes),2021,566
Lancaster City Council,Household - estimated rejects (tonnes),2022,256
Lancaster City Council,Household - estimated rejects (tonnes),2023,612
Lancaster City Council,Household - other sources (not recycled) (tonnes),2014,3737
Lancaster City Council,Household - other sources (not recycled) (tonnes),2015,3007
Lancaster City Council,Household - other sources (not recycled) (tonnes),2016,2883
Lancaster City Council,Household - other sources (not recycled) (tonnes),2017,3315
Lancaster City Council,Household - other sources (not recycled) (tonnes),2018,3157
Lancaster City Council,Household - other sources (not recycled) (tonnes),2019,3253
Lancaster City Council,Household - other sources (not recycled) (tonnes),2020,2852
Lancaster City Council,Household - other sources (not recycled) (tonnes),2021,3384
Lancaster City Council,Household - other sources (not recycled) (tonnes),2022,3198
Lancaster City Council,Household - other sources (not recycled) (tonnes),2023,3730
Lancaster City Council,Household - regular collection (not recycled) (tonnes),2014,24291
Lancaster City Council,Household - regular collection (not recycled) (tonnes),2015,24347
Lancaster City Council,Household - regular collection (not recycled) (tonnes),2016,27632
Lancaster City Council,Household - regular collection (not recycled) (tonnes),2017,27190
Lancaster City Council,Household - regular collection (not recycled) (tonnes),2018,25500
Lancaster City Council,Household - regular collection (not recycled) (tonnes),2019,26422
Lancaster City Council,Household - regular collection (not recycled) (tonnes),2020,28911
Lancaster City Council,Household - regular collection (not recycled) (tonnes),2021,27656
Lancaster City Council,Household - regular collection (not recycled) (tonnes),2022,28933
Lancaster City Council,Household - regular collection (not recycled) (tonnes),2023,27120
Lancaster City Council,Household - total waste (tonnes),2014,49530
Lancaster City Council,Household - total waste (tonnes),2015,50015
Lancaster City Council,Household - total waste (tonnes),2016,49868
Lancaster City Council,Household - total waste (tonnes),2017,48018
Lancaster City Council,Household - total waste (tonnes),2018,45761
Lancaster City Council,Household - total waste (tonnes),2019,47458
Lancaster City Council,Household - total waste (tonnes),2020,52341
Lancaster City Council,Household - total waste (tonnes),2021,51387
Lancaster City Council,Household - total waste (tonnes),2022,50757
Lancaster City Council,Household - total waste (tonnes),2023,49638
Lancaster City Council,Household - waste not sent for recycling (tonnes),2014,28276
Lancaster City Council,Household - waste not sent for recycling (tonnes),2015,27745
Lancaster City Council,Household - waste not sent for recycling (tonnes),2016,30481
Lancaster City Council,Household - waste not sent for recycling (tonnes),2017,30904
Lancaster City Council,Household - waste not sent for recycling (tonnes),2018,29287
Lancaster City Council,Household - waste not sent for recycling (tonnes),2019,30151
Lancaster City Council,Household - waste not sent for recycling (tonnes),2020,32338
Lancaster City Council,Household - waste not sent for recycling (tonnes),2021,31606
Lancaster City Council,Household - waste not sent for recycling (tonnes),2022,32387
Lancaster City Council,Household - waste not sent for recycling (tonnes),2023,31461
Lancaster City Council,Household - waste sent for recycling-composting-reuse (tonnes),2014,21254
Lancaster City Council,Household - waste sent for recycling-composting-reuse (tonnes),2015,22270
Lancaster City Council,Household - waste sent for recycling-composting-reuse (tonnes),2016,19387
Lancaster City Council,Household - waste sent for recycling-composting-reuse (tonnes),2017,17115
Lancaster City Council,Household - waste sent for recycling-composting-reuse (tonnes),2018,16474
Lancaster City Council,Household - waste sent for recycling-composting-reuse (tonnes),2019,17308
Lancaster City Council,Household - waste sent for recycling-composting-reuse (tonnes),2020,20003
Lancaster City Council,Household - waste sent for recycling-composting-reuse (tonnes),2021,19781
Lancaster City Council,Household - waste sent for recycling-composting-reuse (tonnes),2022,18369
Lancaster City Council,Household - waste sent for recycling-composting-reuse (tonnes),2023,18177
Lancaster City Council,Household dry recycling-reuse (tonnes),2014,10774
Lancaster City Council,Household dry recycling-reuse (tonnes),2015,10853
Lancaster City Council,Household dry recycling-reuse (tonnes),2016,9790
Lancaster City Council,Household dry recycling-reuse (tonnes),2017,9335
Lancaster City Council,Household dry recycling-reuse (tonnes),2018,9398
Lancaster City Council,Household dry recycling-reuse (tonnes),2019,9917
Lancaster City Council,Household dry recycling-reuse (tonnes),2020,11629
Lancaster City Council,Household dry recycling-reuse (tonnes),2021,11636
Lancaster City Council,Household dry recycling-reuse (tonnes),2022,10424
Lancaster City Council,Household dry recycling-reuse (tonnes),2023,10300
Lancaster City Council,Household green recycling-reuse (tonnes),2014,10480
Lancaster City Council,Household green recycling-reuse (tonnes),2015,11417
Lancaster City Council,Household green recycling-reuse (tonnes),2016,9597
Lancaster City Council,Household green recycling-reuse (tonnes),2017,7779
Lancaster City Council,Household green recycling-reuse (tonnes),2018,7076
Lancaster City Council,Household green recycling-reuse (tonnes),2019,7391
Lancaster City Council,Household green recycling-reuse (tonnes),2020,8374
Lancaster City Council,Household green recycling-reuse (tonnes),2021,8145
Lancaster City Council,Household green recycling-reuse (tonnes),2022,7945
Lancaster City Council,Household green recycling-reuse (tonnes),2023,7877
Lancaster City Council,Local authority collected - estimated rejects (tonnes),2014,248
Lancaster City Council,Local authority collected - estimated rejects (tonnes),2015,391
Lancaster City Council,Local authority collected - estimated rejects (tonnes),2016,-34
Lancaster City Council,Local authority collected - estimated rejects (tonnes),2017,398
Lancaster City Council,Local authority collected - estimated rejects (tonnes),2018,630
Lancaster City Council,Local authority collected - estimated rejects (tonnes),2019,476
Lancaster City Council,Local authority collected - estimated rejects (tonnes),2020,575
Lancaster City Council,Local authority collected - estimated rejects (tonnes),2021,566
Lancaster City Council,Local authority collected - estimated rejects (tonnes),2022,256
Lancaster City Council,Local authority collected - estimated rejects (tonnes),2023,612
Lancaster City Council,Local authority collected waste - not sent for recycling (tonnes),2014,32662
Lancaster City Council,Local authority collected waste - not sent for recycling (tonnes),2015,31686
Lancaster City Council,Local authority collected waste - not sent for recycling (tonnes),2016,34361
Lancaster City Council,Local authority collected waste - not sent for recycling (tonnes),2017,34968
Lancaster City Council,Local authority collected waste - not sent for recycling (tonnes),2018,32931
Lancaster City Council,Local authority collected waste - not sent for recycling (tonnes),2019,33104
Lancaster City Council,Local authority collected waste - not sent for recycling (tonnes),2020,35461
Lancaster City Council,Local authority collected waste - not sent for recycling (tonnes),2021,34674
Lancaster City Council,Local authority collected waste - not sent for recycling (tonnes),2022,35011
Lancaster City Council,Local authority collected waste - not sent for recycling (tonnes),2023,33993
Lancaster City Council,Local authority collected waste - sent for recycling-composting-reuse (tonnes),2014,21682
Lancaster City Council,Local authority collected waste - sent for recycling-composting-reuse (tonnes),2015,23426
Lancaster City Council,Local authority collected waste - sent for recycling-composting-reuse (tonnes),2016,20831
Lancaster City Council,Local authority collected waste - sent for recycling-composting-reuse (tonnes),2017,18142
Lancaster City Council,Local authority collected waste - sent for recycling-composting-reuse (tonnes),2018,17863
Lancaster City Council,Local authority collected waste - sent for recycling-composting-reuse (tonnes),2019,19459
Lancaster City Council,Local authority collected waste - sent for recycling-composting-reuse (tonnes),2020,21174
Lancaster City Council,Local authority collected waste - sent for recycling-composting-reuse (tonnes),2021,21263
Lancaster City Council,Local authority collected waste - sent for recycling-composting-reuse (tonnes),2022,18844
Lancaster City Council,Local authority collected waste - sent for recycling-composting-reuse (tonnes),2023,19759
Lancaster City Council,Non-household - estimated rejects (tonnes),2014,0
Lancaster City Council,Non-household - estimated rejects (tonnes),2015,0
Lancaster City Council,Non-household - estimated rejects (tonnes),2016,0
Lancaster City Council,Non-household - estimated rejects (tonnes),2017,0
Lancaster City Council,Non-household - estimated rejects (tonnes),2018,0
Lancaster City Council,Non-household - estimated rejects (tonnes),2019,0
Lancaster City Council,Non-household - estimated rejects (tonnes),2020,0
Lancaster City Council,Non-household - estimated rejects (tonnes),2021,0
Lancaster City Council,Non-household - estimated rejects (tonnes),2022,0
Lancaster City Council,Non-household - estimated rejects (tonnes),2023,0
Lancaster City Council,Non-household - total waste (tonnes),2014,4814
Lancaster City Council,Non-household - total waste (tonnes),2015,5097
Lancaster City Council,Non-household - total waste (tonnes),2016,5324
Lancaster City Council,Non-household - total waste (tonnes),2017,5092
Lancaster City Council,Non-household - total waste (tonnes),2018,5033
Lancaster City Council,Non-household - total waste (tonnes),2019,5104
Lancaster City Council,Non-household - total waste (tonnes),2020,4294
Lancaster City Council,Non-household - total waste (tonnes),2021,4550
Lancaster City Council,Non-household - total waste (tonnes),2022,3098
Lancaster City Council,Non-household - total waste (tonnes),2023,4114
Lancaster City Council,Non-household - waste not sent for recycling (tonnes),2014,4386
Lancaster City Council,Non-household - waste not sent for recycling (tonnes),2015,3942
Lancaster City Council,Non-household - waste not sent for recycling (tonnes),2016,3881
Lancaster City Council,Non-household - waste not sent for recycling (tonnes),2017,4065
Lancaster City Council,Non-household - waste not sent for recycling (tonnes),2018,3644
Lancaster City Council,Non-household - waste not sent for recycling (tonnes),2019,2953
Lancaster City Council,Non-household - waste not sent for recycling (tonnes),2020,3123
Lancaster City Council,Non-household - waste not sent for recycling (tonnes),2021,3068
Lancaster City Council,Non-household - waste not sent for recycling (tonnes),2022,2624
Lancaster City Council,Non-household - waste not sent for recycling (tonnes),2023,2532
Lancaster City Council,Non-household - waste sent for recycling-composting-reuse (tonnes),2014,428
Lancaster City Council,Non-household - waste sent for recycling-composting-reuse (tonnes),2015,1156
Lancaster City Council,Non-household - waste sent for recycling-composting-reuse (tonnes),2016,1443
Lancaster City Council,Non-household - waste sent for recycling-composting-reuse (tonnes),2017,1027
Lancaster City Council,Non-household - waste sent for recycling-composting-reuse (tonnes),2018,1389
Lancaster City Council,Non-household - waste sent for recycling-composting-reuse (tonnes),2019,2151
Lancaster City Council,Non-household - waste sent for recycling-composting-reuse (tonnes),2020,1172
Lancaster City Council,Non-household - waste sent for recycling-composting-reuse (tonnes),2021,1482
Lancaster City Council,Non-household - waste sent for recycling-composting-reuse (tonnes),2022,474
Lancaster City Council,Non-household - waste sent for recycling-composting-reuse (tonnes),2023,1582
Lancaster City Council,Total local authority collected waste (tonnes),2014,54344
Lancaster City Council,Total local authority collected waste (tonnes),2015,55112
Lancaster City Council,Total local authority collected waste (tonnes),2016,55192
Lancaster City Council,Total local authority collected waste (tonnes),2017,53110
Lancaster City Council,Total local authority collected waste (tonnes),2018,50794
Lancaster City Council,Total local authority collected waste (tonnes),2019,52562
Lancaster City Council,Total local authority collected waste (tonnes),2020,56636
Lancaster City Council,Total local authority collected waste (tonnes),2021,55937
Lancaster City Council,Total local authority collected waste (tonnes),2022,53855
Lancaster City Council,Total local authority collected waste (tonnes),2023,53752
Pendle Borough Council,Household - civic amenity sites (not recycled) (tonnes),2014,0
Pendle Borough Council,Household - civic amenity sites (not recycled) (tonnes),2015,0
Pendle Borough Council,Household - civic amenity sites (not recycled) (tonnes),2016,0
Pendle Borough Council,Household - civic amenity sites (not recycled) (tonnes),2017,0
Pendle Borough Council,Household - civic amenity sites (not recycled) (tonnes),2018,0
Pendle Borough Council,Household - civic amenity sites (not recycled) (tonnes),2019,0
Pendle Borough Council,Household - civic amenity sites (not recycled) (tonnes),2020,0
Pendle Borough Council,Household - civic amenity sites (not recycled) (tonnes),2021,0
Pendle Borough Council,Household - civic amenity sites (not recycled) (tonnes),2022,0
Pendle Borough Council,Household - civic amenity sites (not recycled) (tonnes),2023,0
Pendle Borough Council,Household - estimated rejects (tonnes),2014,164
Pendle Borough Council,Household - estimated rejects (tonnes),2015,518
Pendle Borough Council,Household - estimated rejects (tonnes),2016,525
Pendle Borough Council,Household - estimated rejects (tonnes),2017,899
Pendle Borough Council,Household - estimated rejects (tonnes),2018,813
Pendle Borough Council,Household - estimated rejects (tonnes),2019,656
Pendle Borough Council,Household - estimated rejects (tonnes),2020,937
Pendle Borough Council,Household - estimated rejects (tonnes),2021,751
Pendle Borough Council,Household - estimated rejects (tonnes),2022,826
Pendle Borough Council,Household - estimated rejects (tonnes),2023,793
Pendle Borough Council,Household - other sources (not recycled) (tonnes),2014,3387
Pendle Borough Council,Household - other sources (not recycled) (tonnes),2015,4377
Pendle Borough Council,Household - other sources (not recycled) (tonnes),2016,4098
Pendle Borough Council,Household - other sources (not recycled) (tonnes),2017,3620
Pendle Borough Council,Household - other sources (not recycled) (tonnes),2018,3687
Pendle Borough Council,Household - other sources (not recycled) (tonnes),2019,3865
Pendle Borough Council,Household - other sources (not recycled) (tonnes),2020,4030
Pendle Borough Council,Household - other sources (not recycled) (tonnes),2021,3889
Pendle Borough Council,Household - other sources (not recycled) (tonnes),2022,3565
Pendle Borough Council,Household - other sources (not recycled) (tonnes),2023,3698
Pendle Borough Council,Household - regular collection (not recycled) (tonnes),2014,17619
Pendle Borough Council,Household - regular collection (not recycled) (tonnes),2015,16802
Pendle Borough Council,Household - regular collection (not recycled) (tonnes),2016,17754
Pendle Borough Council,Household - regular collection (not recycled) (tonnes),2017,17812
Pendle Borough Council,Household - regular collection (not recycled) (tonnes),2018,17814
Pendle Borough Council,Household - regular collection (not recycled) (tonnes),2019,17692
Pendle Borough Council,Household - regular collection (not recycled) (tonnes),2020,19649
Pendle Borough Council,Household - regular collection (not recycled) (tonnes),2021,19615
Pendle Borough Council,Household - regular collection (not recycled) (tonnes),2022,18882
Pendle Borough Council,Household - regular collection (not recycled) (tonnes),2023,19123
Pendle Borough Council,Household - total waste (tonnes),2014,32186
Pendle Borough Council,Household - total waste (tonnes),2015,34158
Pendle Borough Council,Household - total waste (tonnes),2016,33940
Pendle Borough Council,Household - total waste (tonnes),2017,32777
Pendle Borough Council,Household - total waste (tonnes),2018,32478
Pendle Borough Council,Household - total waste (tonnes),2019,32897
Pendle Borough Council,Household - total waste (tonnes),2020,36444
Pendle Borough Council,Household - total waste (tonnes),2021,35145
Pendle Borough Council,Household - total waste (tonnes),2022,33059
Pendle Borough Council,Household - total waste (tonnes),2023,33553
Pendle Borough Council,Household - waste not sent for recycling (tonnes),2014,21171
Pendle Borough Council,Household - waste not sent for recycling (tonnes),2015,21698
Pendle Borough Council,Household - waste not sent for recycling (tonnes),2016,22377
Pendle Borough Council,Household - waste not sent for recycling (tonnes),2017,22332
Pendle Borough Council,Household - waste not sent for recycling (tonnes),2018,22315
Pendle Borough Council,Household - waste not sent for recycling (tonnes),2019,22212
Pendle Borough Council,Household - waste not sent for recycling (tonnes),2020,24616
Pendle Borough Council,Household - waste not sent for recycling (tonnes),2021,24256
Pendle Borough Council,Household - waste not sent for recycling (tonnes),2022,23273
Pendle Borough Council,Household - waste not sent for recycling (tonnes),2023,23614
Pendle Borough Council,Household - waste sent for recycling-composting-reuse (tonnes),2014,11016
Pendle Borough Council,Household - waste sent for recycling-composting-reuse (tonnes),2015,12460
Pendle Borough Council,Household - waste sent for recycling-composting-reuse (tonnes),2016,11563
Pendle Borough Council,Household - waste sent for recycling-composting-reuse (tonnes),2017,10446
Pendle Borough Council,Household - waste sent for recycling-composting-reuse (tonnes),2018,10164
Pendle Borough Council,Household - waste sent for recycling-composting-reuse (tonnes),2019,10685
Pendle Borough Council,Household - waste sent for recycling-composting-reuse (tonnes),2020,11828
Pendle Borough Council,Household - waste sent for recycling-composting-reuse (tonnes),2021,10889
Pendle Borough Council,Household - waste sent for recycling-composting-reuse (tonnes),2022,9785
Pendle Borough Council,Household - waste sent for recycling-composting-reuse (tonnes),2023,9939
Pendle Borough Council,Household dry recycling-reuse (tonnes),2014,7837
Pendle Borough Council,Household dry recycling-reuse (tonnes),2015,8418
Pendle Borough Council,Household dry recycling-reuse (tonnes),2016,7907
Pendle Borough Council,Household dry recycling-reuse (tonnes),2017,6977
Pendle Borough Council,Household dry recycling-reuse (tonnes),2018,6424
Pendle Borough Council,Household dry recycling-reuse (tonnes),2019,6861
Pendle Borough Council,Household dry recycling-reuse (tonnes),2020,7736
Pendle Borough Council,Household dry recycling-reuse (tonnes),2021,7374
Pendle Borough Council,Household dry recycling-reuse (tonnes),2022,6622
Pendle Borough Council,Household dry recycling-reuse (tonnes),2023,6311
Pendle Borough Council,Household green recycling-reuse (tonnes),2014,3179
Pendle Borough Council,Household green recycling-reuse (tonnes),2015,4042
Pendle Borough Council,Household green recycling-reuse (tonnes),2016,3656
Pendle Borough Council,Household green recycling-reuse (tonnes),2017,3469
Pendle Borough Council,Household green recycling-reuse (tonnes),2018,3740
Pendle Borough Council,Household green recycling-reuse (tonnes),2019,3824
Pendle Borough Council,Household green recycling-reuse (tonnes),2020,4092
Pendle Borough Council,Household green recycling-reuse (tonnes),2021,3516
Pendle Borough Council,Household green recycling-reuse (tonnes),2022,3164
Pendle Borough Council,Household green recycling-reuse (tonnes),2023,3629
Pendle Borough Council,Local authority collected - estimated rejects (tonnes),2014,164
Pendle Borough Council,Local authority collected - estimated rejects (tonnes),2015,518
Pendle Borough Council,Local authority collected - estimated rejects (tonnes),2016,525
Pendle Borough Council,Local authority collected - estimated rejects (tonnes),2017,899
Pendle Borough Council,Local authority collected - estimated rejects (tonnes),2018,813
Pendle Borough Council,Local authority collected - estimated rejects (tonnes),2019,656
Pendle Borough Council,Local authority collected - estimated rejects (tonnes),2020,937
Pendle Borough Council,Local authority collected - estimated rejects (tonnes),2021,751
Pendle Borough Council,Local authority collected - estimated rejects (tonnes),2022,826
Pendle Borough Council,Local authority collected - estimated rejects (tonnes),2023,793
Pendle Borough Council,Local authority collected waste - not sent for recycling (tonnes),2014,23687
Pendle Borough Council,Local authority collected waste - not sent for recycling (tonnes),2015,24459
Pendle Borough Council,Local authority collected waste - not sent for recycling (tonnes),2016,25401
Pendle Borough Council,Local authority collected waste - not sent for recycling (tonnes),2017,25711
Pendle Borough Council,Local authority collected waste - not sent for recycling (tonnes),2018,25325
Pendle Borough Council,Local authority collected waste - not sent for recycling (tonnes),2019,25504
Pendle Borough Council,Local authority collected waste - not sent for recycling (tonnes),2020,27805
Pendle Borough Council,Local authority collected waste - not sent for recycling (tonnes),2021,27850
Pendle Borough Council,Local authority collected waste - not sent for recycling (tonnes),2022,26585
Pendle Borough Council,Local authority collected waste - not sent for recycling (tonnes),2023,27036
Pendle Borough Council,Local authority collected waste - sent for recycling-composting-reuse (tonnes),2014,11173
Pendle Borough Council,Local authority collected waste - sent for recycling-composting-reuse (tonnes),2015,12770
Pendle Borough Council,Local authority collected waste - sent for recycling-composting-reuse (tonnes),2016,11837
Pendle Borough Council,Local authority collected waste - sent for recycling-composting-reuse (tonnes),2017,10783
Pendle Borough Council,Local authority collected waste - sent for recycling-composting-reuse (tonnes),2018,10680
Pendle Borough Council,Local authority collected waste - sent for recycling-composting-reuse (tonnes),2019,11221
Pendle Borough Council,Local authority collected waste - sent for recycling-composting-reuse (tonnes),2020,12273
Pendle Borough Council,Local authority collected waste - sent for recycling-composting-reuse (tonnes),2021,11534
Pendle Borough Council,Local authority collected waste - sent for recycling-composting-reuse (tonnes),2022,10436
Pendle Borough Council,Local authority collected waste - sent for recycling-composting-reuse (tonnes),2023,10640
Pendle Borough Council,Non-household - estimated rejects (tonnes),2014,0
Pendle Borough Council,Non-household - estimated rejects (tonnes),2015,0
Pendle Borough Council,Non-household - estimated rejects (tonnes),2016,0
Pendle Borough Council,Non-household - estimated rejects (tonnes),2017,0
Pendle Borough Council,Non-household - estimated rejects (tonnes),2018,0
Pendle Borough Council,Non-household - estimated rejects (tonnes),2019,0
Pendle Borough Council,Non-household - estimated rejects (tonnes),2020,0
Pendle Borough Council,Non-household - estimated rejects (tonnes),2021,0
Pendle Borough Council,Non-household - estimated rejects (tonnes),2022,0
Pendle Borough Council,Non-household - estimated rejects (tonnes),2023,0
Pendle Borough Council,Non-household - total waste (tonnes),2014,2673
Pendle Borough Council,Non-household - total waste (tonnes),2015,3071
Pendle Borough Council,Non-household - total waste (tonnes),2016,3299
Pendle Borough Council,Non-household - total waste (tonnes),2017,3717
Pendle Borough Council,Non-household - total waste (tonnes),2018,3527
Pendle Borough Council,Non-household - total waste (tonnes),2019,3828
Pendle Borough Council,Non-household - total waste (tonnes),2020,3634
Pendle Borough Council,Non-household - total waste (tonnes),2021,4239
Pendle Borough Council,Non-household - total waste (tonnes),2022,3963
Pendle Borough Council,Non-household - total waste (tonnes),2023,4123
Pendle Borough Council,Non-household - waste not sent for recycling (tonnes),2014,2516
Pendle Borough Council,Non-household - waste not sent for recycling (tonnes),2015,2761
Pendle Borough Council,Non-household - waste not sent for recycling (tonnes),2016,3024
Pendle Borough Council,Non-household - waste not sent for recycling (tonnes),2017,3380
Pendle Borough Council,Non-household - waste not sent for recycling (tonnes),2018,3010
Pendle Borough Council,Non-household - waste not sent for recycling (tonnes),2019,3292
Pendle Borough Council,Non-household - waste not sent for recycling (tonnes),2020,3189
Pendle Borough Council,Non-household - waste not sent for recycling (tonnes),2021,3595
Pendle Borough Council,Non-household - waste not sent for recycling (tonnes),2022,3312
Pendle Borough Council,Non-household - waste not sent for recycling (tonnes),2023,3422
Pendle Borough Council,Non-household - waste sent for recycling-composting-reuse (tonnes),2014,157
Pendle Borough Council,Non-household - waste sent for recycling-composting-reuse (tonnes),2015,309
Pendle Borough Council,Non-household - waste sent for recycling-composting-reuse (tonnes),2016,275
Pendle Borough Council,Non-household - waste sent for recycling-composting-reuse (tonnes),2017,337
Pendle Borough Council,Non-household - waste sent for recycling-composting-reuse (tonnes),2018,517
Pendle Borough Council,Non-household - waste sent for recycling-composting-reuse (tonnes),2019,536
Pendle Borough Council,Non-household - waste sent for recycling-composting-reuse (tonnes),2020,445
Pendle Borough Council,Non-household - waste sent for recycling-composting-reuse (tonnes),2021,644
Pendle Borough Council,Non-household - waste sent for recycling-composting-reuse (tonnes),2022,651
Pendle Borough Council,Non-household - waste sent for recycling-composting-reuse (tonnes),2023,701
Pendle Borough Council,Total local authority collected waste (tonnes),2014,34859
Pendle Borough Council,Total local authority collected waste (tonnes),2015,37228
Pendle Borough Council,Total local authority collected waste (tonnes),2016,37239
Pendle Borough Council,Total local authority collected waste (tonnes),2017,36494
Pendle Borough Council,Total local authority collected waste (tonnes),2018,36005
Pendle Borough Council,Total local authority collected waste (tonnes),2019,36725
Pendle Borough Council,Total local authority collected waste (tonnes),2020,40078
Pendle Borough Council,Total local authority collected waste (tonnes),2021,39384
Pendle Borough Council,Total local authority collected waste (tonnes),2022,37021
Pendle Borough Council,Total local authority collected waste (tonnes),2023,37676
Preston City Council,Household - civic amenity sites (not recycled) (tonnes),2014,0
Preston City Council,Household - civic amenity sites (not recycled) (tonnes),2015,0
Preston City Council,Household - civic amenity sites (not recycled) (tonnes),2016,0
Preston City Council,Household - civic amenity sites (not recycled) (tonnes),2017,0
Preston City Council,Household - civic amenity sites (not recycled) (tonnes),2018,0
Preston City Council,Household - civic amenity sites (not recycled) (tonnes),2019,0
Preston City Council,Household - civic amenity sites (not recycled) (tonnes),2020,0
Preston City Council,Household - civic amenity sites (not recycled) (tonnes),2021,0
Preston City Council,Household - civic amenity sites (not recycled) (tonnes),2022,0
Preston City Council,Household - civic amenity sites (not recycled) (tonnes),2023,0
Preston City Council,Household - estimated rejects (tonnes),2014,-213
Preston City Council,Household - estimated rejects (tonnes),2015,-437
Preston City Council,Household - estimated rejects (tonnes),2016,528
Preston City Council,Household - estimated rejects (tonnes),2017,809
Preston City Council,Household - estimated rejects (tonnes),2018,537
Preston City Council,Household - estimated rejects (tonnes),2019,1051
Preston City Council,Household - estimated rejects (tonnes),2020,534
Preston City Council,Household - estimated rejects (tonnes),2021,505
Preston City Council,Household - estimated rejects (tonnes),2022,75
Preston City Council,Household - estimated rejects (tonnes),2023,773
Preston City Council,Household - other sources (not recycled) (tonnes),2014,3831
Preston City Council,Household - other sources (not recycled) (tonnes),2015,6396
Preston City Council,Household - other sources (not recycled) (tonnes),2016,8465
Preston City Council,Household - other sources (not recycled) (tonnes),2017,6262
Preston City Council,Household - other sources (not recycled) (tonnes),2018,6442
Preston City Council,Household - other sources (not recycled) (tonnes),2019,5875
Preston City Council,Household - other sources (not recycled) (tonnes),2020,6692
Preston City Council,Household - other sources (not recycled) (tonnes),2021,5948
Preston City Council,Household - other sources (not recycled) (tonnes),2022,5847
Preston City Council,Household - other sources (not recycled) (tonnes),2023,5312
Preston City Council,Household - regular collection (not recycled) (tonnes),2014,26915
Preston City Council,Household - regular collection (not recycled) (tonnes),2015,27020
Preston City Council,Household - regular collection (not recycled) (tonnes),2016,27995
Preston City Council,Household - regular collection (not recycled) (tonnes),2017,28836
Preston City Council,Household - regular collection (not recycled) (tonnes),2018,28019
Preston City Council,Household - regular collection (not recycled) (tonnes),2019,28483
Preston City Council,Household - regular collection (not recycled) (tonnes),2020,31984
Preston City Council,Household - regular collection (not recycled) (tonnes),2021,30561
Preston City Council,Household - regular collection (not recycled) (tonnes),2022,30268
Preston City Council,Household - regular collection (not recycled) (tonnes),2023,31240
Preston City Council,Household - total waste (tonnes),2014,50535
Preston City Council,Household - total waste (tonnes),2015,53281
Preston City Council,Household - total waste (tonnes),2016,53897
Preston City Council,Household - total waste (tonnes),2017,51186
Preston City Council,Household - total waste (tonnes),2018,51093
Preston City Council,Household - total waste (tonnes),2019,51465
Preston City Council,Household - total waste (tonnes),2020,57615
Preston City Council,Household - total waste (tonnes),2021,54681
Preston City Council,Household - total waste (tonnes),2022,52208
Preston City Council,Household - total waste (tonnes),2023,52053
Preston City Council,Household - waste not sent for recycling (tonnes),2014,30533
Preston City Council,Household - waste not sent for recycling (tonnes),2015,32978
Preston City Council,Household - waste not sent for recycling (tonnes),2016,36988
Preston City Council,Household - waste not sent for recycling (tonnes),2017,35907
Preston City Council,Household - waste not sent for recycling (tonnes),2018,34998
Preston City Council,Household - waste not sent for recycling (tonnes),2019,35409
Preston City Council,Household - waste not sent for recycling (tonnes),2020,39211
Preston City Council,Household - waste not sent for recycling (tonnes),2021,37014
Preston City Council,Household - waste not sent for recycling (tonnes),2022,36190
Preston City Council,Household - waste not sent for recycling (tonnes),2023,37325
Preston City Council,Household - waste sent for recycling-composting-reuse (tonnes),2014,20002
Preston City Council,Household - waste sent for recycling-composting-reuse (tonnes),2015,20303
Preston City Council,Household - waste sent for recycling-composting-reuse (tonnes),2016,16909
Preston City Council,Household - waste sent for recycling-composting-reuse (tonnes),2017,15279
Preston City Council,Household - waste sent for recycling-composting-reuse (tonnes),2018,16095
Preston City Council,Household - waste sent for recycling-composting-reuse (tonnes),2019,16056
Preston City Council,Household - waste sent for recycling-composting-reuse (tonnes),2020,18404
Preston City Council,Household - waste sent for recycling-composting-reuse (tonnes),2021,17667
Preston City Council,Household - waste sent for recycling-composting-reuse (tonnes),2022,16018
Preston City Council,Household - waste sent for recycling-composting-reuse (tonnes),2023,14727
Preston City Council,Household dry recycling-reuse (tonnes),2014,11676
Preston City Council,Household dry recycling-reuse (tonnes),2015,12285
Preston City Council,Household dry recycling-reuse (tonnes),2016,10324
Preston City Council,Household dry recycling-reuse (tonnes),2017,9708
Preston City Council,Household dry recycling-reuse (tonnes),2018,10566
Preston City Council,Household dry recycling-reuse (tonnes),2019,10511
Preston City Council,Household dry recycling-reuse (tonnes),2020,12104
Preston City Council,Household dry recycling-reuse (tonnes),2021,12036
Preston City Council,Household dry recycling-reuse (tonnes),2022,10615
Preston City Council,Household dry recycling-reuse (tonnes),2023,9224
Preston City Council,Household green recycling-reuse (tonnes),2014,8326
Preston City Council,Household green recycling-reuse (tonnes),2015,8017
Preston City Council,Household green recycling-reuse (tonnes),2016,6585
Preston City Council,Household green recycling-reuse (tonnes),2017,5570
Preston City Council,Household green recycling-reuse (tonnes),2018,5528
Preston City Council,Household green recycling-reuse (tonnes),2019,5545
Preston City Council,Household green recycling-reuse (tonnes),2020,6300
Preston City Council,Household green recycling-reuse (tonnes),2021,5631
Preston City Council,Household green recycling-reuse (tonnes),2022,5402
Preston City Council,Household green recycling-reuse (tonnes),2023,5503
Preston City Council,Local authority collected - estimated rejects (tonnes),2014,-213
Preston City Council,Local authority collected - estimated rejects (tonnes),2015,-437
Preston City Council,Local authority collected - estimated rejects (tonnes),2016,528
Preston City Council,Local authority collected - estimated rejects (tonnes),2017,809
Preston City Council,Local authority collected - estimated rejects (tonnes),2018,537
Preston City Council,Local authority collected - estimated rejects (tonnes),2019,1051
Preston City Council,Local authority collected - estimated rejects (tonnes),2020,534
Preston City Council,Local authority collected - estimated rejects (tonnes),2021,505
Preston City Council,Local authority collected - estimated rejects (tonnes),2022,75
Preston City Council,Local authority collected - estimated rejects (tonnes),2023,773
Preston City Council,Local authority collected waste - not sent for recycling (tonnes),2014,36107
Preston City Council,Local authority collected waste - not sent for recycling (tonnes),2015,39682
Preston City Council,Local authority collected waste - not sent for recycling (tonnes),2016,43131
Preston City Council,Local authority collected waste - not sent for recycling (tonnes),2017,41133
Preston City Council,Local authority collected waste - not sent for recycling (tonnes),2018,39413
Preston City Council,Local authority collected waste - not sent for recycling (tonnes),2019,38766
Preston City Council,Local authority collected waste - not sent for recycling (tonnes),2020,42307
Preston City Council,Local authority collected waste - not sent for recycling (tonnes),2021,40341
Preston City Council,Local authority collected waste - not sent for recycling (tonnes),2022,39889
Preston City Council,Local authority collected waste - not sent for recycling (tonnes),2023,41226
Preston City Council,Local authority collected waste - sent for recycling-composting-reuse (tonnes),2014,20556
Preston City Council,Local authority collected waste - sent for recycling-composting-reuse (tonnes),2015,20880
Preston City Council,Local authority collected waste - sent for recycling-composting-reuse (tonnes),2016,18125
Preston City Council,Local authority collected waste - sent for recycling-composting-reuse (tonnes),2017,16332
Preston City Council,Local authority collected waste - sent for recycling-composting-reuse (tonnes),2018,17217
Preston City Council,Local authority collected waste - sent for recycling-composting-reuse (tonnes),2019,17037
Preston City Council,Local authority collected waste - sent for recycling-composting-reuse (tonnes),2020,19159
Preston City Council,Local authority collected waste - sent for recycling-composting-reuse (tonnes),2021,18603
Preston City Council,Local authority collected waste - sent for recycling-composting-reuse (tonnes),2022,16861
Preston City Council,Local authority collected waste - sent for recycling-composting-reuse (tonnes),2023,15496
Preston City Council,Non-household - estimated rejects (tonnes),2014,0
Preston City Council,Non-household - estimated rejects (tonnes),2015,0
Preston City Council,Non-household - estimated rejects (tonnes),2016,0
Preston City Council,Non-household - estimated rejects (tonnes),2017,0
Preston City Council,Non-household - estimated rejects (tonnes),2018,0
Preston City Council,Non-household - estimated rejects (tonnes),2019,0
Preston City Council,Non-household - estimated rejects (tonnes),2020,0
Preston City Council,Non-household - estimated rejects (tonnes),2021,0
Preston City Council,Non-household - estimated rejects (tonnes),2022,0
Preston City Council,Non-household - estimated rejects (tonnes),2023,0
Preston City Council,Non-household - total waste (tonnes),2014,6128
Preston City Council,Non-household - total waste (tonnes),2015,7282
Preston City Council,Non-household - total waste (tonnes),2016,7359
Preston City Council,Non-household - total waste (tonnes),2017,6279
Preston City Council,Non-household - total waste (tonnes),2018,5538
Preston City Council,Non-household - total waste (tonnes),2019,4338
Preston City Council,Non-household - total waste (tonnes),2020,3850
Preston City Council,Non-household - total waste (tonnes),2021,4262
Preston City Council,Non-household - total waste (tonnes),2022,4542
Preston City Council,Non-household - total waste (tonnes),2023,4670
Preston City Council,Non-household - waste not sent for recycling (tonnes),2014,5574
Preston City Council,Non-household - waste not sent for recycling (tonnes),2015,6704
Preston City Council,Non-household - waste not sent for recycling (tonnes),2016,6143
Preston City Council,Non-household - waste not sent for recycling (tonnes),2017,5226
Preston City Council,Non-household - waste not sent for recycling (tonnes),2018,4415
Preston City Council,Non-household - waste not sent for recycling (tonnes),2019,3357
Preston City Council,Non-household - waste not sent for recycling (tonnes),2020,3096
Preston City Council,Non-household - waste not sent for recycling (tonnes),2021,3326
Preston City Council,Non-household - waste not sent for recycling (tonnes),2022,3699
Preston City Council,Non-household - waste not sent for recycling (tonnes),2023,3901
Preston City Council,Non-household - waste sent for recycling-composting-reuse (tonnes),2014,554
Preston City Council,Non-household - waste sent for recycling-composting-reuse (tonnes),2015,578
Preston City Council,Non-household - waste sent for recycling-composting-reuse (tonnes),2016,1216
Preston City Council,Non-household - waste sent for recycling-composting-reuse (tonnes),2017,1053
Preston City Council,Non-household - waste sent for recycling-composting-reuse (tonnes),2018,1122
Preston City Council,Non-household - waste sent for recycling-composting-reuse (tonnes),2019,981
Preston City Council,Non-household - waste sent for recycling-composting-reuse (tonnes),2020,755
Preston City Council,Non-household - waste sent for recycling-composting-reuse (tonnes),2021,936
Preston City Council,Non-household - waste sent for recycling-composting-reuse (tonnes),2022,844
Preston City Council,Non-household - waste sent for recycling-composting-reuse (tonnes),2023,769
Preston City Council,Total local authority collected waste (tonnes),2014,56663
Preston City Council,Total local authority collected waste (tonnes),2015,60563
Preston City Council,Total local authority collected waste (tonnes),2016,61256
Preston City Council,Total local authority collected waste (tonnes),2017,57465
Preston City Council,Total local authority collected waste (tonnes),2018,56631
Preston City Council,Total local authority collected waste (tonnes),2019,55803
Preston City Council,Total local authority collected waste (tonnes),2020,61466
Preston City Council,Total local authority collected waste (tonnes),2021,58944
Preston City Council,Total local authority collected waste (tonnes),2022,56750
Preston City Council,Total local authority collected waste (tonnes),2023,56722
Ribble Valley Borough Council,Household - civic amenity sites (not recycled) (tonnes),2014,0
Ribble Valley Borough Council,Household - civic amenity sites (not recycled) (tonnes),2015,0
Ribble Valley Borough Council,Household - civic amenity sites (not recycled) (tonnes),2016,0
Ribble Valley Borough Council,Household - civic amenity sites (not recycled) (tonnes),2017,0
Ribble Valley Borough Council,Household - civic amenity sites (not recycled) (tonnes),2018,0
Ribble Valley Borough Council,Household - civic amenity sites (not recycled) (tonnes),2019,0
Ribble Valley Borough Council,Household - civic amenity sites (not recycled) (tonnes),2020,0
Ribble Valley Borough Council,Household - civic amenity sites (not recycled) (tonnes),2021,0
Ribble Valley Borough Council,Household - civic amenity sites (not recycled) (tonnes),2022,0
Ribble Valley Borough Council,Household - civic amenity sites (not recycled) (tonnes),2023,0
Ribble Valley Borough Council,Household - estimated rejects (tonnes),2014,67
Ribble Valley Borough Council,Household - estimated rejects (tonnes),2015,54
Ribble Valley Borough Council,Household - estimated rejects (tonnes),2016,50
Ribble Valley Borough Council,Household - estimated rejects (tonnes),2017,527
Ribble Valley Borough Council,Household - estimated rejects (tonnes),2018,502
Ribble Valley Borough Council,Household - estimated rejects (tonnes),2019,231
Ribble Valley Borough Council,Household - estimated rejects (tonnes),2020,459
Ribble Valley Borough Council,Household - estimated rejects (tonnes),2021,401
Ribble Valley Borough Council,Household - estimated rejects (tonnes),2022,534
Ribble Valley Borough Council,Household - estimated rejects (tonnes),2023,458
Ribble Valley Borough Council,Household - other sources (not recycled) (tonnes),2014,0
Ribble Valley Borough Council,Household - other sources (not recycled) (tonnes),2015,754
Ribble Valley Borough Council,Household - other sources (not recycled) (tonnes),2016,604
Ribble Valley Borough Council,Household - other sources (not recycled) (tonnes),2017,363
Ribble Valley Borough Council,Household - other sources (not recycled) (tonnes),2018,395
Ribble Valley Borough Council,Household - other sources (not recycled) (tonnes),2019,917
Ribble Valley Borough Council,Household - other sources (not recycled) (tonnes),2020,611
Ribble Valley Borough Council,Household - other sources (not recycled) (tonnes),2021,842
Ribble Valley Borough Council,Household - other sources (not recycled) (tonnes),2022,991
Ribble Valley Borough Council,Household - other sources (not recycled) (tonnes),2023,1308
Ribble Valley Borough Council,Household - regular collection (not recycled) (tonnes),2014,13691
Ribble Valley Borough Council,Household - regular collection (not recycled) (tonnes),2015,13101
Ribble Valley Borough Council,Household - regular collection (not recycled) (tonnes),2016,13944
Ribble Valley Borough Council,Household - regular collection (not recycled) (tonnes),2017,15435
Ribble Valley Borough Council,Household - regular collection (not recycled) (tonnes),2018,14728
Ribble Valley Borough Council,Household - regular collection (not recycled) (tonnes),2019,14554
Ribble Valley Borough Council,Household - regular collection (not recycled) (tonnes),2020,16273
Ribble Valley Borough Council,Household - regular collection (not recycled) (tonnes),2021,14364
Ribble Valley Borough Council,Household - regular collection (not recycled) (tonnes),2022,13614
Ribble Valley Borough Council,Household - regular collection (not recycled) (tonnes),2023,13128
Ribble Valley Borough Council,Household - total waste (tonnes),2014,22406
Ribble Valley Borough Council,Household - total waste (tonnes),2015,23220
Ribble Valley Borough Council,Household - total waste (tonnes),2016,23184
Ribble Valley Borough Council,Household - total waste (tonnes),2017,23599
Ribble Valley Borough Council,Household - total waste (tonnes),2018,22869
Ribble Valley Borough Council,Household - total waste (tonnes),2019,24007
Ribble Valley Borough Council,Household - total waste (tonnes),2020,26503
Ribble Valley Borough Council,Household - total waste (tonnes),2021,24999
Ribble Valley Borough Council,Household - total waste (tonnes),2022,23832
Ribble Valley Borough Council,Household - total waste (tonnes),2023,24275
Ribble Valley Borough Council,Household - waste not sent for recycling (tonnes),2014,13758
Ribble Valley Borough Council,Household - waste not sent for recycling (tonnes),2015,13909
Ribble Valley Borough Council,Household - waste not sent for recycling (tonnes),2016,14598
Ribble Valley Borough Council,Household - waste not sent for recycling (tonnes),2017,16325
Ribble Valley Borough Council,Household - waste not sent for recycling (tonnes),2018,15625
Ribble Valley Borough Council,Household - waste not sent for recycling (tonnes),2019,15702
Ribble Valley Borough Council,Household - waste not sent for recycling (tonnes),2020,17344
Ribble Valley Borough Council,Household - waste not sent for recycling (tonnes),2021,15607
Ribble Valley Borough Council,Household - waste not sent for recycling (tonnes),2022,15139
Ribble Valley Borough Council,Household - waste not sent for recycling (tonnes),2023,14894
Ribble Valley Borough Council,Household - waste sent for recycling-composting-reuse (tonnes),2014,8648
Ribble Valley Borough Council,Household - waste sent for recycling-composting-reuse (tonnes),2015,9311
Ribble Valley Borough Council,Household - waste sent for recycling-composting-reuse (tonnes),2016,8586
Ribble Valley Borough Council,Household - waste sent for recycling-composting-reuse (tonnes),2017,7274
Ribble Valley Borough Council,Household - waste sent for recycling-composting-reuse (tonnes),2018,7244
Ribble Valley Borough Council,Household - waste sent for recycling-composting-reuse (tonnes),2019,8305
Ribble Valley Borough Council,Household - waste sent for recycling-composting-reuse (tonnes),2020,9159
Ribble Valley Borough Council,Household - waste sent for recycling-composting-reuse (tonnes),2021,9392
Ribble Valley Borough Council,Household - waste sent for recycling-composting-reuse (tonnes),2022,8694
Ribble Valley Borough Council,Household - waste sent for recycling-composting-reuse (tonnes),2023,9380
Ribble Valley Borough Council,Household dry recycling-reuse (tonnes),2014,5040
Ribble Valley Borough Council,Household dry recycling-reuse (tonnes),2015,4990
Ribble Valley Borough Council,Household dry recycling-reuse (tonnes),2016,4692
Ribble Valley Borough Council,Household dry recycling-reuse (tonnes),2017,3986
Ribble Valley Borough Council,Household dry recycling-reuse (tonnes),2018,3920
Ribble Valley Borough Council,Household dry recycling-reuse (tonnes),2019,4203
Ribble Valley Borough Council,Household dry recycling-reuse (tonnes),2020,4874
Ribble Valley Borough Council,Household dry recycling-reuse (tonnes),2021,5154
Ribble Valley Borough Council,Household dry recycling-reuse (tonnes),2022,4770
Ribble Valley Borough Council,Household dry recycling-reuse (tonnes),2023,4750
Ribble Valley Borough Council,Household green recycling-reuse (tonnes),2014,3608
Ribble Valley Borough Council,Household green recycling-reuse (tonnes),2015,4322
Ribble Valley Borough Council,Household green recycling-reuse (tonnes),2016,3894
Ribble Valley Borough Council,Household green recycling-reuse (tonnes),2017,3289
Ribble Valley Borough Council,Household green recycling-reuse (tonnes),2018,3325
Ribble Valley Borough Council,Household green recycling-reuse (tonnes),2019,4102
Ribble Valley Borough Council,Household green recycling-reuse (tonnes),2020,4285
Ribble Valley Borough Council,Household green recycling-reuse (tonnes),2021,4238
Ribble Valley Borough Council,Household green recycling-reuse (tonnes),2022,3924
Ribble Valley Borough Council,Household green recycling-reuse (tonnes),2023,4631
Ribble Valley Borough Council,Local authority collected - estimated rejects (tonnes),2014,67
Ribble Valley Borough Council,Local authority collected - estimated rejects (tonnes),2015,54
Ribble Valley Borough Council,Local authority collected - estimated rejects (tonnes),2016,50
Ribble Valley Borough Council,Local authority collected - estimated rejects (tonnes),2017,527
Ribble Valley Borough Council,Local authority collected - estimated rejects (tonnes),2018,502
Ribble Valley Borough Council,Local authority collected - estimated rejects (tonnes),2019,231
Ribble Valley Borough Council,Local authority collected - estimated rejects (tonnes),2020,459
Ribble Valley Borough Council,Local authority collected - estimated rejects (tonnes),2021,401
Ribble Valley Borough Council,Local authority collected - estimated rejects (tonnes),2022,534
Ribble Valley Borough Council,Local authority collected - estimated rejects (tonnes),2023,458
Ribble Valley Borough Council,Local authority collected waste - not sent for recycling (tonnes),2014,14560
Ribble Valley Borough Council,Local authority collected waste - not sent for recycling (tonnes),2015,14804
Ribble Valley Borough Council,Local authority collected waste - not sent for recycling (tonnes),2016,15658
Ribble Valley Borough Council,Local authority collected waste - not sent for recycling (tonnes),2017,17697
Ribble Valley Borough Council,Local authority collected waste - not sent for recycling (tonnes),2018,17017
Ribble Valley Borough Council,Local authority collected waste - not sent for recycling (tonnes),2019,17149
Ribble Valley Borough Council,Local authority collected waste - not sent for recycling (tonnes),2020,18500
Ribble Valley Borough Council,Local authority collected waste - not sent for recycling (tonnes),2021,16818
Ribble Valley Borough Council,Local authority collected waste - not sent for recycling (tonnes),2022,16493
Ribble Valley Borough Council,Local authority collected waste - not sent for recycling (tonnes),2023,16266
Ribble Valley Borough Council,Local authority collected waste - sent for recycling-composting-reuse (tonnes),2014,8668
Ribble Valley Borough Council,Local authority collected waste - sent for recycling-composting-reuse (tonnes),2015,9368
Ribble Valley Borough Council,Local authority collected waste - sent for recycling-composting-reuse (tonnes),2016,8627
Ribble Valley Borough Council,Local authority collected waste - sent for recycling-composting-reuse (tonnes),2017,7310
Ribble Valley Borough Council,Local authority collected waste - sent for recycling-composting-reuse (tonnes),2018,7299
Ribble Valley Borough Council,Local authority collected waste - sent for recycling-composting-reuse (tonnes),2019,8386
Ribble Valley Borough Council,Local authority collected waste - sent for recycling-composting-reuse (tonnes),2020,9192
Ribble Valley Borough Council,Local authority collected waste - sent for recycling-composting-reuse (tonnes),2021,9566
Ribble Valley Borough Council,Local authority collected waste - sent for recycling-composting-reuse (tonnes),2022,8780
Ribble Valley Borough Council,Local authority collected waste - sent for recycling-composting-reuse (tonnes),2023,9490
Ribble Valley Borough Council,Non-household - estimated rejects (tonnes),2014,0
Ribble Valley Borough Council,Non-household - estimated rejects (tonnes),2015,0
Ribble Valley Borough Council,Non-household - estimated rejects (tonnes),2016,0
Ribble Valley Borough Council,Non-household - estimated rejects (tonnes),2017,0
Ribble Valley Borough Council,Non-household - estimated rejects (tonnes),2018,0
Ribble Valley Borough Council,Non-household - estimated rejects (tonnes),2019,0
Ribble Valley Borough Council,Non-household - estimated rejects (tonnes),2020,0
Ribble Valley Borough Council,Non-household - estimated rejects (tonnes),2021,0
Ribble Valley Borough Council,Non-household - estimated rejects (tonnes),2022,0
Ribble Valley Borough Council,Non-household - estimated rejects (tonnes),2023,0
Ribble Valley Borough Council,Non-household - total waste (tonnes),2014,822
Ribble Valley Borough Council,Non-household - total waste (tonnes),2015,952
Ribble Valley Borough Council,Non-household - total waste (tonnes),2016,1101
Ribble Valley Borough Council,Non-household - total waste (tonnes),2017,1408
Ribble Valley Borough Council,Non-household - total waste (tonnes),2018,1447
Ribble Valley Borough Council,Non-household - total waste (tonnes),2019,1528
Ribble Valley Borough Council,Non-household - total waste (tonnes),2020,1189
Ribble Valley Borough Council,Non-household - total waste (tonnes),2021,1385
Ribble Valley Borough Council,Non-household - total waste (tonnes),2022,1440
Ribble Valley Borough Council,Non-household - total waste (tonnes),2023,1481
Ribble Valley Borough Council,Non-household - waste not sent for recycling (tonnes),2014,802
Ribble Valley Borough Council,Non-household - waste not sent for recycling (tonnes),2015,895
Ribble Valley Borough Council,Non-household - waste not sent for recycling (tonnes),2016,1060
Ribble Valley Borough Council,Non-household - waste not sent for recycling (tonnes),2017,1373
Ribble Valley Borough Council,Non-household - waste not sent for recycling (tonnes),2018,1392
Ribble Valley Borough Council,Non-household - waste not sent for recycling (tonnes),2019,1447
Ribble Valley Borough Council,Non-household - waste not sent for recycling (tonnes),2020,1156
Ribble Valley Borough Council,Non-household - waste not sent for recycling (tonnes),2021,1211
Ribble Valley Borough Council,Non-household - waste not sent for recycling (tonnes),2022,1354
Ribble Valley Borough Council,Non-household - waste not sent for recycling (tonnes),2023,1372
Ribble Valley Borough Council,Non-household - waste sent for recycling-composting-reuse (tonnes),2014,20
Ribble Valley Borough Council,Non-household - waste sent for recycling-composting-reuse (tonnes),2015,57
Ribble Valley Borough Council,Non-household - waste sent for recycling-composting-reuse (tonnes),2016,41
Ribble Valley Borough Council,Non-household - waste sent for recycling-composting-reuse (tonnes),2017,35
Ribble Valley Borough Council,Non-household - waste sent for recycling-composting-reuse (tonnes),2018,55
Ribble Valley Borough Council,Non-household - waste sent for recycling-composting-reuse (tonnes),2019,81
Ribble Valley Borough Council,Non-household - waste sent for recycling-composting-reuse (tonnes),2020,33
Ribble Valley Borough Council,Non-household - waste sent for recycling-composting-reuse (tonnes),2021,174
Ribble Valley Borough Council,Non-household - waste sent for recycling-composting-reuse (tonnes),2022,86
Ribble Valley Borough Council,Non-household - waste sent for recycling-composting-reuse (tonnes),2023,110
Ribble Valley Borough Council,Total local authority collected waste (tonnes),2014,23227
Ribble Valley Borough Council,Total local authority collected waste (tonnes),2015,24172
Ribble Valley Borough Council,Total local authority collected waste (tonnes),2016,24285
Ribble Valley Borough Council,Total local authority collected waste (tonnes),2017,25007
Ribble Valley Borough Council,Total local authority collected waste (tonnes),2018,24316
Ribble Valley Borough Council,Total local authority collected waste (tonnes),2019,25535
Ribble Valley Borough Council,Total local authority collected waste (tonnes),2020,27692
Ribble Valley Borough Council,Total local authority collected waste (tonnes),2021,26384
Ribble Valley Borough Council,Total local authority collected waste (tonnes),2022,25272
Ribble Valley Borough Council,Total local authority collected waste (tonnes),2023,25756
Rossendale Borough Council,Household - civic amenity sites (not recycled) (tonnes),2014,0
Rossendale Borough Council,Household - civic amenity sites (not recycled) (tonnes),2015,0
Rossendale Borough Council,Household - civic amenity sites (not recycled) (tonnes),2016,0
Rossendale Borough Council,Household - civic amenity sites (not recycled) (tonnes),2017,0
Rossendale Borough Council,Household - civic amenity sites (not recycled) (tonnes),2018,0
Rossendale Borough Council,Household - civic amenity sites (not recycled) (tonnes),2019,0
Rossendale Borough Council,Household - civic amenity sites (not recycled) (tonnes),2020,0
Rossendale Borough Council,Household - civic amenity sites (not recycled) (tonnes),2021,0
Rossendale Borough Council,Household - civic amenity sites (not recycled) (tonnes),2022,0
Rossendale Borough Council,Household - civic amenity sites (not recycled) (tonnes),2023,0
Rossendale Borough Council,Household - estimated rejects (tonnes),2014,193
Rossendale Borough Council,Household - estimated rejects (tonnes),2015,168
Rossendale Borough Council,Household - estimated rejects (tonnes),2016,175
Rossendale Borough Council,Household - estimated rejects (tonnes),2017,175
Rossendale Borough Council,Household - estimated rejects (tonnes),2018,189
Rossendale Borough Council,Household - estimated rejects (tonnes),2019,209
Rossendale Borough Council,Household - estimated rejects (tonnes),2020,385
Rossendale Borough Council,Household - estimated rejects (tonnes),2021,556
Rossendale Borough Council,Household - estimated rejects (tonnes),2022,932
Rossendale Borough Council,Household - estimated rejects (tonnes),2023,1172
Rossendale Borough Council,Household - other sources (not recycled) (tonnes),2014,1638
Rossendale Borough Council,Household - other sources (not recycled) (tonnes),2015,1095
Rossendale Borough Council,Household - other sources (not recycled) (tonnes),2016,1256
Rossendale Borough Council,Household - other sources (not recycled) (tonnes),2017,926
Rossendale Borough Council,Household - other sources (not recycled) (tonnes),2018,447
Rossendale Borough Council,Household - other sources (not recycled) (tonnes),2019,160
Rossendale Borough Council,Household - other sources (not recycled) (tonnes),2020,431
Rossendale Borough Council,Household - other sources (not recycled) (tonnes),2021,1130
Rossendale Borough Council,Household - other sources (not recycled) (tonnes),2022,1353
Rossendale Borough Council,Household - other sources (not recycled) (tonnes),2023,1255
Rossendale Borough Council,Household - regular collection (not recycled) (tonnes),2014,14102
Rossendale Borough Council,Household - regular collection (not recycled) (tonnes),2015,14918
Rossendale Borough Council,Household - regular collection (not recycled) (tonnes),2016,14584
Rossendale Borough Council,Household - regular collection (not recycled) (tonnes),2017,14703
Rossendale Borough Council,Household - regular collection (not recycled) (tonnes),2018,15521
Rossendale Borough Council,Household - regular collection (not recycled) (tonnes),2019,16417
Rossendale Borough Council,Household - regular collection (not recycled) (tonnes),2020,16088
Rossendale Borough Council,Household - regular collection (not recycled) (tonnes),2021,15577
Rossendale Borough Council,Household - regular collection (not recycled) (tonnes),2022,14267
Rossendale Borough Council,Household - regular collection (not recycled) (tonnes),2023,14387
Rossendale Borough Council,Household - total waste (tonnes),2014,23727
Rossendale Borough Council,Household - total waste (tonnes),2015,24398
Rossendale Borough Council,Household - total waste (tonnes),2016,24467
Rossendale Borough Council,Household - total waste (tonnes),2017,23977
Rossendale Borough Council,Household - total waste (tonnes),2018,23604
Rossendale Borough Council,Household - total waste (tonnes),2019,23958
Rossendale Borough Council,Household - total waste (tonnes),2020,25597
Rossendale Borough Council,Household - total waste (tonnes),2021,25717
Rossendale Borough Council,Household - total waste (tonnes),2022,24165
Rossendale Borough Council,Household - total waste (tonnes),2023,24209
Rossendale Borough Council,Household - waste not sent for recycling (tonnes),2014,15933
Rossendale Borough Council,Household - waste not sent for recycling (tonnes),2015,16181
Rossendale Borough Council,Household - waste not sent for recycling (tonnes),2016,16015
Rossendale Borough Council,Household - waste not sent for recycling (tonnes),2017,15805
Rossendale Borough Council,Household - waste not sent for recycling (tonnes),2018,16158
Rossendale Borough Council,Household - waste not sent for recycling (tonnes),2019,16786
Rossendale Borough Council,Household - waste not sent for recycling (tonnes),2020,16904
Rossendale Borough Council,Household - waste not sent for recycling (tonnes),2021,17263
Rossendale Borough Council,Household - waste not sent for recycling (tonnes),2022,16552
Rossendale Borough Council,Household - waste not sent for recycling (tonnes),2023,16814
Rossendale Borough Council,Household - waste sent for recycling-composting-reuse (tonnes),2014,7794
Rossendale Borough Council,Household - waste sent for recycling-composting-reuse (tonnes),2015,8217
Rossendale Borough Council,Household - waste sent for recycling-composting-reuse (tonnes),2016,8451
Rossendale Borough Council,Household - waste sent for recycling-composting-reuse (tonnes),2017,8173
Rossendale Borough Council,Household - waste sent for recycling-composting-reuse (tonnes),2018,7446
Rossendale Borough Council,Household - waste sent for recycling-composting-reuse (tonnes),2019,7172
Rossendale Borough Council,Household - waste sent for recycling-composting-reuse (tonnes),2020,8692
Rossendale Borough Council,Household - waste sent for recycling-composting-reuse (tonnes),2021,8454
Rossendale Borough Council,Household - waste sent for recycling-composting-reuse (tonnes),2022,7613
Rossendale Borough Council,Household - waste sent for recycling-composting-reuse (tonnes),2023,7395
Rossendale Borough Council,Household dry recycling-reuse (tonnes),2014,5313
Rossendale Borough Council,Household dry recycling-reuse (tonnes),2015,5417
Rossendale Borough Council,Household dry recycling-reuse (tonnes),2016,5749
Rossendale Borough Council,Household dry recycling-reuse (tonnes),2017,5590
Rossendale Borough Council,Household dry recycling-reuse (tonnes),2018,5538
Rossendale Borough Council,Household dry recycling-reuse (tonnes),2019,5335
Rossendale Borough Council,Household dry recycling-reuse (tonnes),2020,6472
Rossendale Borough Council,Household dry recycling-reuse (tonnes),2021,6018
Rossendale Borough Council,Household dry recycling-reuse (tonnes),2022,5482
Rossendale Borough Council,Household dry recycling-reuse (tonnes),2023,4969
Rossendale Borough Council,Household green recycling-reuse (tonnes),2014,2481
Rossendale Borough Council,Household green recycling-reuse (tonnes),2015,2799
Rossendale Borough Council,Household green recycling-reuse (tonnes),2016,2703
Rossendale Borough Council,Household green recycling-reuse (tonnes),2017,2583
Rossendale Borough Council,Household green recycling-reuse (tonnes),2018,1907
Rossendale Borough Council,Household green recycling-reuse (tonnes),2019,1837
Rossendale Borough Council,Household green recycling-reuse (tonnes),2020,2220
Rossendale Borough Council,Household green recycling-reuse (tonnes),2021,2437
Rossendale Borough Council,Household green recycling-reuse (tonnes),2022,2131
Rossendale Borough Council,Household green recycling-reuse (tonnes),2023,2426
Rossendale Borough Council,Local authority collected - estimated rejects (tonnes),2014,193
Rossendale Borough Council,Local authority collected - estimated rejects (tonnes),2015,168
Rossendale Borough Council,Local authority collected - estimated rejects (tonnes),2016,175
Rossendale Borough Council,Local authority collected - estimated rejects (tonnes),2017,175
Rossendale Borough Council,Local authority collected - estimated rejects (tonnes),2018,189
Rossendale Borough Council,Local authority collected - estimated rejects (tonnes),2019,209
Rossendale Borough Council,Local authority collected - estimated rejects (tonnes),2020,385
Rossendale Borough Council,Local authority collected - estimated rejects (tonnes),2021,556
Rossendale Borough Council,Local authority collected - estimated rejects (tonnes),2022,932
Rossendale Borough Council,Local authority collected - estimated rejects (tonnes),2023,1172
Rossendale Borough Council,Local authority collected waste - not sent for recycling (tonnes),2014,16776
Rossendale Borough Council,Local authority collected waste - not sent for recycling (tonnes),2015,17290
Rossendale Borough Council,Local authority collected waste - not sent for recycling (tonnes),2016,16884
Rossendale Borough Council,Local authority collected waste - not sent for recycling (tonnes),2017,16902
Rossendale Borough Council,Local authority collected waste - not sent for recycling (tonnes),2018,17318
Rossendale Borough Council,Local authority collected waste - not sent for recycling (tonnes),2019,17825
Rossendale Borough Council,Local authority collected waste - not sent for recycling (tonnes),2020,17907
Rossendale Borough Council,Local authority collected waste - not sent for recycling (tonnes),2021,18434
Rossendale Borough Council,Local authority collected waste - not sent for recycling (tonnes),2022,17771
Rossendale Borough Council,Local authority collected waste - not sent for recycling (tonnes),2023,18041
Rossendale Borough Council,Local authority collected waste - sent for recycling-composting-reuse (tonnes),2014,8089
Rossendale Borough Council,Local authority collected waste - sent for recycling-composting-reuse (tonnes),2015,8626
Rossendale Borough Council,Local authority collected waste - sent for recycling-composting-reuse (tonnes),2016,9085
Rossendale Borough Council,Local authority collected waste - sent for recycling-composting-reuse (tonnes),2017,8590
Rossendale Borough Council,Local authority collected waste - sent for recycling-composting-reuse (tonnes),2018,7887
Rossendale Borough Council,Local authority collected waste - sent for recycling-composting-reuse (tonnes),2019,7611
Rossendale Borough Council,Local authority collected waste - sent for recycling-composting-reuse (tonnes),2020,9080
Rossendale Borough Council,Local authority collected waste - sent for recycling-composting-reuse (tonnes),2021,8886
Rossendale Borough Council,Local authority collected waste - sent for recycling-composting-reuse (tonnes),2022,8181
Rossendale Borough Council,Local authority collected waste - sent for recycling-composting-reuse (tonnes),2023,7938
Rossendale Borough Council,Non-household - estimated rejects (tonnes),2014,0
Rossendale Borough Council,Non-household - estimated rejects (tonnes),2015,0
Rossendale Borough Council,Non-household - estimated rejects (tonnes),2016,0
Rossendale Borough Council,Non-household - estimated rejects (tonnes),2017,0
Rossendale Borough Council,Non-household - estimated rejects (tonnes),2018,0
Rossendale Borough Council,Non-household - estimated rejects (tonnes),2019,0
Rossendale Borough Council,Non-household - estimated rejects (tonnes),2020,0
Rossendale Borough Council,Non-household - estimated rejects (tonnes),2021,0
Rossendale Borough Council,Non-household - estimated rejects (tonnes),2022,0
Rossendale Borough Council,Non-household - estimated rejects (tonnes),2023,0
Rossendale Borough Council,Non-household - total waste (tonnes),2014,1139
Rossendale Borough Council,Non-household - total waste (tonnes),2015,1518
Rossendale Borough Council,Non-household - total waste (tonnes),2016,1502
Rossendale Borough Council,Non-household - total waste (tonnes),2017,1515
Rossendale Borough Council,Non-household - total waste (tonnes),2018,1601
Rossendale Borough Council,Non-household - total waste (tonnes),2019,1478
Rossendale Borough Council,Non-household - total waste (tonnes),2020,1390
Rossendale Borough Council,Non-household - total waste (tonnes),2021,1603
Rossendale Borough Council,Non-household - total waste (tonnes),2022,1787
Rossendale Borough Council,Non-household - total waste (tonnes),2023,1770
Rossendale Borough Council,Non-household - waste not sent for recycling (tonnes),2014,843
Rossendale Borough Council,Non-household - waste not sent for recycling (tonnes),2015,1109
Rossendale Borough Council,Non-household - waste not sent for recycling (tonnes),2016,868
Rossendale Borough Council,Non-household - waste not sent for recycling (tonnes),2017,1097
Rossendale Borough Council,Non-household - waste not sent for recycling (tonnes),2018,1160
Rossendale Borough Council,Non-household - waste not sent for recycling (tonnes),2019,1038
Rossendale Borough Council,Non-household - waste not sent for recycling (tonnes),2020,1002
Rossendale Borough Council,Non-household - waste not sent for recycling (tonnes),2021,1171
Rossendale Borough Council,Non-household - waste not sent for recycling (tonnes),2022,1219
Rossendale Borough Council,Non-household - waste not sent for recycling (tonnes),2023,1227
Rossendale Borough Council,Non-household - waste sent for recycling-composting-reuse (tonnes),2014,296
Rossendale Borough Council,Non-household - waste sent for recycling-composting-reuse (tonnes),2015,409
Rossendale Borough Council,Non-household - waste sent for recycling-composting-reuse (tonnes),2016,633
Rossendale Borough Council,Non-household - waste sent for recycling-composting-reuse (tonnes),2017,417
Rossendale Borough Council,Non-household - waste sent for recycling-composting-reuse (tonnes),2018,441
Rossendale Borough Council,Non-household - waste sent for recycling-composting-reuse (tonnes),2019,440
Rossendale Borough Council,Non-household - waste sent for recycling-composting-reuse (tonnes),2020,388
Rossendale Borough Council,Non-household - waste sent for recycling-composting-reuse (tonnes),2021,432
Rossendale Borough Council,Non-household - waste sent for recycling-composting-reuse (tonnes),2022,568
Rossendale Borough Council,Non-household - waste sent for recycling-composting-reuse (tonnes),2023,543
Rossendale Borough Council,Total local authority collected waste (tonnes),2014,24866
Rossendale Borough Council,Total local authority collected waste (tonnes),2015,25915
Rossendale Borough Council,Total local authority collected waste (tonnes),2016,25968
Rossendale Borough Council,Total local authority collected waste (tonnes),2017,25492
Rossendale Borough Council,Total local authority collected waste (tonnes),2018,25205
Rossendale Borough Council,Total local authority collected waste (tonnes),2019,25436
Rossendale Borough Council,Total local authority collected waste (tonnes),2020,26987
Rossendale Borough Council,Total local authority collected waste (tonnes),2021,27320
Rossendale Borough Council,Total local authority collected waste (tonnes),2022,25952
Rossendale Borough Council,Total local authority collected waste (tonnes),2023,25979
South Ribble Borough Council,Household - civic amenity sites (not recycled) (tonnes),2014,0
South Ribble Borough Council,Household - civic amenity sites (not recycled) (tonnes),2015,0
South Ribble Borough Council,Household - civic amenity sites (not recycled) (tonnes),2016,0
South Ribble Borough Council,Household - civic amenity sites (not recycled) (tonnes),2017,0
South Ribble Borough Council,Household - civic amenity sites (not recycled) (tonnes),2018,0
South Ribble Borough Council,Household - civic amenity sites (not recycled) (tonnes),2019,0
South Ribble Borough Council,Household - civic amenity sites (not recycled) (tonnes),2020,0
South Ribble Borough Council,Household - civic amenity sites (not recycled) (tonnes),2021,0
South Ribble Borough Council,Household - civic amenity sites (not recycled) (tonnes),2022,0
South Ribble Borough Council,Household - civic amenity sites (not recycled) (tonnes),2023,0
South Ribble Borough Council,Household - estimated rejects (tonnes),2014,611
South Ribble Borough Council,Household - estimated rejects (tonnes),2015,1109
South Ribble Borough Council,Household - estimated rejects (tonnes),2016,1217
South Ribble Borough Council,Household - estimated rejects (tonnes),2017,1337
South Ribble Borough Council,Household - estimated rejects (tonnes),2018,1325
South Ribble Borough Council,Household - estimated rejects (tonnes),2019,615
South Ribble Borough Council,Household - estimated rejects (tonnes),2020,1404
South Ribble Borough Council,Household - estimated rejects (tonnes),2021,1096
South Ribble Borough Council,Household - estimated rejects (tonnes),2022,1380
South Ribble Borough Council,Household - estimated rejects (tonnes),2023,1315
South Ribble Borough Council,Household - other sources (not recycled) (tonnes),2014,2297
South Ribble Borough Council,Household - other sources (not recycled) (tonnes),2015,2423
South Ribble Borough Council,Household - other sources (not recycled) (tonnes),2016,2236
South Ribble Borough Council,Household - other sources (not recycled) (tonnes),2017,2363
South Ribble Borough Council,Household - other sources (not recycled) (tonnes),2018,2480
South Ribble Borough Council,Household - other sources (not recycled) (tonnes),2019,2199
South Ribble Borough Council,Household - other sources (not recycled) (tonnes),2020,2397
South Ribble Borough Council,Household - other sources (not recycled) (tonnes),2021,2181
South Ribble Borough Council,Household - other sources (not recycled) (tonnes),2022,2120
South Ribble Borough Council,Household - other sources (not recycled) (tonnes),2023,2250
South Ribble Borough Council,Household - regular collection (not recycled) (tonnes),2014,18804
South Ribble Borough Council,Household - regular collection (not recycled) (tonnes),2015,18738
South Ribble Borough Council,Household - regular collection (not recycled) (tonnes),2016,19803
South Ribble Borough Council,Household - regular collection (not recycled) (tonnes),2017,19524
South Ribble Borough Council,Household - regular collection (not recycled) (tonnes),2018,19367
South Ribble Borough Council,Household - regular collection (not recycled) (tonnes),2019,19281
South Ribble Borough Council,Household - regular collection (not recycled) (tonnes),2020,21688
South Ribble Borough Council,Household - regular collection (not recycled) (tonnes),2021,20282
South Ribble Borough Council,Household - regular collection (not recycled) (tonnes),2022,18694
South Ribble Borough Council,Household - regular collection (not recycled) (tonnes),2023,19760
South Ribble Borough Council,Household - total waste (tonnes),2014,42908
South Ribble Borough Council,Household - total waste (tonnes),2015,43975
South Ribble Borough Council,Household - total waste (tonnes),2016,44211
South Ribble Borough Council,Household - total waste (tonnes),2017,43406
South Ribble Borough Council,Household - total waste (tonnes),2018,40471
South Ribble Borough Council,Household - total waste (tonnes),2019,41059
South Ribble Borough Council,Household - total waste (tonnes),2020,46726
South Ribble Borough Council,Household - total waste (tonnes),2021,43237
South Ribble Borough Council,Household - total waste (tonnes),2022,40787
South Ribble Borough Council,Household - total waste (tonnes),2023,41296
South Ribble Borough Council,Household - waste not sent for recycling (tonnes),2014,21711
South Ribble Borough Council,Household - waste not sent for recycling (tonnes),2015,22270
South Ribble Borough Council,Household - waste not sent for recycling (tonnes),2016,23257
South Ribble Borough Council,Household - waste not sent for recycling (tonnes),2017,23223
South Ribble Borough Council,Household - waste not sent for recycling (tonnes),2018,23172
South Ribble Borough Council,Household - waste not sent for recycling (tonnes),2019,22095
South Ribble Borough Council,Household - waste not sent for recycling (tonnes),2020,25489
South Ribble Borough Council,Household - waste not sent for recycling (tonnes),2021,23558
South Ribble Borough Council,Household - waste not sent for recycling (tonnes),2022,22194
South Ribble Borough Council,Household - waste not sent for recycling (tonnes),2023,23324
South Ribble Borough Council,Household - waste sent for recycling-composting-reuse (tonnes),2014,21197
South Ribble Borough Council,Household - waste sent for recycling-composting-reuse (tonnes),2015,21705
South Ribble Borough Council,Household - waste sent for recycling-composting-reuse (tonnes),2016,20955
South Ribble Borough Council,Household - waste sent for recycling-composting-reuse (tonnes),2017,20183
South Ribble Borough Council,Household - waste sent for recycling-composting-reuse (tonnes),2018,17299
South Ribble Borough Council,Household - waste sent for recycling-composting-reuse (tonnes),2019,18964
South Ribble Borough Council,Household - waste sent for recycling-composting-reuse (tonnes),2020,21237
South Ribble Borough Council,Household - waste sent for recycling-composting-reuse (tonnes),2021,19679
South Ribble Borough Council,Household - waste sent for recycling-composting-reuse (tonnes),2022,18593
South Ribble Borough Council,Household - waste sent for recycling-composting-reuse (tonnes),2023,17972
South Ribble Borough Council,Household dry recycling-reuse (tonnes),2014,10459
South Ribble Borough Council,Household dry recycling-reuse (tonnes),2015,10122
South Ribble Borough Council,Household dry recycling-reuse (tonnes),2016,9480
South Ribble Borough Council,Household dry recycling-reuse (tonnes),2017,9578
South Ribble Borough Council,Household dry recycling-reuse (tonnes),2018,9515
South Ribble Borough Council,Household dry recycling-reuse (tonnes),2019,10130
South Ribble Borough Council,Household dry recycling-reuse (tonnes),2020,11468
South Ribble Borough Council,Household dry recycling-reuse (tonnes),2021,10723
South Ribble Borough Council,Household dry recycling-reuse (tonnes),2022,10195
South Ribble Borough Council,Household dry recycling-reuse (tonnes),2023,9168
South Ribble Borough Council,Household green recycling-reuse (tonnes),2014,10738
South Ribble Borough Council,Household green recycling-reuse (tonnes),2015,11583
South Ribble Borough Council,Household green recycling-reuse (tonnes),2016,11474
South Ribble Borough Council,Household green recycling-reuse (tonnes),2017,10605
South Ribble Borough Council,Household green recycling-reuse (tonnes),2018,7784
South Ribble Borough Council,Household green recycling-reuse (tonnes),2019,8834
South Ribble Borough Council,Household green recycling-reuse (tonnes),2020,9769
South Ribble Borough Council,Household green recycling-reuse (tonnes),2021,8955
South Ribble Borough Council,Household green recycling-reuse (tonnes),2022,8398
South Ribble Borough Council,Household green recycling-reuse (tonnes),2023,8804
South Ribble Borough Council,Local authority collected - estimated rejects (tonnes),2014,611
South Ribble Borough Council,Local authority collected - estimated rejects (tonnes),2015,1109
South Ribble Borough Council,Local authority collected - estimated rejects (tonnes),2016,1217
South Ribble Borough Council,Local authority collected - estimated rejects (tonnes),2017,1337
South Ribble Borough Council,Local authority collected - estimated rejects (tonnes),2018,1325
South Ribble Borough Council,Local authority collected - estimated rejects (tonnes),2019,615
South Ribble Borough Council,Local authority collected - estimated rejects (tonnes),2020,1404
South Ribble Borough Council,Local authority collected - estimated rejects (tonnes),2021,1096
South Ribble Borough Council,Local authority collected - estimated rejects (tonnes),2022,1380
South Ribble Borough Council,Local authority collected - estimated rejects (tonnes),2023,1315
South Ribble Borough Council,Local authority collected waste - not sent for recycling (tonnes),2014,23644
South Ribble Borough Council,Local authority collected waste - not sent for recycling (tonnes),2015,24161
South Ribble Borough Council,Local authority collected waste - not sent for recycling (tonnes),2016,24676
South Ribble Borough Council,Local authority collected waste - not sent for recycling (tonnes),2017,24779
South Ribble Borough Council,Local authority collected waste - not sent for recycling (tonnes),2018,24828
South Ribble Borough Council,Local authority collected waste - not sent for recycling (tonnes),2019,24063
South Ribble Borough Council,Local authority collected waste - not sent for recycling (tonnes),2020,27416
South Ribble Borough Council,Local authority collected waste - not sent for recycling (tonnes),2021,25572
South Ribble Borough Council,Local authority collected waste - not sent for recycling (tonnes),2022,23993
South Ribble Borough Council,Local authority collected waste - not sent for recycling (tonnes),2023,25204
South Ribble Borough Council,Local authority collected waste - sent for recycling-composting-reuse (tonnes),2014,21298
South Ribble Borough Council,Local authority collected waste - sent for recycling-composting-reuse (tonnes),2015,21877
South Ribble Borough Council,Local authority collected waste - sent for recycling-composting-reuse (tonnes),2016,21575
South Ribble Borough Council,Local authority collected waste - sent for recycling-composting-reuse (tonnes),2017,20552
South Ribble Borough Council,Local authority collected waste - sent for recycling-composting-reuse (tonnes),2018,17470
South Ribble Borough Council,Local authority collected waste - sent for recycling-composting-reuse (tonnes),2019,19203
South Ribble Borough Council,Local authority collected waste - sent for recycling-composting-reuse (tonnes),2020,21398
South Ribble Borough Council,Local authority collected waste - sent for recycling-composting-reuse (tonnes),2021,19896
South Ribble Borough Council,Local authority collected waste - sent for recycling-composting-reuse (tonnes),2022,18853
South Ribble Borough Council,Local authority collected waste - sent for recycling-composting-reuse (tonnes),2023,18146
South Ribble Borough Council,Non-household - estimated rejects (tonnes),2014,0
South Ribble Borough Council,Non-household - estimated rejects (tonnes),2015,0
South Ribble Borough Council,Non-household - estimated rejects (tonnes),2016,0
South Ribble Borough Council,Non-household - estimated rejects (tonnes),2017,0
South Ribble Borough Council,Non-household - estimated rejects (tonnes),2018,0
South Ribble Borough Council,Non-household - estimated rejects (tonnes),2019,0
South Ribble Borough Council,Non-household - estimated rejects (tonnes),2020,0
South Ribble Borough Council,Non-household - estimated rejects (tonnes),2021,0
South Ribble Borough Council,Non-household - estimated rejects (tonnes),2022,0
South Ribble Borough Council,Non-household - estimated rejects (tonnes),2023,0
South Ribble Borough Council,Non-household - total waste (tonnes),2014,2034
South Ribble Borough Council,Non-household - total waste (tonnes),2015,2064
South Ribble Borough Council,Non-household - total waste (tonnes),2016,2039
South Ribble Borough Council,Non-household - total waste (tonnes),2017,1925
South Ribble Borough Council,Non-household - total waste (tonnes),2018,1827
South Ribble Borough Council,Non-household - total waste (tonnes),2019,2207
South Ribble Borough Council,Non-household - total waste (tonnes),2020,2088
South Ribble Borough Council,Non-household - total waste (tonnes),2021,2231
South Ribble Borough Council,Non-household - total waste (tonnes),2022,2059
South Ribble Borough Council,Non-household - total waste (tonnes),2023,2055
South Ribble Borough Council,Non-household - waste not sent for recycling (tonnes),2014,1933
South Ribble Borough Council,Non-household - waste not sent for recycling (tonnes),2015,1891
South Ribble Borough Council,Non-household - waste not sent for recycling (tonnes),2016,1419
South Ribble Borough Council,Non-household - waste not sent for recycling (tonnes),2017,1555
South Ribble Borough Council,Non-household - waste not sent for recycling (tonnes),2018,1657
South Ribble Borough Council,Non-household - waste not sent for recycling (tonnes),2019,1968
South Ribble Borough Council,Non-household - waste not sent for recycling (tonnes),2020,1928
South Ribble Borough Council,Non-household - waste not sent for recycling (tonnes),2021,2013
South Ribble Borough Council,Non-household - waste not sent for recycling (tonnes),2022,1799
South Ribble Borough Council,Non-household - waste not sent for recycling (tonnes),2023,1880
South Ribble Borough Council,Non-household - waste sent for recycling-composting-reuse (tonnes),2014,101
South Ribble Borough Council,Non-household - waste sent for recycling-composting-reuse (tonnes),2015,172
South Ribble Borough Council,Non-household - waste sent for recycling-composting-reuse (tonnes),2016,620
South Ribble Borough Council,Non-household - waste sent for recycling-composting-reuse (tonnes),2017,369
South Ribble Borough Council,Non-household - waste sent for recycling-composting-reuse (tonnes),2018,170
South Ribble Borough Council,Non-household - waste sent for recycling-composting-reuse (tonnes),2019,239
South Ribble Borough Council,Non-household - waste sent for recycling-composting-reuse (tonnes),2020,161
South Ribble Borough Council,Non-household - waste sent for recycling-composting-reuse (tonnes),2021,217
South Ribble Borough Council,Non-household - waste sent for recycling-composting-reuse (tonnes),2022,260
South Ribble Borough Council,Non-household - waste sent for recycling-composting-reuse (tonnes),2023,175
South Ribble Borough Council,Total local authority collected waste (tonnes),2014,44942
South Ribble Borough Council,Total local authority collected waste (tonnes),2015,46038
South Ribble Borough Council,Total local authority collected waste (tonnes),2016,46251
South Ribble Borough Council,Total local authority collected waste (tonnes),2017,45331
South Ribble Borough Council,Total local authority collected waste (tonnes),2018,42298
South Ribble Borough Council,Total local authority collected waste (tonnes),2019,43266
South Ribble Borough Council,Total local authority collected waste (tonnes),2020,48814
South Ribble Borough Council,Total local authority collected waste (tonnes),2021,45468
South Ribble Borough Council,Total local authority collected waste (tonnes),2022,42847
South Ribble Borough Council,Total local authority collected waste (tonnes),2023,43351
West Lancashire Borough Council,Household - civic amenity sites (not recycled) (tonnes),2014,0
West Lancashire Borough Council,Household - civic amenity sites (not recycled) (tonnes),2015,0
West Lancashire Borough Council,Household - civic amenity sites (not recycled) (tonnes),2016,0
West Lancashire Borough Council,Household - civic amenity sites (not recycled) (tonnes),2017,0
West Lancashire Borough Council,Household - civic amenity sites (not recycled) (tonnes),2018,0
West Lancashire Borough Council,Household - civic amenity sites (not recycled) (tonnes),2019,0
West Lancashire Borough Council,Household - civic amenity sites (not recycled) (tonnes),2020,0
West Lancashire Borough Council,Household - civic amenity sites (not recycled) (tonnes),2021,0
West Lancashire Borough Council,Household - civic amenity sites (not recycled) (tonnes),2022,0
West Lancashire Borough Council,Household - civic amenity sites (not recycled) (tonnes),2023,0
West Lancashire Borough Council,Household - estimated rejects (tonnes),2014,274
West Lancashire Borough Council,Household - estimated rejects (tonnes),2015,873
West Lancashire Borough Council,Household - estimated rejects (tonnes),2016,1051
West Lancashire Borough Council,Household - estimated rejects (tonnes),2017,1308
West Lancashire Borough Council,Household - estimated rejects (tonnes),2018,1265
West Lancashire Borough Council,Household - estimated rejects (tonnes),2019,848
West Lancashire Borough Council,Household - estimated rejects (tonnes),2020,792
West Lancashire Borough Council,Household - estimated rejects (tonnes),2021,601
West Lancashire Borough Council,Household - estimated rejects (tonnes),2022,910
West Lancashire Borough Council,Household - estimated rejects (tonnes),2023,945
West Lancashire Borough Council,Household - other sources (not recycled) (tonnes),2014,1023
West Lancashire Borough Council,Household - other sources (not recycled) (tonnes),2015,1093
West Lancashire Borough Council,Household - other sources (not recycled) (tonnes),2016,914
West Lancashire Borough Council,Household - other sources (not recycled) (tonnes),2017,1942
West Lancashire Borough Council,Household - other sources (not recycled) (tonnes),2018,3198
West Lancashire Borough Council,Household - other sources (not recycled) (tonnes),2019,3474
West Lancashire Borough Council,Household - other sources (not recycled) (tonnes),2020,2815
West Lancashire Borough Council,Household - other sources (not recycled) (tonnes),2021,4067
West Lancashire Borough Council,Household - other sources (not recycled) (tonnes),2022,3719
West Lancashire Borough Council,Household - other sources (not recycled) (tonnes),2023,2967
West Lancashire Borough Council,Household - regular collection (not recycled) (tonnes),2014,23659
West Lancashire Borough Council,Household - regular collection (not recycled) (tonnes),2015,22846
West Lancashire Borough Council,Household - regular collection (not recycled) (tonnes),2016,22865
West Lancashire Borough Council,Household - regular collection (not recycled) (tonnes),2017,21464
West Lancashire Borough Council,Household - regular collection (not recycled) (tonnes),2018,19647
West Lancashire Borough Council,Household - regular collection (not recycled) (tonnes),2019,19371
West Lancashire Borough Council,Household - regular collection (not recycled) (tonnes),2020,22000
West Lancashire Borough Council,Household - regular collection (not recycled) (tonnes),2021,21228
West Lancashire Borough Council,Household - regular collection (not recycled) (tonnes),2022,21145
West Lancashire Borough Council,Household - regular collection (not recycled) (tonnes),2023,21513
West Lancashire Borough Council,Household - total waste (tonnes),2014,45636
West Lancashire Borough Council,Household - total waste (tonnes),2015,47154
West Lancashire Borough Council,Household - total waste (tonnes),2016,46954
West Lancashire Borough Council,Household - total waste (tonnes),2017,43315
West Lancashire Borough Council,Household - total waste (tonnes),2018,42872
West Lancashire Borough Council,Household - total waste (tonnes),2019,44417
West Lancashire Borough Council,Household - total waste (tonnes),2020,49328
West Lancashire Borough Council,Household - total waste (tonnes),2021,49302
West Lancashire Borough Council,Household - total waste (tonnes),2022,46443
West Lancashire Borough Council,Household - total waste (tonnes),2023,46246
West Lancashire Borough Council,Household - waste not sent for recycling (tonnes),2014,24956
West Lancashire Borough Council,Household - waste not sent for recycling (tonnes),2015,24812
West Lancashire Borough Council,Household - waste not sent for recycling (tonnes),2016,24830
West Lancashire Borough Council,Household - waste not sent for recycling (tonnes),2017,24714
West Lancashire Borough Council,Household - waste not sent for recycling (tonnes),2018,24110
West Lancashire Borough Council,Household - waste not sent for recycling (tonnes),2019,23692
West Lancashire Borough Council,Household - waste not sent for recycling (tonnes),2020,25607
West Lancashire Borough Council,Household - waste not sent for recycling (tonnes),2021,25896
West Lancashire Borough Council,Household - waste not sent for recycling (tonnes),2022,25774
West Lancashire Borough Council,Household - waste not sent for recycling (tonnes),2023,25425
West Lancashire Borough Council,Household - waste sent for recycling-composting-reuse (tonnes),2014,20679
West Lancashire Borough Council,Household - waste sent for recycling-composting-reuse (tonnes),2015,22342
West Lancashire Borough Council,Household - waste sent for recycling-composting-reuse (tonnes),2016,22124
West Lancashire Borough Council,Household - waste sent for recycling-composting-reuse (tonnes),2017,18601
West Lancashire Borough Council,Household - waste sent for recycling-composting-reuse (tonnes),2018,18762
West Lancashire Borough Council,Household - waste sent for recycling-composting-reuse (tonnes),2019,20726
West Lancashire Borough Council,Household - waste sent for recycling-composting-reuse (tonnes),2020,23721
West Lancashire Borough Council,Household - waste sent for recycling-composting-reuse (tonnes),2021,23407
West Lancashire Borough Council,Household - waste sent for recycling-composting-reuse (tonnes),2022,20669
West Lancashire Borough Council,Household - waste sent for recycling-composting-reuse (tonnes),2023,20821
West Lancashire Borough Council,Household dry recycling-reuse (tonnes),2014,9901
West Lancashire Borough Council,Household dry recycling-reuse (tonnes),2015,10591
West Lancashire Borough Council,Household dry recycling-reuse (tonnes),2016,10057
West Lancashire Borough Council,Household dry recycling-reuse (tonnes),2017,9353
West Lancashire Borough Council,Household dry recycling-reuse (tonnes),2018,9759
West Lancashire Borough Council,Household dry recycling-reuse (tonnes),2019,10713
West Lancashire Borough Council,Household dry recycling-reuse (tonnes),2020,12867
West Lancashire Borough Council,Household dry recycling-reuse (tonnes),2021,13380
West Lancashire Borough Council,Household dry recycling-reuse (tonnes),2022,11721
West Lancashire Borough Council,Household dry recycling-reuse (tonnes),2023,11204
West Lancashire Borough Council,Household green recycling-reuse (tonnes),2014,10778
West Lancashire Borough Council,Household green recycling-reuse (tonnes),2015,11751
West Lancashire Borough Council,Household green recycling-reuse (tonnes),2016,12066
West Lancashire Borough Council,Household green recycling-reuse (tonnes),2017,9248
West Lancashire Borough Council,Household green recycling-reuse (tonnes),2018,9003
West Lancashire Borough Council,Household green recycling-reuse (tonnes),2019,10013
West Lancashire Borough Council,Household green recycling-reuse (tonnes),2020,10854
West Lancashire Borough Council,Household green recycling-reuse (tonnes),2021,10027
West Lancashire Borough Council,Household green recycling-reuse (tonnes),2022,8949
West Lancashire Borough Council,Household green recycling-reuse (tonnes),2023,9617
West Lancashire Borough Council,Local authority collected - estimated rejects (tonnes),2014,274
West Lancashire Borough Council,Local authority collected - estimated rejects (tonnes),2015,873
West Lancashire Borough Council,Local authority collected - estimated rejects (tonnes),2016,1051
West Lancashire Borough Council,Local authority collected - estimated rejects (tonnes),2017,1308
West Lancashire Borough Council,Local authority collected - estimated rejects (tonnes),2018,1265
West Lancashire Borough Council,Local authority collected - estimated rejects (tonnes),2019,848
West Lancashire Borough Council,Local authority collected - estimated rejects (tonnes),2020,792
West Lancashire Borough Council,Local authority collected - estimated rejects (tonnes),2021,601
West Lancashire Borough Council,Local authority collected - estimated rejects (tonnes),2022,910
West Lancashire Borough Council,Local authority collected - estimated rejects (tonnes),2023,945
West Lancashire Borough Council,Local authority collected waste - not sent for recycling (tonnes),2014,27757
West Lancashire Borough Council,Local authority collected waste - not sent for recycling (tonnes),2015,27149
West Lancashire Borough Council,Local authority collected waste - not sent for recycling (tonnes),2016,27194
West Lancashire Borough Council,Local authority collected waste - not sent for recycling (tonnes),2017,27106
West Lancashire Borough Council,Local authority collected waste - not sent for recycling (tonnes),2018,26428
West Lancashire Borough Council,Local authority collected waste - not sent for recycling (tonnes),2019,25069
West Lancashire Borough Council,Local authority collected waste - not sent for recycling (tonnes),2020,28193
West Lancashire Borough Council,Local authority collected waste - not sent for recycling (tonnes),2021,27692
West Lancashire Borough Council,Local authority collected waste - not sent for recycling (tonnes),2022,27769
West Lancashire Borough Council,Local authority collected waste - not sent for recycling (tonnes),2023,27156
West Lancashire Borough Council,Local authority collected waste - sent for recycling-composting-reuse (tonnes),2014,20709
West Lancashire Borough Council,Local authority collected waste - sent for recycling-composting-reuse (tonnes),2015,22573
West Lancashire Borough Council,Local authority collected waste - sent for recycling-composting-reuse (tonnes),2016,22348
West Lancashire Borough Council,Local authority collected waste - sent for recycling-composting-reuse (tonnes),2017,18782
West Lancashire Borough Council,Local authority collected waste - sent for recycling-composting-reuse (tonnes),2018,18951
West Lancashire Borough Council,Local authority collected waste - sent for recycling-composting-reuse (tonnes),2019,21170
West Lancashire Borough Council,Local authority collected waste - sent for recycling-composting-reuse (tonnes),2020,23923
West Lancashire Borough Council,Local authority collected waste - sent for recycling-composting-reuse (tonnes),2021,23614
West Lancashire Borough Council,Local authority collected waste - sent for recycling-composting-reuse (tonnes),2022,20849
West Lancashire Borough Council,Local authority collected waste - sent for recycling-composting-reuse (tonnes),2023,20976
West Lancashire Borough Council,Non-household - estimated rejects (tonnes),2014,0
West Lancashire Borough Council,Non-household - estimated rejects (tonnes),2015,0
West Lancashire Borough Council,Non-household - estimated rejects (tonnes),2016,0
West Lancashire Borough Council,Non-household - estimated rejects (tonnes),2017,0
West Lancashire Borough Council,Non-household - estimated rejects (tonnes),2018,0
West Lancashire Borough Council,Non-household - estimated rejects (tonnes),2019,0
West Lancashire Borough Council,Non-household - estimated rejects (tonnes),2020,0
West Lancashire Borough Council,Non-household - estimated rejects (tonnes),2021,0
West Lancashire Borough Council,Non-household - estimated rejects (tonnes),2022,0
West Lancashire Borough Council,Non-household - estimated rejects (tonnes),2023,0
West Lancashire Borough Council,Non-household - total waste (tonnes),2014,2831
West Lancashire Borough Council,Non-household - total waste (tonnes),2015,2569
West Lancashire Borough Council,Non-household - total waste (tonnes),2016,2588
West Lancashire Borough Council,Non-household - total waste (tonnes),2017,2573
West Lancashire Borough Council,Non-household - total waste (tonnes),2018,2507
West Lancashire Borough Council,Non-household - total waste (tonnes),2019,1821
West Lancashire Borough Council,Non-household - total waste (tonnes),2020,2788
West Lancashire Borough Council,Non-household - total waste (tonnes),2021,2004
West Lancashire Borough Council,Non-household - total waste (tonnes),2022,2175
West Lancashire Borough Council,Non-household - total waste (tonnes),2023,1887
West Lancashire Borough Council,Non-household - waste not sent for recycling (tonnes),2014,2801
West Lancashire Borough Council,Non-household - waste not sent for recycling (tonnes),2015,2337
West Lancashire Borough Council,Non-household - waste not sent for recycling (tonnes),2016,2364
West Lancashire Borough Council,Non-household - waste not sent for recycling (tonnes),2017,2392
West Lancashire Borough Council,Non-household - waste not sent for recycling (tonnes),2018,2318
West Lancashire Borough Council,Non-household - waste not sent for recycling (tonnes),2019,1377
West Lancashire Borough Council,Non-household - waste not sent for recycling (tonnes),2020,2586
West Lancashire Borough Council,Non-household - waste not sent for recycling (tonnes),2021,1796
West Lancashire Borough Council,Non-household - waste not sent for recycling (tonnes),2022,1995
West Lancashire Borough Council,Non-household - waste not sent for recycling (tonnes),2023,1731
West Lancashire Borough Council,Non-household - waste sent for recycling-composting-reuse (tonnes),2014,30
West Lancashire Borough Council,Non-household - waste sent for recycling-composting-reuse (tonnes),2015,231
West Lancashire Borough Council,Non-household - waste sent for recycling-composting-reuse (tonnes),2016,224
West Lancashire Borough Council,Non-household - waste sent for recycling-composting-reuse (tonnes),2017,182
West Lancashire Borough Council,Non-household - waste sent for recycling-composting-reuse (tonnes),2018,189
West Lancashire Borough Council,Non-household - waste sent for recycling-composting-reuse (tonnes),2019,444
West Lancashire Borough Council,Non-household - waste sent for recycling-composting-reuse (tonnes),2020,202
West Lancashire Borough Council,Non-household - waste sent for recycling-composting-reuse (tonnes),2021,208
West Lancashire Borough Council,Non-household - waste sent for recycling-composting-reuse (tonnes),2022,180
West Lancashire Borough Council,Non-household - waste sent for recycling-composting-reuse (tonnes),2023,155
West Lancashire Borough Council,Total local authority collected waste (tonnes),2014,48466
West Lancashire Borough Council,Total local authority collected waste (tonnes),2015,49722
West Lancashire Borough Council,Total local authority collected waste (tonnes),2016,49542
West Lancashire Borough Council,Total local authority collected waste (tonnes),2017,45888
West Lancashire Borough Council,Total local authority collected waste (tonnes),2018,45379
West Lancashire Borough Council,Total local authority collected waste (tonnes),2019,46239
West Lancashire Borough Council,Total local authority collected waste (tonnes),2020,52116
West Lancashire Borough Council,Total local authority collected waste (tonnes),2021,51306
West Lancashire Borough Council,Total local authority collected waste (tonnes),2022,48618
West Lancashire Borough Council,Total local authority collected waste (tonnes),2023,48132
Wyre Borough Council,Household - civic amenity sites (not recycled) (tonnes),2014,0
Wyre Borough Council,Household - civic amenity sites (not recycled) (tonnes),2015,0
Wyre Borough Council,Household - civic amenity sites (not recycled) (tonnes),2016,0
Wyre Borough Council,Household - civic amenity sites (not recycled) (tonnes),2017,0
Wyre Borough Council,Household - civic amenity sites (not recycled) (tonnes),2018,0
Wyre Borough Council,Household - civic amenity sites (not recycled) (tonnes),2019,0
Wyre Borough Council,Household - civic amenity sites (not recycled) (tonnes),2020,0
Wyre Borough Council,Household - civic amenity sites (not recycled) (tonnes),2021,0
Wyre Borough Council,Household - civic amenity sites (not recycled) (tonnes),2022,0
Wyre Borough Council,Household - civic amenity sites (not recycled) (tonnes),2023,0
Wyre Borough Council,Household - estimated rejects (tonnes),2014,69
Wyre Borough Council,Household - estimated rejects (tonnes),2015,557
Wyre Borough Council,Household - estimated rejects (tonnes),2016,629
Wyre Borough Council,Household - estimated rejects (tonnes),2017,980
Wyre Borough Council,Household - estimated rejects (tonnes),2018,951
Wyre Borough Council,Household - estimated rejects (tonnes),2019,433
Wyre Borough Council,Household - estimated rejects (tonnes),2020,646
Wyre Borough Council,Household - estimated rejects (tonnes),2021,717
Wyre Borough Council,Household - estimated rejects (tonnes),2022,1139
Wyre Borough Council,Household - estimated rejects (tonnes),2023,963
Wyre Borough Council,Household - other sources (not recycled) (tonnes),2014,1798
Wyre Borough Council,Household - other sources (not recycled) (tonnes),2015,1894
Wyre Borough Council,Household - other sources (not recycled) (tonnes),2016,2155
Wyre Borough Council,Household - other sources (not recycled) (tonnes),2017,2139
Wyre Borough Council,Household - other sources (not recycled) (tonnes),2018,2048
Wyre Borough Council,Household - other sources (not recycled) (tonnes),2019,2152
Wyre Borough Council,Household - other sources (not recycled) (tonnes),2020,2083
Wyre Borough Council,Household - other sources (not recycled) (tonnes),2021,2030
Wyre Borough Council,Household - other sources (not recycled) (tonnes),2022,2094
Wyre Borough Council,Household - other sources (not recycled) (tonnes),2023,2305
Wyre Borough Council,Household - regular collection (not recycled) (tonnes),2014,19098
Wyre Borough Council,Household - regular collection (not recycled) (tonnes),2015,18938
Wyre Borough Council,Household - regular collection (not recycled) (tonnes),2016,20415
Wyre Borough Council,Household - regular collection (not recycled) (tonnes),2017,20705
Wyre Borough Council,Household - regular collection (not recycled) (tonnes),2018,20463
Wyre Borough Council,Household - regular collection (not recycled) (tonnes),2019,20094
Wyre Borough Council,Household - regular collection (not recycled) (tonnes),2020,22826
Wyre Borough Council,Household - regular collection (not recycled) (tonnes),2021,21166
Wyre Borough Council,Household - regular collection (not recycled) (tonnes),2022,22181
Wyre Borough Council,Household - regular collection (not recycled) (tonnes),2023,21269
Wyre Borough Council,Household - total waste (tonnes),2014,42878
Wyre Borough Council,Household - total waste (tonnes),2015,44024
Wyre Borough Council,Household - total waste (tonnes),2016,42070
Wyre Borough Council,Household - total waste (tonnes),2017,41746
Wyre Borough Council,Household - total waste (tonnes),2018,41286
Wyre Borough Council,Household - total waste (tonnes),2019,41730
Wyre Borough Council,Household - total waste (tonnes),2020,46059
Wyre Borough Council,Household - total waste (tonnes),2021,44030
Wyre Borough Council,Household - total waste (tonnes),2022,42576
Wyre Borough Council,Household - total waste (tonnes),2023,42499
Wyre Borough Council,Household - waste not sent for recycling (tonnes),2014,20965
Wyre Borough Council,Household - waste not sent for recycling (tonnes),2015,21389
Wyre Borough Council,Household - waste not sent for recycling (tonnes),2016,23198
Wyre Borough Council,Household - waste not sent for recycling (tonnes),2017,23824
Wyre Borough Council,Household - waste not sent for recycling (tonnes),2018,23461
Wyre Borough Council,Household - waste not sent for recycling (tonnes),2019,22679
Wyre Borough Council,Household - waste not sent for recycling (tonnes),2020,25554
Wyre Borough Council,Household - waste not sent for recycling (tonnes),2021,23912
Wyre Borough Council,Household - waste not sent for recycling (tonnes),2022,25414
Wyre Borough Council,Household - waste not sent for recycling (tonnes),2023,24537
Wyre Borough Council,Household - waste sent for recycling-composting-reuse (tonnes),2014,21913
Wyre Borough Council,Household - waste sent for recycling-composting-reuse (tonnes),2015,22635
Wyre Borough Council,Household - waste sent for recycling-composting-reuse (tonnes),2016,18872
Wyre Borough Council,Household - waste sent for recycling-composting-reuse (tonnes),2017,17922
Wyre Borough Council,Household - waste sent for recycling-composting-reuse (tonnes),2018,17824
Wyre Borough Council,Household - waste sent for recycling-composting-reuse (tonnes),2019,19050
Wyre Borough Council,Household - waste sent for recycling-composting-reuse (tonnes),2020,20505
Wyre Borough Council,Household - waste sent for recycling-composting-reuse (tonnes),2021,20119
Wyre Borough Council,Household - waste sent for recycling-composting-reuse (tonnes),2022,17161
Wyre Borough Council,Household - waste sent for recycling-composting-reuse (tonnes),2023,17962
Wyre Borough Council,Household dry recycling-reuse (tonnes),2014,10869
Wyre Borough Council,Household dry recycling-reuse (tonnes),2015,11032
Wyre Borough Council,Household dry recycling-reuse (tonnes),2016,10921
Wyre Borough Council,Household dry recycling-reuse (tonnes),2017,10205
Wyre Borough Council,Household dry recycling-reuse (tonnes),2018,10098
Wyre Borough Council,Household dry recycling-reuse (tonnes),2019,10756
Wyre Borough Council,Household dry recycling-reuse (tonnes),2020,11865
Wyre Borough Council,Household dry recycling-reuse (tonnes),2021,12367
Wyre Borough Council,Household dry recycling-reuse (tonnes),2022,9486
Wyre Borough Council,Household dry recycling-reuse (tonnes),2023,9695
Wyre Borough Council,Household green recycling-reuse (tonnes),2014,11044
Wyre Borough Council,Household green recycling-reuse (tonnes),2015,11603
Wyre Borough Council,Household green recycling-reuse (tonnes),2016,7951
Wyre Borough Council,Household green recycling-reuse (tonnes),2017,7717
Wyre Borough Council,Household green recycling-reuse (tonnes),2018,7726
Wyre Borough Council,Household green recycling-reuse (tonnes),2019,8294
Wyre Borough Council,Household green recycling-reuse (tonnes),2020,8640
Wyre Borough Council,Household green recycling-reuse (tonnes),2021,7752
Wyre Borough Council,Household green recycling-reuse (tonnes),2022,7676
Wyre Borough Council,Household green recycling-reuse (tonnes),2023,8267
Wyre Borough Council,Local authority collected - estimated rejects (tonnes),2014,69
Wyre Borough Council,Local authority collected - estimated rejects (tonnes),2015,557
Wyre Borough Council,Local authority collected - estimated rejects (tonnes),2016,629
Wyre Borough Council,Local authority collected - estimated rejects (tonnes),2017,980
Wyre Borough Council,Local authority collected - estimated rejects (tonnes),2018,951
Wyre Borough Council,Local authority collected - estimated rejects (tonnes),2019,433
Wyre Borough Council,Local authority collected - estimated rejects (tonnes),2020,646
Wyre Borough Council,Local authority collected - estimated rejects (tonnes),2021,717
Wyre Borough Council,Local authority collected - estimated rejects (tonnes),2022,1139
Wyre Borough Council,Local authority collected - estimated rejects (tonnes),2023,963
Wyre Borough Council,Local authority collected waste - not sent for recycling (tonnes),2014,21312
Wyre Borough Council,Local authority collected waste - not sent for recycling (tonnes),2015,21797
Wyre Borough Council,Local authority collected waste - not sent for recycling (tonnes),2016,23609
Wyre Borough Council,Local authority collected waste - not sent for recycling (tonnes),2017,24175
Wyre Borough Council,Local authority collected waste - not sent for recycling (tonnes),2018,23770
Wyre Borough Council,Local authority collected waste - not sent for recycling (tonnes),2019,22945
Wyre Borough Council,Local authority collected waste - not sent for recycling (tonnes),2020,25832
Wyre Borough Council,Local authority collected waste - not sent for recycling (tonnes),2021,24187
Wyre Borough Council,Local authority collected waste - not sent for recycling (tonnes),2022,25817
Wyre Borough Council,Local authority collected waste - not sent for recycling (tonnes),2023,24889
Wyre Borough Council,Local authority collected waste - sent for recycling-composting-reuse (tonnes),2014,21913
Wyre Borough Council,Local authority collected waste - sent for recycling-composting-reuse (tonnes),2015,22635
Wyre Borough Council,Local authority collected waste - sent for recycling-composting-reuse (tonnes),2016,18882
Wyre Borough Council,Local authority collected waste - sent for recycling-composting-reuse (tonnes),2017,17922
Wyre Borough Council,Local authority collected waste - sent for recycling-composting-reuse (tonnes),2018,17831
Wyre Borough Council,Local authority collected waste - sent for recycling-composting-reuse (tonnes),2019,19073
Wyre Borough Council,Local authority collected waste - sent for recycling-composting-reuse (tonnes),2020,20531
Wyre Borough Council,Local authority collected waste - sent for recycling-composting-reuse (tonnes),2021,20152
Wyre Borough Council,Local authority collected waste - sent for recycling-composting-reuse (tonnes),2022,17176
Wyre Borough Council,Local authority collected waste - sent for recycling-composting-reuse (tonnes),2023,17988
Wyre Borough Council,Non-household - estimated rejects (tonnes),2014,0
Wyre Borough Council,Non-household - estimated rejects (tonnes),2015,0
Wyre Borough Council,Non-household - estimated rejects (tonnes),2016,0
Wyre Borough Council,Non-household - estimated rejects (tonnes),2017,0
Wyre Borough Council,Non-household - estimated rejects (tonnes),2018,0
Wyre Borough Council,Non-household - estimated rejects (tonnes),2019,0
Wyre Borough Council,Non-household - estimated rejects (tonnes),2020,0
Wyre Borough Council,Non-household - estimated rejects (tonnes),2021,0
Wyre Borough Council,Non-household - estimated rejects (tonnes),2022,0
Wyre Borough Council,Non-household - estimated rejects (tonnes),2023,0
Wyre Borough Council,Non-household - total waste (tonnes),2014,347
Wyre Borough Council,Non-household - total waste (tonnes),2015,408
Wyre Borough Council,Non-household - total waste (tonnes),2016,421
Wyre Borough Council,Non-household - total waste (tonnes),2017,351
Wyre Borough Council,Non-household - total waste (tonnes),2018,315
Wyre Borough Council,Non-household - total waste (tonnes),2019,288
Wyre Borough Council,Non-household - total waste (tonnes),2020,304
Wyre Borough Council,Non-household - total waste (tonnes),2021,309
Wyre Borough Council,Non-household - total waste (tonnes),2022,418
Wyre Borough Council,Non-household - total waste (tonnes),2023,377
Wyre Borough Council,Non-household - waste not sent for recycling (tonnes),2014,346
Wyre Borough Council,Non-household - waste not sent for recycling (tonnes),2015,408
Wyre Borough Council,Non-household - waste not sent for recycling (tonnes),2016,411
Wyre Borough Council,Non-household - waste not sent for recycling (tonnes),2017,351
Wyre Borough Council,Non-household - waste not sent for recycling (tonnes),2018,308
Wyre Borough Council,Non-household - waste not sent for recycling (tonnes),2019,266
Wyre Borough Council,Non-household - waste not sent for recycling (tonnes),2020,278
Wyre Borough Council,Non-household - waste not sent for recycling (tonnes),2021,276
Wyre Borough Council,Non-household - waste not sent for recycling (tonnes),2022,403
Wyre Borough Council,Non-household - waste not sent for recycling (tonnes),2023,351
Wyre Borough Council,Non-household - waste sent for recycling-composting-reuse (tonnes),2014,0
Wyre Borough Council,Non-household - waste sent for recycling-composting-reuse (tonnes),2015,0
Wyre Borough Council,Non-household - waste sent for recycling-composting-reuse (tonnes),2016,10
Wyre Borough Council,Non-household - waste sent for recycling-composting-reuse (tonnes),2017,0
Wyre Borough Council,Non-household - waste sent for recycling-composting-reuse (tonnes),2018,7
Wyre Borough Council,Non-household - waste sent for recycling-composting-reuse (tonnes),2019,22
Wyre Borough Council,Non-household - waste sent for recycling-composting-reuse (tonnes),2020,26
Wyre Borough Council,Non-household - waste sent for recycling-composting-reuse (tonnes),2021,34
Wyre Borough Council,Non-household - waste sent for recycling-composting-reuse (tonnes),2022,15
Wyre Borough Council,Non-household - waste sent for recycling-composting-reuse (tonnes),2023,26
Wyre Borough Council,Total local authority collected waste (tonnes),2014,43225
Wyre Borough Council,Total local authority collected waste (tonnes),2015,44432
Wyre Borough Council,Total local authority collected waste (tonnes),2016,42491
Wyre Borough Council,Total local authority collected waste (tonnes),2017,42097
Wyre Borough Council,Total local authority collected waste (tonnes),2018,41601
Wyre Borough Council,Total local authority collected waste (tonnes),2019,42017
Wyre Borough Council,Total local authority collected waste (tonnes),2020,46363
Wyre Borough Council,Total local authority collected waste (tonnes),2021,44340
Wyre Borough Council,Total local authority collected waste (tonnes),2022,42993
Wyre Borough Council,Total local authority collected waste (tonnes),2023,42876
