Local Authority,Statistics,Sex,Pay Type,Attribute,Sum of Value
Blackburn with Darwen,10 percentile,Female,Annual pay - gross,Confidence,20
Blackburn with Darwen,10 percentile,Female,Annual pay - gross,Value,9119
Blackpool,10 percentile,Female,Annual pay - gross,Confidence,143
Blackpool,10 percentile,Female,Annual pay - gross,Value,54810
Chorley,10 percentile,Female,Annual pay - gross,Confidence,125
Chorley,10 percentile,Female,Annual pay - gross,Value,53627
Fylde,10 percentile,Female,Annual pay - gross,Confidence,17
Fylde,10 percentile,Female,Annual pay - gross,Value,4539
Great Britain,10 percentile,Female,Annual pay - gross,Confidence,20.8
Great Britain,10 percentile,Female,Annual pay - gross,Value,113497
Hyndburn,10 percentile,Female,Annual pay - gross,Confidence,19
Hyndburn,10 percentile,Female,Annual pay - gross,Value,6973
Lancaster,10 percentile,Female,Annual pay - gross,Confidence,108
Lancaster,10 percentile,Female,Annual pay - gross,Value,41360
North West,10 percentile,Female,Annual pay - gross,Confidence,70.3
North West,10 percentile,Female,Annual pay - gross,Value,113331
Preston,10 percentile,Female,Annual pay - gross,Confidence,72
Preston,10 percentile,Female,Annual pay - gross,Value,24781
Ribble Valley,10 percentile,Female,Annual pay - gross,Confidence,11
Ribble Valley,10 percentile,Female,Annual pay - gross,Value,6714
Rossendale,10 percentile,Female,Annual pay - gross,Confidence,17
Rossendale,10 percentile,Female,Annual pay - gross,Value,6004
South Ribble,10 percentile,Female,Annual pay - gross,Confidence,100
South Ribble,10 percentile,Female,Annual pay - gross,Value,34766
West Lancashire,10 percentile,Female,Annual pay - gross,Confidence,67
West Lancashire,10 percentile,Female,Annual pay - gross,Value,25481
Blackburn with Darwen,10 percentile,Female,Hourly pay - gross,Confidence,39.1
Blackburn with Darwen,10 percentile,Female,Hourly pay - gross,Value,140.25
Blackpool,10 percentile,Female,Hourly pay - gross,Confidence,28.5
Blackpool,10 percentile,Female,Hourly pay - gross,Value,138.2
Burnley,10 percentile,Female,Hourly pay - gross,Confidence,95.8
Burnley,10 percentile,Female,Hourly pay - gross,Value,139.3
Chorley,10 percentile,Female,Hourly pay - gross,Confidence,46
Chorley,10 percentile,Female,Hourly pay - gross,Value,143.56
Fylde,10 percentile,Female,Hourly pay - gross,Confidence,85.6
Fylde,10 percentile,Female,Hourly pay - gross,Value,133.33
Great Britain,10 percentile,Female,Hourly pay - gross,Confidence,1.4
Great Britain,10 percentile,Female,Hourly pay - gross,Value,142.63
Hyndburn,10 percentile,Female,Hourly pay - gross,Confidence,62.2
Hyndburn,10 percentile,Female,Hourly pay - gross,Value,131.93
Lancaster,10 percentile,Female,Hourly pay - gross,Confidence,44.9
Lancaster,10 percentile,Female,Hourly pay - gross,Value,140.84
North West,10 percentile,Female,Hourly pay - gross,Confidence,3.9
North West,10 percentile,Female,Hourly pay - gross,Value,141.49
Pendle,10 percentile,Female,Hourly pay - gross,Confidence,68.1
Pendle,10 percentile,Female,Hourly pay - gross,Value,140.76
Preston,10 percentile,Female,Hourly pay - gross,Confidence,22.9
Preston,10 percentile,Female,Hourly pay - gross,Value,140.42
Ribble Valley,10 percentile,Female,Hourly pay - gross,Confidence,93.3
Ribble Valley,10 percentile,Female,Hourly pay - gross,Value,130.07
Rossendale,10 percentile,Female,Hourly pay - gross,Confidence,63
Rossendale,10 percentile,Female,Hourly pay - gross,Value,135.46
South Ribble,10 percentile,Female,Hourly pay - gross,Confidence,42.1
South Ribble,10 percentile,Female,Hourly pay - gross,Value,141.93
West Lancashire,10 percentile,Female,Hourly pay - gross,Confidence,49.6
West Lancashire,10 percentile,Female,Hourly pay - gross,Value,141.57
Wyre,10 percentile,Female,Hourly pay - gross,Confidence,76.2
Wyre,10 percentile,Female,Hourly pay - gross,Value,139.86
Blackburn with Darwen,10 percentile,Female,Weekly pay - gross,Confidence,110
Blackburn with Darwen,10 percentile,Female,Weekly pay - gross,Value,814
Blackpool,10 percentile,Female,Weekly pay - gross,Confidence,258.7
Blackpool,10 percentile,Female,Weekly pay - gross,Value,2002
Burnley,10 percentile,Female,Weekly pay - gross,Confidence,20
Burnley,10 percentile,Female,Weekly pay - gross,Value,213.1
Chorley,10 percentile,Female,Weekly pay - gross,Confidence,187.5
Chorley,10 percentile,Female,Weekly pay - gross,Value,1477.3
Fylde,10 percentile,Female,Weekly pay - gross,Confidence,59
Fylde,10 percentile,Female,Weekly pay - gross,Value,310.6
Great Britain,10 percentile,Female,Weekly pay - gross,Confidence,12.1
Great Britain,10 percentile,Female,Weekly pay - gross,Value,2171.3
Hyndburn,10 percentile,Female,Weekly pay - gross,Confidence,69
Hyndburn,10 percentile,Female,Weekly pay - gross,Value,495.5
Lancaster,10 percentile,Female,Weekly pay - gross,Confidence,126
Lancaster,10 percentile,Female,Weekly pay - gross,Value,822.1
North West,10 percentile,Female,Weekly pay - gross,Confidence,34.2
North West,10 percentile,Female,Weekly pay - gross,Value,2172.4
Pendle,10 percentile,Female,Weekly pay - gross,Confidence,38
Pendle,10 percentile,Female,Weekly pay - gross,Value,231.8
Preston,10 percentile,Female,Weekly pay - gross,Confidence,168
Preston,10 percentile,Female,Weekly pay - gross,Value,1168.6
Ribble Valley,10 percentile,Female,Weekly pay - gross,Confidence,72
Ribble Valley,10 percentile,Female,Weekly pay - gross,Value,680.3
Rossendale,10 percentile,Female,Weekly pay - gross,Confidence,102
Rossendale,10 percentile,Female,Weekly pay - gross,Value,769.7
South Ribble,10 percentile,Female,Weekly pay - gross,Confidence,199
South Ribble,10 percentile,Female,Weekly pay - gross,Value,1478.6
West Lancashire,10 percentile,Female,Weekly pay - gross,Confidence,160
West Lancashire,10 percentile,Female,Weekly pay - gross,Value,1174.3
Wyre,10 percentile,Female,Weekly pay - gross,Confidence,113.2
Wyre,10 percentile,Female,Weekly pay - gross,Value,1068.1
Blackburn with Darwen,10 percentile,Full Time Workers,Annual pay - gross,Confidence,118.4
Blackburn with Darwen,10 percentile,Full Time Workers,Annual pay - gross,Value,256238
Blackpool,10 percentile,Full Time Workers,Annual pay - gross,Confidence,64.5
Blackpool,10 percentile,Full Time Workers,Annual pay - gross,Value,184541
Burnley,10 percentile,Full Time Workers,Annual pay - gross,Confidence,119.1
Burnley,10 percentile,Full Time Workers,Annual pay - gross,Value,206851
Chorley,10 percentile,Full Time Workers,Annual pay - gross,Confidence,91.5
Chorley,10 percentile,Full Time Workers,Annual pay - gross,Value,226105
Fylde,10 percentile,Full Time Workers,Annual pay - gross,Confidence,176.3
Fylde,10 percentile,Full Time Workers,Annual pay - gross,Value,253536
Great Britain,10 percentile,Full Time Workers,Annual pay - gross,Confidence,7
Great Britain,10 percentile,Full Time Workers,Annual pay - gross,Value,303275
Hyndburn,10 percentile,Full Time Workers,Annual pay - gross,Confidence,127.5
Hyndburn,10 percentile,Full Time Workers,Annual pay - gross,Value,212710
Lancaster,10 percentile,Full Time Workers,Annual pay - gross,Confidence,115.1
Lancaster,10 percentile,Full Time Workers,Annual pay - gross,Value,260496
North West,10 percentile,Full Time Workers,Annual pay - gross,Confidence,21.7
North West,10 percentile,Full Time Workers,Annual pay - gross,Value,292492
Pendle,10 percentile,Full Time Workers,Annual pay - gross,Confidence,116.2
Pendle,10 percentile,Full Time Workers,Annual pay - gross,Value,212041
Preston,10 percentile,Full Time Workers,Annual pay - gross,Confidence,102.2
Preston,10 percentile,Full Time Workers,Annual pay - gross,Value,245299
Ribble Valley,10 percentile,Full Time Workers,Annual pay - gross,Confidence,164.4
Ribble Valley,10 percentile,Full Time Workers,Annual pay - gross,Value,244000
Rossendale,10 percentile,Full Time Workers,Annual pay - gross,Confidence,141.7
Rossendale,10 percentile,Full Time Workers,Annual pay - gross,Value,235414
South Ribble,10 percentile,Full Time Workers,Annual pay - gross,Confidence,117.7
South Ribble,10 percentile,Full Time Workers,Annual pay - gross,Value,284239
West Lancashire,10 percentile,Full Time Workers,Annual pay - gross,Confidence,137.3
West Lancashire,10 percentile,Full Time Workers,Annual pay - gross,Value,300789
Wyre,10 percentile,Full Time Workers,Annual pay - gross,Confidence,141.1
Wyre,10 percentile,Full Time Workers,Annual pay - gross,Value,228312
Blackburn with Darwen,10 percentile,Full Time Workers,Hourly pay - gross,Confidence,42
Blackburn with Darwen,10 percentile,Full Time Workers,Hourly pay - gross,Value,148
Blackpool,10 percentile,Full Time Workers,Hourly pay - gross,Confidence,34.5
Blackpool,10 percentile,Full Time Workers,Hourly pay - gross,Value,141.81
Burnley,10 percentile,Full Time Workers,Hourly pay - gross,Confidence,71
Burnley,10 percentile,Full Time Workers,Hourly pay - gross,Value,148.96
Chorley,10 percentile,Full Time Workers,Hourly pay - gross,Confidence,64
Chorley,10 percentile,Full Time Workers,Hourly pay - gross,Value,157.09
Fylde,10 percentile,Full Time Workers,Hourly pay - gross,Confidence,84.4
Fylde,10 percentile,Full Time Workers,Hourly pay - gross,Value,154.77
Great Britain,10 percentile,Full Time Workers,Hourly pay - gross,Confidence,2.7
Great Britain,10 percentile,Full Time Workers,Hourly pay - gross,Value,156.61
Hyndburn,10 percentile,Full Time Workers,Hourly pay - gross,Confidence,53
Hyndburn,10 percentile,Full Time Workers,Hourly pay - gross,Value,147.31
Lancaster,10 percentile,Full Time Workers,Hourly pay - gross,Confidence,47.2
Lancaster,10 percentile,Full Time Workers,Hourly pay - gross,Value,149.17
North West,10 percentile,Full Time Workers,Hourly pay - gross,Confidence,7.5
North West,10 percentile,Full Time Workers,Hourly pay - gross,Value,152.82
Pendle,10 percentile,Full Time Workers,Hourly pay - gross,Confidence,61.8
Pendle,10 percentile,Full Time Workers,Hourly pay - gross,Value,145.97
Preston,10 percentile,Full Time Workers,Hourly pay - gross,Confidence,39.3
Preston,10 percentile,Full Time Workers,Hourly pay - gross,Value,146.67
Ribble Valley,10 percentile,Full Time Workers,Hourly pay - gross,Confidence,93.9
Ribble Valley,10 percentile,Full Time Workers,Hourly pay - gross,Value,158.84
Rossendale,10 percentile,Full Time Workers,Hourly pay - gross,Confidence,66
Rossendale,10 percentile,Full Time Workers,Hourly pay - gross,Value,150.39
South Ribble,10 percentile,Full Time Workers,Hourly pay - gross,Confidence,57.8
South Ribble,10 percentile,Full Time Workers,Hourly pay - gross,Value,155.41
West Lancashire,10 percentile,Full Time Workers,Hourly pay - gross,Confidence,62.5
West Lancashire,10 percentile,Full Time Workers,Hourly pay - gross,Value,153.84
Wyre,10 percentile,Full Time Workers,Hourly pay - gross,Confidence,68.9
Wyre,10 percentile,Full Time Workers,Hourly pay - gross,Value,151.33
Blackburn with Darwen,10 percentile,Full Time Workers,Weekly pay - gross,Confidence,65.5
Blackburn with Darwen,10 percentile,Full Time Workers,Weekly pay - gross,Value,5552.6
Blackpool,10 percentile,Full Time Workers,Weekly pay - gross,Confidence,57.3
Blackpool,10 percentile,Full Time Workers,Weekly pay - gross,Value,5372.6
Burnley,10 percentile,Full Time Workers,Weekly pay - gross,Confidence,89.8
Burnley,10 percentile,Full Time Workers,Weekly pay - gross,Value,5670.9
Chorley,10 percentile,Full Time Workers,Weekly pay - gross,Confidence,78.1
Chorley,10 percentile,Full Time Workers,Weekly pay - gross,Value,6059.6
Fylde,10 percentile,Full Time Workers,Weekly pay - gross,Confidence,103.9
Fylde,10 percentile,Full Time Workers,Weekly pay - gross,Value,5942.2
Great Britain,10 percentile,Full Time Workers,Weekly pay - gross,Confidence,3.1
Great Britain,10 percentile,Full Time Workers,Weekly pay - gross,Value,6069.9
Hyndburn,10 percentile,Full Time Workers,Weekly pay - gross,Confidence,88.2
Hyndburn,10 percentile,Full Time Workers,Weekly pay - gross,Value,5574.8
Lancaster,10 percentile,Full Time Workers,Weekly pay - gross,Confidence,66.4
Lancaster,10 percentile,Full Time Workers,Weekly pay - gross,Value,5815.9
North West,10 percentile,Full Time Workers,Weekly pay - gross,Confidence,8.6
North West,10 percentile,Full Time Workers,Weekly pay - gross,Value,5879
Pendle,10 percentile,Full Time Workers,Weekly pay - gross,Confidence,89.2
Pendle,10 percentile,Full Time Workers,Weekly pay - gross,Value,5507.5
Preston,10 percentile,Full Time Workers,Weekly pay - gross,Confidence,67.2
Preston,10 percentile,Full Time Workers,Weekly pay - gross,Value,5725.5
Ribble Valley,10 percentile,Full Time Workers,Weekly pay - gross,Confidence,114.4
Ribble Valley,10 percentile,Full Time Workers,Weekly pay - gross,Value,6135.8
Rossendale,10 percentile,Full Time Workers,Weekly pay - gross,Confidence,86.1
Rossendale,10 percentile,Full Time Workers,Weekly pay - gross,Value,5811.5
South Ribble,10 percentile,Full Time Workers,Weekly pay - gross,Confidence,69
South Ribble,10 percentile,Full Time Workers,Weekly pay - gross,Value,5927.8
West Lancashire,10 percentile,Full Time Workers,Weekly pay - gross,Confidence,80.8
West Lancashire,10 percentile,Full Time Workers,Weekly pay - gross,Value,5961.3
Wyre,10 percentile,Full Time Workers,Weekly pay - gross,Confidence,85.5
Wyre,10 percentile,Full Time Workers,Weekly pay - gross,Value,5672.8
Blackburn with Darwen,10 percentile,Male,Annual pay - gross,Confidence,152
Blackburn with Darwen,10 percentile,Male,Annual pay - gross,Value,114051
Blackpool,10 percentile,Male,Annual pay - gross,Confidence,53
Blackpool,10 percentile,Male,Annual pay - gross,Value,28027
Burnley,10 percentile,Male,Annual pay - gross,Confidence,145
Burnley,10 percentile,Male,Annual pay - gross,Value,115660
Great Britain,10 percentile,Male,Annual pay - gross,Confidence,28.2
Great Britain,10 percentile,Male,Annual pay - gross,Value,231786
Hyndburn,10 percentile,Male,Annual pay - gross,Confidence,91
Hyndburn,10 percentile,Male,Annual pay - gross,Value,56821
Lancaster,10 percentile,Male,Annual pay - gross,Confidence,138
Lancaster,10 percentile,Male,Annual pay - gross,Value,107866
North West,10 percentile,Male,Annual pay - gross,Confidence,94.6
North West,10 percentile,Male,Annual pay - gross,Value,221926
Pendle,10 percentile,Male,Annual pay - gross,Confidence,64
Pendle,10 percentile,Male,Annual pay - gross,Value,54402
Preston,10 percentile,Male,Annual pay - gross,Confidence,96
Preston,10 percentile,Male,Annual pay - gross,Value,59681
South Ribble,10 percentile,Male,Annual pay - gross,Confidence,143
South Ribble,10 percentile,Male,Annual pay - gross,Value,116949
West Lancashire,10 percentile,Male,Annual pay - gross,Confidence,89
West Lancashire,10 percentile,Male,Annual pay - gross,Value,72269
Wyre,10 percentile,Male,Annual pay - gross,Confidence,38
Wyre,10 percentile,Male,Annual pay - gross,Value,29362
Blackburn with Darwen,10 percentile,Male,Hourly pay - gross,Confidence,42
Blackburn with Darwen,10 percentile,Male,Hourly pay - gross,Value,141.93
Blackpool,10 percentile,Male,Hourly pay - gross,Confidence,37.6
Blackpool,10 percentile,Male,Hourly pay - gross,Value,137.35
Burnley,10 percentile,Male,Hourly pay - gross,Confidence,70.8
Burnley,10 percentile,Male,Hourly pay - gross,Value,134.69
Chorley,10 percentile,Male,Hourly pay - gross,Confidence,74.1
Chorley,10 percentile,Male,Hourly pay - gross,Value,148.41
Fylde,10 percentile,Male,Hourly pay - gross,Confidence,136.5
Fylde,10 percentile,Male,Hourly pay - gross,Value,146.61
Great Britain,10 percentile,Male,Hourly pay - gross,Confidence,2.9
Great Britain,10 percentile,Male,Hourly pay - gross,Value,150.05
Hyndburn,10 percentile,Male,Hourly pay - gross,Confidence,63.4
Hyndburn,10 percentile,Male,Hourly pay - gross,Value,118.26
Lancaster,10 percentile,Male,Hourly pay - gross,Confidence,60.3
Lancaster,10 percentile,Male,Hourly pay - gross,Value,146.14
North West,10 percentile,Male,Hourly pay - gross,Confidence,8.2
North West,10 percentile,Male,Hourly pay - gross,Value,147.09
Pendle,10 percentile,Male,Hourly pay - gross,Confidence,97.3
Pendle,10 percentile,Male,Hourly pay - gross,Value,134.24
Preston,10 percentile,Male,Hourly pay - gross,Confidence,34.5
Preston,10 percentile,Male,Hourly pay - gross,Value,142.39
Ribble Valley,10 percentile,Male,Hourly pay - gross,Confidence,121
Ribble Valley,10 percentile,Male,Hourly pay - gross,Value,126.92
Rossendale,10 percentile,Male,Hourly pay - gross,Confidence,65.7
Rossendale,10 percentile,Male,Hourly pay - gross,Value,102.95
South Ribble,10 percentile,Male,Hourly pay - gross,Confidence,93
South Ribble,10 percentile,Male,Hourly pay - gross,Value,152.01
West Lancashire,10 percentile,Male,Hourly pay - gross,Confidence,98.2
West Lancashire,10 percentile,Male,Hourly pay - gross,Value,148.84
Wyre,10 percentile,Male,Hourly pay - gross,Confidence,70.8
Wyre,10 percentile,Male,Hourly pay - gross,Value,143.47
Blackburn with Darwen,10 percentile,Male,Weekly pay - gross,Confidence,239
Blackburn with Darwen,10 percentile,Male,Weekly pay - gross,Value,3635.1
Blackpool,10 percentile,Male,Weekly pay - gross,Confidence,226
Blackpool,10 percentile,Male,Weekly pay - gross,Value,2112.5
Burnley,10 percentile,Male,Weekly pay - gross,Confidence,117
Burnley,10 percentile,Male,Weekly pay - gross,Value,1816.8
Chorley,10 percentile,Male,Weekly pay - gross,Confidence,40
Chorley,10 percentile,Male,Weekly pay - gross,Value,398.6
Fylde,10 percentile,Male,Weekly pay - gross,Confidence,67
Fylde,10 percentile,Male,Weekly pay - gross,Value,1160.2
Great Britain,10 percentile,Male,Weekly pay - gross,Confidence,16.2
Great Britain,10 percentile,Male,Weekly pay - gross,Value,4220.9
Hyndburn,10 percentile,Male,Weekly pay - gross,Confidence,88
Hyndburn,10 percentile,Male,Weekly pay - gross,Value,973.8
Lancaster,10 percentile,Male,Weekly pay - gross,Confidence,171
Lancaster,10 percentile,Male,Weekly pay - gross,Value,2483.1
North West,10 percentile,Male,Weekly pay - gross,Confidence,51
North West,10 percentile,Male,Weekly pay - gross,Value,4043.4
Pendle,10 percentile,Male,Weekly pay - gross,Confidence,140.7
Pendle,10 percentile,Male,Weekly pay - gross,Value,2025.1
Preston,10 percentile,Male,Weekly pay - gross,Confidence,170
Preston,10 percentile,Male,Weekly pay - gross,Value,2106.5
Ribble Valley,10 percentile,Male,Weekly pay - gross,Confidence,61
Ribble Valley,10 percentile,Male,Weekly pay - gross,Value,1379.4
Rossendale,10 percentile,Male,Weekly pay - gross,Confidence,11
Rossendale,10 percentile,Male,Weekly pay - gross,Value,233.3
South Ribble,10 percentile,Male,Weekly pay - gross,Confidence,198
South Ribble,10 percentile,Male,Weekly pay - gross,Value,3242.2
West Lancashire,10 percentile,Male,Weekly pay - gross,Confidence,79.1
West Lancashire,10 percentile,Male,Weekly pay - gross,Value,1370
Wyre,10 percentile,Male,Weekly pay - gross,Confidence,83
Wyre,10 percentile,Male,Weekly pay - gross,Value,1150.4
Great Britain,10 percentile,Part Time Workers,Annual pay - gross,Confidence,47.6
Great Britain,10 percentile,Part Time Workers,Annual pay - gross,Value,60166
Lancaster,10 percentile,Part Time Workers,Annual pay - gross,Confidence,16
Lancaster,10 percentile,Part Time Workers,Annual pay - gross,Value,3886
North West,10 percentile,Part Time Workers,Annual pay - gross,Confidence,148
North West,10 percentile,Part Time Workers,Annual pay - gross,Value,60408
Blackburn with Darwen,10 percentile,Part Time Workers,Hourly pay - gross,Confidence,72
Blackburn with Darwen,10 percentile,Part Time Workers,Hourly pay - gross,Value,93.76
Blackpool,10 percentile,Part Time Workers,Hourly pay - gross,Confidence,93.2
Blackpool,10 percentile,Part Time Workers,Hourly pay - gross,Value,106.14
Burnley,10 percentile,Part Time Workers,Hourly pay - gross,Confidence,9.1
Burnley,10 percentile,Part Time Workers,Hourly pay - gross,Value,13.05
Chorley,10 percentile,Part Time Workers,Hourly pay - gross,Confidence,100.1
Chorley,10 percentile,Part Time Workers,Hourly pay - gross,Value,135.58
Fylde,10 percentile,Part Time Workers,Hourly pay - gross,Confidence,6.8
Fylde,10 percentile,Part Time Workers,Hourly pay - gross,Value,20.42
Great Britain,10 percentile,Part Time Workers,Hourly pay - gross,Confidence,1
Great Britain,10 percentile,Part Time Workers,Hourly pay - gross,Value,138.97
Hyndburn,10 percentile,Part Time Workers,Hourly pay - gross,Confidence,23
Hyndburn,10 percentile,Part Time Workers,Hourly pay - gross,Value,18.71
Lancaster,10 percentile,Part Time Workers,Hourly pay - gross,Confidence,70.3
Lancaster,10 percentile,Part Time Workers,Hourly pay - gross,Value,112.18
North West,10 percentile,Part Time Workers,Hourly pay - gross,Confidence,7.6
North West,10 percentile,Part Time Workers,Hourly pay - gross,Value,138.1
Pendle,10 percentile,Part Time Workers,Hourly pay - gross,Confidence,29.4
Pendle,10 percentile,Part Time Workers,Hourly pay - gross,Value,34.15
Preston,10 percentile,Part Time Workers,Hourly pay - gross,Confidence,49.7
Preston,10 percentile,Part Time Workers,Hourly pay - gross,Value,122.25
Ribble Valley,10 percentile,Part Time Workers,Hourly pay - gross,Confidence,7.4
Ribble Valley,10 percentile,Part Time Workers,Hourly pay - gross,Value,7.83
South Ribble,10 percentile,Part Time Workers,Hourly pay - gross,Confidence,90.6
South Ribble,10 percentile,Part Time Workers,Hourly pay - gross,Value,95.31
West Lancashire,10 percentile,Part Time Workers,Hourly pay - gross,Confidence,88.8
West Lancashire,10 percentile,Part Time Workers,Hourly pay - gross,Value,84.34
Wyre,10 percentile,Part Time Workers,Hourly pay - gross,Confidence,44.9
Wyre,10 percentile,Part Time Workers,Hourly pay - gross,Value,75.37
Blackburn with Darwen,10 percentile,Part Time Workers,Weekly pay - gross,Confidence,45
Blackburn with Darwen,10 percentile,Part Time Workers,Weekly pay - gross,Value,182.8
Blackpool,10 percentile,Part Time Workers,Weekly pay - gross,Confidence,90
Blackpool,10 percentile,Part Time Workers,Weekly pay - gross,Value,413.9
Chorley,10 percentile,Part Time Workers,Weekly pay - gross,Confidence,154
Chorley,10 percentile,Part Time Workers,Weekly pay - gross,Value,428.5
Great Britain,10 percentile,Part Time Workers,Weekly pay - gross,Confidence,18.3
Great Britain,10 percentile,Part Time Workers,Weekly pay - gross,Value,1097.7
Lancaster,10 percentile,Part Time Workers,Weekly pay - gross,Confidence,34
Lancaster,10 percentile,Part Time Workers,Weekly pay - gross,Value,115.5
North West,10 percentile,Part Time Workers,Weekly pay - gross,Confidence,51.8
North West,10 percentile,Part Time Workers,Weekly pay - gross,Value,1114.5
Preston,10 percentile,Part Time Workers,Weekly pay - gross,Confidence,155
Preston,10 percentile,Part Time Workers,Weekly pay - gross,Value,490
South Ribble,10 percentile,Part Time Workers,Weekly pay - gross,Confidence,73
South Ribble,10 percentile,Part Time Workers,Weekly pay - gross,Value,220.7
West Lancashire,10 percentile,Part Time Workers,Weekly pay - gross,Confidence,19
West Lancashire,10 percentile,Part Time Workers,Weekly pay - gross,Value,36.7
Wyre,10 percentile,Part Time Workers,Weekly pay - gross,Confidence,57
Wyre,10 percentile,Part Time Workers,Weekly pay - gross,Value,185.7
Blackburn with Darwen,10 percentile,Total,Annual pay - gross,Confidence,219
Blackburn with Darwen,10 percentile,Total,Annual pay - gross,Value,123656
Blackpool,10 percentile,Total,Annual pay - gross,Confidence,211
Blackpool,10 percentile,Total,Annual pay - gross,Value,104177
Burnley,10 percentile,Total,Annual pay - gross,Confidence,181
Burnley,10 percentile,Total,Annual pay - gross,Value,100823
Chorley,10 percentile,Total,Annual pay - gross,Confidence,187
Chorley,10 percentile,Total,Annual pay - gross,Value,97867
Fylde,10 percentile,Total,Annual pay - gross,Confidence,70
Fylde,10 percentile,Total,Annual pay - gross,Value,35633
Great Britain,10 percentile,Total,Annual pay - gross,Confidence,15.6
Great Britain,10 percentile,Total,Annual pay - gross,Value,144218
Hyndburn,10 percentile,Total,Annual pay - gross,Confidence,112
Hyndburn,10 percentile,Total,Annual pay - gross,Value,59995
Lancaster,10 percentile,Total,Annual pay - gross,Confidence,201.5
Lancaster,10 percentile,Total,Annual pay - gross,Value,104904
North West,10 percentile,Total,Annual pay - gross,Confidence,58.1
North West,10 percentile,Total,Annual pay - gross,Value,141594
Pendle,10 percentile,Total,Annual pay - gross,Confidence,121
Pendle,10 percentile,Total,Annual pay - gross,Value,49203
Preston,10 percentile,Total,Annual pay - gross,Confidence,183.9
Preston,10 percentile,Total,Annual pay - gross,Value,88070
Ribble Valley,10 percentile,Total,Annual pay - gross,Confidence,103
Ribble Valley,10 percentile,Total,Annual pay - gross,Value,57391
Rossendale,10 percentile,Total,Annual pay - gross,Confidence,131
Rossendale,10 percentile,Total,Annual pay - gross,Value,66307
South Ribble,10 percentile,Total,Annual pay - gross,Confidence,211
South Ribble,10 percentile,Total,Annual pay - gross,Value,118761
West Lancashire,10 percentile,Total,Annual pay - gross,Confidence,95
West Lancashire,10 percentile,Total,Annual pay - gross,Value,52536
Wyre,10 percentile,Total,Annual pay - gross,Confidence,111
Wyre,10 percentile,Total,Annual pay - gross,Value,51401
Blackburn with Darwen,10 percentile,Total,Hourly pay - gross,Confidence,18.7
Blackburn with Darwen,10 percentile,Total,Hourly pay - gross,Value,140.92
Blackpool,10 percentile,Total,Hourly pay - gross,Confidence,19.3
Blackpool,10 percentile,Total,Hourly pay - gross,Value,138.04
Burnley,10 percentile,Total,Hourly pay - gross,Confidence,33.4
Burnley,10 percentile,Total,Hourly pay - gross,Value,140.91
Chorley,10 percentile,Total,Hourly pay - gross,Confidence,39.7
Chorley,10 percentile,Total,Hourly pay - gross,Value,145.39
Fylde,10 percentile,Total,Hourly pay - gross,Confidence,48.5
Fylde,10 percentile,Total,Hourly pay - gross,Value,143.04
Great Britain,10 percentile,Total,Hourly pay - gross,Confidence,1.6
Great Britain,10 percentile,Total,Hourly pay - gross,Value,145.26
Hyndburn,10 percentile,Total,Hourly pay - gross,Confidence,34.3
Hyndburn,10 percentile,Total,Hourly pay - gross,Value,141.36
Lancaster,10 percentile,Total,Hourly pay - gross,Confidence,25.4
Lancaster,10 percentile,Total,Hourly pay - gross,Value,142.37
North West,10 percentile,Total,Hourly pay - gross,Confidence,4
North West,10 percentile,Total,Hourly pay - gross,Value,143.09
Pendle,10 percentile,Total,Hourly pay - gross,Confidence,34.4
Pendle,10 percentile,Total,Hourly pay - gross,Value,140.94
Preston,10 percentile,Total,Hourly pay - gross,Confidence,15.9
Preston,10 percentile,Total,Hourly pay - gross,Value,140.94
Ribble Valley,10 percentile,Total,Hourly pay - gross,Confidence,55.3
Ribble Valley,10 percentile,Total,Hourly pay - gross,Value,147.12
Rossendale,10 percentile,Total,Hourly pay - gross,Confidence,39.1
Rossendale,10 percentile,Total,Hourly pay - gross,Value,142.48
South Ribble,10 percentile,Total,Hourly pay - gross,Confidence,31.7
South Ribble,10 percentile,Total,Hourly pay - gross,Value,144.88
West Lancashire,10 percentile,Total,Hourly pay - gross,Confidence,37.2
West Lancashire,10 percentile,Total,Hourly pay - gross,Value,144.01
Wyre,10 percentile,Total,Hourly pay - gross,Confidence,40.8
Wyre,10 percentile,Total,Hourly pay - gross,Value,141.47
Blackburn with Darwen,10 percentile,Total,Weekly pay - gross,Confidence,222.4
Blackburn with Darwen,10 percentile,Total,Weekly pay - gross,Value,2635.2
Blackpool,10 percentile,Total,Weekly pay - gross,Confidence,210.8
Blackpool,10 percentile,Total,Weekly pay - gross,Value,2337.9
Burnley,10 percentile,Total,Weekly pay - gross,Confidence,231
Burnley,10 percentile,Total,Weekly pay - gross,Value,2488.8
Chorley,10 percentile,Total,Weekly pay - gross,Confidence,252.9
Chorley,10 percentile,Total,Weekly pay - gross,Value,2450.1
Fylde,10 percentile,Total,Weekly pay - gross,Confidence,240
Fylde,10 percentile,Total,Weekly pay - gross,Value,2054.5
Great Britain,10 percentile,Total,Weekly pay - gross,Confidence,9.1
Great Britain,10 percentile,Total,Weekly pay - gross,Value,2723.9
Hyndburn,10 percentile,Total,Weekly pay - gross,Confidence,241.2
Hyndburn,10 percentile,Total,Weekly pay - gross,Value,2683
Lancaster,10 percentile,Total,Weekly pay - gross,Confidence,207.3
Lancaster,10 percentile,Total,Weekly pay - gross,Value,2379.9
North West,10 percentile,Total,Weekly pay - gross,Confidence,31.4
North West,10 percentile,Total,Weekly pay - gross,Value,2669.1
Pendle,10 percentile,Total,Weekly pay - gross,Confidence,203
Pendle,10 percentile,Total,Weekly pay - gross,Value,1829.3
Preston,10 percentile,Total,Weekly pay - gross,Confidence,240.3
Preston,10 percentile,Total,Weekly pay - gross,Value,2395.2
Ribble Valley,10 percentile,Total,Weekly pay - gross,Confidence,196
Ribble Valley,10 percentile,Total,Weekly pay - gross,Value,1998.8
Rossendale,10 percentile,Total,Weekly pay - gross,Confidence,147
Rossendale,10 percentile,Total,Weekly pay - gross,Value,1476.1
South Ribble,10 percentile,Total,Weekly pay - gross,Confidence,216.4
South Ribble,10 percentile,Total,Weekly pay - gross,Value,2691.9
West Lancashire,10 percentile,Total,Weekly pay - gross,Confidence,232.8
West Lancashire,10 percentile,Total,Weekly pay - gross,Value,2425.5
Wyre,10 percentile,Total,Weekly pay - gross,Confidence,230.1
Wyre,10 percentile,Total,Weekly pay - gross,Value,2320.2
Blackburn with Darwen,25 percentile,Female,Annual pay - gross,Confidence,218
Blackburn with Darwen,25 percentile,Female,Annual pay - gross,Value,152387
Blackpool,25 percentile,Female,Annual pay - gross,Confidence,168
Blackpool,25 percentile,Female,Annual pay - gross,Value,149475
Burnley,25 percentile,Female,Annual pay - gross,Confidence,188
Burnley,25 percentile,Female,Annual pay - gross,Value,153445
Chorley,25 percentile,Female,Annual pay - gross,Confidence,179
Chorley,25 percentile,Female,Annual pay - gross,Value,179202
Fylde,25 percentile,Female,Annual pay - gross,Confidence,197
Fylde,25 percentile,Female,Annual pay - gross,Value,144467
Great Britain,25 percentile,Female,Annual pay - gross,Confidence,12.7
Great Britain,25 percentile,Female,Annual pay - gross,Value,205857
Hyndburn,25 percentile,Female,Annual pay - gross,Confidence,176
Hyndburn,25 percentile,Female,Annual pay - gross,Value,139237
Lancaster,25 percentile,Female,Annual pay - gross,Confidence,199.8
Lancaster,25 percentile,Female,Annual pay - gross,Value,142306
North West,25 percentile,Female,Annual pay - gross,Confidence,46.3
North West,25 percentile,Female,Annual pay - gross,Value,203437
Pendle,25 percentile,Female,Annual pay - gross,Confidence,173
Pendle,25 percentile,Female,Annual pay - gross,Value,112255
Preston,25 percentile,Female,Annual pay - gross,Confidence,186.7
Preston,25 percentile,Female,Annual pay - gross,Value,145301
Ribble Valley,25 percentile,Female,Annual pay - gross,Confidence,198
Ribble Valley,25 percentile,Female,Annual pay - gross,Value,146142
Rossendale,25 percentile,Female,Annual pay - gross,Confidence,237
Rossendale,25 percentile,Female,Annual pay - gross,Value,148929
South Ribble,25 percentile,Female,Annual pay - gross,Confidence,205.6
South Ribble,25 percentile,Female,Annual pay - gross,Value,181391
West Lancashire,25 percentile,Female,Annual pay - gross,Confidence,220
West Lancashire,25 percentile,Female,Annual pay - gross,Value,170885
Wyre,25 percentile,Female,Annual pay - gross,Confidence,226
Wyre,25 percentile,Female,Annual pay - gross,Value,162555
Blackburn with Darwen,25 percentile,Female,Hourly pay - gross,Confidence,49.7
Blackburn with Darwen,25 percentile,Female,Hourly pay - gross,Value,150.81
Blackpool,25 percentile,Female,Hourly pay - gross,Confidence,37.5
Blackpool,25 percentile,Female,Hourly pay - gross,Value,147.83
Burnley,25 percentile,Female,Hourly pay - gross,Confidence,73.7
Burnley,25 percentile,Female,Hourly pay - gross,Value,151.24
Chorley,25 percentile,Female,Hourly pay - gross,Confidence,80.2
Chorley,25 percentile,Female,Hourly pay - gross,Value,164.86
Fylde,25 percentile,Female,Hourly pay - gross,Confidence,90.2
Fylde,25 percentile,Female,Hourly pay - gross,Value,159.43
Great Britain,25 percentile,Female,Hourly pay - gross,Confidence,2
Great Britain,25 percentile,Female,Hourly pay - gross,Value,161.44
Hyndburn,25 percentile,Female,Hourly pay - gross,Confidence,70.9
Hyndburn,25 percentile,Female,Hourly pay - gross,Value,153.25
Lancaster,25 percentile,Female,Hourly pay - gross,Confidence,51
Lancaster,25 percentile,Female,Hourly pay - gross,Value,152.36
North West,25 percentile,Female,Hourly pay - gross,Confidence,8.5
North West,25 percentile,Female,Hourly pay - gross,Value,156.88
Pendle,25 percentile,Female,Hourly pay - gross,Confidence,65.2
Pendle,25 percentile,Female,Hourly pay - gross,Value,152.98
Preston,25 percentile,Female,Hourly pay - gross,Confidence,50.9
Preston,25 percentile,Female,Hourly pay - gross,Value,151.72
Ribble Valley,25 percentile,Female,Hourly pay - gross,Confidence,104.8
Ribble Valley,25 percentile,Female,Hourly pay - gross,Value,163.32
Rossendale,25 percentile,Female,Hourly pay - gross,Confidence,76.8
Rossendale,25 percentile,Female,Hourly pay - gross,Value,155.1
South Ribble,25 percentile,Female,Hourly pay - gross,Confidence,59
South Ribble,25 percentile,Female,Hourly pay - gross,Value,157.97
West Lancashire,25 percentile,Female,Hourly pay - gross,Confidence,75.2
West Lancashire,25 percentile,Female,Hourly pay - gross,Value,158.33
Wyre,25 percentile,Female,Hourly pay - gross,Confidence,73
Wyre,25 percentile,Female,Hourly pay - gross,Value,159.04
Blackburn with Darwen,25 percentile,Female,Weekly pay - gross,Confidence,244.3
Blackburn with Darwen,25 percentile,Female,Weekly pay - gross,Value,3739.8
Blackpool,25 percentile,Female,Weekly pay - gross,Confidence,204.8
Blackpool,25 percentile,Female,Weekly pay - gross,Value,3756.3
Burnley,25 percentile,Female,Weekly pay - gross,Confidence,252.8
Burnley,25 percentile,Female,Weekly pay - gross,Value,3856.3
Chorley,25 percentile,Female,Weekly pay - gross,Confidence,216.8
Chorley,25 percentile,Female,Weekly pay - gross,Value,4223.7
Fylde,25 percentile,Female,Weekly pay - gross,Confidence,262
Fylde,25 percentile,Female,Weekly pay - gross,Value,3705.9
Great Britain,25 percentile,Female,Weekly pay - gross,Confidence,8.3
Great Britain,25 percentile,Female,Weekly pay - gross,Value,4054.1
Hyndburn,25 percentile,Female,Weekly pay - gross,Confidence,241
Hyndburn,25 percentile,Female,Weekly pay - gross,Value,4152.3
Lancaster,25 percentile,Female,Weekly pay - gross,Confidence,206.1
Lancaster,25 percentile,Female,Weekly pay - gross,Value,3492.8
North West,25 percentile,Female,Weekly pay - gross,Confidence,30.7
North West,25 percentile,Female,Weekly pay - gross,Value,3999.5
Pendle,25 percentile,Female,Weekly pay - gross,Confidence,212.4
Pendle,25 percentile,Female,Weekly pay - gross,Value,3397
Preston,25 percentile,Female,Weekly pay - gross,Confidence,216.2
Preston,25 percentile,Female,Weekly pay - gross,Value,3493.9
Ribble Valley,25 percentile,Female,Weekly pay - gross,Confidence,290
Ribble Valley,25 percentile,Female,Weekly pay - gross,Value,4195.6
Rossendale,25 percentile,Female,Weekly pay - gross,Confidence,239
Rossendale,25 percentile,Female,Weekly pay - gross,Value,3357.4
South Ribble,25 percentile,Female,Weekly pay - gross,Confidence,219
South Ribble,25 percentile,Female,Weekly pay - gross,Value,4163
West Lancashire,25 percentile,Female,Weekly pay - gross,Confidence,258
West Lancashire,25 percentile,Female,Weekly pay - gross,Value,3701.6
Wyre,25 percentile,Female,Weekly pay - gross,Confidence,248
Wyre,25 percentile,Female,Weekly pay - gross,Value,3762.1
Blackburn with Darwen,25 percentile,Full Time Workers,Annual pay - gross,Confidence,97.1
Blackburn with Darwen,25 percentile,Full Time Workers,Annual pay - gross,Value,315328
Blackpool,25 percentile,Full Time Workers,Annual pay - gross,Confidence,73.9
Blackpool,25 percentile,Full Time Workers,Annual pay - gross,Value,249751
Burnley,25 percentile,Full Time Workers,Annual pay - gross,Confidence,108.4
Burnley,25 percentile,Full Time Workers,Annual pay - gross,Value,309170
Chorley,25 percentile,Full Time Workers,Annual pay - gross,Confidence,129.7
Chorley,25 percentile,Full Time Workers,Annual pay - gross,Value,366351
Fylde,25 percentile,Full Time Workers,Annual pay - gross,Confidence,156.2
Fylde,25 percentile,Full Time Workers,Annual pay - gross,Value,353781
Great Britain,25 percentile,Full Time Workers,Annual pay - gross,Confidence,5.5
Great Britain,25 percentile,Full Time Workers,Annual pay - gross,Value,387792
Hyndburn,25 percentile,Full Time Workers,Annual pay - gross,Confidence,134.3
Hyndburn,25 percentile,Full Time Workers,Annual pay - gross,Value,318628
Lancaster,25 percentile,Full Time Workers,Annual pay - gross,Confidence,103.9
Lancaster,25 percentile,Full Time Workers,Annual pay - gross,Value,327780
North West,25 percentile,Full Time Workers,Annual pay - gross,Confidence,18
North West,25 percentile,Full Time Workers,Annual pay - gross,Value,367405
Pendle,25 percentile,Full Time Workers,Annual pay - gross,Confidence,114
Pendle,25 percentile,Full Time Workers,Annual pay - gross,Value,321744
Preston,25 percentile,Full Time Workers,Annual pay - gross,Confidence,91.4
Preston,25 percentile,Full Time Workers,Annual pay - gross,Value,337320
Ribble Valley,25 percentile,Full Time Workers,Annual pay - gross,Confidence,133.9
Ribble Valley,25 percentile,Full Time Workers,Annual pay - gross,Value,353469
Rossendale,25 percentile,Full Time Workers,Annual pay - gross,Confidence,107.5
Rossendale,25 percentile,Full Time Workers,Annual pay - gross,Value,329035
South Ribble,25 percentile,Full Time Workers,Annual pay - gross,Confidence,104.7
South Ribble,25 percentile,Full Time Workers,Annual pay - gross,Value,371800
West Lancashire,25 percentile,Full Time Workers,Annual pay - gross,Confidence,97.2
West Lancashire,25 percentile,Full Time Workers,Annual pay - gross,Value,363815
Wyre,25 percentile,Full Time Workers,Annual pay - gross,Confidence,125.8
Wyre,25 percentile,Full Time Workers,Annual pay - gross,Value,335623
Blackburn with Darwen,25 percentile,Full Time Workers,Hourly pay - gross,Confidence,56
Blackburn with Darwen,25 percentile,Full Time Workers,Hourly pay - gross,Value,167.67
Blackpool,25 percentile,Full Time Workers,Hourly pay - gross,Confidence,54.6
Blackpool,25 percentile,Full Time Workers,Hourly pay - gross,Value,159.73
Burnley,25 percentile,Full Time Workers,Hourly pay - gross,Confidence,70.2
Burnley,25 percentile,Full Time Workers,Hourly pay - gross,Value,173.97
Chorley,25 percentile,Full Time Workers,Hourly pay - gross,Confidence,88.2
Chorley,25 percentile,Full Time Workers,Hourly pay - gross,Value,192.92
Fylde,25 percentile,Full Time Workers,Hourly pay - gross,Confidence,131.3
Fylde,25 percentile,Full Time Workers,Hourly pay - gross,Value,196.24
Great Britain,25 percentile,Full Time Workers,Hourly pay - gross,Confidence,3.1
Great Britain,25 percentile,Full Time Workers,Hourly pay - gross,Value,191.44
Hyndburn,25 percentile,Full Time Workers,Hourly pay - gross,Confidence,79.7
Hyndburn,25 percentile,Full Time Workers,Hourly pay - gross,Value,168.93
Lancaster,25 percentile,Full Time Workers,Hourly pay - gross,Confidence,74.8
Lancaster,25 percentile,Full Time Workers,Hourly pay - gross,Value,177.11
North West,25 percentile,Full Time Workers,Hourly pay - gross,Confidence,9.8
North West,25 percentile,Full Time Workers,Hourly pay - gross,Value,183.17
Pendle,25 percentile,Full Time Workers,Hourly pay - gross,Confidence,89.8
Pendle,25 percentile,Full Time Workers,Hourly pay - gross,Value,169.98
Preston,25 percentile,Full Time Workers,Hourly pay - gross,Confidence,67.9
Preston,25 percentile,Full Time Workers,Hourly pay - gross,Value,171.7
Ribble Valley,25 percentile,Full Time Workers,Hourly pay - gross,Confidence,107.9
Ribble Valley,25 percentile,Full Time Workers,Hourly pay - gross,Value,198.45
Rossendale,25 percentile,Full Time Workers,Hourly pay - gross,Confidence,85.4
Rossendale,25 percentile,Full Time Workers,Hourly pay - gross,Value,172.92
South Ribble,25 percentile,Full Time Workers,Hourly pay - gross,Confidence,68.2
South Ribble,25 percentile,Full Time Workers,Hourly pay - gross,Value,183.98
West Lancashire,25 percentile,Full Time Workers,Hourly pay - gross,Confidence,84.8
West Lancashire,25 percentile,Full Time Workers,Hourly pay - gross,Value,184.85
Wyre,25 percentile,Full Time Workers,Hourly pay - gross,Confidence,79.3
Wyre,25 percentile,Full Time Workers,Hourly pay - gross,Value,178.02
Blackburn with Darwen,25 percentile,Full Time Workers,Weekly pay - gross,Confidence,66.5
Blackburn with Darwen,25 percentile,Full Time Workers,Weekly pay - gross,Value,6487.5
Blackpool,25 percentile,Full Time Workers,Weekly pay - gross,Confidence,61.6
Blackpool,25 percentile,Full Time Workers,Weekly pay - gross,Value,6262.9
Burnley,25 percentile,Full Time Workers,Weekly pay - gross,Confidence,74.4
Burnley,25 percentile,Full Time Workers,Weekly pay - gross,Value,6755.6
Chorley,25 percentile,Full Time Workers,Weekly pay - gross,Confidence,87.5
Chorley,25 percentile,Full Time Workers,Weekly pay - gross,Value,7513.2
Fylde,25 percentile,Full Time Workers,Weekly pay - gross,Confidence,133.1
Fylde,25 percentile,Full Time Workers,Weekly pay - gross,Value,7671.5
Great Britain,25 percentile,Full Time Workers,Weekly pay - gross,Confidence,3.5
Great Britain,25 percentile,Full Time Workers,Weekly pay - gross,Value,7550.9
Hyndburn,25 percentile,Full Time Workers,Weekly pay - gross,Confidence,89.6
Hyndburn,25 percentile,Full Time Workers,Weekly pay - gross,Value,6623.9
Lancaster,25 percentile,Full Time Workers,Weekly pay - gross,Confidence,79.4
Lancaster,25 percentile,Full Time Workers,Weekly pay - gross,Value,7061.8
North West,25 percentile,Full Time Workers,Weekly pay - gross,Confidence,10.8
North West,25 percentile,Full Time Workers,Weekly pay - gross,Value,7164.9
Pendle,25 percentile,Full Time Workers,Weekly pay - gross,Confidence,99.9
Pendle,25 percentile,Full Time Workers,Weekly pay - gross,Value,6632.7
Preston,25 percentile,Full Time Workers,Weekly pay - gross,Confidence,69.7
Preston,25 percentile,Full Time Workers,Weekly pay - gross,Value,6825.1
Ribble Valley,25 percentile,Full Time Workers,Weekly pay - gross,Confidence,112.4
Ribble Valley,25 percentile,Full Time Workers,Weekly pay - gross,Value,7714.3
Rossendale,25 percentile,Full Time Workers,Weekly pay - gross,Confidence,82.1
Rossendale,25 percentile,Full Time Workers,Weekly pay - gross,Value,6786
South Ribble,25 percentile,Full Time Workers,Weekly pay - gross,Confidence,75.1
South Ribble,25 percentile,Full Time Workers,Weekly pay - gross,Value,7186.1
West Lancashire,25 percentile,Full Time Workers,Weekly pay - gross,Confidence,89.5
West Lancashire,25 percentile,Full Time Workers,Weekly pay - gross,Value,7329.9
Wyre,25 percentile,Full Time Workers,Weekly pay - gross,Confidence,87.3
Wyre,25 percentile,Full Time Workers,Weekly pay - gross,Value,6914.6
Blackburn with Darwen,25 percentile,Male,Annual pay - gross,Confidence,137.9
Blackburn with Darwen,25 percentile,Male,Annual pay - gross,Value,263777
Blackpool,25 percentile,Male,Annual pay - gross,Confidence,135.8
Blackpool,25 percentile,Male,Annual pay - gross,Value,201085
Burnley,25 percentile,Male,Annual pay - gross,Confidence,154.7
Burnley,25 percentile,Male,Annual pay - gross,Value,294266
Chorley,25 percentile,Male,Annual pay - gross,Confidence,154.1
Chorley,25 percentile,Male,Annual pay - gross,Value,254282
Fylde,25 percentile,Male,Annual pay - gross,Confidence,203
Fylde,25 percentile,Male,Annual pay - gross,Value,285783
Great Britain,25 percentile,Male,Annual pay - gross,Confidence,7.8
Great Britain,25 percentile,Male,Annual pay - gross,Value,370887
Hyndburn,25 percentile,Male,Annual pay - gross,Confidence,185.5
Hyndburn,25 percentile,Male,Annual pay - gross,Value,279379
Lancaster,25 percentile,Male,Annual pay - gross,Confidence,148.2
Lancaster,25 percentile,Male,Annual pay - gross,Value,314817
North West,25 percentile,Male,Annual pay - gross,Confidence,29.1
North West,25 percentile,Male,Annual pay - gross,Value,350146
Pendle,25 percentile,Male,Annual pay - gross,Confidence,164.7
Pendle,25 percentile,Male,Annual pay - gross,Value,253590
Preston,25 percentile,Male,Annual pay - gross,Confidence,156.8
Preston,25 percentile,Male,Annual pay - gross,Value,278639
Ribble Valley,25 percentile,Male,Annual pay - gross,Confidence,214.4
Ribble Valley,25 percentile,Male,Annual pay - gross,Value,336382
Rossendale,25 percentile,Male,Annual pay - gross,Confidence,190.3
Rossendale,25 percentile,Male,Annual pay - gross,Value,255909
South Ribble,25 percentile,Male,Annual pay - gross,Confidence,151.9
South Ribble,25 percentile,Male,Annual pay - gross,Value,324652
West Lancashire,25 percentile,Male,Annual pay - gross,Confidence,163.3
West Lancashire,25 percentile,Male,Annual pay - gross,Value,324658
Wyre,25 percentile,Male,Annual pay - gross,Confidence,185
Wyre,25 percentile,Male,Annual pay - gross,Value,220344
Blackburn with Darwen,25 percentile,Male,Hourly pay - gross,Confidence,75.3
Blackburn with Darwen,25 percentile,Male,Hourly pay - gross,Value,163.35
Blackpool,25 percentile,Male,Hourly pay - gross,Confidence,62.7
Blackpool,25 percentile,Male,Hourly pay - gross,Value,151.26
Burnley,25 percentile,Male,Hourly pay - gross,Confidence,94.6
Burnley,25 percentile,Male,Hourly pay - gross,Value,168.78
Chorley,25 percentile,Male,Hourly pay - gross,Confidence,100.6
Chorley,25 percentile,Male,Hourly pay - gross,Value,181.29
Fylde,25 percentile,Male,Hourly pay - gross,Confidence,183
Fylde,25 percentile,Male,Hourly pay - gross,Value,194.61
Great Britain,25 percentile,Male,Hourly pay - gross,Confidence,3.2
Great Britain,25 percentile,Male,Hourly pay - gross,Value,184.79
Hyndburn,25 percentile,Male,Hourly pay - gross,Confidence,97.2
Hyndburn,25 percentile,Male,Hourly pay - gross,Value,165.11
Lancaster,25 percentile,Male,Hourly pay - gross,Confidence,84.7
Lancaster,25 percentile,Male,Hourly pay - gross,Value,174.14
North West,25 percentile,Male,Hourly pay - gross,Confidence,12.6
North West,25 percentile,Male,Hourly pay - gross,Value,176.59
Pendle,25 percentile,Male,Hourly pay - gross,Confidence,106.6
Pendle,25 percentile,Male,Hourly pay - gross,Value,167.35
Preston,25 percentile,Male,Hourly pay - gross,Confidence,82.5
Preston,25 percentile,Male,Hourly pay - gross,Value,164.73
Ribble Valley,25 percentile,Male,Hourly pay - gross,Confidence,142
Ribble Valley,25 percentile,Male,Hourly pay - gross,Value,198.59
Rossendale,25 percentile,Male,Hourly pay - gross,Confidence,98.9
Rossendale,25 percentile,Male,Hourly pay - gross,Value,167.42
South Ribble,25 percentile,Male,Hourly pay - gross,Confidence,91.2
South Ribble,25 percentile,Male,Hourly pay - gross,Value,185.68
West Lancashire,25 percentile,Male,Hourly pay - gross,Confidence,104.1
West Lancashire,25 percentile,Male,Hourly pay - gross,Value,178.86
Wyre,25 percentile,Male,Hourly pay - gross,Confidence,101.2
Wyre,25 percentile,Male,Hourly pay - gross,Value,167.61
Blackburn with Darwen,25 percentile,Male,Weekly pay - gross,Confidence,122.3
Blackburn with Darwen,25 percentile,Male,Weekly pay - gross,Value,5923.9
Blackpool,25 percentile,Male,Weekly pay - gross,Confidence,173.9
Blackpool,25 percentile,Male,Weekly pay - gross,Value,5277.6
Burnley,25 percentile,Male,Weekly pay - gross,Confidence,137.7
Burnley,25 percentile,Male,Weekly pay - gross,Value,6386.8
Chorley,25 percentile,Male,Weekly pay - gross,Confidence,151.8
Chorley,25 percentile,Male,Weekly pay - gross,Value,6740.4
Fylde,25 percentile,Male,Weekly pay - gross,Confidence,217
Fylde,25 percentile,Male,Weekly pay - gross,Value,6912.2
Great Britain,25 percentile,Male,Weekly pay - gross,Confidence,4.9
Great Britain,25 percentile,Male,Weekly pay - gross,Value,6966.7
Hyndburn,25 percentile,Male,Weekly pay - gross,Confidence,171.5
Hyndburn,25 percentile,Male,Weekly pay - gross,Value,6098.8
Lancaster,25 percentile,Male,Weekly pay - gross,Confidence,117
Lancaster,25 percentile,Male,Weekly pay - gross,Value,6453.3
North West,25 percentile,Male,Weekly pay - gross,Confidence,15.8
North West,25 percentile,Male,Weekly pay - gross,Value,6603.7
Pendle,25 percentile,Male,Weekly pay - gross,Confidence,189.1
Pendle,25 percentile,Male,Weekly pay - gross,Value,6194.8
Preston,25 percentile,Male,Weekly pay - gross,Confidence,128.6
Preston,25 percentile,Male,Weekly pay - gross,Value,6097
Ribble Valley,25 percentile,Male,Weekly pay - gross,Confidence,215.4
Ribble Valley,25 percentile,Male,Weekly pay - gross,Value,7481.3
Rossendale,25 percentile,Male,Weekly pay - gross,Confidence,163.3
Rossendale,25 percentile,Male,Weekly pay - gross,Value,6252.3
South Ribble,25 percentile,Male,Weekly pay - gross,Confidence,135.3
South Ribble,25 percentile,Male,Weekly pay - gross,Value,7010.1
West Lancashire,25 percentile,Male,Weekly pay - gross,Confidence,155.9
West Lancashire,25 percentile,Male,Weekly pay - gross,Value,6777.3
Wyre,25 percentile,Male,Weekly pay - gross,Confidence,217.6
Wyre,25 percentile,Male,Weekly pay - gross,Value,5837.1
Blackburn with Darwen,25 percentile,Part Time Workers,Annual pay - gross,Confidence,159
Blackburn with Darwen,25 percentile,Part Time Workers,Annual pay - gross,Value,75288
Blackpool,25 percentile,Part Time Workers,Annual pay - gross,Confidence,211
Blackpool,25 percentile,Part Time Workers,Annual pay - gross,Value,82523
Burnley,25 percentile,Part Time Workers,Annual pay - gross,Confidence,58
Burnley,25 percentile,Part Time Workers,Annual pay - gross,Value,21273
Chorley,25 percentile,Part Time Workers,Annual pay - gross,Confidence,176
Chorley,25 percentile,Part Time Workers,Annual pay - gross,Value,70924
Fylde,25 percentile,Part Time Workers,Annual pay - gross,Confidence,17
Fylde,25 percentile,Part Time Workers,Annual pay - gross,Value,4536
Great Britain,25 percentile,Part Time Workers,Annual pay - gross,Confidence,17.2
Great Britain,25 percentile,Part Time Workers,Annual pay - gross,Value,118395
Hyndburn,25 percentile,Part Time Workers,Annual pay - gross,Confidence,64
Hyndburn,25 percentile,Part Time Workers,Annual pay - gross,Value,27711
Lancaster,25 percentile,Part Time Workers,Annual pay - gross,Confidence,187
Lancaster,25 percentile,Part Time Workers,Annual pay - gross,Value,81053
North West,25 percentile,Part Time Workers,Annual pay - gross,Confidence,57.8
North West,25 percentile,Part Time Workers,Annual pay - gross,Value,117332
Pendle,25 percentile,Part Time Workers,Annual pay - gross,Confidence,33
Pendle,25 percentile,Part Time Workers,Annual pay - gross,Value,12734
Preston,25 percentile,Part Time Workers,Annual pay - gross,Confidence,168
Preston,25 percentile,Part Time Workers,Annual pay - gross,Value,66682
Ribble Valley,25 percentile,Part Time Workers,Annual pay - gross,Confidence,30
Ribble Valley,25 percentile,Part Time Workers,Annual pay - gross,Value,15239
Rossendale,25 percentile,Part Time Workers,Annual pay - gross,Confidence,109
Rossendale,25 percentile,Part Time Workers,Annual pay - gross,Value,43454
South Ribble,25 percentile,Part Time Workers,Annual pay - gross,Confidence,172
South Ribble,25 percentile,Part Time Workers,Annual pay - gross,Value,65148
West Lancashire,25 percentile,Part Time Workers,Annual pay - gross,Confidence,78.3
West Lancashire,25 percentile,Part Time Workers,Annual pay - gross,Value,32267
Wyre,25 percentile,Part Time Workers,Annual pay - gross,Confidence,127
Wyre,25 percentile,Part Time Workers,Annual pay - gross,Value,46890
Blackburn with Darwen,25 percentile,Part Time Workers,Hourly pay - gross,Confidence,25.2
Blackburn with Darwen,25 percentile,Part Time Workers,Hourly pay - gross,Value,120.47
Blackpool,25 percentile,Part Time Workers,Hourly pay - gross,Confidence,16.6
Blackpool,25 percentile,Part Time Workers,Hourly pay - gross,Value,109.33
Burnley,25 percentile,Part Time Workers,Hourly pay - gross,Confidence,50.9
Burnley,25 percentile,Part Time Workers,Hourly pay - gross,Value,122.26
Chorley,25 percentile,Part Time Workers,Hourly pay - gross,Confidence,60.8
Chorley,25 percentile,Part Time Workers,Hourly pay - gross,Value,147.81
Fylde,25 percentile,Part Time Workers,Hourly pay - gross,Confidence,81.8
Fylde,25 percentile,Part Time Workers,Hourly pay - gross,Value,144.89
Great Britain,25 percentile,Part Time Workers,Hourly pay - gross,Confidence,2
Great Britain,25 percentile,Part Time Workers,Hourly pay - gross,Value,146.88
Hyndburn,25 percentile,Part Time Workers,Hourly pay - gross,Confidence,55.9
Hyndburn,25 percentile,Part Time Workers,Hourly pay - gross,Value,104.84
Lancaster,25 percentile,Part Time Workers,Hourly pay - gross,Confidence,41.7
Lancaster,25 percentile,Part Time Workers,Hourly pay - gross,Value,145.32
North West,25 percentile,Part Time Workers,Hourly pay - gross,Confidence,6.8
North West,25 percentile,Part Time Workers,Hourly pay - gross,Value,144.36
Pendle,25 percentile,Part Time Workers,Hourly pay - gross,Confidence,51.6
Pendle,25 percentile,Part Time Workers,Hourly pay - gross,Value,137.29
Preston,25 percentile,Part Time Workers,Hourly pay - gross,Confidence,31.1
Preston,25 percentile,Part Time Workers,Hourly pay - gross,Value,143.12
Ribble Valley,25 percentile,Part Time Workers,Hourly pay - gross,Confidence,81.8
Ribble Valley,25 percentile,Part Time Workers,Hourly pay - gross,Value,131.24
Rossendale,25 percentile,Part Time Workers,Hourly pay - gross,Confidence,62.9
Rossendale,25 percentile,Part Time Workers,Hourly pay - gross,Value,131.53
South Ribble,25 percentile,Part Time Workers,Hourly pay - gross,Confidence,53.5
South Ribble,25 percentile,Part Time Workers,Hourly pay - gross,Value,144.73
West Lancashire,25 percentile,Part Time Workers,Hourly pay - gross,Confidence,53.5
West Lancashire,25 percentile,Part Time Workers,Hourly pay - gross,Value,146.05
Wyre,25 percentile,Part Time Workers,Hourly pay - gross,Confidence,60.8
Wyre,25 percentile,Part Time Workers,Hourly pay - gross,Value,137.79
Blackburn with Darwen,25 percentile,Part Time Workers,Weekly pay - gross,Confidence,248
Blackburn with Darwen,25 percentile,Part Time Workers,Weekly pay - gross,Value,1915.6
Blackpool,25 percentile,Part Time Workers,Weekly pay - gross,Confidence,212.3
Blackpool,25 percentile,Part Time Workers,Weekly pay - gross,Value,1970.8
Burnley,25 percentile,Part Time Workers,Weekly pay - gross,Confidence,95
Burnley,25 percentile,Part Time Workers,Weekly pay - gross,Value,680.8
Chorley,25 percentile,Part Time Workers,Weekly pay - gross,Confidence,239.3
Chorley,25 percentile,Part Time Workers,Weekly pay - gross,Value,1853
Fylde,25 percentile,Part Time Workers,Weekly pay - gross,Confidence,139
Fylde,25 percentile,Part Time Workers,Weekly pay - gross,Value,935
Great Britain,25 percentile,Part Time Workers,Weekly pay - gross,Confidence,9.2
Great Britain,25 percentile,Part Time Workers,Weekly pay - gross,Value,2162.3
Hyndburn,25 percentile,Part Time Workers,Weekly pay - gross,Confidence,120
Hyndburn,25 percentile,Part Time Workers,Weekly pay - gross,Value,957.2
Lancaster,25 percentile,Part Time Workers,Weekly pay - gross,Confidence,231
Lancaster,25 percentile,Part Time Workers,Weekly pay - gross,Value,1836
North West,25 percentile,Part Time Workers,Weekly pay - gross,Confidence,30.9
North West,25 percentile,Part Time Workers,Weekly pay - gross,Value,2151.2
Pendle,25 percentile,Part Time Workers,Weekly pay - gross,Confidence,90
Pendle,25 percentile,Part Time Workers,Weekly pay - gross,Value,580.9
Preston,25 percentile,Part Time Workers,Weekly pay - gross,Confidence,226
Preston,25 percentile,Part Time Workers,Weekly pay - gross,Value,1718.9
Ribble Valley,25 percentile,Part Time Workers,Weekly pay - gross,Confidence,146
Ribble Valley,25 percentile,Part Time Workers,Weekly pay - gross,Value,1078.5
Rossendale,25 percentile,Part Time Workers,Weekly pay - gross,Confidence,93
Rossendale,25 percentile,Part Time Workers,Weekly pay - gross,Value,831.9
South Ribble,25 percentile,Part Time Workers,Weekly pay - gross,Confidence,234.3
South Ribble,25 percentile,Part Time Workers,Weekly pay - gross,Value,1643.6
West Lancashire,25 percentile,Part Time Workers,Weekly pay - gross,Confidence,184
West Lancashire,25 percentile,Part Time Workers,Weekly pay - gross,Value,1406.3
Wyre,25 percentile,Part Time Workers,Weekly pay - gross,Confidence,267
Wyre,25 percentile,Part Time Workers,Weekly pay - gross,Value,2018.3
Blackburn with Darwen,25 percentile,Total,Annual pay - gross,Confidence,190.3
Blackburn with Darwen,25 percentile,Total,Annual pay - gross,Value,247212
Blackpool,25 percentile,Total,Annual pay - gross,Confidence,127.4
Blackpool,25 percentile,Total,Annual pay - gross,Value,175504
Burnley,25 percentile,Total,Annual pay - gross,Confidence,184.5
Burnley,25 percentile,Total,Annual pay - gross,Value,242676
Chorley,25 percentile,Total,Annual pay - gross,Confidence,214.9
Chorley,25 percentile,Total,Annual pay - gross,Value,257907
Fylde,25 percentile,Total,Annual pay - gross,Confidence,184.6
Fylde,25 percentile,Total,Annual pay - gross,Value,242280
Great Britain,25 percentile,Total,Annual pay - gross,Confidence,8.3
Great Britain,25 percentile,Total,Annual pay - gross,Value,278350
Hyndburn,25 percentile,Total,Annual pay - gross,Confidence,176.6
Hyndburn,25 percentile,Total,Annual pay - gross,Value,235816
Lancaster,25 percentile,Total,Annual pay - gross,Confidence,161
Lancaster,25 percentile,Total,Annual pay - gross,Value,215836
North West,25 percentile,Total,Annual pay - gross,Confidence,32.6
North West,25 percentile,Total,Annual pay - gross,Value,268465
Pendle,25 percentile,Total,Annual pay - gross,Confidence,157.5
Pendle,25 percentile,Total,Annual pay - gross,Value,201733
Preston,25 percentile,Total,Annual pay - gross,Confidence,167.8
Preston,25 percentile,Total,Annual pay - gross,Value,201692
Ribble Valley,25 percentile,Total,Annual pay - gross,Confidence,210
Ribble Valley,25 percentile,Total,Annual pay - gross,Value,255221
Rossendale,25 percentile,Total,Annual pay - gross,Confidence,205.6
Rossendale,25 percentile,Total,Annual pay - gross,Value,218650
South Ribble,25 percentile,Total,Annual pay - gross,Confidence,200.9
South Ribble,25 percentile,Total,Annual pay - gross,Value,276538
West Lancashire,25 percentile,Total,Annual pay - gross,Confidence,137.5
West Lancashire,25 percentile,Total,Annual pay - gross,Value,229537
Wyre,25 percentile,Total,Annual pay - gross,Confidence,188.7
Wyre,25 percentile,Total,Annual pay - gross,Value,215689
Blackburn with Darwen,25 percentile,Total,Hourly pay - gross,Confidence,44.6
Blackburn with Darwen,25 percentile,Total,Hourly pay - gross,Value,155.74
Blackpool,25 percentile,Total,Hourly pay - gross,Confidence,33
Blackpool,25 percentile,Total,Hourly pay - gross,Value,148.83
Burnley,25 percentile,Total,Hourly pay - gross,Confidence,62
Burnley,25 percentile,Total,Hourly pay - gross,Value,160.57
Chorley,25 percentile,Total,Hourly pay - gross,Confidence,61.7
Chorley,25 percentile,Total,Hourly pay - gross,Value,172.58
Fylde,25 percentile,Total,Hourly pay - gross,Confidence,92.7
Fylde,25 percentile,Total,Hourly pay - gross,Value,170.32
Great Britain,25 percentile,Total,Hourly pay - gross,Confidence,1.7
Great Britain,25 percentile,Total,Hourly pay - gross,Value,170.76
Hyndburn,25 percentile,Total,Hourly pay - gross,Confidence,58.6
Hyndburn,25 percentile,Total,Hourly pay - gross,Value,158.51
Lancaster,25 percentile,Total,Hourly pay - gross,Confidence,48.2
Lancaster,25 percentile,Total,Hourly pay - gross,Value,160.5
North West,25 percentile,Total,Hourly pay - gross,Confidence,7.5
North West,25 percentile,Total,Hourly pay - gross,Value,164.68
Pendle,25 percentile,Total,Hourly pay - gross,Confidence,58.3
Pendle,25 percentile,Total,Hourly pay - gross,Value,158.95
Preston,25 percentile,Total,Hourly pay - gross,Confidence,44.8
Preston,25 percentile,Total,Hourly pay - gross,Value,157.39
Ribble Valley,25 percentile,Total,Hourly pay - gross,Confidence,103
Ribble Valley,25 percentile,Total,Hourly pay - gross,Value,176.44
Rossendale,25 percentile,Total,Hourly pay - gross,Confidence,64.1
Rossendale,25 percentile,Total,Hourly pay - gross,Value,160.06
South Ribble,25 percentile,Total,Hourly pay - gross,Confidence,55.7
South Ribble,25 percentile,Total,Hourly pay - gross,Value,167.42
West Lancashire,25 percentile,Total,Hourly pay - gross,Confidence,63.9
West Lancashire,25 percentile,Total,Hourly pay - gross,Value,168.01
Wyre,25 percentile,Total,Hourly pay - gross,Confidence,63.2
Wyre,25 percentile,Total,Hourly pay - gross,Value,162.46
Blackburn with Darwen,25 percentile,Total,Weekly pay - gross,Confidence,135.5
Blackburn with Darwen,25 percentile,Total,Weekly pay - gross,Value,4906.1
Blackpool,25 percentile,Total,Weekly pay - gross,Confidence,149.4
Blackpool,25 percentile,Total,Weekly pay - gross,Value,4388.3
Burnley,25 percentile,Total,Weekly pay - gross,Confidence,160.8
Burnley,25 percentile,Total,Weekly pay - gross,Value,5334.5
Chorley,25 percentile,Total,Weekly pay - gross,Confidence,151
Chorley,25 percentile,Total,Weekly pay - gross,Value,5371.4
Fylde,25 percentile,Total,Weekly pay - gross,Confidence,183.7
Fylde,25 percentile,Total,Weekly pay - gross,Value,5398
Great Britain,25 percentile,Total,Weekly pay - gross,Confidence,4.9
Great Britain,25 percentile,Total,Weekly pay - gross,Value,5426.7
Hyndburn,25 percentile,Total,Weekly pay - gross,Confidence,146.7
Hyndburn,25 percentile,Total,Weekly pay - gross,Value,5081.9
Lancaster,25 percentile,Total,Weekly pay - gross,Confidence,149.6
Lancaster,25 percentile,Total,Weekly pay - gross,Value,4854
North West,25 percentile,Total,Weekly pay - gross,Confidence,18.4
North West,25 percentile,Total,Weekly pay - gross,Value,5252.8
Pendle,25 percentile,Total,Weekly pay - gross,Confidence,167.6
Pendle,25 percentile,Total,Weekly pay - gross,Value,4816.4
Preston,25 percentile,Total,Weekly pay - gross,Confidence,158.1
Preston,25 percentile,Total,Weekly pay - gross,Value,4629.4
Ribble Valley,25 percentile,Total,Weekly pay - gross,Confidence,203.4
Ribble Valley,25 percentile,Total,Weekly pay - gross,Value,5719.6
Rossendale,25 percentile,Total,Weekly pay - gross,Confidence,189.4
Rossendale,25 percentile,Total,Weekly pay - gross,Value,5281.2
South Ribble,25 percentile,Total,Weekly pay - gross,Confidence,140.7
South Ribble,25 percentile,Total,Weekly pay - gross,Value,5426.9
West Lancashire,25 percentile,Total,Weekly pay - gross,Confidence,165.8
West Lancashire,25 percentile,Total,Weekly pay - gross,Value,5418
Wyre,25 percentile,Total,Weekly pay - gross,Confidence,187.7
Wyre,25 percentile,Total,Weekly pay - gross,Value,4789.6
Blackburn with Darwen,75 percentile,Female,Annual pay - gross,Confidence,72
Blackburn with Darwen,75 percentile,Female,Annual pay - gross,Value,108348
Blackpool,75 percentile,Female,Annual pay - gross,Confidence,199
Blackpool,75 percentile,Female,Annual pay - gross,Value,289125
Chorley,75 percentile,Female,Annual pay - gross,Confidence,174
Chorley,75 percentile,Female,Annual pay - gross,Value,314861
Great Britain,75 percentile,Female,Annual pay - gross,Confidence,8.6
Great Britain,75 percentile,Female,Annual pay - gross,Value,544483
Lancaster,75 percentile,Female,Annual pay - gross,Confidence,58
Lancaster,75 percentile,Female,Annual pay - gross,Value,95488
North West,75 percentile,Female,Annual pay - gross,Confidence,49.4
North West,75 percentile,Female,Annual pay - gross,Value,515354
Preston,75 percentile,Female,Annual pay - gross,Confidence,151
Preston,75 percentile,Female,Annual pay - gross,Value,220534
Ribble Valley,75 percentile,Female,Annual pay - gross,Confidence,20
Ribble Valley,75 percentile,Female,Annual pay - gross,Value,28664
South Ribble,75 percentile,Female,Annual pay - gross,Confidence,199
South Ribble,75 percentile,Female,Annual pay - gross,Value,318263
West Lancashire,75 percentile,Female,Annual pay - gross,Confidence,88
West Lancashire,75 percentile,Female,Annual pay - gross,Value,152110
Wyre,75 percentile,Female,Annual pay - gross,Confidence,73
Wyre,75 percentile,Female,Annual pay - gross,Value,116840
Blackburn with Darwen,75 percentile,Female,Hourly pay - gross,Confidence,159
Blackburn with Darwen,75 percentile,Female,Hourly pay - gross,Value,147.62
Blackpool,75 percentile,Female,Hourly pay - gross,Confidence,225
Blackpool,75 percentile,Female,Hourly pay - gross,Value,241.91
Burnley,75 percentile,Female,Hourly pay - gross,Confidence,104
Burnley,75 percentile,Female,Hourly pay - gross,Value,100.91
Chorley,75 percentile,Female,Hourly pay - gross,Confidence,260
Chorley,75 percentile,Female,Hourly pay - gross,Value,323.79
Fylde,75 percentile,Female,Hourly pay - gross,Confidence,142
Fylde,75 percentile,Female,Hourly pay - gross,Value,138.26
Great Britain,75 percentile,Female,Hourly pay - gross,Confidence,5.3
Great Britain,75 percentile,Female,Hourly pay - gross,Value,320.32
Hyndburn,75 percentile,Female,Hourly pay - gross,Confidence,160
Hyndburn,75 percentile,Female,Hourly pay - gross,Value,139.39
Lancaster,75 percentile,Female,Hourly pay - gross,Confidence,270
Lancaster,75 percentile,Female,Hourly pay - gross,Value,274.51
North West,75 percentile,Female,Hourly pay - gross,Confidence,31.5
North West,75 percentile,Female,Hourly pay - gross,Value,300.62
Pendle,75 percentile,Female,Hourly pay - gross,Confidence,180
Pendle,75 percentile,Female,Hourly pay - gross,Value,144.73
Preston,75 percentile,Female,Hourly pay - gross,Confidence,226.6
Preston,75 percentile,Female,Hourly pay - gross,Value,271.15
Ribble Valley,75 percentile,Female,Hourly pay - gross,Confidence,147
Ribble Valley,75 percentile,Female,Hourly pay - gross,Value,143.01
Rossendale,75 percentile,Female,Hourly pay - gross,Confidence,39
Rossendale,75 percentile,Female,Hourly pay - gross,Value,38.18
South Ribble,75 percentile,Female,Hourly pay - gross,Confidence,240.8
South Ribble,75 percentile,Female,Hourly pay - gross,Value,281.52
West Lancashire,75 percentile,Female,Hourly pay - gross,Confidence,296
West Lancashire,75 percentile,Female,Hourly pay - gross,Value,324.11
Wyre,75 percentile,Female,Hourly pay - gross,Confidence,261
Wyre,75 percentile,Female,Hourly pay - gross,Value,283.99
Blackburn with Darwen,75 percentile,Female,Weekly pay - gross,Confidence,166.3
Blackburn with Darwen,75 percentile,Female,Weekly pay - gross,Value,5552.6
Blackpool,75 percentile,Female,Weekly pay - gross,Confidence,220
Blackpool,75 percentile,Female,Weekly pay - gross,Value,7668.5
Burnley,75 percentile,Female,Weekly pay - gross,Confidence,122
Burnley,75 percentile,Female,Weekly pay - gross,Value,4021.4
Chorley,75 percentile,Female,Weekly pay - gross,Confidence,231
Chorley,75 percentile,Female,Weekly pay - gross,Value,10331.3
Fylde,75 percentile,Female,Weekly pay - gross,Confidence,132
Fylde,75 percentile,Female,Weekly pay - gross,Value,4448.3
Great Britain,75 percentile,Female,Weekly pay - gross,Confidence,5.6
Great Britain,75 percentile,Female,Weekly pay - gross,Value,10563
Hyndburn,75 percentile,Female,Weekly pay - gross,Confidence,176
Hyndburn,75 percentile,Female,Weekly pay - gross,Value,5299.9
Lancaster,75 percentile,Female,Weekly pay - gross,Confidence,268
Lancaster,75 percentile,Female,Weekly pay - gross,Value,8289.3
North West,75 percentile,Female,Weekly pay - gross,Confidence,31.5
North West,75 percentile,Female,Weekly pay - gross,Value,10007.9
Pendle,75 percentile,Female,Weekly pay - gross,Confidence,120
Pendle,75 percentile,Female,Weekly pay - gross,Value,3714.3
Preston,75 percentile,Female,Weekly pay - gross,Confidence,269
Preston,75 percentile,Female,Weekly pay - gross,Value,8797.6
Ribble Valley,75 percentile,Female,Weekly pay - gross,Confidence,157
Ribble Valley,75 percentile,Female,Weekly pay - gross,Value,4977.1
Rossendale,75 percentile,Female,Weekly pay - gross,Confidence,54
Rossendale,75 percentile,Female,Weekly pay - gross,Value,2042
South Ribble,75 percentile,Female,Weekly pay - gross,Confidence,274.7
South Ribble,75 percentile,Female,Weekly pay - gross,Value,9820.1
West Lancashire,75 percentile,Female,Weekly pay - gross,Confidence,282
West Lancashire,75 percentile,Female,Weekly pay - gross,Value,10149.5
Wyre,75 percentile,Female,Weekly pay - gross,Confidence,227
Wyre,75 percentile,Female,Weekly pay - gross,Value,7965.6
Blackburn with Darwen,75 percentile,Full Time Workers,Annual pay - gross,Confidence,171
Blackburn with Darwen,75 percentile,Full Time Workers,Annual pay - gross,Value,440420
Blackpool,75 percentile,Full Time Workers,Annual pay - gross,Confidence,164.1
Blackpool,75 percentile,Full Time Workers,Annual pay - gross,Value,404998
Burnley,75 percentile,Full Time Workers,Annual pay - gross,Confidence,218
Burnley,75 percentile,Full Time Workers,Annual pay - gross,Value,469883
Chorley,75 percentile,Full Time Workers,Annual pay - gross,Confidence,188
Chorley,75 percentile,Full Time Workers,Annual pay - gross,Value,540067
Fylde,75 percentile,Full Time Workers,Annual pay - gross,Confidence,69
Fylde,75 percentile,Full Time Workers,Annual pay - gross,Value,183899
Great Britain,75 percentile,Full Time Workers,Annual pay - gross,Confidence,8
Great Britain,75 percentile,Full Time Workers,Annual pay - gross,Value,753114
Hyndburn,75 percentile,Full Time Workers,Annual pay - gross,Confidence,148
Hyndburn,75 percentile,Full Time Workers,Annual pay - gross,Value,346539
Lancaster,75 percentile,Full Time Workers,Annual pay - gross,Confidence,165
Lancaster,75 percentile,Full Time Workers,Annual pay - gross,Value,478319
North West,75 percentile,Full Time Workers,Annual pay - gross,Confidence,32.7
North West,75 percentile,Full Time Workers,Annual pay - gross,Value,702660
Pendle,75 percentile,Full Time Workers,Annual pay - gross,Confidence,116
Pendle,75 percentile,Full Time Workers,Annual pay - gross,Value,233258
Preston,75 percentile,Full Time Workers,Annual pay - gross,Confidence,180.7
Preston,75 percentile,Full Time Workers,Annual pay - gross,Value,552803
Ribble Valley,75 percentile,Full Time Workers,Annual pay - gross,Confidence,40
Ribble Valley,75 percentile,Full Time Workers,Annual pay - gross,Value,75824
Rossendale,75 percentile,Full Time Workers,Annual pay - gross,Confidence,111
Rossendale,75 percentile,Full Time Workers,Annual pay - gross,Value,238581
South Ribble,75 percentile,Full Time Workers,Annual pay - gross,Confidence,216.6
South Ribble,75 percentile,Full Time Workers,Annual pay - gross,Value,607191
West Lancashire,75 percentile,Full Time Workers,Annual pay - gross,Confidence,232
West Lancashire,75 percentile,Full Time Workers,Annual pay - gross,Value,617070
Wyre,75 percentile,Full Time Workers,Annual pay - gross,Confidence,196
Wyre,75 percentile,Full Time Workers,Annual pay - gross,Value,473839
Blackburn with Darwen,75 percentile,Full Time Workers,Hourly pay - gross,Confidence,200.6
Blackburn with Darwen,75 percentile,Full Time Workers,Hourly pay - gross,Value,303.99
Blackpool,75 percentile,Full Time Workers,Hourly pay - gross,Confidence,179.4
Blackpool,75 percentile,Full Time Workers,Hourly pay - gross,Value,269.93
Burnley,75 percentile,Full Time Workers,Hourly pay - gross,Confidence,249
Burnley,75 percentile,Full Time Workers,Hourly pay - gross,Value,316
Chorley,75 percentile,Full Time Workers,Hourly pay - gross,Confidence,199.5
Chorley,75 percentile,Full Time Workers,Hourly pay - gross,Value,377.17
Fylde,75 percentile,Full Time Workers,Hourly pay - gross,Confidence,272
Fylde,75 percentile,Full Time Workers,Hourly pay - gross,Value,406.33
Great Britain,75 percentile,Full Time Workers,Hourly pay - gross,Confidence,5.4
Great Britain,75 percentile,Full Time Workers,Hourly pay - gross,Value,380.34
Hyndburn,75 percentile,Full Time Workers,Hourly pay - gross,Confidence,256
Hyndburn,75 percentile,Full Time Workers,Hourly pay - gross,Value,319.06
Lancaster,75 percentile,Full Time Workers,Hourly pay - gross,Confidence,195.5
Lancaster,75 percentile,Full Time Workers,Hourly pay - gross,Value,355.06
North West,75 percentile,Full Time Workers,Hourly pay - gross,Confidence,24.9
North West,75 percentile,Full Time Workers,Hourly pay - gross,Value,354.11
Pendle,75 percentile,Full Time Workers,Hourly pay - gross,Confidence,266.6
Pendle,75 percentile,Full Time Workers,Hourly pay - gross,Value,314.11
Preston,75 percentile,Full Time Workers,Hourly pay - gross,Confidence,163.5
Preston,75 percentile,Full Time Workers,Hourly pay - gross,Value,324.45
Ribble Valley,75 percentile,Full Time Workers,Hourly pay - gross,Confidence,241
Ribble Valley,75 percentile,Full Time Workers,Hourly pay - gross,Value,313.17
Rossendale,75 percentile,Full Time Workers,Hourly pay - gross,Confidence,246
Rossendale,75 percentile,Full Time Workers,Hourly pay - gross,Value,290.09
South Ribble,75 percentile,Full Time Workers,Hourly pay - gross,Confidence,185.8
South Ribble,75 percentile,Full Time Workers,Hourly pay - gross,Value,348.43
West Lancashire,75 percentile,Full Time Workers,Hourly pay - gross,Confidence,218.6
West Lancashire,75 percentile,Full Time Workers,Hourly pay - gross,Value,377.12
Wyre,75 percentile,Full Time Workers,Hourly pay - gross,Confidence,246.3
Wyre,75 percentile,Full Time Workers,Hourly pay - gross,Value,349.09
Blackburn with Darwen,75 percentile,Full Time Workers,Weekly pay - gross,Confidence,183.4
Blackburn with Darwen,75 percentile,Full Time Workers,Weekly pay - gross,Value,11799.4
Blackpool,75 percentile,Full Time Workers,Weekly pay - gross,Confidence,171.1
Blackpool,75 percentile,Full Time Workers,Weekly pay - gross,Value,10617.4
Burnley,75 percentile,Full Time Workers,Weekly pay - gross,Confidence,216.7
Burnley,75 percentile,Full Time Workers,Weekly pay - gross,Value,12386.2
Chorley,75 percentile,Full Time Workers,Weekly pay - gross,Confidence,192.6
Chorley,75 percentile,Full Time Workers,Weekly pay - gross,Value,14301.2
Fylde,75 percentile,Full Time Workers,Weekly pay - gross,Confidence,252
Fylde,75 percentile,Full Time Workers,Weekly pay - gross,Value,14357.1
Great Britain,75 percentile,Full Time Workers,Weekly pay - gross,Confidence,5.5
Great Britain,75 percentile,Full Time Workers,Weekly pay - gross,Value,14475
Hyndburn,75 percentile,Full Time Workers,Weekly pay - gross,Confidence,221.3
Hyndburn,75 percentile,Full Time Workers,Weekly pay - gross,Value,12316.6
Lancaster,75 percentile,Full Time Workers,Weekly pay - gross,Confidence,184.1
Lancaster,75 percentile,Full Time Workers,Weekly pay - gross,Value,13600.6
North West,75 percentile,Full Time Workers,Weekly pay - gross,Confidence,21.6
North West,75 percentile,Full Time Workers,Weekly pay - gross,Value,13571.2
Pendle,75 percentile,Full Time Workers,Weekly pay - gross,Confidence,260
Pendle,75 percentile,Full Time Workers,Weekly pay - gross,Value,12208.3
Preston,75 percentile,Full Time Workers,Weekly pay - gross,Confidence,162.6
Preston,75 percentile,Full Time Workers,Weekly pay - gross,Value,12652.6
Ribble Valley,75 percentile,Full Time Workers,Weekly pay - gross,Confidence,240
Ribble Valley,75 percentile,Full Time Workers,Weekly pay - gross,Value,11853.2
Rossendale,75 percentile,Full Time Workers,Weekly pay - gross,Confidence,286
Rossendale,75 percentile,Full Time Workers,Weekly pay - gross,Value,13507.9
South Ribble,75 percentile,Full Time Workers,Weekly pay - gross,Confidence,169
South Ribble,75 percentile,Full Time Workers,Weekly pay - gross,Value,13398.2
West Lancashire,75 percentile,Full Time Workers,Weekly pay - gross,Confidence,206.2
West Lancashire,75 percentile,Full Time Workers,Weekly pay - gross,Value,14164
Wyre,75 percentile,Full Time Workers,Weekly pay - gross,Confidence,221.6
Wyre,75 percentile,Full Time Workers,Weekly pay - gross,Value,13098.7
Blackburn with Darwen,75 percentile,Male,Annual pay - gross,Confidence,190
Blackburn with Darwen,75 percentile,Male,Annual pay - gross,Value,385389
Blackpool,75 percentile,Male,Annual pay - gross,Confidence,104
Blackpool,75 percentile,Male,Annual pay - gross,Value,225637
Burnley,75 percentile,Male,Annual pay - gross,Confidence,89
Burnley,75 percentile,Male,Annual pay - gross,Value,167068
Chorley,75 percentile,Male,Annual pay - gross,Confidence,171
Chorley,75 percentile,Male,Annual pay - gross,Value,432341
Fylde,75 percentile,Male,Annual pay - gross,Confidence,20
Fylde,75 percentile,Male,Annual pay - gross,Value,44759
Great Britain,75 percentile,Male,Annual pay - gross,Confidence,7.7
Great Britain,75 percentile,Male,Annual pay - gross,Value,774387
Hyndburn,75 percentile,Male,Annual pay - gross,Confidence,53
Hyndburn,75 percentile,Male,Annual pay - gross,Value,93373
Lancaster,75 percentile,Male,Annual pay - gross,Confidence,156
Lancaster,75 percentile,Male,Annual pay - gross,Value,402907
North West,75 percentile,Male,Annual pay - gross,Confidence,45.1
North West,75 percentile,Male,Annual pay - gross,Value,722415
Pendle,75 percentile,Male,Annual pay - gross,Confidence,19
Pendle,75 percentile,Male,Annual pay - gross,Value,33731
Preston,75 percentile,Male,Annual pay - gross,Confidence,172
Preston,75 percentile,Male,Annual pay - gross,Value,427256
South Ribble,75 percentile,Male,Annual pay - gross,Confidence,135
South Ribble,75 percentile,Male,Annual pay - gross,Value,324434
West Lancashire,75 percentile,Male,Annual pay - gross,Confidence,88
West Lancashire,75 percentile,Male,Annual pay - gross,Value,200923
Blackburn with Darwen,75 percentile,Male,Hourly pay - gross,Confidence,250.4
Blackburn with Darwen,75 percentile,Male,Hourly pay - gross,Value,295.14
Blackpool,75 percentile,Male,Hourly pay - gross,Confidence,216
Blackpool,75 percentile,Male,Hourly pay - gross,Value,242.09
Burnley,75 percentile,Male,Hourly pay - gross,Confidence,157
Burnley,75 percentile,Male,Hourly pay - gross,Value,161.38
Chorley,75 percentile,Male,Hourly pay - gross,Confidence,269
Chorley,75 percentile,Male,Hourly pay - gross,Value,374.57
Fylde,75 percentile,Male,Hourly pay - gross,Confidence,122
Fylde,75 percentile,Male,Hourly pay - gross,Value,162.36
Great Britain,75 percentile,Male,Hourly pay - gross,Confidence,5.8
Great Britain,75 percentile,Male,Hourly pay - gross,Value,387.69
Hyndburn,75 percentile,Male,Hourly pay - gross,Confidence,207
Hyndburn,75 percentile,Male,Hourly pay - gross,Value,203.18
Lancaster,75 percentile,Male,Hourly pay - gross,Confidence,230
Lancaster,75 percentile,Male,Hourly pay - gross,Value,355.55
North West,75 percentile,Male,Hourly pay - gross,Confidence,32.4
North West,75 percentile,Male,Hourly pay - gross,Value,359.75
Pendle,75 percentile,Male,Hourly pay - gross,Confidence,241
Pendle,75 percentile,Male,Hourly pay - gross,Value,241.25
Preston,75 percentile,Male,Hourly pay - gross,Confidence,232.3
Preston,75 percentile,Male,Hourly pay - gross,Value,324.79
Ribble Valley,75 percentile,Male,Hourly pay - gross,Confidence,20
Ribble Valley,75 percentile,Male,Hourly pay - gross,Value,21.49
Rossendale,75 percentile,Male,Hourly pay - gross,Confidence,39
Rossendale,75 percentile,Male,Hourly pay - gross,Value,38.59
South Ribble,75 percentile,Male,Hourly pay - gross,Confidence,259
South Ribble,75 percentile,Male,Hourly pay - gross,Value,335.19
West Lancashire,75 percentile,Male,Hourly pay - gross,Confidence,252
West Lancashire,75 percentile,Male,Hourly pay - gross,Value,310.82
Wyre,75 percentile,Male,Hourly pay - gross,Confidence,126
Wyre,75 percentile,Male,Hourly pay - gross,Value,140.58
Blackburn with Darwen,75 percentile,Male,Weekly pay - gross,Confidence,227.1
Blackburn with Darwen,75 percentile,Male,Weekly pay - gross,Value,11235.3
Blackpool,75 percentile,Male,Weekly pay - gross,Confidence,239.7
Blackpool,75 percentile,Male,Weekly pay - gross,Value,10140.4
Burnley,75 percentile,Male,Weekly pay - gross,Confidence,237
Burnley,75 percentile,Male,Weekly pay - gross,Value,10839.7
Chorley,75 percentile,Male,Weekly pay - gross,Confidence,256
Chorley,75 percentile,Male,Weekly pay - gross,Value,14287.4
Fylde,75 percentile,Male,Weekly pay - gross,Confidence,113
Fylde,75 percentile,Male,Weekly pay - gross,Value,6128.8
Great Britain,75 percentile,Male,Weekly pay - gross,Confidence,5.6
Great Britain,75 percentile,Male,Weekly pay - gross,Value,14710
Hyndburn,75 percentile,Male,Weekly pay - gross,Confidence,279
Hyndburn,75 percentile,Male,Weekly pay - gross,Value,10855.6
Lancaster,75 percentile,Male,Weekly pay - gross,Confidence,224.1
Lancaster,75 percentile,Male,Weekly pay - gross,Value,13356.5
North West,75 percentile,Male,Weekly pay - gross,Confidence,29.6
North West,75 percentile,Male,Weekly pay - gross,Value,13758
Pendle,75 percentile,Male,Weekly pay - gross,Confidence,176
Pendle,75 percentile,Male,Weekly pay - gross,Value,7260.2
Preston,75 percentile,Male,Weekly pay - gross,Confidence,221.6
Preston,75 percentile,Male,Weekly pay - gross,Value,12623.6
Rossendale,75 percentile,Male,Weekly pay - gross,Confidence,89
Rossendale,75 percentile,Male,Weekly pay - gross,Value,3978.2
South Ribble,75 percentile,Male,Weekly pay - gross,Confidence,203
South Ribble,75 percentile,Male,Weekly pay - gross,Value,12189.4
West Lancashire,75 percentile,Male,Weekly pay - gross,Confidence,263
West Lancashire,75 percentile,Male,Weekly pay - gross,Value,12351
Wyre,75 percentile,Male,Weekly pay - gross,Confidence,138
Wyre,75 percentile,Male,Weekly pay - gross,Value,6262.3
Blackburn with Darwen,75 percentile,Part Time Workers,Annual pay - gross,Confidence,20
Blackburn with Darwen,75 percentile,Part Time Workers,Annual pay - gross,Value,13417
Blackpool,75 percentile,Part Time Workers,Annual pay - gross,Confidence,90
Blackpool,75 percentile,Part Time Workers,Annual pay - gross,Value,67312
Great Britain,75 percentile,Part Time Workers,Annual pay - gross,Confidence,21.1
Great Britain,75 percentile,Part Time Workers,Annual pay - gross,Value,282259
North West,75 percentile,Part Time Workers,Annual pay - gross,Confidence,78.5
North West,75 percentile,Part Time Workers,Annual pay - gross,Value,274722
Preston,75 percentile,Part Time Workers,Annual pay - gross,Confidence,40
Preston,75 percentile,Part Time Workers,Annual pay - gross,Value,30044
Blackburn with Darwen,75 percentile,Part Time Workers,Hourly pay - gross,Confidence,94
Blackburn with Darwen,75 percentile,Part Time Workers,Hourly pay - gross,Value,64.7
Blackpool,75 percentile,Part Time Workers,Hourly pay - gross,Confidence,243
Blackpool,75 percentile,Part Time Workers,Hourly pay - gross,Value,166.94
Chorley,75 percentile,Part Time Workers,Hourly pay - gross,Confidence,125
Chorley,75 percentile,Part Time Workers,Hourly pay - gross,Value,104.77
Great Britain,75 percentile,Part Time Workers,Hourly pay - gross,Confidence,15.2
Great Britain,75 percentile,Part Time Workers,Hourly pay - gross,Value,252.43
Hyndburn,75 percentile,Part Time Workers,Hourly pay - gross,Confidence,18
Hyndburn,75 percentile,Part Time Workers,Hourly pay - gross,Value,15.84
Lancaster,75 percentile,Part Time Workers,Hourly pay - gross,Confidence,78
Lancaster,75 percentile,Part Time Workers,Hourly pay - gross,Value,59.04
North West,75 percentile,Part Time Workers,Hourly pay - gross,Confidence,52.6
North West,75 percentile,Part Time Workers,Hourly pay - gross,Value,233.58
Preston,75 percentile,Part Time Workers,Hourly pay - gross,Confidence,217
Preston,75 percentile,Part Time Workers,Hourly pay - gross,Value,164.34
South Ribble,75 percentile,Part Time Workers,Hourly pay - gross,Confidence,96
South Ribble,75 percentile,Part Time Workers,Hourly pay - gross,Value,69.69
Wyre,75 percentile,Part Time Workers,Hourly pay - gross,Confidence,39
Wyre,75 percentile,Part Time Workers,Hourly pay - gross,Value,23.77
Blackburn with Darwen,75 percentile,Part Time Workers,Weekly pay - gross,Confidence,114
Blackburn with Darwen,75 percentile,Part Time Workers,Weekly pay - gross,Value,1984.3
Blackpool,75 percentile,Part Time Workers,Weekly pay - gross,Confidence,221
Blackpool,75 percentile,Part Time Workers,Weekly pay - gross,Value,3799.6
Chorley,75 percentile,Part Time Workers,Weekly pay - gross,Confidence,18
Chorley,75 percentile,Part Time Workers,Weekly pay - gross,Value,463.9
Great Britain,75 percentile,Part Time Workers,Weekly pay - gross,Confidence,12.4
Great Britain,75 percentile,Part Time Workers,Weekly pay - gross,Value,5099.7
Hyndburn,75 percentile,Part Time Workers,Weekly pay - gross,Confidence,50
Hyndburn,75 percentile,Part Time Workers,Weekly pay - gross,Value,888.2
Lancaster,75 percentile,Part Time Workers,Weekly pay - gross,Confidence,138
Lancaster,75 percentile,Part Time Workers,Weekly pay - gross,Value,2362.6
North West,75 percentile,Part Time Workers,Weekly pay - gross,Confidence,43.6
North West,75 percentile,Part Time Workers,Weekly pay - gross,Value,4940.6
Preston,75 percentile,Part Time Workers,Weekly pay - gross,Confidence,223
Preston,75 percentile,Part Time Workers,Weekly pay - gross,Value,3375.1
South Ribble,75 percentile,Part Time Workers,Weekly pay - gross,Confidence,40
South Ribble,75 percentile,Part Time Workers,Weekly pay - gross,Value,652.7
West Lancashire,75 percentile,Part Time Workers,Weekly pay - gross,Confidence,20
West Lancashire,75 percentile,Part Time Workers,Weekly pay - gross,Value,273.2
Wyre,75 percentile,Part Time Workers,Weekly pay - gross,Confidence,20
Wyre,75 percentile,Part Time Workers,Weekly pay - gross,Value,247.8
Blackburn with Darwen,75 percentile,Total,Annual pay - gross,Confidence,225.3
Blackburn with Darwen,75 percentile,Total,Annual pay - gross,Value,503599
Blackpool,75 percentile,Total,Annual pay - gross,Confidence,137.5
Blackpool,75 percentile,Total,Annual pay - gross,Value,331129
Burnley,75 percentile,Total,Annual pay - gross,Confidence,228
Burnley,75 percentile,Total,Annual pay - gross,Value,440330
Chorley,75 percentile,Total,Annual pay - gross,Confidence,197
Chorley,75 percentile,Total,Annual pay - gross,Value,504310
Fylde,75 percentile,Total,Annual pay - gross,Confidence,179
Fylde,75 percentile,Total,Annual pay - gross,Value,413078
Great Britain,75 percentile,Total,Annual pay - gross,Confidence,5.5
Great Britain,75 percentile,Total,Annual pay - gross,Value,669624
Hyndburn,75 percentile,Total,Annual pay - gross,Confidence,195
Hyndburn,75 percentile,Total,Annual pay - gross,Value,398483
Lancaster,75 percentile,Total,Annual pay - gross,Confidence,170.8
Lancaster,75 percentile,Total,Annual pay - gross,Value,426699
North West,75 percentile,Total,Annual pay - gross,Confidence,32.7
North West,75 percentile,Total,Annual pay - gross,Value,626639
Pendle,75 percentile,Total,Annual pay - gross,Confidence,166
Pendle,75 percentile,Total,Annual pay - gross,Value,332600
Preston,75 percentile,Total,Annual pay - gross,Confidence,203.5
Preston,75 percentile,Total,Annual pay - gross,Value,516920
Ribble Valley,75 percentile,Total,Annual pay - gross,Confidence,128
Ribble Valley,75 percentile,Total,Annual pay - gross,Value,269509
Rossendale,75 percentile,Total,Annual pay - gross,Confidence,125
Rossendale,75 percentile,Total,Annual pay - gross,Value,259919
South Ribble,75 percentile,Total,Annual pay - gross,Confidence,221
South Ribble,75 percentile,Total,Annual pay - gross,Value,595528
West Lancashire,75 percentile,Total,Annual pay - gross,Confidence,206
West Lancashire,75 percentile,Total,Annual pay - gross,Value,509979
Wyre,75 percentile,Total,Annual pay - gross,Confidence,226
Wyre,75 percentile,Total,Annual pay - gross,Value,490747
Blackburn with Darwen,75 percentile,Total,Hourly pay - gross,Confidence,184.8
Blackburn with Darwen,75 percentile,Total,Hourly pay - gross,Value,281.88
Blackpool,75 percentile,Total,Hourly pay - gross,Confidence,146.6
Blackpool,75 percentile,Total,Hourly pay - gross,Value,251.48
Burnley,75 percentile,Total,Hourly pay - gross,Confidence,236
Burnley,75 percentile,Total,Hourly pay - gross,Value,296.81
Chorley,75 percentile,Total,Hourly pay - gross,Confidence,171.2
Chorley,75 percentile,Total,Hourly pay - gross,Value,350.99
Fylde,75 percentile,Total,Hourly pay - gross,Confidence,242
Fylde,75 percentile,Total,Hourly pay - gross,Value,373.25
Great Britain,75 percentile,Total,Hourly pay - gross,Confidence,3.8
Great Britain,75 percentile,Total,Hourly pay - gross,Value,353.89
Hyndburn,75 percentile,Total,Hourly pay - gross,Confidence,247.8
Hyndburn,75 percentile,Total,Hourly pay - gross,Value,291.66
Lancaster,75 percentile,Total,Hourly pay - gross,Confidence,173.3
Lancaster,75 percentile,Total,Hourly pay - gross,Value,328.58
North West,75 percentile,Total,Hourly pay - gross,Confidence,21.4
North West,75 percentile,Total,Hourly pay - gross,Value,330.19
Pendle,75 percentile,Total,Hourly pay - gross,Confidence,237
Pendle,75 percentile,Total,Hourly pay - gross,Value,290.38
Preston,75 percentile,Total,Hourly pay - gross,Confidence,147
Preston,75 percentile,Total,Hourly pay - gross,Value,302.83
Ribble Valley,75 percentile,Total,Hourly pay - gross,Confidence,254
Ribble Valley,75 percentile,Total,Hourly pay - gross,Value,362.66
Rossendale,75 percentile,Total,Hourly pay - gross,Confidence,297
Rossendale,75 percentile,Total,Hourly pay - gross,Value,323.14
South Ribble,75 percentile,Total,Hourly pay - gross,Confidence,168.5
South Ribble,75 percentile,Total,Hourly pay - gross,Value,328.36
West Lancashire,75 percentile,Total,Hourly pay - gross,Confidence,212
West Lancashire,75 percentile,Total,Hourly pay - gross,Value,348.33
Wyre,75 percentile,Total,Hourly pay - gross,Confidence,204.4
Wyre,75 percentile,Total,Hourly pay - gross,Value,326.19
Blackburn with Darwen,75 percentile,Total,Weekly pay - gross,Confidence,169.1
Blackburn with Darwen,75 percentile,Total,Weekly pay - gross,Value,10348.5
Blackpool,75 percentile,Total,Weekly pay - gross,Confidence,157.6
Blackpool,75 percentile,Total,Weekly pay - gross,Value,9270.1
Burnley,75 percentile,Total,Weekly pay - gross,Confidence,216
Burnley,75 percentile,Total,Weekly pay - gross,Value,11118
Chorley,75 percentile,Total,Weekly pay - gross,Confidence,181
Chorley,75 percentile,Total,Weekly pay - gross,Value,12582.2
Fylde,75 percentile,Total,Weekly pay - gross,Confidence,250
Fylde,75 percentile,Total,Weekly pay - gross,Value,13578.7
Great Britain,75 percentile,Total,Weekly pay - gross,Confidence,3.8
Great Britain,75 percentile,Total,Weekly pay - gross,Value,12799
Hyndburn,75 percentile,Total,Weekly pay - gross,Confidence,236.1
Hyndburn,75 percentile,Total,Weekly pay - gross,Value,10835.5
Lancaster,75 percentile,Total,Weekly pay - gross,Confidence,173.3
Lancaster,75 percentile,Total,Weekly pay - gross,Value,11800.6
North West,75 percentile,Total,Weekly pay - gross,Confidence,20.8
North West,75 percentile,Total,Weekly pay - gross,Value,12022.6
Pendle,75 percentile,Total,Weekly pay - gross,Confidence,222
Pendle,75 percentile,Total,Weekly pay - gross,Value,10585.2
Preston,75 percentile,Total,Weekly pay - gross,Confidence,165.9
Preston,75 percentile,Total,Weekly pay - gross,Value,11146.4
Ribble Valley,75 percentile,Total,Weekly pay - gross,Confidence,282
Ribble Valley,75 percentile,Total,Weekly pay - gross,Value,13951.4
Rossendale,75 percentile,Total,Weekly pay - gross,Confidence,265
Rossendale,75 percentile,Total,Weekly pay - gross,Value,12270.7
South Ribble,75 percentile,Total,Weekly pay - gross,Confidence,171.2
South Ribble,75 percentile,Total,Weekly pay - gross,Value,12068.8
West Lancashire,75 percentile,Total,Weekly pay - gross,Confidence,207.7
West Lancashire,75 percentile,Total,Weekly pay - gross,Value,12317.4
Wyre,75 percentile,Total,Weekly pay - gross,Confidence,219.8
Wyre,75 percentile,Total,Weekly pay - gross,Value,11618.3
Great Britain,90 percentile,Female,Annual pay - gross,Confidence,10.7
Great Britain,90 percentile,Female,Annual pay - gross,Value,772793
North West,90 percentile,Female,Annual pay - gross,Confidence,78.2
North West,90 percentile,Female,Annual pay - gross,Value,726870
Great Britain,90 percentile,Female,Hourly pay - gross,Confidence,7.4
Great Britain,90 percentile,Female,Hourly pay - gross,Value,446.25
North West,90 percentile,Female,Hourly pay - gross,Confidence,53.4
North West,90 percentile,Female,Hourly pay - gross,Value,421.38
Great Britain,90 percentile,Female,Weekly pay - gross,Confidence,7.5
Great Britain,90 percentile,Female,Weekly pay - gross,Value,14987
North West,90 percentile,Female,Weekly pay - gross,Confidence,50.5
North West,90 percentile,Female,Weekly pay - gross,Value,14107.7
Great Britain,90 percentile,Full Time Workers,Annual pay - gross,Confidence,18.4
Great Britain,90 percentile,Full Time Workers,Annual pay - gross,Value,1064515
North West,90 percentile,Full Time Workers,Annual pay - gross,Confidence,75.7
North West,90 percentile,Full Time Workers,Annual pay - gross,Value,949668
Great Britain,90 percentile,Full Time Workers,Hourly pay - gross,Confidence,11.5
Great Britain,90 percentile,Full Time Workers,Hourly pay - gross,Value,538.44
North West,90 percentile,Full Time Workers,Hourly pay - gross,Confidence,49.2
North West,90 percentile,Full Time Workers,Hourly pay - gross,Value,486.03
Great Britain,90 percentile,Full Time Workers,Weekly pay - gross,Confidence,11.4
Great Britain,90 percentile,Full Time Workers,Weekly pay - gross,Value,20225.7
North West,90 percentile,Full Time Workers,Weekly pay - gross,Confidence,48.8
North West,90 percentile,Full Time Workers,Weekly pay - gross,Value,18277.3
Great Britain,90 percentile,Male,Annual pay - gross,Confidence,15.5
Great Britain,90 percentile,Male,Annual pay - gross,Value,1123465
North West,90 percentile,Male,Annual pay - gross,Confidence,100.4
North West,90 percentile,Male,Annual pay - gross,Value,1001461
Great Britain,90 percentile,Male,Hourly pay - gross,Confidence,9.6
Great Britain,90 percentile,Male,Hourly pay - gross,Value,568.56
North West,90 percentile,Male,Hourly pay - gross,Confidence,67.5
North West,90 percentile,Male,Hourly pay - gross,Value,509.34
Great Britain,90 percentile,Male,Weekly pay - gross,Confidence,9.1
Great Britain,90 percentile,Male,Weekly pay - gross,Value,21075.8
North West,90 percentile,Male,Weekly pay - gross,Confidence,62.6
North West,90 percentile,Male,Weekly pay - gross,Value,19018.2
Great Britain,90 percentile,Part Time Workers,Annual pay - gross,Confidence,44
Great Britain,90 percentile,Part Time Workers,Annual pay - gross,Value,436194
North West,90 percentile,Part Time Workers,Annual pay - gross,Confidence,180.4
North West,90 percentile,Part Time Workers,Annual pay - gross,Value,420538
Great Britain,90 percentile,Part Time Workers,Hourly pay - gross,Confidence,25.3
Great Britain,90 percentile,Part Time Workers,Hourly pay - gross,Value,400.92
North West,90 percentile,Part Time Workers,Hourly pay - gross,Confidence,106.4
North West,90 percentile,Part Time Workers,Hourly pay - gross,Value,377.11
Great Britain,90 percentile,Part Time Workers,Weekly pay - gross,Confidence,27
Great Britain,90 percentile,Part Time Workers,Weekly pay - gross,Value,7931.6
North West,90 percentile,Part Time Workers,Weekly pay - gross,Confidence,108.5
North West,90 percentile,Part Time Workers,Weekly pay - gross,Value,7615.4
Great Britain,90 percentile,Total,Annual pay - gross,Confidence,9.6
Great Britain,90 percentile,Total,Annual pay - gross,Value,953917
North West,90 percentile,Total,Annual pay - gross,Confidence,63.3
North West,90 percentile,Total,Annual pay - gross,Value,870734
Great Britain,90 percentile,Total,Hourly pay - gross,Confidence,6
Great Britain,90 percentile,Total,Hourly pay - gross,Value,507.6
North West,90 percentile,Total,Hourly pay - gross,Confidence,41.9
North West,90 percentile,Total,Hourly pay - gross,Value,464.4
Great Britain,90 percentile,Total,Weekly pay - gross,Confidence,6
Great Britain,90 percentile,Total,Weekly pay - gross,Value,18181.1
North West,90 percentile,Total,Weekly pay - gross,Confidence,40.1
North West,90 percentile,Total,Weekly pay - gross,Value,16734.4
Blackburn with Darwen,Mean,Female,Annual pay - gross,Confidence,156.9
Blackburn with Darwen,Mean,Female,Annual pay - gross,Value,348629
Blackpool,Mean,Female,Annual pay - gross,Confidence,112
Blackpool,Mean,Female,Annual pay - gross,Value,319538
Burnley,Mean,Female,Annual pay - gross,Confidence,160
Burnley,Mean,Female,Annual pay - gross,Value,349206
Chorley,Mean,Female,Annual pay - gross,Confidence,151.6
Chorley,Mean,Female,Annual pay - gross,Value,415747
Fylde,Mean,Female,Annual pay - gross,Confidence,183.1
Fylde,Mean,Female,Annual pay - gross,Value,386853
Great Britain,Mean,Female,Annual pay - gross,Confidence,8.4
Great Britain,Mean,Female,Annual pay - gross,Value,421266
Hyndburn,Mean,Female,Annual pay - gross,Confidence,176.1
Hyndburn,Mean,Female,Annual pay - gross,Value,362472
Lancaster,Mean,Female,Annual pay - gross,Confidence,176.7
Lancaster,Mean,Female,Annual pay - gross,Value,372745
North West,Mean,Female,Annual pay - gross,Confidence,21.9
North West,Mean,Female,Annual pay - gross,Value,393434
Pendle,Mean,Female,Annual pay - gross,Confidence,201.6
Pendle,Mean,Female,Annual pay - gross,Value,365616
Preston,Mean,Female,Annual pay - gross,Confidence,157.3
Preston,Mean,Female,Annual pay - gross,Value,334305
Ribble Valley,Mean,Female,Annual pay - gross,Confidence,195.7
Ribble Valley,Mean,Female,Annual pay - gross,Value,438377
Rossendale,Mean,Female,Annual pay - gross,Confidence,208.2
Rossendale,Mean,Female,Annual pay - gross,Value,420667
South Ribble,Mean,Female,Annual pay - gross,Confidence,140.8
South Ribble,Mean,Female,Annual pay - gross,Value,393865
West Lancashire,Mean,Female,Annual pay - gross,Confidence,145.6
West Lancashire,Mean,Female,Annual pay - gross,Value,402698
Wyre,Mean,Female,Annual pay - gross,Confidence,151.6
Wyre,Mean,Female,Annual pay - gross,Value,387977
Blackburn with Darwen,Mean,Female,Hourly pay - gross,Confidence,92.6
Blackburn with Darwen,Mean,Female,Hourly pay - gross,Value,231.14
Blackpool,Mean,Female,Hourly pay - gross,Confidence,71.8
Blackpool,Mean,Female,Hourly pay - gross,Value,214.41
Burnley,Mean,Female,Hourly pay - gross,Confidence,103.6
Burnley,Mean,Female,Hourly pay - gross,Value,238.64
Chorley,Mean,Female,Hourly pay - gross,Confidence,89.5
Chorley,Mean,Female,Hourly pay - gross,Value,275.92
Fylde,Mean,Female,Hourly pay - gross,Confidence,112.7
Fylde,Mean,Female,Hourly pay - gross,Value,263.7
Great Britain,Mean,Female,Hourly pay - gross,Confidence,4.4
Great Britain,Mean,Female,Hourly pay - gross,Value,273.85
Hyndburn,Mean,Female,Hourly pay - gross,Confidence,101.4
Hyndburn,Mean,Female,Hourly pay - gross,Value,231.11
Lancaster,Mean,Female,Hourly pay - gross,Confidence,97.2
Lancaster,Mean,Female,Hourly pay - gross,Value,251.35
North West,Mean,Female,Hourly pay - gross,Confidence,12.2
North West,Mean,Female,Hourly pay - gross,Value,256.89
Pendle,Mean,Female,Hourly pay - gross,Confidence,128.5
Pendle,Mean,Female,Hourly pay - gross,Value,242.31
Preston,Mean,Female,Hourly pay - gross,Confidence,98.8
Preston,Mean,Female,Hourly pay - gross,Value,239.4
Ribble Valley,Mean,Female,Hourly pay - gross,Confidence,122.7
Ribble Valley,Mean,Female,Hourly pay - gross,Value,283.47
Rossendale,Mean,Female,Hourly pay - gross,Confidence,150.2
Rossendale,Mean,Female,Hourly pay - gross,Value,267.2
South Ribble,Mean,Female,Hourly pay - gross,Confidence,85.6
South Ribble,Mean,Female,Hourly pay - gross,Value,252.21
West Lancashire,Mean,Female,Hourly pay - gross,Confidence,94.6
West Lancashire,Mean,Female,Hourly pay - gross,Value,270.84
Wyre,Mean,Female,Hourly pay - gross,Confidence,94.6
Wyre,Mean,Female,Hourly pay - gross,Value,253.92
Blackburn with Darwen,Mean,Female,Weekly pay - gross,Confidence,115.9
Blackburn with Darwen,Mean,Female,Weekly pay - gross,Value,6781
Blackpool,Mean,Female,Weekly pay - gross,Confidence,92.1
Blackpool,Mean,Female,Weekly pay - gross,Value,6489.6
Burnley,Mean,Female,Weekly pay - gross,Confidence,130.9
Burnley,Mean,Female,Weekly pay - gross,Value,7180.9
Chorley,Mean,Female,Weekly pay - gross,Confidence,109
Chorley,Mean,Female,Weekly pay - gross,Value,8116
Fylde,Mean,Female,Weekly pay - gross,Confidence,138.5
Fylde,Mean,Female,Weekly pay - gross,Value,7695.6
Great Britain,Mean,Female,Weekly pay - gross,Confidence,4.6
Great Britain,Mean,Female,Weekly pay - gross,Value,8094.4
Hyndburn,Mean,Female,Weekly pay - gross,Confidence,127.1
Hyndburn,Mean,Female,Weekly pay - gross,Value,7018.3
Lancaster,Mean,Female,Weekly pay - gross,Confidence,120
Lancaster,Mean,Female,Weekly pay - gross,Value,7143
North West,Mean,Female,Weekly pay - gross,Confidence,14.5
North West,Mean,Female,Weekly pay - gross,Value,7629.5
Pendle,Mean,Female,Weekly pay - gross,Confidence,155.8
Pendle,Mean,Female,Weekly pay - gross,Value,7119
Preston,Mean,Female,Weekly pay - gross,Confidence,120.6
Preston,Mean,Female,Weekly pay - gross,Value,6894.2
Ribble Valley,Mean,Female,Weekly pay - gross,Confidence,146.8
Ribble Valley,Mean,Female,Weekly pay - gross,Value,8399.8
Rossendale,Mean,Female,Weekly pay - gross,Confidence,170
Rossendale,Mean,Female,Weekly pay - gross,Value,8180.6
South Ribble,Mean,Female,Weekly pay - gross,Confidence,105.7
South Ribble,Mean,Female,Weekly pay - gross,Value,7646.4
West Lancashire,Mean,Female,Weekly pay - gross,Confidence,116.4
West Lancashire,Mean,Female,Weekly pay - gross,Value,8058.9
Wyre,Mean,Female,Weekly pay - gross,Confidence,118
Wyre,Mean,Female,Weekly pay - gross,Value,7463.6
Blackburn with Darwen,Mean,Full Time Workers,Annual pay - gross,Confidence,91.2
Blackburn with Darwen,Mean,Full Time Workers,Annual pay - gross,Value,499736
Blackpool,Mean,Full Time Workers,Annual pay - gross,Confidence,104.4
Blackpool,Mean,Full Time Workers,Annual pay - gross,Value,461897
Burnley,Mean,Full Time Workers,Annual pay - gross,Confidence,124.9
Burnley,Mean,Full Time Workers,Annual pay - gross,Value,520132
Chorley,Mean,Full Time Workers,Annual pay - gross,Confidence,115.8
Chorley,Mean,Full Time Workers,Annual pay - gross,Value,600359
Fylde,Mean,Full Time Workers,Annual pay - gross,Confidence,145.4
Fylde,Mean,Full Time Workers,Annual pay - gross,Value,675886
Great Britain,Mean,Full Time Workers,Annual pay - gross,Confidence,10
Great Britain,Mean,Full Time Workers,Annual pay - gross,Value,662007
Hyndburn,Mean,Full Time Workers,Annual pay - gross,Confidence,136.6
Hyndburn,Mean,Full Time Workers,Annual pay - gross,Value,516160
Lancaster,Mean,Full Time Workers,Annual pay - gross,Confidence,112.6
Lancaster,Mean,Full Time Workers,Annual pay - gross,Value,599075
North West,Mean,Full Time Workers,Annual pay - gross,Confidence,18.1
North West,Mean,Full Time Workers,Annual pay - gross,Value,591310
Pendle,Mean,Full Time Workers,Annual pay - gross,Confidence,142
Pendle,Mean,Full Time Workers,Annual pay - gross,Value,542228
Preston,Mean,Full Time Workers,Annual pay - gross,Confidence,122.6
Preston,Mean,Full Time Workers,Annual pay - gross,Value,561525
Ribble Valley,Mean,Full Time Workers,Annual pay - gross,Confidence,178.9
Ribble Valley,Mean,Full Time Workers,Annual pay - gross,Value,676378
Rossendale,Mean,Full Time Workers,Annual pay - gross,Confidence,137.6
Rossendale,Mean,Full Time Workers,Annual pay - gross,Value,563202
South Ribble,Mean,Full Time Workers,Annual pay - gross,Confidence,136
South Ribble,Mean,Full Time Workers,Annual pay - gross,Value,601830
West Lancashire,Mean,Full Time Workers,Annual pay - gross,Confidence,133.9
West Lancashire,Mean,Full Time Workers,Annual pay - gross,Value,617468
Wyre,Mean,Full Time Workers,Annual pay - gross,Confidence,124.5
Wyre,Mean,Full Time Workers,Annual pay - gross,Value,570330
Blackburn with Darwen,Mean,Full Time Workers,Hourly pay - gross,Confidence,66.9
Blackburn with Darwen,Mean,Full Time Workers,Hourly pay - gross,Value,252.25
Blackpool,Mean,Full Time Workers,Hourly pay - gross,Confidence,68.1
Blackpool,Mean,Full Time Workers,Hourly pay - gross,Value,230.86
Burnley,Mean,Full Time Workers,Hourly pay - gross,Confidence,82.9
Burnley,Mean,Full Time Workers,Hourly pay - gross,Value,260.84
Chorley,Mean,Full Time Workers,Hourly pay - gross,Confidence,72.2
Chorley,Mean,Full Time Workers,Hourly pay - gross,Value,305.95
Fylde,Mean,Full Time Workers,Hourly pay - gross,Confidence,102.9
Fylde,Mean,Full Time Workers,Hourly pay - gross,Value,329.08
Great Britain,Mean,Full Time Workers,Hourly pay - gross,Confidence,4.3
Great Britain,Mean,Full Time Workers,Hourly pay - gross,Value,318
Hyndburn,Mean,Full Time Workers,Hourly pay - gross,Confidence,95
Hyndburn,Mean,Full Time Workers,Hourly pay - gross,Value,260.94
Lancaster,Mean,Full Time Workers,Hourly pay - gross,Confidence,77.2
Lancaster,Mean,Full Time Workers,Hourly pay - gross,Value,289.79
North West,Mean,Full Time Workers,Hourly pay - gross,Confidence,11.7
North West,Mean,Full Time Workers,Hourly pay - gross,Value,292.42
Pendle,Mean,Full Time Workers,Hourly pay - gross,Confidence,102.2
Pendle,Mean,Full Time Workers,Hourly pay - gross,Value,267.23
Preston,Mean,Full Time Workers,Hourly pay - gross,Confidence,84.3
Preston,Mean,Full Time Workers,Hourly pay - gross,Value,273.28
Ribble Valley,Mean,Full Time Workers,Hourly pay - gross,Confidence,115.2
Ribble Valley,Mean,Full Time Workers,Hourly pay - gross,Value,331.29
Rossendale,Mean,Full Time Workers,Hourly pay - gross,Confidence,108.8
Rossendale,Mean,Full Time Workers,Hourly pay - gross,Value,279.57
South Ribble,Mean,Full Time Workers,Hourly pay - gross,Confidence,94.4
South Ribble,Mean,Full Time Workers,Hourly pay - gross,Value,293.05
West Lancashire,Mean,Full Time Workers,Hourly pay - gross,Confidence,82.2
West Lancashire,Mean,Full Time Workers,Hourly pay - gross,Value,299.43
Wyre,Mean,Full Time Workers,Hourly pay - gross,Confidence,90.4
Wyre,Mean,Full Time Workers,Hourly pay - gross,Value,286.24
Blackburn with Darwen,Mean,Full Time Workers,Weekly pay - gross,Confidence,66.9
Blackburn with Darwen,Mean,Full Time Workers,Weekly pay - gross,Value,9844
Blackpool,Mean,Full Time Workers,Weekly pay - gross,Confidence,68.2
Blackpool,Mean,Full Time Workers,Weekly pay - gross,Value,9062
Burnley,Mean,Full Time Workers,Weekly pay - gross,Confidence,81.2
Burnley,Mean,Full Time Workers,Weekly pay - gross,Value,10193.2
Chorley,Mean,Full Time Workers,Weekly pay - gross,Confidence,70.6
Chorley,Mean,Full Time Workers,Weekly pay - gross,Value,11751.7
Fylde,Mean,Full Time Workers,Weekly pay - gross,Confidence,103.2
Fylde,Mean,Full Time Workers,Weekly pay - gross,Value,12727.1
Great Britain,Mean,Full Time Workers,Weekly pay - gross,Confidence,4.3
Great Britain,Mean,Full Time Workers,Weekly pay - gross,Value,12384.9
Hyndburn,Mean,Full Time Workers,Weekly pay - gross,Confidence,93.4
Hyndburn,Mean,Full Time Workers,Weekly pay - gross,Value,10147.4
Lancaster,Mean,Full Time Workers,Weekly pay - gross,Confidence,76.4
Lancaster,Mean,Full Time Workers,Weekly pay - gross,Value,11367.6
North West,Mean,Full Time Workers,Weekly pay - gross,Confidence,11.7
North West,Mean,Full Time Workers,Weekly pay - gross,Value,11363.3
Pendle,Mean,Full Time Workers,Weekly pay - gross,Confidence,101.8
Pendle,Mean,Full Time Workers,Weekly pay - gross,Value,10434.9
Preston,Mean,Full Time Workers,Weekly pay - gross,Confidence,84.1
Preston,Mean,Full Time Workers,Weekly pay - gross,Value,10770.1
Ribble Valley,Mean,Full Time Workers,Weekly pay - gross,Confidence,112.7
Ribble Valley,Mean,Full Time Workers,Weekly pay - gross,Value,12902.4
Rossendale,Mean,Full Time Workers,Weekly pay - gross,Confidence,107.3
Rossendale,Mean,Full Time Workers,Weekly pay - gross,Value,10949.9
South Ribble,Mean,Full Time Workers,Weekly pay - gross,Confidence,93.1
South Ribble,Mean,Full Time Workers,Weekly pay - gross,Value,11399.1
West Lancashire,Mean,Full Time Workers,Weekly pay - gross,Confidence,79.9
West Lancashire,Mean,Full Time Workers,Weekly pay - gross,Value,11649.9
Wyre,Mean,Full Time Workers,Weekly pay - gross,Confidence,87.3
Wyre,Mean,Full Time Workers,Weekly pay - gross,Value,10995.7
Blackburn with Darwen,Mean,Male,Annual pay - gross,Confidence,113.5
Blackburn with Darwen,Mean,Male,Annual pay - gross,Value,470293
Blackpool,Mean,Male,Annual pay - gross,Confidence,159.6
Blackpool,Mean,Male,Annual pay - gross,Value,432331
Burnley,Mean,Male,Annual pay - gross,Confidence,140
Burnley,Mean,Male,Annual pay - gross,Value,479895
Chorley,Mean,Male,Annual pay - gross,Confidence,163.6
Chorley,Mean,Male,Annual pay - gross,Value,575101
Fylde,Mean,Male,Annual pay - gross,Confidence,178.5
Fylde,Mean,Male,Annual pay - gross,Value,701049
Great Britain,Mean,Male,Annual pay - gross,Confidence,14.1
Great Britain,Mean,Male,Annual pay - gross,Value,668949
Hyndburn,Mean,Male,Annual pay - gross,Confidence,185.2
Hyndburn,Mean,Male,Annual pay - gross,Value,511936
Lancaster,Mean,Male,Annual pay - gross,Confidence,140.6
Lancaster,Mean,Male,Annual pay - gross,Value,585143
North West,Mean,Male,Annual pay - gross,Confidence,25.9
North West,Mean,Male,Annual pay - gross,Value,593114
Pendle,Mean,Male,Annual pay - gross,Confidence,180.9
Pendle,Mean,Male,Annual pay - gross,Value,494670
Preston,Mean,Male,Annual pay - gross,Confidence,160
Preston,Mean,Male,Annual pay - gross,Value,545410
Ribble Valley,Mean,Male,Annual pay - gross,Confidence,168.9
Ribble Valley,Mean,Male,Annual pay - gross,Value,585549
Rossendale,Mean,Male,Annual pay - gross,Confidence,165.1
Rossendale,Mean,Male,Annual pay - gross,Value,496527
South Ribble,Mean,Male,Annual pay - gross,Confidence,172.2
South Ribble,Mean,Male,Annual pay - gross,Value,591998
West Lancashire,Mean,Male,Annual pay - gross,Confidence,174.4
West Lancashire,Mean,Male,Annual pay - gross,Value,571628
Wyre,Mean,Male,Annual pay - gross,Confidence,171.3
Wyre,Mean,Male,Annual pay - gross,Value,528427
Blackburn with Darwen,Mean,Male,Hourly pay - gross,Confidence,78.7
Blackburn with Darwen,Mean,Male,Hourly pay - gross,Value,251.11
Blackpool,Mean,Male,Hourly pay - gross,Confidence,89.8
Blackpool,Mean,Male,Hourly pay - gross,Value,228.25
Burnley,Mean,Male,Hourly pay - gross,Confidence,105.4
Burnley,Mean,Male,Hourly pay - gross,Value,261.73
Chorley,Mean,Male,Hourly pay - gross,Confidence,92
Chorley,Mean,Male,Hourly pay - gross,Value,306.74
Fylde,Mean,Male,Hourly pay - gross,Confidence,130.6
Fylde,Mean,Male,Hourly pay - gross,Value,353.19
Great Britain,Mean,Male,Hourly pay - gross,Confidence,6
Great Britain,Mean,Male,Hourly pay - gross,Value,329.23
Hyndburn,Mean,Male,Hourly pay - gross,Confidence,123.9
Hyndburn,Mean,Male,Hourly pay - gross,Value,265.75
Lancaster,Mean,Male,Hourly pay - gross,Confidence,91.7
Lancaster,Mean,Male,Hourly pay - gross,Value,294.85
North West,Mean,Male,Hourly pay - gross,Confidence,16.5
North West,Mean,Male,Hourly pay - gross,Value,301.72
Pendle,Mean,Male,Hourly pay - gross,Confidence,124.5
Pendle,Mean,Male,Hourly pay - gross,Value,268.12
Preston,Mean,Male,Hourly pay - gross,Confidence,104.8
Preston,Mean,Male,Hourly pay - gross,Value,279.7
Ribble Valley,Mean,Male,Hourly pay - gross,Confidence,153.4
Ribble Valley,Mean,Male,Hourly pay - gross,Value,354.43
Rossendale,Mean,Male,Hourly pay - gross,Confidence,139.6
Rossendale,Mean,Male,Hourly pay - gross,Value,279.38
South Ribble,Mean,Male,Hourly pay - gross,Confidence,132.9
South Ribble,Mean,Male,Hourly pay - gross,Value,308.86
West Lancashire,Mean,Male,Hourly pay - gross,Confidence,110.3
West Lancashire,Mean,Male,Hourly pay - gross,Value,306.07
Wyre,Mean,Male,Hourly pay - gross,Confidence,128.8
Wyre,Mean,Male,Hourly pay - gross,Value,295.17
Blackburn with Darwen,Mean,Male,Weekly pay - gross,Confidence,89.1
Blackburn with Darwen,Mean,Male,Weekly pay - gross,Value,9155.6
Blackpool,Mean,Male,Weekly pay - gross,Confidence,104.5
Blackpool,Mean,Male,Weekly pay - gross,Value,8148.4
Burnley,Mean,Male,Weekly pay - gross,Confidence,111.8
Burnley,Mean,Male,Weekly pay - gross,Value,9821.1
Chorley,Mean,Male,Weekly pay - gross,Confidence,102.2
Chorley,Mean,Male,Weekly pay - gross,Value,11030.5
Fylde,Mean,Male,Weekly pay - gross,Confidence,139.7
Fylde,Mean,Male,Weekly pay - gross,Value,12918.8
Great Britain,Mean,Male,Weekly pay - gross,Confidence,6.1
Great Britain,Mean,Male,Weekly pay - gross,Value,12108.7
Hyndburn,Mean,Male,Weekly pay - gross,Confidence,131.6
Hyndburn,Mean,Male,Weekly pay - gross,Value,9866.1
Lancaster,Mean,Male,Weekly pay - gross,Confidence,99.8
Lancaster,Mean,Male,Weekly pay - gross,Value,10729.1
North West,Mean,Male,Weekly pay - gross,Confidence,16.9
North West,Mean,Male,Weekly pay - gross,Value,11069.6
Pendle,Mean,Male,Weekly pay - gross,Confidence,133.7
Pendle,Mean,Male,Weekly pay - gross,Value,9872.2
Preston,Mean,Male,Weekly pay - gross,Confidence,112.1
Preston,Mean,Male,Weekly pay - gross,Value,10199.5
Ribble Valley,Mean,Male,Weekly pay - gross,Confidence,155.8
Ribble Valley,Mean,Male,Weekly pay - gross,Value,13378.7
Rossendale,Mean,Male,Weekly pay - gross,Confidence,146.4
Rossendale,Mean,Male,Weekly pay - gross,Value,10440.2
South Ribble,Mean,Male,Weekly pay - gross,Confidence,134.7
South Ribble,Mean,Male,Weekly pay - gross,Value,11579.7
West Lancashire,Mean,Male,Weekly pay - gross,Confidence,115.4
West Lancashire,Mean,Male,Weekly pay - gross,Value,11211.4
Wyre,Mean,Male,Weekly pay - gross,Confidence,136.2
Wyre,Mean,Male,Weekly pay - gross,Value,10305.3
Blackburn with Darwen,Mean,Part Time Workers,Annual pay - gross,Confidence,174.2
Blackburn with Darwen,Mean,Part Time Workers,Annual pay - gross,Value,202341
Blackpool,Mean,Part Time Workers,Annual pay - gross,Confidence,140
Blackpool,Mean,Part Time Workers,Annual pay - gross,Value,180400
Burnley,Mean,Part Time Workers,Annual pay - gross,Confidence,200.1
Burnley,Mean,Part Time Workers,Annual pay - gross,Value,186947
Chorley,Mean,Part Time Workers,Annual pay - gross,Confidence,209.6
Chorley,Mean,Part Time Workers,Annual pay - gross,Value,231521
Fylde,Mean,Part Time Workers,Annual pay - gross,Confidence,204
Fylde,Mean,Part Time Workers,Annual pay - gross,Value,178492
Great Britain,Mean,Part Time Workers,Annual pay - gross,Confidence,15.1
Great Britain,Mean,Part Time Workers,Annual pay - gross,Value,232285
Hyndburn,Mean,Part Time Workers,Annual pay - gross,Confidence,197.4
Hyndburn,Mean,Part Time Workers,Annual pay - gross,Value,184158
Lancaster,Mean,Part Time Workers,Annual pay - gross,Confidence,202.9
Lancaster,Mean,Part Time Workers,Annual pay - gross,Value,217213
North West,Mean,Part Time Workers,Annual pay - gross,Confidence,40.6
North West,Mean,Part Time Workers,Annual pay - gross,Value,226983
Pendle,Mean,Part Time Workers,Annual pay - gross,Confidence,173.7
Pendle,Mean,Part Time Workers,Annual pay - gross,Value,176145
Preston,Mean,Part Time Workers,Annual pay - gross,Confidence,175.4
Preston,Mean,Part Time Workers,Annual pay - gross,Value,187119
Ribble Valley,Mean,Part Time Workers,Annual pay - gross,Confidence,211
Ribble Valley,Mean,Part Time Workers,Annual pay - gross,Value,173384
Rossendale,Mean,Part Time Workers,Annual pay - gross,Confidence,141
Rossendale,Mean,Part Time Workers,Annual pay - gross,Value,112581
South Ribble,Mean,Part Time Workers,Annual pay - gross,Confidence,202.4
South Ribble,Mean,Part Time Workers,Annual pay - gross,Value,202960
West Lancashire,Mean,Part Time Workers,Annual pay - gross,Confidence,174.4
West Lancashire,Mean,Part Time Workers,Annual pay - gross,Value,174558
Wyre,Mean,Part Time Workers,Annual pay - gross,Confidence,213
Wyre,Mean,Part Time Workers,Annual pay - gross,Value,186372
Blackburn with Darwen,Mean,Part Time Workers,Hourly pay - gross,Confidence,106.7
Blackburn with Darwen,Mean,Part Time Workers,Hourly pay - gross,Value,197.67
Blackpool,Mean,Part Time Workers,Hourly pay - gross,Confidence,80.8
Blackpool,Mean,Part Time Workers,Hourly pay - gross,Value,181.21
Burnley,Mean,Part Time Workers,Hourly pay - gross,Confidence,143.5
Burnley,Mean,Part Time Workers,Hourly pay - gross,Value,198.55
Chorley,Mean,Part Time Workers,Hourly pay - gross,Confidence,118.1
Chorley,Mean,Part Time Workers,Hourly pay - gross,Value,227.54
Fylde,Mean,Part Time Workers,Hourly pay - gross,Confidence,139.2
Fylde,Mean,Part Time Workers,Hourly pay - gross,Value,188.42
Great Britain,Mean,Part Time Workers,Hourly pay - gross,Confidence,8
Great Britain,Mean,Part Time Workers,Hourly pay - gross,Value,231.16
Hyndburn,Mean,Part Time Workers,Hourly pay - gross,Confidence,143.3
Hyndburn,Mean,Part Time Workers,Hourly pay - gross,Value,194.4
Lancaster,Mean,Part Time Workers,Hourly pay - gross,Confidence,125.7
Lancaster,Mean,Part Time Workers,Hourly pay - gross,Value,221.91
North West,Mean,Part Time Workers,Hourly pay - gross,Confidence,24.3
North West,Mean,Part Time Workers,Hourly pay - gross,Value,222.86
Pendle,Mean,Part Time Workers,Hourly pay - gross,Confidence,121
Pendle,Mean,Part Time Workers,Hourly pay - gross,Value,202.52
Preston,Mean,Part Time Workers,Hourly pay - gross,Confidence,129.2
Preston,Mean,Part Time Workers,Hourly pay - gross,Value,210.49
Ribble Valley,Mean,Part Time Workers,Hourly pay - gross,Confidence,243
Ribble Valley,Mean,Part Time Workers,Hourly pay - gross,Value,265.14
Rossendale,Mean,Part Time Workers,Hourly pay - gross,Confidence,206.3
Rossendale,Mean,Part Time Workers,Hourly pay - gross,Value,203.64
South Ribble,Mean,Part Time Workers,Hourly pay - gross,Confidence,139.5
South Ribble,Mean,Part Time Workers,Hourly pay - gross,Value,212.77
West Lancashire,Mean,Part Time Workers,Hourly pay - gross,Confidence,147.7
West Lancashire,Mean,Part Time Workers,Hourly pay - gross,Value,219.68
Wyre,Mean,Part Time Workers,Hourly pay - gross,Confidence,163.9
Wyre,Mean,Part Time Workers,Hourly pay - gross,Value,214.52
Blackburn with Darwen,Mean,Part Time Workers,Weekly pay - gross,Confidence,136.7
Blackburn with Darwen,Mean,Part Time Workers,Weekly pay - gross,Value,3800.5
Blackpool,Mean,Part Time Workers,Weekly pay - gross,Confidence,112.8
Blackpool,Mean,Part Time Workers,Weekly pay - gross,Value,3447.1
Burnley,Mean,Part Time Workers,Weekly pay - gross,Confidence,185.2
Burnley,Mean,Part Time Workers,Weekly pay - gross,Value,3753.9
Chorley,Mean,Part Time Workers,Weekly pay - gross,Confidence,156
Chorley,Mean,Part Time Workers,Weekly pay - gross,Value,4287.9
Fylde,Mean,Part Time Workers,Weekly pay - gross,Confidence,168.7
Fylde,Mean,Part Time Workers,Weekly pay - gross,Value,3456.2
Great Britain,Mean,Part Time Workers,Weekly pay - gross,Confidence,8.8
Great Britain,Mean,Part Time Workers,Weekly pay - gross,Value,4214.5
Hyndburn,Mean,Part Time Workers,Weekly pay - gross,Confidence,188.7
Hyndburn,Mean,Part Time Workers,Weekly pay - gross,Value,3727.5
Lancaster,Mean,Part Time Workers,Weekly pay - gross,Confidence,155.3
Lancaster,Mean,Part Time Workers,Weekly pay - gross,Value,4090.4
North West,Mean,Part Time Workers,Weekly pay - gross,Confidence,27.7
North West,Mean,Part Time Workers,Weekly pay - gross,Value,4137
Pendle,Mean,Part Time Workers,Weekly pay - gross,Confidence,162
Pendle,Mean,Part Time Workers,Weekly pay - gross,Value,3789
Preston,Mean,Part Time Workers,Weekly pay - gross,Confidence,156.6
Preston,Mean,Part Time Workers,Weekly pay - gross,Value,3814.5
Ribble Valley,Mean,Part Time Workers,Weekly pay - gross,Confidence,270
Ribble Valley,Mean,Part Time Workers,Weekly pay - gross,Value,4495.5
Rossendale,Mean,Part Time Workers,Weekly pay - gross,Confidence,207
Rossendale,Mean,Part Time Workers,Weekly pay - gross,Value,3325.3
South Ribble,Mean,Part Time Workers,Weekly pay - gross,Confidence,170.9
South Ribble,Mean,Part Time Workers,Weekly pay - gross,Value,3922.3
West Lancashire,Mean,Part Time Workers,Weekly pay - gross,Confidence,180.7
West Lancashire,Mean,Part Time Workers,Weekly pay - gross,Value,4027.5
Wyre,Mean,Part Time Workers,Weekly pay - gross,Confidence,194.1
Wyre,Mean,Part Time Workers,Weekly pay - gross,Value,3943.4
Blackburn with Darwen,Mean,Total,Annual pay - gross,Confidence,96.5
Blackburn with Darwen,Mean,Total,Annual pay - gross,Value,415655
Blackpool,Mean,Total,Annual pay - gross,Confidence,110.6
Blackpool,Mean,Total,Annual pay - gross,Value,381955
Burnley,Mean,Total,Annual pay - gross,Confidence,134.6
Burnley,Mean,Total,Annual pay - gross,Value,447412
Chorley,Mean,Total,Annual pay - gross,Confidence,118.1
Chorley,Mean,Total,Annual pay - gross,Value,493252
Fylde,Mean,Total,Annual pay - gross,Confidence,152.8
Fylde,Mean,Total,Annual pay - gross,Value,556701
Great Britain,Mean,Total,Annual pay - gross,Confidence,9.4
Great Britain,Mean,Total,Annual pay - gross,Value,545611
Hyndburn,Mean,Total,Annual pay - gross,Confidence,140.8
Hyndburn,Mean,Total,Annual pay - gross,Value,442040
Lancaster,Mean,Total,Annual pay - gross,Confidence,118.6
Lancaster,Mean,Total,Annual pay - gross,Value,489824
North West,Mean,Total,Annual pay - gross,Confidence,18.2
North West,Mean,Total,Annual pay - gross,Value,491837
Pendle,Mean,Total,Annual pay - gross,Confidence,158.5
Pendle,Mean,Total,Annual pay - gross,Value,448212
Preston,Mean,Total,Annual pay - gross,Confidence,127.5
Preston,Mean,Total,Annual pay - gross,Value,453777
Ribble Valley,Mean,Total,Annual pay - gross,Confidence,169.3
Ribble Valley,Mean,Total,Annual pay - gross,Value,575717
Rossendale,Mean,Total,Annual pay - gross,Confidence,153.1
Rossendale,Mean,Total,Annual pay - gross,Value,481228
South Ribble,Mean,Total,Annual pay - gross,Confidence,135.8
South Ribble,Mean,Total,Annual pay - gross,Value,504920
West Lancashire,Mean,Total,Annual pay - gross,Confidence,142
West Lancashire,Mean,Total,Annual pay - gross,Value,514700
Wyre,Mean,Total,Annual pay - gross,Confidence,132.3
Wyre,Mean,Total,Annual pay - gross,Value,469549
Blackburn with Darwen,Mean,Total,Hourly pay - gross,Confidence,61
Blackburn with Darwen,Mean,Total,Hourly pay - gross,Value,243.16
Blackpool,Mean,Total,Hourly pay - gross,Confidence,60.3
Blackpool,Mean,Total,Hourly pay - gross,Value,221.75
Burnley,Mean,Total,Hourly pay - gross,Confidence,76.5
Burnley,Mean,Total,Hourly pay - gross,Value,252.32
Chorley,Mean,Total,Hourly pay - gross,Confidence,65.5
Chorley,Mean,Total,Hourly pay - gross,Value,292.4
Fylde,Mean,Total,Hourly pay - gross,Confidence,95.9
Fylde,Mean,Total,Hourly pay - gross,Value,314.48
Great Britain,Mean,Total,Hourly pay - gross,Confidence,3.9
Great Britain,Mean,Total,Hourly pay - gross,Value,304.75
Hyndburn,Mean,Total,Hourly pay - gross,Confidence,87.1
Hyndburn,Mean,Total,Hourly pay - gross,Value,251.07
Lancaster,Mean,Total,Hourly pay - gross,Confidence,69.6
Lancaster,Mean,Total,Hourly pay - gross,Value,277.76
North West,Mean,Total,Hourly pay - gross,Confidence,11
North West,Mean,Total,Hourly pay - gross,Value,281.46
Pendle,Mean,Total,Hourly pay - gross,Confidence,91.1
Pendle,Mean,Total,Hourly pay - gross,Value,256.74
Preston,Mean,Total,Hourly pay - gross,Confidence,76.2
Preston,Mean,Total,Hourly pay - gross,Value,262.54
Ribble Valley,Mean,Total,Hourly pay - gross,Confidence,106.3
Ribble Valley,Mean,Total,Hourly pay - gross,Value,321.89
Rossendale,Mean,Total,Hourly pay - gross,Confidence,104.7
Rossendale,Mean,Total,Hourly pay - gross,Value,273.6
South Ribble,Mean,Total,Hourly pay - gross,Confidence,87.1
South Ribble,Mean,Total,Hourly pay - gross,Value,281.89
West Lancashire,Mean,Total,Hourly pay - gross,Confidence,75.1
West Lancashire,Mean,Total,Hourly pay - gross,Value,289.7
Wyre,Mean,Total,Hourly pay - gross,Confidence,85.1
Wyre,Mean,Total,Hourly pay - gross,Value,276.1
Blackburn with Darwen,Mean,Total,Weekly pay - gross,Confidence,73.1
Blackburn with Darwen,Mean,Total,Weekly pay - gross,Value,8095.9
Blackpool,Mean,Total,Weekly pay - gross,Confidence,73.5
Blackpool,Mean,Total,Weekly pay - gross,Value,7277.5
Burnley,Mean,Total,Weekly pay - gross,Confidence,87.9
Burnley,Mean,Total,Weekly pay - gross,Value,8609.2
Chorley,Mean,Total,Weekly pay - gross,Confidence,77
Chorley,Mean,Total,Weekly pay - gross,Value,9536.7
Fylde,Mean,Total,Weekly pay - gross,Confidence,110
Fylde,Mean,Total,Weekly pay - gross,Value,10344.2
Great Britain,Mean,Total,Weekly pay - gross,Confidence,3.9
Great Britain,Mean,Total,Weekly pay - gross,Value,10113.1
Hyndburn,Mean,Total,Weekly pay - gross,Confidence,98.5
Hyndburn,Mean,Total,Weekly pay - gross,Value,8505.6
Lancaster,Mean,Total,Weekly pay - gross,Confidence,80.7
Lancaster,Mean,Total,Weekly pay - gross,Value,9090.9
North West,Mean,Total,Weekly pay - gross,Confidence,11.8
North West,Mean,Total,Weekly pay - gross,Value,9332.9
Pendle,Mean,Total,Weekly pay - gross,Confidence,104.1
Pendle,Mean,Total,Weekly pay - gross,Value,8505.3
Preston,Mean,Total,Weekly pay - gross,Confidence,86.9
Preston,Mean,Total,Weekly pay - gross,Value,8593.2
Ribble Valley,Mean,Total,Weekly pay - gross,Confidence,117.2
Ribble Valley,Mean,Total,Weekly pay - gross,Value,10786.2
Rossendale,Mean,Total,Weekly pay - gross,Confidence,115.5
Rossendale,Mean,Total,Weekly pay - gross,Value,9239.1
South Ribble,Mean,Total,Weekly pay - gross,Confidence,95.3
South Ribble,Mean,Total,Weekly pay - gross,Value,9490.1
West Lancashire,Mean,Total,Weekly pay - gross,Confidence,85.5
West Lancashire,Mean,Total,Weekly pay - gross,Value,9573.3
Wyre,Mean,Total,Weekly pay - gross,Confidence,96.2
Wyre,Mean,Total,Weekly pay - gross,Value,8870.9
Blackburn with Darwen,Median,Female,Annual pay - gross,Confidence,193.4
Blackburn with Darwen,Median,Female,Annual pay - gross,Value,267382
Blackpool,Median,Female,Annual pay - gross,Confidence,132
Blackpool,Median,Female,Annual pay - gross,Value,255351
Burnley,Median,Female,Annual pay - gross,Confidence,167
Burnley,Median,Female,Annual pay - gross,Value,260003
Chorley,Median,Female,Annual pay - gross,Confidence,199
Chorley,Median,Female,Annual pay - gross,Value,307240
Fylde,Median,Female,Annual pay - gross,Confidence,187
Fylde,Median,Female,Annual pay - gross,Value,277074
Great Britain,Median,Female,Annual pay - gross,Confidence,7.5
Great Britain,Median,Female,Annual pay - gross,Value,351572
Hyndburn,Median,Female,Annual pay - gross,Confidence,158
Hyndburn,Median,Female,Annual pay - gross,Value,214804
Lancaster,Median,Female,Annual pay - gross,Confidence,184.8
Lancaster,Median,Female,Annual pay - gross,Value,240645
North West,Median,Female,Annual pay - gross,Confidence,32.7
North West,Median,Female,Annual pay - gross,Value,340726
Pendle,Median,Female,Annual pay - gross,Confidence,222
Pendle,Median,Female,Annual pay - gross,Value,275628
Preston,Median,Female,Annual pay - gross,Confidence,226.7
Preston,Median,Female,Annual pay - gross,Value,285134
Ribble Valley,Median,Female,Annual pay - gross,Confidence,262
Ribble Valley,Median,Female,Annual pay - gross,Value,332868
Rossendale,Median,Female,Annual pay - gross,Confidence,233
Rossendale,Median,Female,Annual pay - gross,Value,271732
South Ribble,Median,Female,Annual pay - gross,Confidence,175.6
South Ribble,Median,Female,Annual pay - gross,Value,314264
West Lancashire,Median,Female,Annual pay - gross,Confidence,185.5
West Lancashire,Median,Female,Annual pay - gross,Value,305894
Wyre,Median,Female,Annual pay - gross,Confidence,233
Wyre,Median,Female,Annual pay - gross,Value,317422
Blackburn with Darwen,Median,Female,Hourly pay - gross,Confidence,113.4
Blackburn with Darwen,Median,Female,Hourly pay - gross,Value,178.08
Blackpool,Median,Female,Hourly pay - gross,Confidence,98.5
Blackpool,Median,Female,Hourly pay - gross,Value,175.93
Burnley,Median,Female,Hourly pay - gross,Confidence,150.6
Burnley,Median,Female,Hourly pay - gross,Value,186.67
Chorley,Median,Female,Hourly pay - gross,Confidence,148.8
Chorley,Median,Female,Hourly pay - gross,Value,220.34
Fylde,Median,Female,Hourly pay - gross,Confidence,174.7
Fylde,Median,Female,Hourly pay - gross,Value,210.68
Great Britain,Median,Female,Hourly pay - gross,Confidence,3.7
Great Britain,Median,Female,Hourly pay - gross,Value,212.88
Hyndburn,Median,Female,Hourly pay - gross,Confidence,139.5
Hyndburn,Median,Female,Hourly pay - gross,Value,187.35
Lancaster,Median,Female,Hourly pay - gross,Confidence,134.5
Lancaster,Median,Female,Hourly pay - gross,Value,186.27
North West,Median,Female,Hourly pay - gross,Confidence,16.2
North West,Median,Female,Hourly pay - gross,Value,202.15
Pendle,Median,Female,Hourly pay - gross,Confidence,145
Pendle,Median,Female,Hourly pay - gross,Value,190.01
Preston,Median,Female,Hourly pay - gross,Confidence,118.8
Preston,Median,Female,Hourly pay - gross,Value,188.8
Ribble Valley,Median,Female,Hourly pay - gross,Confidence,216.5
Ribble Valley,Median,Female,Hourly pay - gross,Value,220.34
Rossendale,Median,Female,Hourly pay - gross,Confidence,159.4
Rossendale,Median,Female,Hourly pay - gross,Value,193.97
South Ribble,Median,Female,Hourly pay - gross,Confidence,115.6
South Ribble,Median,Female,Hourly pay - gross,Value,198.06
West Lancashire,Median,Female,Hourly pay - gross,Confidence,153.5
West Lancashire,Median,Female,Hourly pay - gross,Value,211.9
Wyre,Median,Female,Hourly pay - gross,Confidence,147.5
Wyre,Median,Female,Hourly pay - gross,Value,201.14
Blackburn with Darwen,Median,Female,Weekly pay - gross,Confidence,157.1
Blackburn with Darwen,Median,Female,Weekly pay - gross,Value,5903.5
Blackpool,Median,Female,Weekly pay - gross,Confidence,128.7
Blackpool,Median,Female,Weekly pay - gross,Value,5905.7
Burnley,Median,Female,Weekly pay - gross,Confidence,196.8
Burnley,Median,Female,Weekly pay - gross,Value,6349.9
Chorley,Median,Female,Weekly pay - gross,Confidence,181.4
Chorley,Median,Female,Weekly pay - gross,Value,7108
Fylde,Median,Female,Weekly pay - gross,Confidence,201.6
Fylde,Median,Female,Weekly pay - gross,Value,6588.9
Great Britain,Median,Female,Weekly pay - gross,Confidence,5
Great Britain,Median,Female,Weekly pay - gross,Value,6886.7
Hyndburn,Median,Female,Weekly pay - gross,Confidence,192.1
Hyndburn,Median,Female,Weekly pay - gross,Value,6236.9
Lancaster,Median,Female,Weekly pay - gross,Confidence,183
Lancaster,Median,Female,Weekly pay - gross,Value,5895.6
North West,Median,Female,Weekly pay - gross,Confidence,19.6
North West,Median,Female,Weekly pay - gross,Value,6641.9
Pendle,Median,Female,Weekly pay - gross,Confidence,209.8
Pendle,Median,Female,Weekly pay - gross,Value,5988.9
Preston,Median,Female,Weekly pay - gross,Confidence,169.1
Preston,Median,Female,Weekly pay - gross,Value,6007.6
Ribble Valley,Median,Female,Weekly pay - gross,Confidence,214.9
Ribble Valley,Median,Female,Weekly pay - gross,Value,6792.4
Rossendale,Median,Female,Weekly pay - gross,Confidence,223.9
Rossendale,Median,Female,Weekly pay - gross,Value,6784.6
South Ribble,Median,Female,Weekly pay - gross,Confidence,155.1
South Ribble,Median,Female,Weekly pay - gross,Value,6755.5
West Lancashire,Median,Female,Weekly pay - gross,Confidence,182.1
West Lancashire,Median,Female,Weekly pay - gross,Value,6907.6
Wyre,Median,Female,Weekly pay - gross,Confidence,198.9
Wyre,Median,Female,Weekly pay - gross,Value,6332.6
Blackburn with Darwen,Median,Full Time Workers,Annual pay - gross,Confidence,130.4
Blackburn with Darwen,Median,Full Time Workers,Annual pay - gross,Value,441983
Blackpool,Median,Full Time Workers,Annual pay - gross,Confidence,135.3
Blackpool,Median,Full Time Workers,Annual pay - gross,Value,372653
Burnley,Median,Full Time Workers,Annual pay - gross,Confidence,176.2
Burnley,Median,Full Time Workers,Annual pay - gross,Value,453752
Chorley,Median,Full Time Workers,Annual pay - gross,Confidence,161.9
Chorley,Median,Full Time Workers,Annual pay - gross,Value,497457
Fylde,Median,Full Time Workers,Annual pay - gross,Confidence,218.7
Fylde,Median,Full Time Workers,Annual pay - gross,Value,566842
Great Britain,Median,Full Time Workers,Annual pay - gross,Confidence,6.2
Great Britain,Median,Full Time Workers,Annual pay - gross,Value,537353
Hyndburn,Median,Full Time Workers,Annual pay - gross,Confidence,161.8
Hyndburn,Median,Full Time Workers,Annual pay - gross,Value,399326
Lancaster,Median,Full Time Workers,Annual pay - gross,Confidence,166
Lancaster,Median,Full Time Workers,Annual pay - gross,Value,480467
North West,Median,Full Time Workers,Annual pay - gross,Confidence,23.6
North West,Median,Full Time Workers,Annual pay - gross,Value,502085
Pendle,Median,Full Time Workers,Annual pay - gross,Confidence,149.5
Pendle,Median,Full Time Workers,Annual pay - gross,Value,418859
Preston,Median,Full Time Workers,Annual pay - gross,Confidence,162.3
Preston,Median,Full Time Workers,Annual pay - gross,Value,474310
Ribble Valley,Median,Full Time Workers,Annual pay - gross,Confidence,198.5
Ribble Valley,Median,Full Time Workers,Annual pay - gross,Value,489743
Rossendale,Median,Full Time Workers,Annual pay - gross,Confidence,197.7
Rossendale,Median,Full Time Workers,Annual pay - gross,Value,449079
South Ribble,Median,Full Time Workers,Annual pay - gross,Confidence,146.9
South Ribble,Median,Full Time Workers,Annual pay - gross,Value,510265
West Lancashire,Median,Full Time Workers,Annual pay - gross,Confidence,166.6
West Lancashire,Median,Full Time Workers,Annual pay - gross,Value,514415
Wyre,Median,Full Time Workers,Annual pay - gross,Confidence,178.3
Wyre,Median,Full Time Workers,Annual pay - gross,Value,466744
Blackburn with Darwen,Median,Full Time Workers,Hourly pay - gross,Confidence,113.1
Blackburn with Darwen,Median,Full Time Workers,Hourly pay - gross,Value,218.66
Blackpool,Median,Full Time Workers,Hourly pay - gross,Confidence,99.2
Blackpool,Median,Full Time Workers,Hourly pay - gross,Value,200.41
Burnley,Median,Full Time Workers,Hourly pay - gross,Confidence,138.1
Burnley,Median,Full Time Workers,Hourly pay - gross,Value,221.68
Chorley,Median,Full Time Workers,Hourly pay - gross,Confidence,123.6
Chorley,Median,Full Time Workers,Hourly pay - gross,Value,268.76
Fylde,Median,Full Time Workers,Hourly pay - gross,Confidence,164.3
Fylde,Median,Full Time Workers,Hourly pay - gross,Value,284.67
Great Britain,Median,Full Time Workers,Hourly pay - gross,Confidence,3.7
Great Britain,Median,Full Time Workers,Hourly pay - gross,Value,263.43
Hyndburn,Median,Full Time Workers,Hourly pay - gross,Confidence,131
Hyndburn,Median,Full Time Workers,Hourly pay - gross,Value,219.44
Lancaster,Median,Full Time Workers,Hourly pay - gross,Confidence,124.1
Lancaster,Median,Full Time Workers,Hourly pay - gross,Value,246.19
North West,Median,Full Time Workers,Hourly pay - gross,Confidence,15.7
North West,Median,Full Time Workers,Hourly pay - gross,Value,247.63
Pendle,Median,Full Time Workers,Hourly pay - gross,Confidence,118.2
Pendle,Median,Full Time Workers,Hourly pay - gross,Value,220.44
Preston,Median,Full Time Workers,Hourly pay - gross,Confidence,114.6
Preston,Median,Full Time Workers,Hourly pay - gross,Value,231.18
Ribble Valley,Median,Full Time Workers,Hourly pay - gross,Confidence,199.8
Ribble Valley,Median,Full Time Workers,Hourly pay - gross,Value,276.54
Rossendale,Median,Full Time Workers,Hourly pay - gross,Confidence,181.8
Rossendale,Median,Full Time Workers,Hourly pay - gross,Value,225.39
South Ribble,Median,Full Time Workers,Hourly pay - gross,Confidence,123.3
South Ribble,Median,Full Time Workers,Hourly pay - gross,Value,245.68
West Lancashire,Median,Full Time Workers,Hourly pay - gross,Confidence,139.7
West Lancashire,Median,Full Time Workers,Hourly pay - gross,Value,253.67
Wyre,Median,Full Time Workers,Hourly pay - gross,Confidence,155.2
Wyre,Median,Full Time Workers,Hourly pay - gross,Value,242.24
Blackburn with Darwen,Median,Full Time Workers,Weekly pay - gross,Confidence,109.5
Blackburn with Darwen,Median,Full Time Workers,Weekly pay - gross,Value,8634.1
Blackpool,Median,Full Time Workers,Weekly pay - gross,Confidence,95.7
Blackpool,Median,Full Time Workers,Weekly pay - gross,Value,7958.4
Burnley,Median,Full Time Workers,Weekly pay - gross,Confidence,138
Burnley,Median,Full Time Workers,Weekly pay - gross,Value,8793.2
Chorley,Median,Full Time Workers,Weekly pay - gross,Confidence,115.7
Chorley,Median,Full Time Workers,Weekly pay - gross,Value,10251
Fylde,Median,Full Time Workers,Weekly pay - gross,Confidence,159.3
Fylde,Median,Full Time Workers,Weekly pay - gross,Value,10912
Great Britain,Median,Full Time Workers,Weekly pay - gross,Confidence,3.9
Great Britain,Median,Full Time Workers,Weekly pay - gross,Value,10331.1
Hyndburn,Median,Full Time Workers,Weekly pay - gross,Confidence,133.6
Hyndburn,Median,Full Time Workers,Weekly pay - gross,Value,8686.5
Lancaster,Median,Full Time Workers,Weekly pay - gross,Confidence,114.7
Lancaster,Median,Full Time Workers,Weekly pay - gross,Value,9764.4
North West,Median,Full Time Workers,Weekly pay - gross,Confidence,14.7
North West,Median,Full Time Workers,Weekly pay - gross,Value,9698.3
Pendle,Median,Full Time Workers,Weekly pay - gross,Confidence,131.4
Pendle,Median,Full Time Workers,Weekly pay - gross,Value,8663.8
Preston,Median,Full Time Workers,Weekly pay - gross,Confidence,111.5
Preston,Median,Full Time Workers,Weekly pay - gross,Value,9113.7
Ribble Valley,Median,Full Time Workers,Weekly pay - gross,Confidence,181.9
Ribble Valley,Median,Full Time Workers,Weekly pay - gross,Value,10776.7
Rossendale,Median,Full Time Workers,Weekly pay - gross,Confidence,181.1
Rossendale,Median,Full Time Workers,Weekly pay - gross,Value,9075.3
South Ribble,Median,Full Time Workers,Weekly pay - gross,Confidence,111.8
South Ribble,Median,Full Time Workers,Weekly pay - gross,Value,9700.8
West Lancashire,Median,Full Time Workers,Weekly pay - gross,Confidence,135.4
West Lancashire,Median,Full Time Workers,Weekly pay - gross,Value,10009.6
Wyre,Median,Full Time Workers,Weekly pay - gross,Confidence,144.8
Wyre,Median,Full Time Workers,Weekly pay - gross,Value,9411.9
Blackburn with Darwen,Median,Male,Annual pay - gross,Confidence,166.5
Blackburn with Darwen,Median,Male,Annual pay - gross,Value,428778
Blackpool,Median,Male,Annual pay - gross,Confidence,144.7
Blackpool,Median,Male,Annual pay - gross,Value,311992
Burnley,Median,Male,Annual pay - gross,Confidence,180.3
Burnley,Median,Male,Annual pay - gross,Value,422681
Chorley,Median,Male,Annual pay - gross,Confidence,193.5
Chorley,Median,Male,Annual pay - gross,Value,420934
Fylde,Median,Male,Annual pay - gross,Confidence,241
Fylde,Median,Male,Annual pay - gross,Value,565935
Great Britain,Median,Male,Annual pay - gross,Confidence,6.7
Great Britain,Median,Male,Annual pay - gross,Value,539670
Hyndburn,Median,Male,Annual pay - gross,Confidence,170
Hyndburn,Median,Male,Annual pay - gross,Value,350201
Lancaster,Median,Male,Annual pay - gross,Confidence,187.7
Lancaster,Median,Male,Annual pay - gross,Value,445866
North West,Median,Male,Annual pay - gross,Confidence,32.1
North West,Median,Male,Annual pay - gross,Value,502856
Pendle,Median,Male,Annual pay - gross,Confidence,185.3
Pendle,Median,Male,Annual pay - gross,Value,395200
Preston,Median,Male,Annual pay - gross,Confidence,189.9
Preston,Median,Male,Annual pay - gross,Value,443120
Ribble Valley,Median,Male,Annual pay - gross,Confidence,242
Ribble Valley,Median,Male,Annual pay - gross,Value,515260
Rossendale,Median,Male,Annual pay - gross,Confidence,197
Rossendale,Median,Male,Annual pay - gross,Value,339009
South Ribble,Median,Male,Annual pay - gross,Confidence,179
South Ribble,Median,Male,Annual pay - gross,Value,486498
West Lancashire,Median,Male,Annual pay - gross,Confidence,191.6
West Lancashire,Median,Male,Annual pay - gross,Value,479043
Wyre,Median,Male,Annual pay - gross,Confidence,234
Wyre,Median,Male,Annual pay - gross,Value,422207
Blackburn with Darwen,Median,Male,Hourly pay - gross,Confidence,128.7
Blackburn with Darwen,Median,Male,Hourly pay - gross,Value,213.01
Blackpool,Median,Male,Hourly pay - gross,Confidence,130.1
Blackpool,Median,Male,Hourly pay - gross,Value,190.44
Burnley,Median,Male,Hourly pay - gross,Confidence,166.8
Burnley,Median,Male,Hourly pay - gross,Value,214.08
Chorley,Median,Male,Hourly pay - gross,Confidence,157.6
Chorley,Median,Male,Hourly pay - gross,Value,255.98
Fylde,Median,Male,Hourly pay - gross,Confidence,217.1
Fylde,Median,Male,Hourly pay - gross,Value,295.42
Great Britain,Median,Male,Hourly pay - gross,Confidence,4.3
Great Britain,Median,Male,Hourly pay - gross,Value,260.01
Hyndburn,Median,Male,Hourly pay - gross,Confidence,162.2
Hyndburn,Median,Male,Hourly pay - gross,Value,216.08
Lancaster,Median,Male,Hourly pay - gross,Confidence,140.5
Lancaster,Median,Male,Hourly pay - gross,Value,243.87
North West,Median,Male,Hourly pay - gross,Confidence,19.6
North West,Median,Male,Hourly pay - gross,Value,242.93
Pendle,Median,Male,Hourly pay - gross,Confidence,161.3
Pendle,Median,Male,Hourly pay - gross,Value,216.16
Preston,Median,Male,Hourly pay - gross,Confidence,140.4
Preston,Median,Male,Hourly pay - gross,Value,224.87
Ribble Valley,Median,Male,Hourly pay - gross,Confidence,250
Ribble Valley,Median,Male,Hourly pay - gross,Value,288.7
Rossendale,Median,Male,Hourly pay - gross,Confidence,254.2
Rossendale,Median,Male,Hourly pay - gross,Value,217.49
South Ribble,Median,Male,Hourly pay - gross,Confidence,156.4
South Ribble,Median,Male,Hourly pay - gross,Value,250.36
West Lancashire,Median,Male,Hourly pay - gross,Confidence,183.9
West Lancashire,Median,Male,Hourly pay - gross,Value,247.55
Wyre,Median,Male,Hourly pay - gross,Confidence,213.3
Wyre,Median,Male,Hourly pay - gross,Value,230.42
Blackburn with Darwen,Median,Male,Weekly pay - gross,Confidence,142.8
Blackburn with Darwen,Median,Male,Weekly pay - gross,Value,8293
Blackpool,Median,Male,Weekly pay - gross,Confidence,134.1
Blackpool,Median,Male,Weekly pay - gross,Value,7458.9
Burnley,Median,Male,Weekly pay - gross,Confidence,171.3
Burnley,Median,Male,Weekly pay - gross,Value,8573
Chorley,Median,Male,Weekly pay - gross,Confidence,163.4
Chorley,Median,Male,Weekly pay - gross,Value,9802.4
Fylde,Median,Male,Weekly pay - gross,Confidence,216.2
Fylde,Median,Male,Weekly pay - gross,Value,11182.8
Great Britain,Median,Male,Weekly pay - gross,Confidence,4.3
Great Britain,Median,Male,Weekly pay - gross,Value,10161
Hyndburn,Median,Male,Weekly pay - gross,Confidence,186.5
Hyndburn,Median,Male,Weekly pay - gross,Value,8553.5
Lancaster,Median,Male,Weekly pay - gross,Confidence,143.5
Lancaster,Median,Male,Weekly pay - gross,Value,9337.3
North West,Median,Male,Weekly pay - gross,Confidence,20.7
North West,Median,Male,Weekly pay - gross,Value,9503.8
Pendle,Median,Male,Weekly pay - gross,Confidence,170.8
Pendle,Median,Male,Weekly pay - gross,Value,8539.4
Preston,Median,Male,Weekly pay - gross,Confidence,149.1
Preston,Median,Male,Weekly pay - gross,Value,8750
Ribble Valley,Median,Male,Weekly pay - gross,Confidence,243.1
Ribble Valley,Median,Male,Weekly pay - gross,Value,11222.3
Rossendale,Median,Male,Weekly pay - gross,Confidence,251
Rossendale,Median,Male,Weekly pay - gross,Value,8131.5
South Ribble,Median,Male,Weekly pay - gross,Confidence,157.7
South Ribble,Median,Male,Weekly pay - gross,Value,9928.5
West Lancashire,Median,Male,Weekly pay - gross,Confidence,170.8
West Lancashire,Median,Male,Weekly pay - gross,Value,9675.9
Wyre,Median,Male,Weekly pay - gross,Confidence,216.4
Wyre,Median,Male,Weekly pay - gross,Value,8613.2
Blackburn with Darwen,Median,Part Time Workers,Annual pay - gross,Confidence,166.5
Blackburn with Darwen,Median,Part Time Workers,Annual pay - gross,Value,158745
Blackpool,Median,Part Time Workers,Annual pay - gross,Confidence,209
Blackpool,Median,Part Time Workers,Annual pay - gross,Value,148124
Burnley,Median,Part Time Workers,Annual pay - gross,Confidence,174
Burnley,Median,Part Time Workers,Annual pay - gross,Value,118441
Chorley,Median,Part Time Workers,Annual pay - gross,Confidence,183
Chorley,Median,Part Time Workers,Annual pay - gross,Value,143437
Fylde,Median,Part Time Workers,Annual pay - gross,Confidence,78
Fylde,Median,Part Time Workers,Annual pay - gross,Value,44355
Great Britain,Median,Part Time Workers,Annual pay - gross,Confidence,14.2
Great Britain,Median,Part Time Workers,Annual pay - gross,Value,186545
Hyndburn,Median,Part Time Workers,Annual pay - gross,Confidence,160
Hyndburn,Median,Part Time Workers,Annual pay - gross,Value,94488
Lancaster,Median,Part Time Workers,Annual pay - gross,Confidence,171
Lancaster,Median,Part Time Workers,Annual pay - gross,Value,142064
North West,Median,Part Time Workers,Annual pay - gross,Confidence,50.5
North West,Median,Part Time Workers,Annual pay - gross,Value,183933
Pendle,Median,Part Time Workers,Annual pay - gross,Confidence,124
Pendle,Median,Part Time Workers,Annual pay - gross,Value,73582
Preston,Median,Part Time Workers,Annual pay - gross,Confidence,186.4
Preston,Median,Part Time Workers,Annual pay - gross,Value,138918
Ribble Valley,Median,Part Time Workers,Annual pay - gross,Confidence,69
Ribble Valley,Median,Part Time Workers,Annual pay - gross,Value,40939
Rossendale,Median,Part Time Workers,Annual pay - gross,Confidence,154
Rossendale,Median,Part Time Workers,Annual pay - gross,Value,95154
South Ribble,Median,Part Time Workers,Annual pay - gross,Confidence,178
South Ribble,Median,Part Time Workers,Annual pay - gross,Value,113829
West Lancashire,Median,Part Time Workers,Annual pay - gross,Confidence,168
West Lancashire,Median,Part Time Workers,Annual pay - gross,Value,108602
Wyre,Median,Part Time Workers,Annual pay - gross,Confidence,180
Wyre,Median,Part Time Workers,Annual pay - gross,Value,116247
Blackburn with Darwen,Median,Part Time Workers,Hourly pay - gross,Confidence,110.9
Blackburn with Darwen,Median,Part Time Workers,Hourly pay - gross,Value,158.98
Blackpool,Median,Part Time Workers,Hourly pay - gross,Confidence,85
Blackpool,Median,Part Time Workers,Hourly pay - gross,Value,152.96
Burnley,Median,Part Time Workers,Hourly pay - gross,Confidence,120.8
Burnley,Median,Part Time Workers,Hourly pay - gross,Value,157.27
Chorley,Median,Part Time Workers,Hourly pay - gross,Confidence,126.4
Chorley,Median,Part Time Workers,Hourly pay - gross,Value,179.11
Fylde,Median,Part Time Workers,Hourly pay - gross,Confidence,184.4
Fylde,Median,Part Time Workers,Hourly pay - gross,Value,178.74
Great Britain,Median,Part Time Workers,Hourly pay - gross,Confidence,4.5
Great Britain,Median,Part Time Workers,Hourly pay - gross,Value,173.99
Hyndburn,Median,Part Time Workers,Hourly pay - gross,Confidence,130.1
Hyndburn,Median,Part Time Workers,Hourly pay - gross,Value,161.35
Lancaster,Median,Part Time Workers,Hourly pay - gross,Confidence,108.2
Lancaster,Median,Part Time Workers,Hourly pay - gross,Value,167.07
North West,Median,Part Time Workers,Hourly pay - gross,Confidence,15.5
North West,Median,Part Time Workers,Hourly pay - gross,Value,166.91
Pendle,Median,Part Time Workers,Hourly pay - gross,Confidence,148
Pendle,Median,Part Time Workers,Hourly pay - gross,Value,165.89
Preston,Median,Part Time Workers,Hourly pay - gross,Confidence,104.8
Preston,Median,Part Time Workers,Hourly pay - gross,Value,162.66
Ribble Valley,Median,Part Time Workers,Hourly pay - gross,Confidence,166.9
Ribble Valley,Median,Part Time Workers,Hourly pay - gross,Value,136.17
Rossendale,Median,Part Time Workers,Hourly pay - gross,Confidence,149.8
Rossendale,Median,Part Time Workers,Hourly pay - gross,Value,159.81
South Ribble,Median,Part Time Workers,Hourly pay - gross,Confidence,121.2
South Ribble,Median,Part Time Workers,Hourly pay - gross,Value,167.11
West Lancashire,Median,Part Time Workers,Hourly pay - gross,Confidence,153.7
West Lancashire,Median,Part Time Workers,Hourly pay - gross,Value,170.45
Wyre,Median,Part Time Workers,Hourly pay - gross,Confidence,145.4
Wyre,Median,Part Time Workers,Hourly pay - gross,Value,170.39
Blackburn with Darwen,Median,Part Time Workers,Weekly pay - gross,Confidence,184.5
Blackburn with Darwen,Median,Part Time Workers,Weekly pay - gross,Value,3299.7
Blackpool,Median,Part Time Workers,Weekly pay - gross,Confidence,200.7
Blackpool,Median,Part Time Workers,Weekly pay - gross,Value,3177.8
Burnley,Median,Part Time Workers,Weekly pay - gross,Confidence,254.1
Burnley,Median,Part Time Workers,Weekly pay - gross,Value,3169.7
Chorley,Median,Part Time Workers,Weekly pay - gross,Confidence,237
Chorley,Median,Part Time Workers,Weekly pay - gross,Value,3583.9
Fylde,Median,Part Time Workers,Weekly pay - gross,Confidence,222
Fylde,Median,Part Time Workers,Weekly pay - gross,Value,2563.7
Great Britain,Median,Part Time Workers,Weekly pay - gross,Confidence,8.2
Great Britain,Median,Part Time Workers,Weekly pay - gross,Value,3433.4
Hyndburn,Median,Part Time Workers,Weekly pay - gross,Confidence,251.8
Hyndburn,Median,Part Time Workers,Weekly pay - gross,Value,3153.9
Lancaster,Median,Part Time Workers,Weekly pay - gross,Confidence,203.8
Lancaster,Median,Part Time Workers,Weekly pay - gross,Value,3398.3
North West,Median,Part Time Workers,Weekly pay - gross,Confidence,27.9
North West,Median,Part Time Workers,Weekly pay - gross,Value,3389.5
Pendle,Median,Part Time Workers,Weekly pay - gross,Confidence,245.6
Pendle,Median,Part Time Workers,Weekly pay - gross,Value,3237.6
Preston,Median,Part Time Workers,Weekly pay - gross,Confidence,196.4
Preston,Median,Part Time Workers,Weekly pay - gross,Value,3217.1
Ribble Valley,Median,Part Time Workers,Weekly pay - gross,Confidence,252
Ribble Valley,Median,Part Time Workers,Weekly pay - gross,Value,2785.1
Rossendale,Median,Part Time Workers,Weekly pay - gross,Confidence,202.6
Rossendale,Median,Part Time Workers,Weekly pay - gross,Value,2320.9
South Ribble,Median,Part Time Workers,Weekly pay - gross,Confidence,225.2
South Ribble,Median,Part Time Workers,Weekly pay - gross,Value,3350.1
West Lancashire,Median,Part Time Workers,Weekly pay - gross,Confidence,270
West Lancashire,Median,Part Time Workers,Weekly pay - gross,Value,3334.9
Wyre,Median,Part Time Workers,Weekly pay - gross,Confidence,252
Wyre,Median,Part Time Workers,Weekly pay - gross,Value,3272.9
Blackburn with Darwen,Median,Total,Annual pay - gross,Confidence,138
Blackburn with Darwen,Median,Total,Annual pay - gross,Value,366796
Blackpool,Median,Total,Annual pay - gross,Confidence,138.1
Blackpool,Median,Total,Annual pay - gross,Value,309211
Burnley,Median,Total,Annual pay - gross,Confidence,176.3
Burnley,Median,Total,Annual pay - gross,Value,366543
Chorley,Median,Total,Annual pay - gross,Confidence,159.5
Chorley,Median,Total,Annual pay - gross,Value,416452
Fylde,Median,Total,Annual pay - gross,Confidence,255.7
Fylde,Median,Total,Annual pay - gross,Value,462897
Great Britain,Median,Total,Annual pay - gross,Confidence,5.1
Great Britain,Median,Total,Annual pay - gross,Value,443382
Hyndburn,Median,Total,Annual pay - gross,Confidence,191
Hyndburn,Median,Total,Annual pay - gross,Value,366134
Lancaster,Median,Total,Annual pay - gross,Confidence,181.8
Lancaster,Median,Total,Annual pay - gross,Value,386228
North West,Median,Total,Annual pay - gross,Confidence,24.1
North West,Median,Total,Annual pay - gross,Value,416899
Pendle,Median,Total,Annual pay - gross,Confidence,156.8
Pendle,Median,Total,Annual pay - gross,Value,337492
Preston,Median,Total,Annual pay - gross,Confidence,148.6
Preston,Median,Total,Annual pay - gross,Value,358533
Ribble Valley,Median,Total,Annual pay - gross,Confidence,198.3
Ribble Valley,Median,Total,Annual pay - gross,Value,408794
Rossendale,Median,Total,Annual pay - gross,Confidence,191.8
Rossendale,Median,Total,Annual pay - gross,Value,355688
South Ribble,Median,Total,Annual pay - gross,Confidence,154.4
South Ribble,Median,Total,Annual pay - gross,Value,427442
West Lancashire,Median,Total,Annual pay - gross,Confidence,173.4
West Lancashire,Median,Total,Annual pay - gross,Value,432330
Wyre,Median,Total,Annual pay - gross,Confidence,183.9
Wyre,Median,Total,Annual pay - gross,Value,372796
Blackburn with Darwen,Median,Total,Hourly pay - gross,Confidence,97
Blackburn with Darwen,Median,Total,Hourly pay - gross,Value,195.97
Blackpool,Median,Total,Hourly pay - gross,Confidence,79.7
Blackpool,Median,Total,Hourly pay - gross,Value,181.71
Burnley,Median,Total,Hourly pay - gross,Confidence,113
Burnley,Median,Total,Hourly pay - gross,Value,202.54
Chorley,Median,Total,Hourly pay - gross,Confidence,113.6
Chorley,Median,Total,Hourly pay - gross,Value,239.72
Fylde,Median,Total,Hourly pay - gross,Confidence,149.8
Fylde,Median,Total,Hourly pay - gross,Value,247.28
Great Britain,Median,Total,Hourly pay - gross,Confidence,3.4
Great Britain,Median,Total,Hourly pay - gross,Value,235.7
Hyndburn,Median,Total,Hourly pay - gross,Confidence,106
Hyndburn,Median,Total,Hourly pay - gross,Value,201.25
Lancaster,Median,Total,Hourly pay - gross,Confidence,113.3
Lancaster,Median,Total,Hourly pay - gross,Value,216.17
North West,Median,Total,Hourly pay - gross,Confidence,13.1
North West,Median,Total,Hourly pay - gross,Value,221.19
Pendle,Median,Total,Hourly pay - gross,Confidence,103.8
Pendle,Median,Total,Hourly pay - gross,Value,203.99
Preston,Median,Total,Hourly pay - gross,Confidence,91.5
Preston,Median,Total,Hourly pay - gross,Value,205.45
Ribble Valley,Median,Total,Hourly pay - gross,Confidence,182.7
Ribble Valley,Median,Total,Hourly pay - gross,Value,248.22
Rossendale,Median,Total,Hourly pay - gross,Confidence,133.7
Rossendale,Median,Total,Hourly pay - gross,Value,204.73
South Ribble,Median,Total,Hourly pay - gross,Confidence,105.4
South Ribble,Median,Total,Hourly pay - gross,Value,219.03
West Lancashire,Median,Total,Hourly pay - gross,Confidence,115.8
West Lancashire,Median,Total,Hourly pay - gross,Value,228.4
Wyre,Median,Total,Hourly pay - gross,Confidence,125
Wyre,Median,Total,Hourly pay - gross,Value,214.41
Blackburn with Darwen,Median,Total,Weekly pay - gross,Confidence,113.2
Blackburn with Darwen,Median,Total,Weekly pay - gross,Value,7068.1
Blackpool,Median,Total,Weekly pay - gross,Confidence,91.7
Blackpool,Median,Total,Weekly pay - gross,Value,6541
Burnley,Median,Total,Weekly pay - gross,Confidence,124.3
Burnley,Median,Total,Weekly pay - gross,Value,7518.6
Chorley,Median,Total,Weekly pay - gross,Confidence,123
Chorley,Median,Total,Weekly pay - gross,Value,8390.8
Fylde,Median,Total,Weekly pay - gross,Confidence,185.3
Fylde,Median,Total,Weekly pay - gross,Value,8640.1
Great Britain,Median,Total,Weekly pay - gross,Confidence,3.4
Great Britain,Median,Total,Weekly pay - gross,Value,8467
Hyndburn,Median,Total,Weekly pay - gross,Confidence,132.8
Hyndburn,Median,Total,Weekly pay - gross,Value,7401.5
Lancaster,Median,Total,Weekly pay - gross,Confidence,123.3
Lancaster,Median,Total,Weekly pay - gross,Value,7675.7
North West,Median,Total,Weekly pay - gross,Confidence,14.9
North West,Median,Total,Weekly pay - gross,Value,7986.2
Pendle,Median,Total,Weekly pay - gross,Confidence,127.7
Pendle,Median,Total,Weekly pay - gross,Value,7368
Preston,Median,Total,Weekly pay - gross,Confidence,104.7
Preston,Median,Total,Weekly pay - gross,Value,7290.7
Ribble Valley,Median,Total,Weekly pay - gross,Confidence,181.5
Ribble Valley,Median,Total,Weekly pay - gross,Value,8777.1
Rossendale,Median,Total,Weekly pay - gross,Confidence,166.4
Rossendale,Median,Total,Weekly pay - gross,Value,7545.3
South Ribble,Median,Total,Weekly pay - gross,Confidence,113.7
South Ribble,Median,Total,Weekly pay - gross,Value,8085.2
West Lancashire,Median,Total,Weekly pay - gross,Confidence,124.4
West Lancashire,Median,Total,Weekly pay - gross,Value,8259.8
Wyre,Median,Total,Weekly pay - gross,Confidence,141.1
Wyre,Median,Total,Weekly pay - gross,Value,7431.4
